{
    "overall_acc": 0.2571428571428572,
    "language_acc": {
        "Filipino": 0.23333333333333334,
        "Vietnamese": 0.22666666666666666,
        "Chinese": 0.26666666666666666,
        "Spanish": 0.22666666666666666,
        "Malay": 0.24,
        "Indonesian": 0.28,
        "English": 0.32666666666666666
    },
    "consistency_score_2": 0.5425396825396825,
    "consistency_score_3": 0.34609523809523807,
    "consistency_score_4": 0.2375238095238095,
    "consistency_score_5": 0.17111111111111116,
    "consistency_score_6": 0.1285714285714286,
    "consistency_score_7": 0.1,
    "detailed_consistency_score": {
        "2_combine": {
            "Filipino,Vietnamese": 0.5666666666666667,
            "Filipino,Chinese": 0.4866666666666667,
            "Filipino,Spanish": 0.6333333333333333,
            "Filipino,Malay": 0.6266666666666667,
            "Filipino,Indonesian": 0.64,
            "Filipino,English": 0.47333333333333333,
            "Vietnamese,Chinese": 0.42,
            "Vietnamese,Spanish": 0.56,
            "Vietnamese,Malay": 0.5333333333333333,
            "Vietnamese,Indonesian": 0.5466666666666666,
            "Vietnamese,English": 0.4666666666666667,
            "Chinese,Spanish": 0.49333333333333335,
            "Chinese,Malay": 0.5133333333333333,
            "Chinese,Indonesian": 0.43333333333333335,
            "Chinese,English": 0.56,
            "Spanish,Malay": 0.6066666666666667,
            "Spanish,Indonesian": 0.6466666666666666,
            "Spanish,English": 0.54,
            "Malay,Indonesian": 0.6466666666666666,
            "Malay,English": 0.4866666666666667,
            "Indonesian,English": 0.5133333333333333
        },
        "3_combine": {
            "Filipino,Vietnamese,Chinese": 0.26666666666666666,
            "Filipino,Vietnamese,Spanish": 0.38666666666666666,
            "Filipino,Vietnamese,Malay": 0.38,
            "Filipino,Vietnamese,Indonesian": 0.4,
            "Filipino,Vietnamese,English": 0.29333333333333333,
            "Filipino,Chinese,Spanish": 0.32,
            "Filipino,Chinese,Malay": 0.36,
            "Filipino,Chinese,Indonesian": 0.31333333333333335,
            "Filipino,Chinese,English": 0.3,
            "Filipino,Spanish,Malay": 0.44666666666666666,
            "Filipino,Spanish,Indonesian": 0.4866666666666667,
            "Filipino,Spanish,English": 0.35333333333333333,
            "Filipino,Malay,Indonesian": 0.47333333333333333,
            "Filipino,Malay,English": 0.34,
            "Filipino,Indonesian,English": 0.34,
            "Vietnamese,Chinese,Spanish": 0.26666666666666666,
            "Vietnamese,Chinese,Malay": 0.28,
            "Vietnamese,Chinese,Indonesian": 0.24666666666666667,
            "Vietnamese,Chinese,English": 0.2733333333333333,
            "Vietnamese,Spanish,Malay": 0.36666666666666664,
            "Vietnamese,Spanish,Indonesian": 0.4,
            "Vietnamese,Spanish,English": 0.32666666666666666,
            "Vietnamese,Malay,Indonesian": 0.38666666666666666,
            "Vietnamese,Malay,English": 0.29333333333333333,
            "Vietnamese,Indonesian,English": 0.30666666666666664,
            "Chinese,Spanish,Malay": 0.34,
            "Chinese,Spanish,Indonesian": 0.32,
            "Chinese,Spanish,English": 0.32666666666666666,
            "Chinese,Malay,Indonesian": 0.34,
            "Chinese,Malay,English": 0.32666666666666666,
            "Chinese,Indonesian,English": 0.2866666666666667,
            "Spanish,Malay,Indonesian": 0.47333333333333333,
            "Spanish,Malay,English": 0.36,
            "Spanish,Indonesian,English": 0.37333333333333335,
            "Malay,Indonesian,English": 0.36
        },
        "4_combine": {
            "Filipino,Vietnamese,Chinese,Spanish": 0.18666666666666668,
            "Filipino,Vietnamese,Chinese,Malay": 0.20666666666666667,
            "Filipino,Vietnamese,Chinese,Indonesian": 0.2,
            "Filipino,Vietnamese,Chinese,English": 0.18,
            "Filipino,Vietnamese,Spanish,Malay": 0.29333333333333333,
            "Filipino,Vietnamese,Spanish,Indonesian": 0.32,
            "Filipino,Vietnamese,Spanish,English": 0.23333333333333334,
            "Filipino,Vietnamese,Malay,Indonesian": 0.30666666666666664,
            "Filipino,Vietnamese,Malay,English": 0.22,
            "Filipino,Vietnamese,Indonesian,English": 0.21333333333333335,
            "Filipino,Chinese,Spanish,Malay": 0.25333333333333335,
            "Filipino,Chinese,Spanish,Indonesian": 0.24,
            "Filipino,Chinese,Spanish,English": 0.20666666666666667,
            "Filipino,Chinese,Malay,Indonesian": 0.25333333333333335,
            "Filipino,Chinese,Malay,English": 0.22666666666666666,
            "Filipino,Chinese,Indonesian,English": 0.21333333333333335,
            "Filipino,Spanish,Malay,Indonesian": 0.36666666666666664,
            "Filipino,Spanish,Malay,English": 0.2733333333333333,
            "Filipino,Spanish,Indonesian,English": 0.28,
            "Filipino,Malay,Indonesian,English": 0.26,
            "Vietnamese,Chinese,Spanish,Malay": 0.2,
            "Vietnamese,Chinese,Spanish,Indonesian": 0.2,
            "Vietnamese,Chinese,Spanish,English": 0.19333333333333333,
            "Vietnamese,Chinese,Malay,Indonesian": 0.21333333333333335,
            "Vietnamese,Chinese,Malay,English": 0.19333333333333333,
            "Vietnamese,Chinese,Indonesian,English": 0.16666666666666666,
            "Vietnamese,Spanish,Malay,Indonesian": 0.3,
            "Vietnamese,Spanish,Malay,English": 0.22666666666666666,
            "Vietnamese,Spanish,Indonesian,English": 0.24666666666666667,
            "Vietnamese,Malay,Indonesian,English": 0.21333333333333335,
            "Chinese,Spanish,Malay,Indonesian": 0.26,
            "Chinese,Spanish,Malay,English": 0.24,
            "Chinese,Spanish,Indonesian,English": 0.21333333333333335,
            "Chinese,Malay,Indonesian,English": 0.23333333333333334,
            "Spanish,Malay,Indonesian,English": 0.28
        },
        "5_combine": {
            "Filipino,Vietnamese,Chinese,Spanish,Malay": 0.16,
            "Filipino,Vietnamese,Chinese,Spanish,Indonesian": 0.16666666666666666,
            "Filipino,Vietnamese,Chinese,Spanish,English": 0.13333333333333333,
            "Filipino,Vietnamese,Chinese,Malay,Indonesian": 0.17333333333333334,
            "Filipino,Vietnamese,Chinese,Malay,English": 0.14,
            "Filipino,Vietnamese,Chinese,Indonesian,English": 0.13333333333333333,
            "Filipino,Vietnamese,Spanish,Malay,Indonesian": 0.25333333333333335,
            "Filipino,Vietnamese,Spanish,Malay,English": 0.18666666666666668,
            "Filipino,Vietnamese,Spanish,Indonesian,English": 0.19333333333333333,
            "Filipino,Vietnamese,Malay,Indonesian,English": 0.16666666666666666,
            "Filipino,Chinese,Spanish,Malay,Indonesian": 0.2,
            "Filipino,Chinese,Spanish,Malay,English": 0.17333333333333334,
            "Filipino,Chinese,Spanish,Indonesian,English": 0.16,
            "Filipino,Chinese,Malay,Indonesian,English": 0.17333333333333334,
            "Filipino,Spanish,Malay,Indonesian,English": 0.22,
            "Vietnamese,Chinese,Spanish,Malay,Indonesian": 0.17333333333333334,
            "Vietnamese,Chinese,Spanish,Malay,English": 0.14666666666666667,
            "Vietnamese,Chinese,Spanish,Indonesian,English": 0.14,
            "Vietnamese,Chinese,Malay,Indonesian,English": 0.14,
            "Vietnamese,Spanish,Malay,Indonesian,English": 0.18,
            "Chinese,Spanish,Malay,Indonesian,English": 0.18
        },
        "6_combine": {
            "Filipino,Vietnamese,Chinese,Spanish,Malay,Indonesian": 0.14666666666666667,
            "Filipino,Vietnamese,Chinese,Spanish,Malay,English": 0.11333333333333333,
            "Filipino,Vietnamese,Chinese,Spanish,Indonesian,English": 0.11333333333333333,
            "Filipino,Vietnamese,Chinese,Malay,Indonesian,English": 0.11333333333333333,