{
    "overall_acc": 0.25047619047619046,
    "language_acc": {
        "Filipino": 0.26666666666666666,
        "Vietnamese": 0.26,
        "Chinese": 0.24666666666666667,
        "Spanish": 0.26666666666666666,
        "Malay": 0.2,
        "Indonesian": 0.23333333333333334,
        "English": 0.28
    },
    "consistency_score_2": 0.5377777777777778,
    "consistency_score_3": 0.3401904761904762,
    "consistency_score_4": 0.24019047619047618,
    "consistency_score_5": 0.18603174603174605,
    "consistency_score_6": 0.1542857142857143,
    "consistency_score_7": 0.13333333333333333,
    "detailed_consistency_score": {
        "2_combine": {
            "Filipino,Vietnamese": 0.5266666666666666,
            "Filipino,Chinese": 0.4533333333333333,
            "Filipino,Spanish": 0.6066666666666667,
            "Filipino,Malay": 0.64,
            "Filipino,Indonesian": 0.6933333333333334,
            "Filipino,English": 0.5133333333333333,
            "Vietnamese,Chinese": 0.5733333333333334,
            "Vietnamese,Spanish": 0.5066666666666667,
            "Vietnamese,Malay": 0.52,
            "Vietnamese,Indonesian": 0.5533333333333333,
            "Vietnamese,English": 0.42,
            "Chinese,Spanish": 0.5133333333333333,
            "Chinese,Malay": 0.52,
            "Chinese,Indonesian": 0.5333333333333333,
            "Chinese,English": 0.47333333333333333,
            "Spanish,Malay": 0.5733333333333334,
            "Spanish,Indonesian": 0.6,
            "Spanish,English": 0.5266666666666666,
            "Malay,Indonesian": 0.66,
            "Malay,English": 0.44,
            "Indonesian,English": 0.44666666666666666
        },
        "3_combine": {
            "Filipino,Vietnamese,Chinese": 0.32,
            "Filipino,Vietnamese,Spanish": 0.3466666666666667,
            "Filipino,Vietnamese,Malay": 0.35333333333333333,
            "Filipino,Vietnamese,Indonesian": 0.4,
            "Filipino,Vietnamese,English": 0.28,
            "Filipino,Chinese,Spanish": 0.31333333333333335,
            "Filipino,Chinese,Malay": 0.3333333333333333,
            "Filipino,Chinese,Indonesian": 0.37333333333333335,
            "Filipino,Chinese,English": 0.26666666666666666,
            "Filipino,Spanish,Malay": 0.43333333333333335,
            "Filipino,Spanish,Indonesian": 0.46,
            "Filipino,Spanish,English": 0.35333333333333333,
            "Filipino,Malay,Indonesian": 0.5133333333333333,
            "Filipino,Malay,English": 0.34,
            "Filipino,Indonesian,English": 0.36,
            "Vietnamese,Chinese,Spanish": 0.34,
            "Vietnamese,Chinese,Malay": 0.3466666666666667,
            "Vietnamese,Chinese,Indonesian": 0.36666666666666664,
            "Vietnamese,Chinese,English": 0.2866666666666667,
            "Vietnamese,Spanish,Malay": 0.3333333333333333,
            "Vietnamese,Spanish,Indonesian": 0.36,
            "Vietnamese,Spanish,English": 0.28,
            "Vietnamese,Malay,Indonesian": 0.37333333333333335,
            "Vietnamese,Malay,English": 0.24,
            "Vietnamese,Indonesian,English": 0.24666666666666667,
            "Chinese,Spanish,Malay": 0.3333333333333333,
            "Chinese,Spanish,Indonesian": 0.35333333333333333,
            "Chinese,Spanish,English": 0.30666666666666664,
            "Chinese,Malay,Indonesian": 0.3933333333333333,
            "Chinese,Malay,English": 0.25333333333333335,
            "Chinese,Indonesian,English": 0.2733333333333333,
            "Spanish,Malay,Indonesian": 0.44,
            "Spanish,Malay,English": 0.3,
            "Spanish,Indonesian,English": 0.31333333333333335,
            "Malay,Indonesian,English": 0.32
        },
        "4_combine": {
            "Filipino,Vietnamese,Chinese,Spanish": 0.23333333333333334,
            "Filipino,Vietnamese,Chinese,Malay": 0.24666666666666667,
            "Filipino,Vietnamese,Chinese,Indonesian": 0.28,
            "Filipino,Vietnamese,Chinese,English": 0.18,
            "Filipino,Vietnamese,Spanish,Malay": 0.26666666666666666,
            "Filipino,Vietnamese,Spanish,Indonesian": 0.28,
            "Filipino,Vietnamese,Spanish,English": 0.23333333333333334,
            "Filipino,Vietnamese,Malay,Indonesian": 0.2866666666666667,
            "Filipino,Vietnamese,Malay,English": 0.19333333333333333,
            "Filipino,Vietnamese,Indonesian,English": 0.2,
            "Filipino,Chinese,Spanish,Malay": 0.25333333333333335,
            "Filipino,Chinese,Spanish,Indonesian": 0.26,
            "Filipino,Chinese,Spanish,English": 0.22666666666666666,
            "Filipino,Chinese,Malay,Indonesian": 0.31333333333333335,
            "Filipino,Chinese,Malay,English": 0.21333333333333335,
            "Filipino,Chinese,Indonesian,English": 0.22,
            "Filipino,Spanish,Malay,Indonesian": 0.36,
            "Filipino,Spanish,Malay,English": 0.24,
            "Filipino,Spanish,Indonesian,English": 0.25333333333333335,
            "Filipino,Malay,Indonesian,English": 0.28,
            "Vietnamese,Chinese,Spanish,Malay": 0.25333333333333335,
            "Vietnamese,Chinese,Spanish,Indonesian": 0.26,
            "Vietnamese,Chinese,Spanish,English": 0.2,
            "Vietnamese,Chinese,Malay,Indonesian": 0.28,
            "Vietnamese,Chinese,Malay,English": 0.18,
            "Vietnamese,Chinese,Indonesian,English": 0.18,
            "Vietnamese,Spanish,Malay,Indonesian": 0.2733333333333333,
            "Vietnamese,Spanish,Malay,English": 0.19333333333333333,
            "Vietnamese,Spanish,Indonesian,English": 0.20666666666666667,
            "Vietnamese,Malay,Indonesian,English": 0.18,
            "Chinese,Spanish,Malay,Indonesian": 0.28,
            "Chinese,Spanish,Malay,English": 0.21333333333333335,
            "Chinese,Spanish,Indonesian,English": 0.23333333333333334,
            "Chinese,Malay,Indonesian,English": 0.22,
            "Spanish,Malay,Indonesian,English": 0.23333333333333334
        },
        "5_combine": {
            "Filipino,Vietnamese,Chinese,Spanish,Malay": 0.20666666666666667,
            "Filipino,Vietnamese,Chinese,Spanish,Indonesian": 0.20666666666666667,
            "Filipino,Vietnamese,Chinese,Spanish,English": 0.16666666666666666,
            "Filipino,Vietnamese,Chinese,Malay,Indonesian": 0.23333333333333334,
            "Filipino,Vietnamese,Chinese,Malay,English": 0.15333333333333332,
            "Filipino,Vietnamese,Chinese,Indonesian,English": 0.15333333333333332,
            "Filipino,Vietnamese,Spanish,Malay,Indonesian": 0.22666666666666666,
            "Filipino,Vietnamese,Spanish,Malay,English": 0.17333333333333334,
            "Filipino,Vietnamese,Spanish,Indonesian,English": 0.17333333333333334,
            "Filipino,Vietnamese,Malay,Indonesian,English": 0.15333333333333332,
            "Filipino,Chinese,Spanish,Malay,Indonesian": 0.23333333333333334,
            "Filipino,Chinese,Spanish,Malay,English": 0.18666666666666668,
            "Filipino,Chinese,Spanish,Indonesian,English": 0.18666666666666668,
            "Filipino,Chinese,Malay,Indonesian,English": 0.2,
            "Filipino,Spanish,Malay,Indonesian,English": 0.2,
            "Vietnamese,Chinese,Spanish,Malay,Indonesian": 0.22,
            "Vietnamese,Chinese,Spanish,Malay,English": 0.16,
            "Vietnamese,Chinese,Spanish,Indonesian,English": 0.16666666666666666,
            "Vietnamese,Chinese,Malay,Indonesian,English": 0.15333333333333332,
            "Vietnamese,Spanish,Malay,Indonesian,English": 0.16,
            "Chinese,Spanish,Malay,Indonesian,English": 0.19333333333333333
        },
        "6_combine": {
            "Filipino,Vietnamese,Chinese,Spanish,Malay,Indonesian": 0.19333333333333333,
            "Filipino,Vietnamese,Chinese,Spanish,Malay,English": 0.14666666666666667,
            "Filipino,Vietnamese,Chinese,Spanish,Indonesian,English": 0.14,
            "Filipino,Vietnamese,Chinese,Malay,Indonesian,English": 0.14,
            "Filipino,Vietnamese,Spanish,Malay,Indonesian,English": 0.14,