{
    "accuracy": 0.47927097937111957,
    "category_acc": {
        "History": 0.4879518072289157,
        "Geography": 0.42244897959183675,
        "Lampungic": 0.3401360544217687,
        "Social science": 0.7395659432387313,
        "Balinese": 0.28450106157112526,
        "Makassarese": 0.3763440860215054,
        "Banjarese": 0.3541666666666667,
        "Chemistry": 0.2905109489051095,
        "Biology": 0.4307692307692308,
        "Science": 0.6130030959752322,
        "Christian religion": 0.6318407960199005,
        "Art": 0.5740432612312812,
        "Islam religion": 0.5889046941678521,
        "Hindu religion": 0.4266666666666667,
        "Madurese": 0.3050847457627119,
        "Sport": 0.5540540540540541,
        "Indonesian language": 0.5298879202988792,
        "Physics": 0.3878787878787879,
        "Minangkabau culture": 0.39195979899497485,
        "Dayak language": 0.29357798165137616,
        "Sociology": 0.4415322580645161,
        "Economy": 0.45081967213114754,
        "Sundanese": 0.3802938634399309,
        "Javanese": 0.38306451612903225,
        "Civic education": 0.6280400572246065
    }
}