{
    "accuracy": 0.4917551238400427,
    "category_acc": {
        "History": 0.4959839357429719,
        "Geography": 0.46938775510204084,
        "Lampungic": 0.36054421768707484,
        "Social science": 0.7746243739565943,
        "Balinese": 0.2951167728237792,
        "Makassarese": 0.27956989247311825,
        "Banjarese": 0.4166666666666667,
        "Chemistry": 0.3021897810218978,
        "Biology": 0.4544378698224852,
        "Science": 0.6057791537667698,
        "Christian religion": 0.6119402985074627,
        "Art": 0.6372712146422629,
        "Islam religion": 0.604551920341394,
        "Hindu religion": 0.49333333333333335,
        "Madurese": 0.2677966101694915,
        "Sport": 0.5405405405405406,
        "Indonesian language": 0.5482565379825654,
        "Physics": 0.402020202020202,
        "Minangkabau culture": 0.41708542713567837,
        "Dayak language": 0.28440366972477066,
        "Sociology": 0.4717741935483871,
        "Economy": 0.45286885245901637,
        "Sundanese": 0.39844425237683667,
        "Javanese": 0.36794354838709675,
        "Civic education": 0.6065808297567954
    }
}