{
    "overall_acc": 0.2523809523809524,
    "language_acc": {
        "Chinese": 0.28,
        "Indonesian": 0.2733333333333333,
        "Spanish": 0.29333333333333333,
        "Vietnamese": 0.21333333333333335,
        "Malay": 0.24,
        "English": 0.26666666666666666,
        "Filipino": 0.2
    },
    "consistency_score_2": 0.5704761904761904,
    "consistency_score_3": 0.4001904761904762,
    "consistency_score_4": 0.31314285714285717,
    "consistency_score_5": 0.2631746031746032,
    "consistency_score_6": 0.23047619047619047,
    "consistency_score_7": 0.20666666666666667,
    "detailed_consistency_score": {
        "2_combine": {
            "Chinese,Indonesian": 0.54,
            "Chinese,Spanish": 0.6,
            "Chinese,Vietnamese": 0.5666666666666667,
            "Chinese,Malay": 0.5733333333333334,
            "Chinese,English": 0.6533333333333333,
            "Chinese,Filipino": 0.5666666666666667,
            "Indonesian,Spanish": 0.47333333333333333,
            "Indonesian,Vietnamese": 0.48,
            "Indonesian,Malay": 0.72,
            "Indonesian,English": 0.6466666666666666,
            "Indonesian,Filipino": 0.5266666666666666,
            "Spanish,Vietnamese": 0.5333333333333333,
            "Spanish,Malay": 0.5466666666666666,
            "Spanish,English": 0.5466666666666666,
            "Spanish,Filipino": 0.5533333333333333,
            "Vietnamese,Malay": 0.5333333333333333,
            "Vietnamese,English": 0.52,
            "Vietnamese,Filipino": 0.5333333333333333,
            "Malay,English": 0.7066666666666667,
            "Malay,Filipino": 0.5666666666666667,
            "English,Filipino": 0.5933333333333334
        },
        "3_combine": {
            "Chinese,Indonesian,Spanish": 0.3466666666666667,
            "Chinese,Indonesian,Vietnamese": 0.36,
            "Chinese,Indonesian,Malay": 0.44666666666666666,
            "Chinese,Indonesian,English": 0.44666666666666666,
            "Chinese,Indonesian,Filipino": 0.3933333333333333,
            "Chinese,Spanish,Vietnamese": 0.4066666666666667,
            "Chinese,Spanish,Malay": 0.4,
            "Chinese,Spanish,English": 0.43333333333333335,
            "Chinese,Spanish,Filipino": 0.3933333333333333,
            "Chinese,Vietnamese,Malay": 0.38666666666666666,
            "Chinese,Vietnamese,English": 0.4066666666666667,
            "Chinese,Vietnamese,Filipino": 0.4066666666666667,
            "Chinese,Malay,English": 0.49333333333333335,
            "Chinese,Malay,Filipino": 0.41333333333333333,
            "Chinese,English,Filipino": 0.44666666666666666,
            "Indonesian,Spanish,Vietnamese": 0.3,
            "Indonesian,Spanish,Malay": 0.42,
            "Indonesian,Spanish,English": 0.36666666666666664,
            "Indonesian,Spanish,Filipino": 0.34,
            "Indonesian,Vietnamese,Malay": 0.3933333333333333,
            "Indonesian,Vietnamese,English": 0.37333333333333335,
            "Indonesian,Vietnamese,Filipino": 0.3333333333333333,
            "Indonesian,Malay,English": 0.56,
            "Indonesian,Malay,Filipino": 0.46,
            "Indonesian,English,Filipino": 0.43333333333333335,
            "Spanish,Vietnamese,Malay": 0.36,
            "Spanish,Vietnamese,English": 0.3333333333333333,
            "Spanish,Vietnamese,Filipino": 0.37333333333333335,
            "Spanish,Malay,English": 0.41333333333333333,
            "Spanish,Malay,Filipino": 0.37333333333333335,
            "Spanish,English,Filipino": 0.37333333333333335,
            "Vietnamese,Malay,English": 0.41333333333333333,
            "Vietnamese,Malay,Filipino": 0.37333333333333335,
            "Vietnamese,English,Filipino": 0.38,
            "Malay,English,Filipino": 0.4533333333333333
        },
        "4_combine": {
            "Chinese,Indonesian,Spanish,Vietnamese": 0.26666666666666666,
            "Chinese,Indonesian,Spanish,Malay": 0.32,
            "Chinese,Indonesian,Spanish,English": 0.30666666666666664,
            "Chinese,Indonesian,Spanish,Filipino": 0.2866666666666667,
            "Chinese,Indonesian,Vietnamese,Malay": 0.32,
            "Chinese,Indonesian,Vietnamese,English": 0.31333333333333335,
            "Chinese,Indonesian,Vietnamese,Filipino": 0.3,
            "Chinese,Indonesian,Malay,English": 0.4066666666666667,
            "Chinese,Indonesian,Malay,Filipino": 0.36,
            "Chinese,Indonesian,English,Filipino": 0.35333333333333333,
            "Chinese,Spanish,Vietnamese,Malay": 0.29333333333333333,
            "Chinese,Spanish,Vietnamese,English": 0.29333333333333333,
            "Chinese,Spanish,Vietnamese,Filipino": 0.30666666666666664,
            "Chinese,Spanish,Malay,English": 0.34,
            "Chinese,Spanish,Malay,Filipino": 0.31333333333333335,
            "Chinese,Spanish,English,Filipino": 0.31333333333333335,
            "Chinese,Vietnamese,Malay,English": 0.3466666666666667,
            "Chinese,Vietnamese,Malay,Filipino": 0.31333333333333335,
            "Chinese,Vietnamese,English,Filipino": 0.32,
            "Chinese,Malay,English,Filipino": 0.36666666666666664,
            "Indonesian,Spanish,Vietnamese,Malay": 0.2866666666666667,
            "Indonesian,Spanish,Vietnamese,English": 0.26,
            "Indonesian,Spanish,Vietnamese,Filipino": 0.24666666666666667,
            "Indonesian,Spanish,Malay,English": 0.3466666666666667,
            "Indonesian,Spanish,Malay,Filipino": 0.31333333333333335,
            "Indonesian,Spanish,English,Filipino": 0.2866666666666667,
            "Indonesian,Vietnamese,Malay,English": 0.34,
            "Indonesian,Vietnamese,Malay,Filipino": 0.30666666666666664,
            "Indonesian,Vietnamese,English,Filipino": 0.2866666666666667,
            "Indonesian,Malay,English,Filipino": 0.3933333333333333,
            "Spanish,Vietnamese,Malay,English": 0.29333333333333333,
            "Spanish,Vietnamese,Malay,Filipino": 0.2866666666666667,
            "Spanish,Vietnamese,English,Filipino": 0.26,
            "Spanish,Malay,English,Filipino": 0.3,
            "Vietnamese,Malay,English,Filipino": 0.31333333333333335
        },
        "5_combine": {
            "Chinese,Indonesian,Spanish,Vietnamese,Malay": 0.25333333333333335,
            "Chinese,Indonesian,Spanish,Vietnamese,English": 0.24,
            "Chinese,Indonesian,Spanish,Vietnamese,Filipino": 0.23333333333333334,
            "Chinese,Indonesian,Spanish,Malay,English": 0.29333333333333333,
            "Chinese,Indonesian,Spanish,Malay,Filipino": 0.2733333333333333,
            "Chinese,Indonesian,Spanish,English,Filipino": 0.26,
            "Chinese,Indonesian,Vietnamese,Malay,English": 0.3,
            "Chinese,Indonesian,Vietnamese,Malay,Filipino": 0.28,
            "Chinese,Indonesian,Vietnamese,English,Filipino": 0.26666666666666666,
            "Chinese,Indonesian,Malay,English,Filipino": 0.3333333333333333,
            "Chinese,Spanish,Vietnamese,Malay,English": 0.26,
            "Chinese,Spanish,Vietnamese,Malay,Filipino": 0.25333333333333335,
            "Chinese,Spanish,Vietnamese,English,Filipino": 0.24,
            "Chinese,Spanish,Malay,English,Filipino": 0.2733333333333333,
            "Chinese,Vietnamese,Malay,English,Filipino": 0.28,
            "Indonesian,Spanish,Vietnamese,Malay,English": 0.25333333333333335,
            "Indonesian,Spanish,Vietnamese,Malay,Filipino": 0.24,
            "Indonesian,Spanish,Vietnamese,English,Filipino": 0.21333333333333335,
            "Indonesian,Spanish,Malay,English,Filipino": 0.2733333333333333,
            "Indonesian,Vietnamese,Malay,English,Filipino": 0.2733333333333333,
            "Spanish,Vietnamese,Malay,English,Filipino": 0.23333333333333334
        },
        "6_combine": {
            "Chinese,Indonesian,Spanish,Vietnamese,Malay,English": 0.23333333333333334,
            "Chinese,Indonesian,Spanish,Vietnamese,Malay,Filipino": 0.22666666666666666,
            "Chinese,Indonesian,Spanish,Vietnamese,English,Filipino": 0.20666666666666667,