{
    "overall_acc": 0.23714285714285716,
    "language_acc": {
        "Chinese": 0.24666666666666667,
        "Indonesian": 0.22666666666666666,
        "Spanish": 0.26,
        "Vietnamese": 0.20666666666666667,
        "Malay": 0.22,
        "English": 0.26,
        "Filipino": 0.24
    },
    "consistency_score_2": 0.634920634920635,
    "consistency_score_3": 0.4714285714285714,
    "consistency_score_4": 0.3750476190476192,
    "consistency_score_5": 0.3095238095238095,
    "consistency_score_6": 0.2619047619047619,
    "consistency_score_7": 0.22666666666666666,
    "detailed_consistency_score": {
        "2_combine": {
            "Chinese,Indonesian": 0.6066666666666667,
            "Chinese,Spanish": 0.6333333333333333,
            "Chinese,Vietnamese": 0.66,
            "Chinese,Malay": 0.6333333333333333,
            "Chinese,English": 0.7133333333333334,
            "Chinese,Filipino": 0.6133333333333333,
            "Indonesian,Spanish": 0.6066666666666667,
            "Indonesian,Vietnamese": 0.5533333333333333,
            "Indonesian,Malay": 0.7866666666666666,
            "Indonesian,English": 0.7666666666666667,
            "Indonesian,Filipino": 0.52,
            "Spanish,Vietnamese": 0.6266666666666667,
            "Spanish,Malay": 0.62,
            "Spanish,English": 0.6866666666666666,
            "Spanish,Filipino": 0.62,
            "Vietnamese,Malay": 0.5466666666666666,
            "Vietnamese,English": 0.58,
            "Vietnamese,Filipino": 0.6533333333333333,
            "Malay,English": 0.7866666666666666,
            "Malay,Filipino": 0.5133333333333333,
            "English,Filipino": 0.6066666666666667
        },
        "3_combine": {
            "Chinese,Indonesian,Spanish": 0.4533333333333333,
            "Chinese,Indonesian,Vietnamese": 0.42,
            "Chinese,Indonesian,Malay": 0.5266666666666666,
            "Chinese,Indonesian,English": 0.5666666666666667,
            "Chinese,Indonesian,Filipino": 0.4066666666666667,
            "Chinese,Spanish,Vietnamese": 0.47333333333333333,
            "Chinese,Spanish,Malay": 0.4666666666666667,
            "Chinese,Spanish,English": 0.5333333333333333,
            "Chinese,Spanish,Filipino": 0.46,
            "Chinese,Vietnamese,Malay": 0.43333333333333335,
            "Chinese,Vietnamese,English": 0.4866666666666667,
            "Chinese,Vietnamese,Filipino": 0.4866666666666667,
            "Chinese,Malay,English": 0.5733333333333334,
            "Chinese,Malay,Filipino": 0.4066666666666667,
            "Chinese,English,Filipino": 0.48,
            "Indonesian,Spanish,Vietnamese": 0.4066666666666667,
            "Indonesian,Spanish,Malay": 0.52,
            "Indonesian,Spanish,English": 0.5466666666666666,
            "Indonesian,Spanish,Filipino": 0.4066666666666667,
            "Indonesian,Vietnamese,Malay": 0.46,
            "Indonesian,Vietnamese,English": 0.4666666666666667,
            "Indonesian,Vietnamese,Filipino": 0.38666666666666666,
            "Indonesian,Malay,English": 0.6733333333333333,
            "Indonesian,Malay,Filipino": 0.43333333333333335,
            "Indonesian,English,Filipino": 0.47333333333333333,
            "Spanish,Vietnamese,Malay": 0.4066666666666667,
            "Spanish,Vietnamese,English": 0.4666666666666667,
            "Spanish,Vietnamese,Filipino": 0.4866666666666667,
            "Spanish,Malay,English": 0.5666666666666667,
            "Spanish,Malay,Filipino": 0.4,
            "Spanish,English,Filipino": 0.4666666666666667,
            "Vietnamese,Malay,English": 0.4666666666666667,
            "Vietnamese,Malay,Filipino": 0.38,
            "Vietnamese,English,Filipino": 0.44,
            "Malay,English,Filipino": 0.47333333333333333
        },
        "4_combine": {
            "Chinese,Indonesian,Spanish,Vietnamese": 0.3333333333333333,
            "Chinese,Indonesian,Spanish,Malay": 0.3933333333333333,
            "Chinese,Indonesian,Spanish,English": 0.4266666666666667,
            "Chinese,Indonesian,Spanish,Filipino": 0.3333333333333333,
            "Chinese,Indonesian,Vietnamese,Malay": 0.36666666666666664,
            "Chinese,Indonesian,Vietnamese,English": 0.38666666666666666,
            "Chinese,Indonesian,Vietnamese,Filipino": 0.31333333333333335,
            "Chinese,Indonesian,Malay,English": 0.5133333333333333,
            "Chinese,Indonesian,Malay,Filipino": 0.35333333333333333,
            "Chinese,Indonesian,English,Filipino": 0.38666666666666666,
            "Chinese,Spanish,Vietnamese,Malay": 0.3466666666666667,
            "Chinese,Spanish,Vietnamese,English": 0.4066666666666667,
            "Chinese,Spanish,Vietnamese,Filipino": 0.38,
            "Chinese,Spanish,Malay,English": 0.44,
            "Chinese,Spanish,Malay,Filipino": 0.3333333333333333,
            "Chinese,Spanish,English,Filipino": 0.4,
            "Chinese,Vietnamese,Malay,English": 0.4,
            "Chinese,Vietnamese,Malay,Filipino": 0.32666666666666666,
            "Chinese,Vietnamese,English,Filipino": 0.38,
            "Chinese,Malay,English,Filipino": 0.38666666666666666,
            "Indonesian,Spanish,Vietnamese,Malay": 0.35333333333333333,
            "Indonesian,Spanish,Vietnamese,English": 0.36666666666666664,
            "Indonesian,Spanish,Vietnamese,Filipino": 0.32,
            "Indonesian,Spanish,Malay,English": 0.49333333333333335,
            "Indonesian,Spanish,Malay,Filipino": 0.3466666666666667,
            "Indonesian,Spanish,English,Filipino": 0.36666666666666664,
            "Indonesian,Vietnamese,Malay,English": 0.41333333333333333,
            "Indonesian,Vietnamese,Malay,Filipino": 0.32,
            "Indonesian,Vietnamese,English,Filipino": 0.3466666666666667,
            "Indonesian,Malay,English,Filipino": 0.41333333333333333,
            "Spanish,Vietnamese,Malay,English": 0.38,
            "Spanish,Vietnamese,Malay,Filipino": 0.32,
            "Spanish,Vietnamese,English,Filipino": 0.36,
            "Spanish,Malay,English,Filipino": 0.37333333333333335,
            "Vietnamese,Malay,English,Filipino": 0.3466666666666667
        },
        "5_combine": {
            "Chinese,Indonesian,Spanish,Vietnamese,Malay": 0.29333333333333333,
            "Chinese,Indonesian,Spanish,Vietnamese,English": 0.31333333333333335,
            "Chinese,Indonesian,Spanish,Vietnamese,Filipino": 0.26666666666666666,
            "Chinese,Indonesian,Spanish,Malay,English": 0.38666666666666666,
            "Chinese,Indonesian,Spanish,Malay,Filipino": 0.2866666666666667,
            "Chinese,Indonesian,Spanish,English,Filipino": 0.31333333333333335,
            "Chinese,Indonesian,Vietnamese,Malay,English": 0.35333333333333333,
            "Chinese,Indonesian,Vietnamese,Malay,Filipino": 0.2733333333333333,
            "Chinese,Indonesian,Vietnamese,English,Filipino": 0.29333333333333333,
            "Chinese,Indonesian,Malay,English,Filipino": 0.3466666666666667,
            "Chinese,Spanish,Vietnamese,Malay,English": 0.3333333333333333,
            "Chinese,Spanish,Vietnamese,Malay,Filipino": 0.28,
            "Chinese,Spanish,Vietnamese,English,Filipino": 0.32666666666666666,
            "Chinese,Spanish,Malay,English,Filipino": 0.32,
            "Chinese,Vietnamese,Malay,English,Filipino": 0.30666666666666664,
            "Indonesian,Spanish,Vietnamese,Malay,English": 0.3333333333333333,
            "Indonesian,Spanish,Vietnamese,Malay,Filipino": 0.2733333333333333,
            "Indonesian,Spanish,Vietnamese,English,Filipino": 0.28,
            "Indonesian,Spanish,Malay,English,Filipino": 0.32666666666666666,
            "Indonesian,Vietnamese,Malay,English,Filipino": 0.3,
            "Spanish,Vietnamese,Malay,English,Filipino": 0.29333333333333333
        },
        "6_combine": {
            "Chinese,Indonesian,Spanish,Vietnamese,Malay,English": 0.2866666666666667,
            "Chinese,Indonesian,Spanish,Vietnamese,Malay,Filipino": 0.23333333333333334,