{
    "overall_acc": 0.2580952380952381,
    "language_acc": {
        "Chinese": 0.21333333333333335,
        "Indonesian": 0.2733333333333333,
        "Spanish": 0.26,
        "Vietnamese": 0.28,
        "Malay": 0.26666666666666666,
        "English": 0.28,
        "Filipino": 0.23333333333333334
    },
    "consistency_score_2": 0.5387301587301586,
    "consistency_score_3": 0.3567619047619048,
    "consistency_score_4": 0.2584761904761905,
    "consistency_score_5": 0.1952380952380952,
    "consistency_score_6": 0.14952380952380953,
    "consistency_score_7": 0.11333333333333333,
    "detailed_consistency_score": {
        "2_combine": {
            "Chinese,Indonesian": 0.5666666666666667,
            "Chinese,Spanish": 0.46,
            "Chinese,Vietnamese": 0.5733333333333334,
            "Chinese,Malay": 0.4666666666666667,
            "Chinese,English": 0.54,
            "Chinese,Filipino": 0.5133333333333333,
            "Indonesian,Spanish": 0.54,
            "Indonesian,Vietnamese": 0.5866666666666667,
            "Indonesian,Malay": 0.6533333333333333,
            "Indonesian,English": 0.5266666666666666,
            "Indonesian,Filipino": 0.6,
            "Spanish,Vietnamese": 0.4666666666666667,
            "Spanish,Malay": 0.52,
            "Spanish,English": 0.5266666666666666,
            "Spanish,Filipino": 0.5266666666666666,
            "Vietnamese,Malay": 0.5066666666666667,
            "Vietnamese,English": 0.5666666666666667,
            "Vietnamese,Filipino": 0.5666666666666667,
            "Malay,English": 0.5066666666666667,
            "Malay,Filipino": 0.5666666666666667,
            "English,Filipino": 0.5333333333333333
        },
        "3_combine": {
            "Chinese,Indonesian,Spanish": 0.32,
            "Chinese,Indonesian,Vietnamese": 0.4266666666666667,
            "Chinese,Indonesian,Malay": 0.3933333333333333,
            "Chinese,Indonesian,English": 0.36666666666666664,
            "Chinese,Indonesian,Filipino": 0.38666666666666666,
            "Chinese,Spanish,Vietnamese": 0.2866666666666667,
            "Chinese,Spanish,Malay": 0.26666666666666666,
            "Chinese,Spanish,English": 0.3,
            "Chinese,Spanish,Filipino": 0.29333333333333333,
            "Chinese,Vietnamese,Malay": 0.34,
            "Chinese,Vietnamese,English": 0.38,
            "Chinese,Vietnamese,Filipino": 0.37333333333333335,
            "Chinese,Malay,English": 0.30666666666666664,
            "Chinese,Malay,Filipino": 0.34,
            "Chinese,English,Filipino": 0.34,
            "Indonesian,Spanish,Vietnamese": 0.35333333333333333,
            "Indonesian,Spanish,Malay": 0.41333333333333333,
            "Indonesian,Spanish,English": 0.3466666666666667,
            "Indonesian,Spanish,Filipino": 0.36666666666666664,
            "Indonesian,Vietnamese,Malay": 0.4,
            "Indonesian,Vietnamese,English": 0.4,
            "Indonesian,Vietnamese,Filipino": 0.42,
            "Indonesian,Malay,English": 0.38,
            "Indonesian,Malay,Filipino": 0.44,
            "Indonesian,English,Filipino": 0.38,
            "Spanish,Vietnamese,Malay": 0.32666666666666666,
            "Spanish,Vietnamese,English": 0.3333333333333333,
            "Spanish,Vietnamese,Filipino": 0.3333333333333333,
            "Spanish,Malay,English": 0.32666666666666666,
            "Spanish,Malay,Filipino": 0.35333333333333333,
            "Spanish,English,Filipino": 0.3333333333333333,
            "Vietnamese,Malay,English": 0.34,
            "Vietnamese,Malay,Filipino": 0.38,
            "Vietnamese,English,Filipino": 0.38666666666666666,
            "Malay,English,Filipino": 0.35333333333333333
        },
        "4_combine": {
            "Chinese,Indonesian,Spanish,Vietnamese": 0.25333333333333335,
            "Chinese,Indonesian,Spanish,Malay": 0.24,
            "Chinese,Indonesian,Spanish,English": 0.24666666666666667,
            "Chinese,Indonesian,Spanish,Filipino": 0.22,
            "Chinese,Indonesian,Vietnamese,Malay": 0.3,
            "Chinese,Indonesian,Vietnamese,English": 0.31333333333333335,
            "Chinese,Indonesian,Vietnamese,Filipino": 0.32,
            "Chinese,Indonesian,Malay,English": 0.26,
            "Chinese,Indonesian,Malay,Filipino": 0.29333333333333333,
            "Chinese,Indonesian,English,Filipino": 0.2733333333333333,
            "Chinese,Spanish,Vietnamese,Malay": 0.20666666666666667,
            "Chinese,Spanish,Vietnamese,English": 0.22666666666666666,
            "Chinese,Spanish,Vietnamese,Filipino": 0.21333333333333335,
            "Chinese,Spanish,Malay,English": 0.2,
            "Chinese,Spanish,Malay,Filipino": 0.19333333333333333,
            "Chinese,Spanish,English,Filipino": 0.21333333333333335,
            "Chinese,Vietnamese,Malay,English": 0.24666666666666667,
            "Chinese,Vietnamese,Malay,Filipino": 0.26,
            "Chinese,Vietnamese,English,Filipino": 0.2733333333333333,
            "Chinese,Malay,English,Filipino": 0.24,
            "Indonesian,Spanish,Vietnamese,Malay": 0.28,
            "Indonesian,Spanish,Vietnamese,English": 0.2733333333333333,
            "Indonesian,Spanish,Vietnamese,Filipino": 0.2733333333333333,
            "Indonesian,Spanish,Malay,English": 0.26666666666666666,
            "Indonesian,Spanish,Malay,Filipino": 0.29333333333333333,
            "Indonesian,Spanish,English,Filipino": 0.25333333333333335,
            "Indonesian,Vietnamese,Malay,English": 0.2866666666666667,
            "Indonesian,Vietnamese,Malay,Filipino": 0.31333333333333335,
            "Indonesian,Vietnamese,English,Filipino": 0.31333333333333335,
            "Indonesian,Malay,English,Filipino": 0.28,
            "Spanish,Vietnamese,Malay,English": 0.24,
            "Spanish,Vietnamese,Malay,Filipino": 0.25333333333333335,
            "Spanish,Vietnamese,English,Filipino": 0.24666666666666667,
            "Spanish,Malay,English,Filipino": 0.22666666666666666,
            "Vietnamese,Malay,English,Filipino": 0.25333333333333335
        },
        "5_combine": {
            "Chinese,Indonesian,Spanish,Vietnamese,Malay": 0.19333333333333333,
            "Chinese,Indonesian,Spanish,Vietnamese,English": 0.21333333333333335,
            "Chinese,Indonesian,Spanish,Vietnamese,Filipino": 0.19333333333333333,
            "Chinese,Indonesian,Spanish,Malay,English": 0.18,
            "Chinese,Indonesian,Spanish,Malay,Filipino": 0.16666666666666666,
            "Chinese,Indonesian,Spanish,English,Filipino": 0.17333333333333334,
            "Chinese,Indonesian,Vietnamese,Malay,English": 0.22666666666666666,
            "Chinese,Indonesian,Vietnamese,Malay,Filipino": 0.24,
            "Chinese,Indonesian,Vietnamese,English,Filipino": 0.24666666666666667,
            "Chinese,Indonesian,Malay,English,Filipino": 0.2,
            "Chinese,Spanish,Vietnamese,Malay,English": 0.16666666666666666,
            "Chinese,Spanish,Vietnamese,Malay,Filipino": 0.16,
            "Chinese,Spanish,Vietnamese,English,Filipino": 0.17333333333333334,
            "Chinese,Spanish,Malay,English,Filipino": 0.14666666666666667,
            "Chinese,Vietnamese,Malay,English,Filipino": 0.18666666666666668,
            "Indonesian,Spanish,Vietnamese,Malay,English": 0.21333333333333335,
            "Indonesian,Spanish,Vietnamese,Malay,Filipino": 0.22,
            "Indonesian,Spanish,Vietnamese,English,Filipino": 0.21333333333333335,
            "Indonesian,Spanish,Malay,English,Filipino": 0.19333333333333333,
            "Indonesian,Vietnamese,Malay,English,Filipino": 0.22,
            "Spanish,Vietnamese,Malay,English,Filipino": 0.17333333333333334
        },
        "6_combine": {
            "Chinese,Indonesian,Spanish,Vietnamese,Malay,English": 0.16,
            "Chinese,Indonesian,Spanish,Vietnamese,Malay,Filipino": 0.14666666666666667,
            "Chinese,Indonesian,Spanish,Vietnamese,English,Filipino": 0.16,
            "Chinese,Indonesian,Spanish,Malay,English,Filipino": 0.12666666666666668,