{
    "overall_acc": 0.2561904761904762,
    "language_acc": {
        "Chinese": 0.22,
        "Indonesian": 0.2733333333333333,
        "Spanish": 0.26666666666666666,
        "Vietnamese": 0.25333333333333335,
        "Malay": 0.24666666666666667,
        "English": 0.32,
        "Filipino": 0.21333333333333335
    },
    "consistency_score_2": 0.5746031746031746,
    "consistency_score_3": 0.4005714285714286,
    "consistency_score_4": 0.30533333333333335,
    "consistency_score_5": 0.24380952380952373,
    "consistency_score_6": 0.1980952380952381,
    "consistency_score_7": 0.16,
    "detailed_consistency_score": {
        "2_combine": {
            "Chinese,Indonesian": 0.5733333333333334,
            "Chinese,Spanish": 0.4533333333333333,
            "Chinese,Vietnamese": 0.5866666666666667,
            "Chinese,Malay": 0.5533333333333333,
            "Chinese,English": 0.58,
            "Chinese,Filipino": 0.56,
            "Indonesian,Spanish": 0.5866666666666667,
            "Indonesian,Vietnamese": 0.6133333333333333,
            "Indonesian,Malay": 0.74,
            "Indonesian,English": 0.5866666666666667,
            "Indonesian,Filipino": 0.6266666666666667,
            "Spanish,Vietnamese": 0.4866666666666667,
            "Spanish,Malay": 0.5266666666666666,
            "Spanish,English": 0.5266666666666666,
            "Spanish,Filipino": 0.58,
            "Vietnamese,Malay": 0.5466666666666666,
            "Vietnamese,English": 0.6,
            "Vietnamese,Filipino": 0.6333333333333333,
            "Malay,English": 0.5066666666666667,
            "Malay,Filipino": 0.6,
            "English,Filipino": 0.6
        },
        "3_combine": {
            "Chinese,Indonesian,Spanish": 0.3466666666666667,
            "Chinese,Indonesian,Vietnamese": 0.4266666666666667,
            "Chinese,Indonesian,Malay": 0.4533333333333333,
            "Chinese,Indonesian,English": 0.4066666666666667,
            "Chinese,Indonesian,Filipino": 0.42,
            "Chinese,Spanish,Vietnamese": 0.3,
            "Chinese,Spanish,Malay": 0.31333333333333335,
            "Chinese,Spanish,English": 0.32,
            "Chinese,Spanish,Filipino": 0.34,
            "Chinese,Vietnamese,Malay": 0.38666666666666666,
            "Chinese,Vietnamese,English": 0.42,
            "Chinese,Vietnamese,Filipino": 0.42,
            "Chinese,Malay,English": 0.37333333333333335,
            "Chinese,Malay,Filipino": 0.4066666666666667,
            "Chinese,English,Filipino": 0.41333333333333333,
            "Indonesian,Spanish,Vietnamese": 0.38,
            "Indonesian,Spanish,Malay": 0.44666666666666666,
            "Indonesian,Spanish,English": 0.3933333333333333,
            "Indonesian,Spanish,Filipino": 0.44,
            "Indonesian,Vietnamese,Malay": 0.47333333333333333,
            "Indonesian,Vietnamese,English": 0.43333333333333335,
            "Indonesian,Vietnamese,Filipino": 0.47333333333333333,
            "Indonesian,Malay,English": 0.44,
            "Indonesian,Malay,Filipino": 0.5066666666666667,
            "Indonesian,English,Filipino": 0.44666666666666666,
            "Spanish,Vietnamese,Malay": 0.3333333333333333,
            "Spanish,Vietnamese,English": 0.3466666666666667,
            "Spanish,Vietnamese,Filipino": 0.38666666666666666,
            "Spanish,Malay,English": 0.3333333333333333,
            "Spanish,Malay,Filipino": 0.38666666666666666,
            "Spanish,English,Filipino": 0.38,
            "Vietnamese,Malay,English": 0.37333333333333335,
            "Vietnamese,Malay,Filipino": 0.44,
            "Vietnamese,English,Filipino": 0.4666666666666667,
            "Malay,English,Filipino": 0.3933333333333333
        },
        "4_combine": {
            "Chinese,Indonesian,Spanish,Vietnamese": 0.26,
            "Chinese,Indonesian,Spanish,Malay": 0.2866666666666667,
            "Chinese,Indonesian,Spanish,English": 0.26666666666666666,
            "Chinese,Indonesian,Spanish,Filipino": 0.3,
            "Chinese,Indonesian,Vietnamese,Malay": 0.34,
            "Chinese,Indonesian,Vietnamese,English": 0.34,
            "Chinese,Indonesian,Vietnamese,Filipino": 0.35333333333333333,
            "Chinese,Indonesian,Malay,English": 0.32666666666666666,
            "Chinese,Indonesian,Malay,Filipino": 0.35333333333333333,
            "Chinese,Indonesian,English,Filipino": 0.34,
            "Chinese,Spanish,Vietnamese,Malay": 0.22666666666666666,
            "Chinese,Spanish,Vietnamese,English": 0.24,
            "Chinese,Spanish,Vietnamese,Filipino": 0.26,
            "Chinese,Spanish,Malay,English": 0.23333333333333334,
            "Chinese,Spanish,Malay,Filipino": 0.2733333333333333,
            "Chinese,Spanish,English,Filipino": 0.2733333333333333,
            "Chinese,Vietnamese,Malay,English": 0.2866666666666667,
            "Chinese,Vietnamese,Malay,Filipino": 0.32,
            "Chinese,Vietnamese,English,Filipino": 0.32666666666666666,
            "Chinese,Malay,English,Filipino": 0.30666666666666664,
            "Indonesian,Spanish,Vietnamese,Malay": 0.3,
            "Indonesian,Spanish,Vietnamese,English": 0.29333333333333333,
            "Indonesian,Spanish,Vietnamese,Filipino": 0.32,
            "Indonesian,Spanish,Malay,English": 0.30666666666666664,
            "Indonesian,Spanish,Malay,Filipino": 0.34,
            "Indonesian,Spanish,English,Filipino": 0.32666666666666666,
            "Indonesian,Vietnamese,Malay,English": 0.35333333333333333,
            "Indonesian,Vietnamese,Malay,Filipino": 0.3933333333333333,
            "Indonesian,Vietnamese,English,Filipino": 0.36666666666666664,
            "Indonesian,Malay,English,Filipino": 0.35333333333333333,
            "Spanish,Vietnamese,Malay,English": 0.25333333333333335,
            "Spanish,Vietnamese,Malay,Filipino": 0.28,
            "Spanish,Vietnamese,English,Filipino": 0.3,
            "Spanish,Malay,English,Filipino": 0.2733333333333333,
            "Vietnamese,Malay,English,Filipino": 0.31333333333333335
        },
        "5_combine": {
            "Chinese,Indonesian,Spanish,Vietnamese,Malay": 0.21333333333333335,
            "Chinese,Indonesian,Spanish,Vietnamese,English": 0.22,
            "Chinese,Indonesian,Spanish,Vietnamese,Filipino": 0.24,
            "Chinese,Indonesian,Spanish,Malay,English": 0.22,
            "Chinese,Indonesian,Spanish,Malay,Filipino": 0.24666666666666667,
            "Chinese,Indonesian,Spanish,English,Filipino": 0.24666666666666667,
            "Chinese,Indonesian,Vietnamese,Malay,English": 0.2733333333333333,
            "Chinese,Indonesian,Vietnamese,Malay,Filipino": 0.29333333333333333,
            "Chinese,Indonesian,Vietnamese,English,Filipino": 0.29333333333333333,
            "Chinese,Indonesian,Malay,English,Filipino": 0.28,
            "Chinese,Spanish,Vietnamese,Malay,English": 0.18666666666666668,
            "Chinese,Spanish,Vietnamese,Malay,Filipino": 0.20666666666666667,
            "Chinese,Spanish,Vietnamese,English,Filipino": 0.21333333333333335,
            "Chinese,Spanish,Malay,English,Filipino": 0.21333333333333335,
            "Chinese,Vietnamese,Malay,English,Filipino": 0.24666666666666667,
            "Indonesian,Spanish,Vietnamese,Malay,English": 0.24,
            "Indonesian,Spanish,Vietnamese,Malay,Filipino": 0.25333333333333335,
            "Indonesian,Spanish,Vietnamese,English,Filipino": 0.26,
            "Indonesian,Spanish,Malay,English,Filipino": 0.25333333333333335,
            "Indonesian,Vietnamese,Malay,English,Filipino": 0.3,
            "Spanish,Vietnamese,Malay,English,Filipino": 0.22
        },
        "6_combine": {
            "Chinese,Indonesian,Spanish,Vietnamese,Malay,English": 0.18,
            "Chinese,Indonesian,Spanish,Vietnamese,Malay,Filipino": 0.19333333333333333,
            "Chinese,Indonesian,Spanish,Vietnamese,English,Filipino": 0.2,
            "Chinese,Indonesian,Spanish,Malay,English,Filipino": 0.2,
            "Chinese,Indonesian,Vietnamese,Malay,English,Filipino": 0.24,