{
    "overall_acc": 0.3866666666666667,
    "language_acc": {
        "Filipino": 0.34,
        "Vietnamese": 0.32666666666666666,
        "Chinese": 0.28,
        "Spanish": 0.43333333333333335,
        "Malay": 0.35333333333333333,
        "Indonesian": 0.38666666666666666,
        "English": 0.5866666666666667
    },
    "consistency_score_2": 0.4523809523809524,
    "consistency_score_3": 0.26285714285714284,
    "consistency_score_4": 0.17314285714285715,
    "consistency_score_5": 0.12444444444444444,
    "consistency_score_6": 0.09619047619047619,
    "consistency_score_7": 0.08,
    "detailed_consistency_score": {
        "2_combine": {
            "Filipino,Vietnamese": 0.4066666666666667,
            "Filipino,Chinese": 0.36,
            "Filipino,Spanish": 0.44666666666666666,
            "Filipino,Malay": 0.4533333333333333,
            "Filipino,Indonesian": 0.5466666666666666,
            "Filipino,English": 0.49333333333333335,
            "Vietnamese,Chinese": 0.4,
            "Vietnamese,Spanish": 0.4,
            "Vietnamese,Malay": 0.42,
            "Vietnamese,Indonesian": 0.4866666666666667,
            "Vietnamese,English": 0.35333333333333333,
            "Chinese,Spanish": 0.41333333333333333,
            "Chinese,Malay": 0.4,
            "Chinese,Indonesian": 0.4066666666666667,
            "Chinese,English": 0.3466666666666667,
            "Spanish,Malay": 0.5133333333333333,
            "Spanish,Indonesian": 0.4666666666666667,
            "Spanish,English": 0.6266666666666667,
            "Malay,Indonesian": 0.6266666666666667,
            "Malay,English": 0.4533333333333333,
            "Indonesian,English": 0.48
        },
        "3_combine": {
            "Filipino,Vietnamese,Chinese": 0.2,
            "Filipino,Vietnamese,Spanish": 0.22,
            "Filipino,Vietnamese,Malay": 0.23333333333333334,
            "Filipino,Vietnamese,Indonesian": 0.28,
            "Filipino,Vietnamese,English": 0.21333333333333335,
            "Filipino,Chinese,Spanish": 0.2,
            "Filipino,Chinese,Malay": 0.18,
            "Filipino,Chinese,Indonesian": 0.22666666666666666,
            "Filipino,Chinese,English": 0.19333333333333333,
            "Filipino,Spanish,Malay": 0.29333333333333333,
            "Filipino,Spanish,Indonesian": 0.30666666666666664,
            "Filipino,Spanish,English": 0.34,
            "Filipino,Malay,Indonesian": 0.36666666666666664,
            "Filipino,Malay,English": 0.29333333333333333,
            "Filipino,Indonesian,English": 0.32,
            "Vietnamese,Chinese,Spanish": 0.23333333333333334,
            "Vietnamese,Chinese,Malay": 0.24,
            "Vietnamese,Chinese,Indonesian": 0.26666666666666666,
            "Vietnamese,Chinese,English": 0.18666666666666668,
            "Vietnamese,Spanish,Malay": 0.24666666666666667,
            "Vietnamese,Spanish,Indonesian": 0.26,
            "Vietnamese,Spanish,English": 0.25333333333333335,
            "Vietnamese,Malay,Indonesian": 0.32666666666666666,
            "Vietnamese,Malay,English": 0.22666666666666666,
            "Vietnamese,Indonesian,English": 0.24666666666666667,
            "Chinese,Spanish,Malay": 0.24666666666666667,
            "Chinese,Spanish,Indonesian": 0.22,
            "Chinese,Spanish,English": 0.26666666666666666,
            "Chinese,Malay,Indonesian": 0.29333333333333333,
            "Chinese,Malay,English": 0.22,
            "Chinese,Indonesian,English": 0.19333333333333333,
            "Spanish,Malay,Indonesian": 0.36666666666666664,
            "Spanish,Malay,English": 0.36666666666666664,
            "Spanish,Indonesian,English": 0.34,
            "Malay,Indonesian,English": 0.3333333333333333
        },
        "4_combine": {
            "Filipino,Vietnamese,Chinese,Spanish": 0.14666666666666667,
            "Filipino,Vietnamese,Chinese,Malay": 0.14666666666666667,
            "Filipino,Vietnamese,Chinese,Indonesian": 0.16,
            "Filipino,Vietnamese,Chinese,English": 0.12,
            "Filipino,Vietnamese,Spanish,Malay": 0.16,
            "Filipino,Vietnamese,Spanish,Indonesian": 0.17333333333333334,
            "Filipino,Vietnamese,Spanish,English": 0.15333333333333332,
            "Filipino,Vietnamese,Malay,Indonesian": 0.19333333333333333,
            "Filipino,Vietnamese,Malay,English": 0.15333333333333332,
            "Filipino,Vietnamese,Indonesian,English": 0.16666666666666666,
            "Filipino,Chinese,Spanish,Malay": 0.14,
            "Filipino,Chinese,Spanish,Indonesian": 0.14666666666666667,
            "Filipino,Chinese,Spanish,English": 0.15333333333333332,
            "Filipino,Chinese,Malay,Indonesian": 0.16,
            "Filipino,Chinese,Malay,English": 0.12666666666666668,
            "Filipino,Chinese,Indonesian,English": 0.12666666666666668,
            "Filipino,Spanish,Malay,Indonesian": 0.24666666666666667,
            "Filipino,Spanish,Malay,English": 0.24,
            "Filipino,Spanish,Indonesian,English": 0.24,
            "Filipino,Malay,Indonesian,English": 0.24,
            "Vietnamese,Chinese,Spanish,Malay": 0.17333333333333334,
            "Vietnamese,Chinese,Spanish,Indonesian": 0.16666666666666666,
            "Vietnamese,Chinese,Spanish,English": 0.15333333333333332,
            "Vietnamese,Chinese,Malay,Indonesian": 0.2,
            "Vietnamese,Chinese,Malay,English": 0.14666666666666667,
            "Vietnamese,Chinese,Indonesian,English": 0.14,
            "Vietnamese,Spanish,Malay,Indonesian": 0.2,
            "Vietnamese,Spanish,Malay,English": 0.16666666666666666,
            "Vietnamese,Spanish,Indonesian,English": 0.17333333333333334,
            "Vietnamese,Malay,Indonesian,English": 0.18666666666666668,
            "Chinese,Spanish,Malay,Indonesian": 0.18666666666666668,
            "Chinese,Spanish,Malay,English": 0.18,
            "Chinese,Spanish,Indonesian,English": 0.14666666666666667,
            "Chinese,Malay,Indonesian,English": 0.17333333333333334,
            "Spanish,Malay,Indonesian,English": 0.2733333333333333
        },
        "5_combine": {
            "Filipino,Vietnamese,Chinese,Spanish,Malay": 0.12,
            "Filipino,Vietnamese,Chinese,Spanish,Indonesian": 0.12,
            "Filipino,Vietnamese,Chinese,Spanish,English": 0.10666666666666667,
            "Filipino,Vietnamese,Chinese,Malay,Indonesian": 0.12666666666666668,
            "Filipino,Vietnamese,Chinese,Malay,English": 0.1,
            "Filipino,Vietnamese,Chinese,Indonesian,English": 0.09333333333333334,
            "Filipino,Vietnamese,Spanish,Malay,Indonesian": 0.14,
            "Filipino,Vietnamese,Spanish,Malay,English": 0.12,
            "Filipino,Vietnamese,Spanish,Indonesian,English": 0.12666666666666668,
            "Filipino,Vietnamese,Malay,Indonesian,English": 0.13333333333333333,
            "Filipino,Chinese,Spanish,Malay,Indonesian": 0.12666666666666668,
            "Filipino,Chinese,Spanish,Malay,English": 0.11333333333333333,
            "Filipino,Chinese,Spanish,Indonesian,English": 0.1,
            "Filipino,Chinese,Malay,Indonesian,English": 0.11333333333333333,
            "Filipino,Spanish,Malay,Indonesian,English": 0.2,
            "Vietnamese,Chinese,Spanish,Malay,Indonesian": 0.14,
            "Vietnamese,Chinese,Spanish,Malay,English": 0.12,
            "Vietnamese,Chinese,Spanish,Indonesian,English": 0.10666666666666667,
            "Vietnamese,Chinese,Malay,Indonesian,English": 0.12666666666666668,
            "Vietnamese,Spanish,Malay,Indonesian,English": 0.14,
            "Chinese,Spanish,Malay,Indonesian,English": 0.14
        },
        "6_combine": {
            "Filipino,Vietnamese,Chinese,Spanish,Malay,Indonesian": 0.10666666666666667,
            "Filipino,Vietnamese,Chinese,Spanish,Malay,English": 0.09333333333333334,
            "Filipino,Vietnamese,Chinese,Spanish,Indonesian,English": 0.08,
            "Filipino,Vietnamese,Chinese,Malay,Indonesian,English": 0.08666666666666667,