{
    "accuracy": 0.40312553963046105,
    "category_acc": {
        "agronomy": 0.3727810650887574,
        "anatomy": 0.25675675675675674,
        "ancient_chinese": 0.25609756097560976,
        "arts": 0.38125,
        "astronomy": 0.3393939393939394,
        "business_ethics": 0.5263157894736842,
        "chinese_civil_service_exam": 0.3625,
        "chinese_driving_rule": 0.5572519083969466,
        "chinese_food_culture": 0.3088235294117647,
        "chinese_foreign_policy": 0.5046728971962616,
        "chinese_history": 0.4520123839009288,
        "chinese_literature": 0.3235294117647059,
        "chinese_teacher_qualification": 0.5195530726256983,
        "clinical_knowledge": 0.35864978902953587,
        "college_actuarial_science": 0.3018867924528302,
        "college_education": 0.42990654205607476,
        "college_engineering_hydrology": 0.3584905660377358,
        "college_law": 0.2777777777777778,
        "college_mathematics": 0.20952380952380953,
        "college_medical_statistics": 0.3113207547169811,
        "college_medicine": 0.37362637362637363,
        "computer_science": 0.46568627450980393,
        "computer_security": 0.5672514619883041,
        "conceptual_physics": 0.40816326530612246,
        "construction_project_management": 0.4316546762589928,
        "economics": 0.4528301886792453,
        "education": 0.4723926380368098,
        "electrical_engineering": 0.42441860465116277,
        "elementary_chinese": 0.2619047619047619,
        "elementary_commonsense": 0.41414141414141414,
        "elementary_information_and_technology": 0.634453781512605,
        "elementary_mathematics": 0.29130434782608694,
        "ethnology": 0.37037037037037035,
        "food_science": 0.3916083916083916,
        "genetics": 0.375,
        "global_facts": 0.40939597315436244,
        "high_school_biology": 0.3668639053254438,
        "high_school_chemistry": 0.3106060606060606,
        "high_school_geography": 0.3898305084745763,
        "high_school_mathematics": 0.23170731707317074,
        "high_school_physics": 0.3181818181818182,
        "high_school_politics": 0.3706293706293706,
        "human_sexuality": 0.5,
        "international_law": 0.35135135135135137,
        "journalism": 0.45930232558139533,
        "jurisprudence": 0.45255474452554745,
        "legal_and_moral_basis": 0.6542056074766355,
        "logical": 0.4065040650406504,
        "machine_learning": 0.39344262295081966,
        "management": 0.47619047619047616,
        "marketing": 0.5444444444444444,
        "marxist_theory": 0.43915343915343913,
        "modern_chinese": 0.29310344827586204,
        "nutrition": 0.4,
        "philosophy": 0.4,
        "professional_accounting": 0.4114285714285714,
        "professional_law": 0.3459715639810427,
        "professional_medicine": 0.31117021276595747,
        "professional_psychology": 0.40948275862068967,
        "public_relations": 0.5057471264367817,
        "security_study": 0.362962962962963,
        "sociology": 0.4424778761061947,
        "sports_science": 0.37575757575757573,
        "traditional_chinese_medicine": 0.2648648648648649,
        "virology": 0.40236686390532544,
        "world_history": 0.5031055900621118,
        "world_religions": 0.44375
    }
}