{
    "accuracy": 0.636968180193064,
    "category_acc": {
        "high_school_european_history": 0.7865853658536586,
        "business_ethics": 0.6464646464646465,
        "clinical_knowledge": 0.7045454545454546,
        "medical_genetics": 0.7272727272727273,
        "high_school_us_history": 0.8275862068965517,
        "high_school_physics": 0.3933333333333333,
        "high_school_world_history": 0.8347457627118644,
        "virology": 0.5515151515151515,
        "high_school_microeconomics": 0.6497890295358649,
        "econometrics": 0.4778761061946903,
        "college_computer_science": 0.5555555555555556,
        "high_school_biology": 0.7928802588996764,
        "abstract_algebra": 0.30303030303030304,
        "professional_accounting": 0.505338078291815,
        "philosophy": 0.7225806451612903,
        "professional_medicine": 0.7011070110701108,
        "nutrition": 0.7442622950819672,
        "global_facts": 0.40404040404040403,
        "machine_learning": 0.44144144144144143,
        "security_studies": 0.7049180327868853,
        "public_relations": 0.6880733944954128,
        "professional_psychology": 0.6693944353518821,
        "prehistory": 0.7461300309597523,
        "anatomy": 0.6044776119402985,
        "human_sexuality": 0.7461538461538462,
        "college_medicine": 0.6627906976744186,
        "high_school_government_and_politics": 0.875,
        "college_chemistry": 0.5050505050505051,
        "logical_fallacies": 0.7160493827160493,
        "high_school_geography": 0.8071065989847716,
        "elementary_mathematics": 0.4350132625994695,
        "human_aging": 0.6801801801801802,
        "college_mathematics": 0.3434343434343434,
        "high_school_psychology": 0.8584558823529411,
        "formal_logic": 0.472,
        "high_school_statistics": 0.5581395348837209,
        "international_law": 0.7583333333333333,
        "high_school_mathematics": 0.42379182156133827,
        "high_school_computer_science": 0.6666666666666666,
        "conceptual_physics": 0.6239316239316239,
        "miscellaneous": 0.850383631713555,
        "high_school_chemistry": 0.5346534653465347,
        "marketing": 0.8755364806866953,
        "professional_law": 0.48532289628180036,
        "management": 0.8529411764705882,
        "college_physics": 0.43564356435643564,
        "jurisprudence": 0.7850467289719626,
        "world_religions": 0.8705882352941177,
        "sociology": 0.855,
        "us_foreign_policy": 0.8484848484848485,
        "high_school_macroeconomics": 0.6632390745501285,
        "computer_security": 0.7373737373737373,
        "moral_scenarios": 0.2494407158836689,
        "moral_disputes": 0.6869565217391305,
        "electrical_engineering": 0.6319444444444444,
        "astronomy": 0.7284768211920529,
        "college_biology": 0.7482517482517482
    }
}