{
    "overall_acc": 0.47159090909090917,
    "language_acc": {
        "Indonesian": 0.4318181818181818,
        "English": 0.5681818181818182,
        "Filipino": 0.4147727272727273,
        "Spanish": 0.4375,
        "Chinese": 0.5,
        "Malay": 0.4772727272727273,
        "Vietnamese": 0.4715909090909091
    },
    "consistency_score_2": 0.6025432900432899,
    "consistency_score_3": 0.4491883116883117,
    "consistency_score_4": 0.3680194805194806,
    "consistency_score_5": 0.31764069264069267,
    "consistency_score_6": 0.2824675324675325,
    "consistency_score_7": 0.2556818181818182,
    "detailed_consistency_score": {
        "2_combine": {
            "Indonesian,English": 0.6136363636363636,
            "Indonesian,Filipino": 0.5965909090909091,
            "Indonesian,Spanish": 0.6136363636363636,
            "Indonesian,Chinese": 0.5454545454545454,
            "Indonesian,Malay": 0.6875,
            "Indonesian,Vietnamese": 0.6136363636363636,
            "English,Filipino": 0.5625,
            "English,Spanish": 0.7102272727272727,
            "English,Chinese": 0.625,
            "English,Malay": 0.6477272727272727,
            "English,Vietnamese": 0.6590909090909091,
            "Filipino,Spanish": 0.5681818181818182,
            "Filipino,Chinese": 0.5454545454545454,
            "Filipino,Malay": 0.5397727272727273,
            "Filipino,Vietnamese": 0.5454545454545454,
            "Spanish,Chinese": 0.5795454545454546,
            "Spanish,Malay": 0.6306818181818182,
            "Spanish,Vietnamese": 0.6761363636363636,
            "Chinese,Malay": 0.5454545454545454,
            "Chinese,Vietnamese": 0.5397727272727273,
            "Malay,Vietnamese": 0.6079545454545454
        },
        "3_combine": {
            "Indonesian,English,Filipino": 0.44886363636363635,
            "Indonesian,English,Spanish": 0.5170454545454546,
            "Indonesian,English,Chinese": 0.4318181818181818,
            "Indonesian,English,Malay": 0.5056818181818182,
            "Indonesian,English,Vietnamese": 0.4772727272727273,
            "Indonesian,Filipino,Spanish": 0.4318181818181818,
            "Indonesian,Filipino,Chinese": 0.39204545454545453,
            "Indonesian,Filipino,Malay": 0.4602272727272727,
            "Indonesian,Filipino,Vietnamese": 0.4147727272727273,
            "Indonesian,Spanish,Chinese": 0.4147727272727273,
            "Indonesian,Spanish,Malay": 0.4943181818181818,
            "Indonesian,Spanish,Vietnamese": 0.48863636363636365,
            "Indonesian,Chinese,Malay": 0.4375,
            "Indonesian,Chinese,Vietnamese": 0.4034090909090909,
            "Indonesian,Malay,Vietnamese": 0.5,
            "English,Filipino,Spanish": 0.45454545454545453,
            "English,Filipino,Chinese": 0.42613636363636365,
            "English,Filipino,Malay": 0.42613636363636365,
            "English,Filipino,Vietnamese": 0.4375,
            "English,Spanish,Chinese": 0.5,
            "English,Spanish,Malay": 0.5397727272727273,
            "English,Spanish,Vietnamese": 0.5511363636363636,
            "English,Chinese,Malay": 0.4431818181818182,
            "English,Chinese,Vietnamese": 0.4431818181818182,
            "English,Malay,Vietnamese": 0.48295454545454547,
            "Filipino,Spanish,Chinese": 0.4034090909090909,
            "Filipino,Spanish,Malay": 0.4147727272727273,
            "Filipino,Spanish,Vietnamese": 0.4431818181818182,
            "Filipino,Chinese,Malay": 0.3977272727272727,
            "Filipino,Chinese,Vietnamese": 0.3806818181818182,
            "Filipino,Malay,Vietnamese": 0.3977272727272727,
            "Spanish,Chinese,Malay": 0.4318181818181818,
            "Spanish,Chinese,Vietnamese": 0.4375,
            "Spanish,Malay,Vietnamese": 0.5,
            "Chinese,Malay,Vietnamese": 0.39204545454545453
        },
        "4_combine": {
            "Indonesian,English,Filipino,Spanish": 0.3806818181818182,
            "Indonesian,English,Filipino,Chinese": 0.3465909090909091,
            "Indonesian,English,Filipino,Malay": 0.3806818181818182,
            "Indonesian,English,Filipino,Vietnamese": 0.35795454545454547,
            "Indonesian,English,Spanish,Chinese": 0.3806818181818182,
            "Indonesian,English,Spanish,Malay": 0.4375,
            "Indonesian,English,Spanish,Vietnamese": 0.4318181818181818,
            "Indonesian,English,Chinese,Malay": 0.3693181818181818,
            "Indonesian,English,Chinese,Vietnamese": 0.3522727272727273,
            "Indonesian,English,Malay,Vietnamese": 0.4147727272727273,
            "Indonesian,Filipino,Spanish,Chinese": 0.32954545454545453,
            "Indonesian,Filipino,Spanish,Malay": 0.3693181818181818,
            "Indonesian,Filipino,Spanish,Vietnamese": 0.36363636363636365,
            "Indonesian,Filipino,Chinese,Malay": 0.3465909090909091,
            "Indonesian,Filipino,Chinese,Vietnamese": 0.3068181818181818,
            "Indonesian,Filipino,Malay,Vietnamese": 0.3522727272727273,
            "Indonesian,Spanish,Chinese,Malay": 0.36363636363636365,
            "Indonesian,Spanish,Chinese,Vietnamese": 0.35795454545454547,
            "Indonesian,Spanish,Malay,Vietnamese": 0.4147727272727273,
            "Indonesian,Chinese,Malay,Vietnamese": 0.3465909090909091,
            "English,Filipino,Spanish,Chinese": 0.36363636363636365,
            "English,Filipino,Spanish,Malay": 0.3806818181818182,
            "English,Filipino,Spanish,Vietnamese": 0.38636363636363635,
            "English,Filipino,Chinese,Malay": 0.3409090909090909,
            "English,Filipino,Chinese,Vietnamese": 0.32954545454545453,
            "English,Filipino,Malay,Vietnamese": 0.36363636363636365,
            "English,Spanish,Chinese,Malay": 0.3977272727272727,
            "English,Spanish,Chinese,Vietnamese": 0.4034090909090909,
            "English,Spanish,Malay,Vietnamese": 0.44886363636363635,
            "English,Chinese,Malay,Vietnamese": 0.3522727272727273,
            "Filipino,Spanish,Chinese,Malay": 0.3409090909090909,
            "Filipino,Spanish,Chinese,Vietnamese": 0.3352272727272727,
            "Filipino,Spanish,Malay,Vietnamese": 0.36363636363636365,
            "Filipino,Chinese,Malay,Vietnamese": 0.3125,
            "Spanish,Chinese,Malay,Vietnamese": 0.35795454545454547
        },
        "5_combine": {
            "Indonesian,English,Filipino,Spanish,Chinese": 0.3068181818181818,
            "Indonesian,English,Filipino,Spanish,Malay": 0.3352272727272727,
            "Indonesian,English,Filipino,Spanish,Vietnamese": 0.32954545454545453,
            "Indonesian,English,Filipino,Chinese,Malay": 0.3068181818181818,
            "Indonesian,English,Filipino,Chinese,Vietnamese": 0.2840909090909091,
            "Indonesian,English,Filipino,Malay,Vietnamese": 0.32386363636363635,
            "Indonesian,English,Spanish,Chinese,Malay": 0.3352272727272727,
            "Indonesian,English,Spanish,Chinese,Vietnamese": 0.3352272727272727,
            "Indonesian,English,Spanish,Malay,Vietnamese": 0.3806818181818182,
            "Indonesian,English,Chinese,Malay,Vietnamese": 0.3125,
            "Indonesian,Filipino,Spanish,Chinese,Malay": 0.3068181818181818,
            "Indonesian,Filipino,Spanish,Chinese,Vietnamese": 0.2897727272727273,
            "Indonesian,Filipino,Spanish,Malay,Vietnamese": 0.32386363636363635,
            "Indonesian,Filipino,Chinese,Malay,Vietnamese": 0.2784090909090909,
            "Indonesian,Spanish,Chinese,Malay,Vietnamese": 0.3181818181818182,
            "English,Filipino,Spanish,Chinese,Malay": 0.3181818181818182,
            "English,Filipino,Spanish,Chinese,Vietnamese": 0.3125,
            "English,Filipino,Spanish,Malay,Vietnamese": 0.3409090909090909,
            "English,Filipino,Chinese,Malay,Vietnamese": 0.2897727272727273,
            "English,Spanish,Chinese,Malay,Vietnamese": 0.3409090909090909,
            "Filipino,Spanish,Chinese,Malay,Vietnamese": 0.30113636363636365
        },