{
    "overall_acc": 0.4675324675324675,
    "language_acc": {
        "Indonesian": 0.4772727272727273,
        "English": 0.5454545454545454,
        "Filipino": 0.42613636363636365,
        "Spanish": 0.48295454545454547,
        "Chinese": 0.42613636363636365,
        "Malay": 0.44886363636363635,
        "Vietnamese": 0.4659090909090909
    },
    "consistency_score_2": 0.5768398268398267,
    "consistency_score_3": 0.4141233766233765,
    "consistency_score_4": 0.32678571428571423,
    "consistency_score_5": 0.2719155844155844,
    "consistency_score_6": 0.23538961038961034,
    "consistency_score_7": 0.21022727272727273,
    "detailed_consistency_score": {
        "2_combine": {
            "Indonesian,English": 0.6534090909090909,
            "Indonesian,Filipino": 0.5568181818181818,
            "Indonesian,Spanish": 0.6306818181818182,
            "Indonesian,Chinese": 0.5284090909090909,
            "Indonesian,Malay": 0.7045454545454546,
            "Indonesian,Vietnamese": 0.6079545454545454,
            "English,Filipino": 0.5227272727272727,
            "English,Spanish": 0.7443181818181818,
            "English,Chinese": 0.5795454545454546,
            "English,Malay": 0.6477272727272727,
            "English,Vietnamese": 0.5795454545454546,
            "Filipino,Spanish": 0.5170454545454546,
            "Filipino,Chinese": 0.5056818181818182,
            "Filipino,Malay": 0.5511363636363636,
            "Filipino,Vietnamese": 0.48863636363636365,
            "Spanish,Chinese": 0.5397727272727273,
            "Spanish,Malay": 0.5965909090909091,
            "Spanish,Vietnamese": 0.6022727272727273,
            "Chinese,Malay": 0.5056818181818182,
            "Chinese,Vietnamese": 0.48863636363636365,
            "Malay,Vietnamese": 0.5625
        },
        "3_combine": {
            "Indonesian,English,Filipino": 0.42045454545454547,
            "Indonesian,English,Spanish": 0.5340909090909091,
            "Indonesian,English,Chinese": 0.4431818181818182,
            "Indonesian,English,Malay": 0.5284090909090909,
            "Indonesian,English,Vietnamese": 0.4602272727272727,
            "Indonesian,Filipino,Spanish": 0.3977272727272727,
            "Indonesian,Filipino,Chinese": 0.36363636363636365,
            "Indonesian,Filipino,Malay": 0.44886363636363635,
            "Indonesian,Filipino,Vietnamese": 0.38636363636363635,
            "Indonesian,Spanish,Chinese": 0.38636363636363635,
            "Indonesian,Spanish,Malay": 0.5,
            "Indonesian,Spanish,Vietnamese": 0.45454545454545453,
            "Indonesian,Chinese,Malay": 0.4090909090909091,
            "Indonesian,Chinese,Vietnamese": 0.36363636363636365,
            "Indonesian,Malay,Vietnamese": 0.4659090909090909,
            "English,Filipino,Spanish": 0.42613636363636365,
            "English,Filipino,Chinese": 0.375,
            "English,Filipino,Malay": 0.4090909090909091,
            "English,Filipino,Vietnamese": 0.3409090909090909,
            "English,Spanish,Chinese": 0.4715909090909091,
            "English,Spanish,Malay": 0.5397727272727273,
            "English,Spanish,Vietnamese": 0.5,
            "English,Chinese,Malay": 0.4090909090909091,
            "English,Chinese,Vietnamese": 0.375,
            "English,Malay,Vietnamese": 0.42613636363636365,
            "Filipino,Spanish,Chinese": 0.3522727272727273,
            "Filipino,Spanish,Malay": 0.39204545454545453,
            "Filipino,Spanish,Vietnamese": 0.35795454545454547,
            "Filipino,Chinese,Malay": 0.35795454545454547,
            "Filipino,Chinese,Vietnamese": 0.3181818181818182,
            "Filipino,Malay,Vietnamese": 0.35795454545454547,
            "Spanish,Chinese,Malay": 0.3806818181818182,
            "Spanish,Chinese,Vietnamese": 0.3693181818181818,
            "Spanish,Malay,Vietnamese": 0.4318181818181818,
            "Chinese,Malay,Vietnamese": 0.3409090909090909
        },
        "4_combine": {
            "Indonesian,English,Filipino,Spanish": 0.3522727272727273,
            "Indonesian,English,Filipino,Chinese": 0.3181818181818182,
            "Indonesian,English,Filipino,Malay": 0.35795454545454547,
            "Indonesian,English,Filipino,Vietnamese": 0.3125,
            "Indonesian,English,Spanish,Chinese": 0.3693181818181818,
            "Indonesian,English,Spanish,Malay": 0.4602272727272727,
            "Indonesian,English,Spanish,Vietnamese": 0.3977272727272727,
            "Indonesian,English,Chinese,Malay": 0.35795454545454547,
            "Indonesian,English,Chinese,Vietnamese": 0.32386363636363635,
            "Indonesian,English,Malay,Vietnamese": 0.3806818181818182,
            "Indonesian,Filipino,Spanish,Chinese": 0.29545454545454547,
            "Indonesian,Filipino,Spanish,Malay": 0.3522727272727273,
            "Indonesian,Filipino,Spanish,Vietnamese": 0.3125,
            "Indonesian,Filipino,Chinese,Malay": 0.3125,
            "Indonesian,Filipino,Chinese,Vietnamese": 0.2784090909090909,
            "Indonesian,Filipino,Malay,Vietnamese": 0.32386363636363635,
            "Indonesian,Spanish,Chinese,Malay": 0.3409090909090909,
            "Indonesian,Spanish,Chinese,Vietnamese": 0.29545454545454547,
            "Indonesian,Spanish,Malay,Vietnamese": 0.3806818181818182,
            "Indonesian,Chinese,Malay,Vietnamese": 0.30113636363636365,
            "English,Filipino,Spanish,Chinese": 0.32954545454545453,
            "English,Filipino,Spanish,Malay": 0.35795454545454547,
            "English,Filipino,Spanish,Vietnamese": 0.3068181818181818,
            "English,Filipino,Chinese,Malay": 0.3068181818181818,
            "English,Filipino,Chinese,Vietnamese": 0.26136363636363635,
            "English,Filipino,Malay,Vietnamese": 0.2840909090909091,
            "English,Spanish,Chinese,Malay": 0.36363636363636365,
            "English,Spanish,Chinese,Vietnamese": 0.3352272727272727,
            "English,Spanish,Malay,Vietnamese": 0.3977272727272727,
            "English,Chinese,Malay,Vietnamese": 0.2840909090909091,
            "Filipino,Spanish,Chinese,Malay": 0.29545454545454547,
            "Filipino,Spanish,Chinese,Vietnamese": 0.2556818181818182,
            "Filipino,Spanish,Malay,Vietnamese": 0.2897727272727273,
            "Filipino,Chinese,Malay,Vietnamese": 0.26136363636363635,
            "Spanish,Chinese,Malay,Vietnamese": 0.2840909090909091
        },
        "5_combine": {
            "Indonesian,English,Filipino,Spanish,Chinese": 0.2840909090909091,
            "Indonesian,English,Filipino,Spanish,Malay": 0.3181818181818182,
            "Indonesian,English,Filipino,Spanish,Vietnamese": 0.2784090909090909,
            "Indonesian,English,Filipino,Chinese,Malay": 0.2784090909090909,
            "Indonesian,English,Filipino,Chinese,Vietnamese": 0.25,
            "Indonesian,English,Filipino,Malay,Vietnamese": 0.26704545454545453,
            "Indonesian,English,Spanish,Chinese,Malay": 0.32386363636363635,
            "Indonesian,English,Spanish,Chinese,Vietnamese": 0.2840909090909091,
            "Indonesian,English,Spanish,Malay,Vietnamese": 0.3522727272727273,
            "Indonesian,English,Chinese,Malay,Vietnamese": 0.26704545454545453,
            "Indonesian,Filipino,Spanish,Chinese,Malay": 0.2727272727272727,
            "Indonesian,Filipino,Spanish,Chinese,Vietnamese": 0.23863636363636365,
            "Indonesian,Filipino,Spanish,Malay,Vietnamese": 0.2727272727272727,
            "Indonesian,Filipino,Chinese,Malay,Vietnamese": 0.24431818181818182,
            "Indonesian,Spanish,Chinese,Malay,Vietnamese": 0.26704545454545453,
            "English,Filipino,Spanish,Chinese,Malay": 0.2840909090909091,
            "English,Filipino,Spanish,Chinese,Vietnamese": 0.24431818181818182,
            "English,Filipino,Spanish,Malay,Vietnamese": 0.26704545454545453,
            "English,Filipino,Chinese,Malay,Vietnamese": 0.2215909090909091,
            "English,Spanish,Chinese,Malay,Vietnamese": 0.2727272727272727,