{
    "rouge1": 0.5365832097389195,
    "rouge2": 0.2954036639870932,
    "rougeL": 0.45167227299325957,
    "avg_rouge": 0.42788638223975745
}