{
    "rouge1": 0.5369216789882587,
    "rouge2": 0.2932230928399554,
    "rougeL": 0.4508405893944396,
    "avg_rouge": 0.4269951204075513
}