{
    "accuracy": 0.26089663760896636,
    "category_acc": {
        "computer_network": 0.2916666666666667,
        "operating_system": 0.16666666666666666,
        "computer_architecture": 0.19230769230769232,
        "college_programming": 0.2857142857142857,
        "college_physics": 0.20833333333333334,
        "college_chemistry": 0.41379310344827586,
        "advanced_mathematics": 0.2916666666666667,
        "probability_and_statistics": 0.43478260869565216,
        "discrete_mathematics": 0.47619047619047616,
        "electrical_engineer": 0.21428571428571427,
        "metrology_engineer": 0.1724137931034483,
        "high_school_mathematics": 0.34782608695652173,
        "high_school_physics": 0.2916666666666667,
        "high_school_chemistry": 0.16666666666666666,
        "high_school_biology": 0.25,
        "middle_school_mathematics": 0.20833333333333334,
        "middle_school_biology": 0.2692307692307692,
        "middle_school_physics": 0.20833333333333334,
        "middle_school_chemistry": 0.32,
        "veterinary_medicine": 0.32142857142857145,
        "college_economics": 0.26666666666666666,
        "business_administration": 0.21052631578947367,
        "marxism": 0.25,
        "mao_zedong_thought": 0.3103448275862069,
        "education_science": 0.17647058823529413,
        "teacher_qualification": 0.30612244897959184,
        "high_school_politics": 0.3333333333333333,
        "high_school_geography": 0.20833333333333334,
        "middle_school_politics": 0.2692307692307692,
        "middle_school_geography": 0.058823529411764705,
        "modern_chinese_history": 0.21428571428571427,
        "ideological_and_moral_cultivation": 0.3333333333333333,
        "logic": 0.4074074074074074,
        "law": 0.20689655172413793,
        "chinese_language_and_literature": 0.21428571428571427,
        "art_studies": 0.2631578947368421,
        "professional_tour_guide": 0.3235294117647059,
        "legal_professional": 0.32142857142857145,
        "high_school_chinese": 0.4166666666666667,
        "high_school_history": 0.28,
        "middle_school_history": 0.18518518518518517,
        "civil_servant": 0.19230769230769232,
        "sports_science": 0.20833333333333334,
        "plant_protection": 0.14814814814814814,
        "basic_medicine": 0.16666666666666666,
        "clinical_medicine": 0.25925925925925924,
        "urban_and_rural_planner": 0.37254901960784315,
        "accountant": 0.2962962962962963,
        "fire_engineer": 0.1111111111111111,
        "environmental_impact_assessment_engineer": 0.16666666666666666,
        "tax_accountant": 0.24074074074074073,
        "physician": 0.2962962962962963
    }
}