{
    "overall_acc": 0.3928571428571429,
    "language_acc": {
        "Indonesian": 0.3693181818181818,
        "English": 0.6022727272727273,
        "Filipino": 0.36363636363636365,
        "Spanish": 0.5056818181818182,
        "Chinese": 0.2727272727272727,
        "Malay": 0.3352272727272727,
        "Vietnamese": 0.30113636363636365
    },
    "consistency_score_2": 0.38988095238095244,
    "consistency_score_3": 0.18879870129870135,
    "consistency_score_4": 0.10162337662337663,
    "consistency_score_5": 0.056547619047619034,
    "consistency_score_6": 0.029220779220779224,
    "consistency_score_7": 0.011363636363636364,
    "detailed_consistency_score": {
        "2_combine": {
            "Indonesian,English": 0.42045454545454547,
            "Indonesian,Filipino": 0.4659090909090909,
            "Indonesian,Spanish": 0.48295454545454547,
            "Indonesian,Chinese": 0.23863636363636365,
            "Indonesian,Malay": 0.5909090909090909,
            "Indonesian,Vietnamese": 0.42613636363636365,
            "English,Filipino": 0.3465909090909091,
            "English,Spanish": 0.6647727272727273,
            "English,Chinese": 0.24431818181818182,
            "English,Malay": 0.42045454545454547,
            "English,Vietnamese": 0.30113636363636365,
            "Filipino,Spanish": 0.42045454545454547,
            "Filipino,Chinese": 0.25,
            "Filipino,Malay": 0.4602272727272727,
            "Filipino,Vietnamese": 0.48295454545454547,
            "Spanish,Chinese": 0.23295454545454544,
            "Spanish,Malay": 0.42045454545454547,
            "Spanish,Vietnamese": 0.3977272727272727,
            "Chinese,Malay": 0.26136363636363635,
            "Chinese,Vietnamese": 0.23295454545454544,
            "Malay,Vietnamese": 0.42613636363636365
        },
        "3_combine": {
            "Indonesian,English,Filipino": 0.20454545454545456,
            "Indonesian,English,Spanish": 0.3352272727272727,
            "Indonesian,English,Chinese": 0.09090909090909091,
            "Indonesian,English,Malay": 0.2840909090909091,
            "Indonesian,English,Vietnamese": 0.17045454545454544,
            "Indonesian,Filipino,Spanish": 0.24431818181818182,
            "Indonesian,Filipino,Chinese": 0.125,
            "Indonesian,Filipino,Malay": 0.30113636363636365,
            "Indonesian,Filipino,Vietnamese": 0.25,
            "Indonesian,Spanish,Chinese": 0.11363636363636363,
            "Indonesian,Spanish,Malay": 0.29545454545454547,
            "Indonesian,Spanish,Vietnamese": 0.2556818181818182,
            "Indonesian,Chinese,Malay": 0.16477272727272727,
            "Indonesian,Chinese,Vietnamese": 0.10795454545454546,
            "Indonesian,Malay,Vietnamese": 0.2784090909090909,
            "English,Filipino,Spanish": 0.2727272727272727,
            "English,Filipino,Chinese": 0.06818181818181818,
            "English,Filipino,Malay": 0.2159090909090909,
            "English,Filipino,Vietnamese": 0.1534090909090909,
            "English,Spanish,Chinese": 0.1534090909090909,
            "English,Spanish,Malay": 0.3125,
            "English,Spanish,Vietnamese": 0.2556818181818182,
            "English,Chinese,Malay": 0.10795454545454546,
            "English,Chinese,Vietnamese": 0.07386363636363637,
            "English,Malay,Vietnamese": 0.1590909090909091,
            "Filipino,Spanish,Chinese": 0.09659090909090909,
            "Filipino,Spanish,Malay": 0.23295454545454544,
            "Filipino,Spanish,Vietnamese": 0.23295454545454544,
            "Filipino,Chinese,Malay": 0.13636363636363635,
            "Filipino,Chinese,Vietnamese": 0.11931818181818182,
            "Filipino,Malay,Vietnamese": 0.2556818181818182,
            "Spanish,Chinese,Malay": 0.10795454545454546,
            "Spanish,Chinese,Vietnamese": 0.08522727272727272,
            "Spanish,Malay,Vietnamese": 0.2215909090909091,
            "Chinese,Malay,Vietnamese": 0.125
        },
        "4_combine": {
            "Indonesian,English,Filipino,Spanish": 0.16477272727272727,
            "Indonesian,English,Filipino,Chinese": 0.03409090909090909,
            "Indonesian,English,Filipino,Malay": 0.14204545454545456,
            "Indonesian,English,Filipino,Vietnamese": 0.09659090909090909,
            "Indonesian,English,Spanish,Chinese": 0.07386363636363637,
            "Indonesian,English,Spanish,Malay": 0.22727272727272727,
            "Indonesian,English,Spanish,Vietnamese": 0.16477272727272727,
            "Indonesian,English,Chinese,Malay": 0.07386363636363637,
            "Indonesian,English,Chinese,Vietnamese": 0.03977272727272727,
            "Indonesian,English,Malay,Vietnamese": 0.11931818181818182,
            "Indonesian,Filipino,Spanish,Chinese": 0.0625,
            "Indonesian,Filipino,Spanish,Malay": 0.17045454545454544,
            "Indonesian,Filipino,Spanish,Vietnamese": 0.1590909090909091,
            "Indonesian,Filipino,Chinese,Malay": 0.07954545454545454,
            "Indonesian,Filipino,Chinese,Vietnamese": 0.06818181818181818,
            "Indonesian,Filipino,Malay,Vietnamese": 0.17613636363636365,
            "Indonesian,Spanish,Chinese,Malay": 0.08522727272727272,
            "Indonesian,Spanish,Chinese,Vietnamese": 0.0625,
            "Indonesian,Spanish,Malay,Vietnamese": 0.16477272727272727,
            "Indonesian,Chinese,Malay,Vietnamese": 0.08522727272727272,
            "English,Filipino,Spanish,Chinese": 0.056818181818181816,
            "English,Filipino,Spanish,Malay": 0.17045454545454544,
            "English,Filipino,Spanish,Vietnamese": 0.14204545454545456,
            "English,Filipino,Chinese,Malay": 0.05113636363636364,
            "English,Filipino,Chinese,Vietnamese": 0.028409090909090908,
            "English,Filipino,Malay,Vietnamese": 0.10795454545454546,
            "English,Spanish,Chinese,Malay": 0.07954545454545454,
            "English,Spanish,Chinese,Vietnamese": 0.05113636363636364,
            "English,Spanish,Malay,Vietnamese": 0.14772727272727273,
            "English,Chinese,Malay,Vietnamese": 0.056818181818181816,
            "Filipino,Spanish,Chinese,Malay": 0.0625,
            "Filipino,Spanish,Chinese,Vietnamese": 0.05113636363636364,
            "Filipino,Spanish,Malay,Vietnamese": 0.1534090909090909,
            "Filipino,Chinese,Malay,Vietnamese": 0.07954545454545454,
            "Spanish,Chinese,Malay,Vietnamese": 0.06818181818181818
        },
        "5_combine": {
            "Indonesian,English,Filipino,Spanish,Chinese": 0.03409090909090909,
            "Indonesian,English,Filipino,Spanish,Malay": 0.11931818181818182,
            "Indonesian,English,Filipino,Spanish,Vietnamese": 0.09659090909090909,
            "Indonesian,English,Filipino,Chinese,Malay": 0.022727272727272728,
            "Indonesian,English,Filipino,Chinese,Vietnamese": 0.011363636363636364,
            "Indonesian,English,Filipino,Malay,Vietnamese": 0.07386363636363637,
            "Indonesian,English,Spanish,Chinese,Malay": 0.0625,
            "Indonesian,English,Spanish,Chinese,Vietnamese": 0.03409090909090909,
            "Indonesian,English,Spanish,Malay,Vietnamese": 0.11363636363636363,
            "Indonesian,English,Chinese,Malay,Vietnamese": 0.03977272727272727,
            "Indonesian,Filipino,Spanish,Chinese,Malay": 0.03977272727272727,
            "Indonesian,Filipino,Spanish,Chinese,Vietnamese": 0.03409090909090909,
            "Indonesian,Filipino,Spanish,Malay,Vietnamese": 0.11931818181818182,
            "Indonesian,Filipino,Chinese,Malay,Vietnamese": 0.05113636363636364,
            "Indonesian,Spanish,Chinese,Malay,Vietnamese": 0.05113636363636364,
            "English,Filipino,Spanish,Chinese,Malay": 0.03977272727272727,
            "English,Filipino,Spanish,Chinese,Vietnamese": 0.022727272727272728,
            "English,Filipino,Spanish,Malay,Vietnamese": 0.10227272727272728,
            "English,Filipino,Chinese,Malay,Vietnamese": 0.028409090909090908,