{
    "overall_acc": 0.39123376623376627,
    "language_acc": {
        "Indonesian": 0.3465909090909091,
        "English": 0.6136363636363636,
        "Filipino": 0.375,
        "Spanish": 0.5,
        "Chinese": 0.25,
        "Malay": 0.3522727272727273,
        "Vietnamese": 0.30113636363636365
    },
    "consistency_score_2": 0.3825757575757576,
    "consistency_score_3": 0.18295454545454543,
    "consistency_score_4": 0.09756493506493508,
    "consistency_score_5": 0.053030303030303025,
    "consistency_score_6": 0.02516233766233766,
    "consistency_score_7": 0.005681818181818182,
    "detailed_consistency_score": {
        "2_combine": {
            "Indonesian,English": 0.4034090909090909,
            "Indonesian,Filipino": 0.44886363636363635,
            "Indonesian,Spanish": 0.5113636363636364,
            "Indonesian,Chinese": 0.24431818181818182,
            "Indonesian,Malay": 0.5795454545454546,
            "Indonesian,Vietnamese": 0.38636363636363635,
            "English,Filipino": 0.3465909090909091,
            "English,Spanish": 0.6534090909090909,
            "English,Chinese": 0.2556818181818182,
            "English,Malay": 0.3977272727272727,
            "English,Vietnamese": 0.2784090909090909,
            "Filipino,Spanish": 0.4431818181818182,
            "Filipino,Chinese": 0.22727272727272727,
            "Filipino,Malay": 0.48863636363636365,
            "Filipino,Vietnamese": 0.4943181818181818,
            "Spanish,Chinese": 0.22727272727272727,
            "Spanish,Malay": 0.42045454545454547,
            "Spanish,Vietnamese": 0.39204545454545453,
            "Chinese,Malay": 0.2215909090909091,
            "Chinese,Vietnamese": 0.19886363636363635,
            "Malay,Vietnamese": 0.4147727272727273
        },
        "3_combine": {
            "Indonesian,English,Filipino": 0.19318181818181818,
            "Indonesian,English,Spanish": 0.3352272727272727,
            "Indonesian,English,Chinese": 0.09090909090909091,
            "Indonesian,English,Malay": 0.2556818181818182,
            "Indonesian,English,Vietnamese": 0.16477272727272727,
            "Indonesian,Filipino,Spanish": 0.26136363636363635,
            "Indonesian,Filipino,Chinese": 0.10795454545454546,
            "Indonesian,Filipino,Malay": 0.3068181818181818,
            "Indonesian,Filipino,Vietnamese": 0.23295454545454544,
            "Indonesian,Spanish,Chinese": 0.125,
            "Indonesian,Spanish,Malay": 0.29545454545454547,
            "Indonesian,Spanish,Vietnamese": 0.24431818181818182,
            "Indonesian,Chinese,Malay": 0.1534090909090909,
            "Indonesian,Chinese,Vietnamese": 0.09659090909090909,
            "Indonesian,Malay,Vietnamese": 0.26704545454545453,
            "English,Filipino,Spanish": 0.2840909090909091,
            "English,Filipino,Chinese": 0.06818181818181818,
            "English,Filipino,Malay": 0.2215909090909091,
            "English,Filipino,Vietnamese": 0.1590909090909091,
            "English,Spanish,Chinese": 0.14204545454545456,
            "English,Spanish,Malay": 0.29545454545454547,
            "English,Spanish,Vietnamese": 0.24431818181818182,
            "English,Chinese,Malay": 0.07954545454545454,
            "English,Chinese,Vietnamese": 0.056818181818181816,
            "English,Malay,Vietnamese": 0.1590909090909091,
            "Filipino,Spanish,Chinese": 0.10227272727272728,
            "Filipino,Spanish,Malay": 0.2556818181818182,
            "Filipino,Spanish,Vietnamese": 0.23863636363636365,
            "Filipino,Chinese,Malay": 0.11363636363636363,
            "Filipino,Chinese,Vietnamese": 0.11931818181818182,
            "Filipino,Malay,Vietnamese": 0.25,
            "Spanish,Chinese,Malay": 0.08522727272727272,
            "Spanish,Chinese,Vietnamese": 0.08522727272727272,
            "Spanish,Malay,Vietnamese": 0.2159090909090909,
            "Chinese,Malay,Vietnamese": 0.09659090909090909
        },
        "4_combine": {
            "Indonesian,English,Filipino,Spanish": 0.17045454545454544,
            "Indonesian,English,Filipino,Chinese": 0.028409090909090908,
            "Indonesian,English,Filipino,Malay": 0.14204545454545456,
            "Indonesian,English,Filipino,Vietnamese": 0.10227272727272728,
            "Indonesian,English,Spanish,Chinese": 0.06818181818181818,
            "Indonesian,English,Spanish,Malay": 0.2159090909090909,
            "Indonesian,English,Spanish,Vietnamese": 0.1590909090909091,
            "Indonesian,English,Chinese,Malay": 0.056818181818181816,
            "Indonesian,English,Chinese,Vietnamese": 0.03409090909090909,
            "Indonesian,English,Malay,Vietnamese": 0.13068181818181818,
            "Indonesian,Filipino,Spanish,Chinese": 0.0625,
            "Indonesian,Filipino,Spanish,Malay": 0.1875,
            "Indonesian,Filipino,Spanish,Vietnamese": 0.1534090909090909,
            "Indonesian,Filipino,Chinese,Malay": 0.07954545454545454,
            "Indonesian,Filipino,Chinese,Vietnamese": 0.0625,
            "Indonesian,Filipino,Malay,Vietnamese": 0.1590909090909091,
            "Indonesian,Spanish,Chinese,Malay": 0.07954545454545454,
            "Indonesian,Spanish,Chinese,Vietnamese": 0.0625,
            "Indonesian,Spanish,Malay,Vietnamese": 0.17045454545454544,
            "Indonesian,Chinese,Malay,Vietnamese": 0.07386363636363637,
            "English,Filipino,Spanish,Chinese": 0.05113636363636364,
            "English,Filipino,Spanish,Malay": 0.18181818181818182,
            "English,Filipino,Spanish,Vietnamese": 0.14204545454545456,
            "English,Filipino,Chinese,Malay": 0.03977272727272727,
            "English,Filipino,Chinese,Vietnamese": 0.028409090909090908,
            "English,Filipino,Malay,Vietnamese": 0.11363636363636363,
            "English,Spanish,Chinese,Malay": 0.05113636363636364,
            "English,Spanish,Chinese,Vietnamese": 0.045454545454545456,
            "English,Spanish,Malay,Vietnamese": 0.14772727272727273,
            "English,Chinese,Malay,Vietnamese": 0.03977272727272727,
            "Filipino,Spanish,Chinese,Malay": 0.05113636363636364,
            "Filipino,Spanish,Chinese,Vietnamese": 0.05113636363636364,
            "Filipino,Spanish,Malay,Vietnamese": 0.14772727272727273,
            "Filipino,Chinese,Malay,Vietnamese": 0.06818181818181818,
            "Spanish,Chinese,Malay,Vietnamese": 0.056818181818181816
        },
        "5_combine": {
            "Indonesian,English,Filipino,Spanish,Chinese": 0.022727272727272728,
            "Indonesian,English,Filipino,Spanish,Malay": 0.13068181818181818,
            "Indonesian,English,Filipino,Spanish,Vietnamese": 0.09659090909090909,
            "Indonesian,English,Filipino,Chinese,Malay": 0.022727272727272728,
            "Indonesian,English,Filipino,Chinese,Vietnamese": 0.011363636363636364,
            "Indonesian,English,Filipino,Malay,Vietnamese": 0.08522727272727272,
            "Indonesian,English,Spanish,Chinese,Malay": 0.045454545454545456,
            "Indonesian,English,Spanish,Chinese,Vietnamese": 0.028409090909090908,
            "Indonesian,English,Spanish,Malay,Vietnamese": 0.125,
            "Indonesian,English,Chinese,Malay,Vietnamese": 0.028409090909090908,
            "Indonesian,Filipino,Spanish,Chinese,Malay": 0.045454545454545456,
            "Indonesian,Filipino,Spanish,Chinese,Vietnamese": 0.03409090909090909,
            "Indonesian,Filipino,Spanish,Malay,Vietnamese": 0.11363636363636363,
            "Indonesian,Filipino,Chinese,Malay,Vietnamese": 0.045454545454545456,
            "Indonesian,Spanish,Chinese,Malay,Vietnamese": 0.05113636363636364,
            "English,Filipino,Spanish,Chinese,Malay": 0.022727272727272728,
            "English,Filipino,Spanish,Chinese,Vietnamese": 0.017045454545454544,
            "English,Filipino,Spanish,Malay,Vietnamese": 0.10227272727272728,
            "English,Filipino,Chinese,Malay,Vietnamese": 0.022727272727272728,