{
    "overall_acc": 0.38095238095238093,
    "language_acc": {
        "Filipino": 0.3466666666666667,
        "Vietnamese": 0.35333333333333333,
        "Chinese": 0.36666666666666664,
        "Spanish": 0.42,
        "Malay": 0.34,
        "Indonesian": 0.4,
        "English": 0.44
    },
    "consistency_score_2": 0.5517460317460318,
    "consistency_score_3": 0.3777142857142858,
    "consistency_score_4": 0.28400000000000003,
    "consistency_score_5": 0.22412698412698417,
    "consistency_score_6": 0.18285714285714283,
    "consistency_score_7": 0.15333333333333332,
    "detailed_consistency_score": {
        "2_combine": {
            "Filipino,Vietnamese": 0.5,
            "Filipino,Chinese": 0.5133333333333333,
            "Filipino,Spanish": 0.48,
            "Filipino,Malay": 0.5533333333333333,
            "Filipino,Indonesian": 0.5466666666666666,
            "Filipino,English": 0.5266666666666666,
            "Vietnamese,Chinese": 0.5066666666666667,
            "Vietnamese,Spanish": 0.5466666666666666,
            "Vietnamese,Malay": 0.5533333333333333,
            "Vietnamese,Indonesian": 0.5533333333333333,
            "Vietnamese,English": 0.5066666666666667,
            "Chinese,Spanish": 0.54,
            "Chinese,Malay": 0.54,
            "Chinese,Indonesian": 0.5666666666666667,
            "Chinese,English": 0.56,
            "Spanish,Malay": 0.6,
            "Spanish,Indonesian": 0.5866666666666667,
            "Spanish,English": 0.6133333333333333,
            "Malay,Indonesian": 0.6,
            "Malay,English": 0.5933333333333334,
            "Indonesian,English": 0.6
        },
        "3_combine": {
            "Filipino,Vietnamese,Chinese": 0.31333333333333335,
            "Filipino,Vietnamese,Spanish": 0.34,
            "Filipino,Vietnamese,Malay": 0.35333333333333333,
            "Filipino,Vietnamese,Indonesian": 0.35333333333333333,
            "Filipino,Vietnamese,English": 0.32666666666666666,
            "Filipino,Chinese,Spanish": 0.3333333333333333,
            "Filipino,Chinese,Malay": 0.38,
            "Filipino,Chinese,Indonesian": 0.35333333333333333,
            "Filipino,Chinese,English": 0.37333333333333335,
            "Filipino,Spanish,Malay": 0.35333333333333333,
            "Filipino,Spanish,Indonesian": 0.35333333333333333,
            "Filipino,Spanish,English": 0.36666666666666664,
            "Filipino,Malay,Indonesian": 0.4,
            "Filipino,Malay,English": 0.38,
            "Filipino,Indonesian,English": 0.38666666666666666,
            "Vietnamese,Chinese,Spanish": 0.36666666666666664,
            "Vietnamese,Chinese,Malay": 0.3466666666666667,
            "Vietnamese,Chinese,Indonesian": 0.36666666666666664,
            "Vietnamese,Chinese,English": 0.34,
            "Vietnamese,Spanish,Malay": 0.3933333333333333,
            "Vietnamese,Spanish,Indonesian": 0.4,
            "Vietnamese,Spanish,English": 0.38666666666666666,
            "Vietnamese,Malay,Indonesian": 0.4,
            "Vietnamese,Malay,English": 0.36666666666666664,
            "Vietnamese,Indonesian,English": 0.37333333333333335,
            "Chinese,Spanish,Malay": 0.38,
            "Chinese,Spanish,Indonesian": 0.3933333333333333,
            "Chinese,Spanish,English": 0.4,
            "Chinese,Malay,Indonesian": 0.4,
            "Chinese,Malay,English": 0.4,
            "Chinese,Indonesian,English": 0.4066666666666667,
            "Spanish,Malay,Indonesian": 0.42,
            "Spanish,Malay,English": 0.44666666666666666,
            "Spanish,Indonesian,English": 0.43333333333333335,
            "Malay,Indonesian,English": 0.43333333333333335
        },
        "4_combine": {
            "Filipino,Vietnamese,Chinese,Spanish": 0.24666666666666667,
            "Filipino,Vietnamese,Chinese,Malay": 0.26,
            "Filipino,Vietnamese,Chinese,Indonesian": 0.25333333333333335,
            "Filipino,Vietnamese,Chinese,English": 0.23333333333333334,
            "Filipino,Vietnamese,Spanish,Malay": 0.2733333333333333,
            "Filipino,Vietnamese,Spanish,Indonesian": 0.26666666666666666,
            "Filipino,Vietnamese,Spanish,English": 0.2733333333333333,
            "Filipino,Vietnamese,Malay,Indonesian": 0.29333333333333333,
            "Filipino,Vietnamese,Malay,English": 0.26,
            "Filipino,Vietnamese,Indonesian,English": 0.26,
            "Filipino,Chinese,Spanish,Malay": 0.26666666666666666,
            "Filipino,Chinese,Spanish,Indonesian": 0.26,
            "Filipino,Chinese,Spanish,English": 0.2733333333333333,
            "Filipino,Chinese,Malay,Indonesian": 0.2866666666666667,
            "Filipino,Chinese,Malay,English": 0.29333333333333333,
            "Filipino,Chinese,Indonesian,English": 0.28,
            "Filipino,Spanish,Malay,Indonesian": 0.28,
            "Filipino,Spanish,Malay,English": 0.28,
            "Filipino,Spanish,Indonesian,English": 0.29333333333333333,
            "Filipino,Malay,Indonesian,English": 0.29333333333333333,
            "Vietnamese,Chinese,Spanish,Malay": 0.2866666666666667,
            "Vietnamese,Chinese,Spanish,Indonesian": 0.3,
            "Vietnamese,Chinese,Spanish,English": 0.28,
            "Vietnamese,Chinese,Malay,Indonesian": 0.2866666666666667,
            "Vietnamese,Chinese,Malay,English": 0.26666666666666666,
            "Vietnamese,Chinese,Indonesian,English": 0.2733333333333333,
            "Vietnamese,Spanish,Malay,Indonesian": 0.32,
            "Vietnamese,Spanish,Malay,English": 0.31333333333333335,
            "Vietnamese,Spanish,Indonesian,English": 0.31333333333333335,
            "Vietnamese,Malay,Indonesian,English": 0.30666666666666664,
            "Chinese,Spanish,Malay,Indonesian": 0.3,
            "Chinese,Spanish,Malay,English": 0.32,
            "Chinese,Spanish,Indonesian,English": 0.31333333333333335,
            "Chinese,Malay,Indonesian,English": 0.30666666666666664,
            "Spanish,Malay,Indonesian,English": 0.32666666666666666
        },
        "5_combine": {
            "Filipino,Vietnamese,Chinese,Spanish,Malay": 0.21333333333333335,
            "Filipino,Vietnamese,Chinese,Spanish,Indonesian": 0.20666666666666667,
            "Filipino,Vietnamese,Chinese,Spanish,English": 0.2,
            "Filipino,Vietnamese,Chinese,Malay,Indonesian": 0.22,
            "Filipino,Vietnamese,Chinese,Malay,English": 0.2,
            "Filipino,Vietnamese,Chinese,Indonesian,English": 0.19333333333333333,
            "Filipino,Vietnamese,Spanish,Malay,Indonesian": 0.23333333333333334,
            "Filipino,Vietnamese,Spanish,Malay,English": 0.22666666666666666,
            "Filipino,Vietnamese,Spanish,Indonesian,English": 0.22666666666666666,
            "Filipino,Vietnamese,Malay,Indonesian,English": 0.22,
            "Filipino,Chinese,Spanish,Malay,Indonesian": 0.21333333333333335,
            "Filipino,Chinese,Spanish,Malay,English": 0.22666666666666666,
            "Filipino,Chinese,Spanish,Indonesian,English": 0.22,
            "Filipino,Chinese,Malay,Indonesian,English": 0.22,
            "Filipino,Spanish,Malay,Indonesian,English": 0.22,
            "Vietnamese,Chinese,Spanish,Malay,Indonesian": 0.24666666666666667,
            "Vietnamese,Chinese,Spanish,Malay,English": 0.24,
            "Vietnamese,Chinese,Spanish,Indonesian,English": 0.24,
            "Vietnamese,Chinese,Malay,Indonesian,English": 0.22666666666666666,
            "Vietnamese,Spanish,Malay,Indonesian,English": 0.26666666666666666,
            "Chinese,Spanish,Malay,Indonesian,English": 0.24666666666666667
        },
        "6_combine": {
            "Filipino,Vietnamese,Chinese,Spanish,Malay,Indonesian": 0.18666666666666668,
            "Filipino,Vietnamese,Chinese,Spanish,Malay,English": 0.18,
            "Filipino,Vietnamese,Chinese,Spanish,Indonesian,English": 0.17333333333333334,
            "Filipino,Vietnamese,Chinese,Malay,Indonesian,English": 0.16666666666666666,
            "Filipino,Vietnamese,Spanish,Malay,Indonesian,English": 0.19333333333333333,