{
    "accuracy": 0.2544896187996529,
    "category_acc": {
        "History": 0.25502008032128515,
        "Geography": 0.22448979591836735,
        "Lampungic": 0.2857142857142857,
        "Social science": 0.28046744574290483,
        "Balinese": 0.29936305732484075,
        "Makassarese": 0.2849462365591398,
        "Banjarese": 0.2916666666666667,
        "Chemistry": 0.20583941605839415,
        "Biology": 0.22248520710059172,
        "Science": 0.24664602683178535,
        "Christian religion": 0.30845771144278605,
        "Art": 0.259567387687188,
        "Islam religion": 0.2233285917496444,
        "Hindu religion": 0.2733333333333333,
        "Madurese": 0.2847457627118644,
        "Sport": 0.32432432432432434,
        "Indonesian language": 0.2693026151930262,
        "Physics": 0.21616161616161617,
        "Minangkabau culture": 0.25125628140703515,
        "Dayak language": 0.25688073394495414,
        "Sociology": 0.20766129032258066,
        "Economy": 0.22745901639344263,
        "Sundanese": 0.28608470181503887,
        "Javanese": 0.2540322580645161,
        "Civic education": 0.2374821173104435
    }
}