{
    "accuracy": 0.5871290668573471,
    "category_acc": {
        "high_school_european_history": 0.725609756097561,
        "business_ethics": 0.6767676767676768,
        "clinical_knowledge": 0.6818181818181818,
        "medical_genetics": 0.6565656565656566,
        "high_school_us_history": 0.7684729064039408,
        "high_school_physics": 0.4,
        "high_school_world_history": 0.7838983050847458,
        "virology": 0.4666666666666667,
        "high_school_microeconomics": 0.6371308016877637,
        "econometrics": 0.415929203539823,
        "college_computer_science": 0.494949494949495,
        "high_school_biology": 0.7119741100323624,
        "abstract_algebra": 0.3434343434343434,
        "professional_accounting": 0.45907473309608543,
        "philosophy": 0.6709677419354839,
        "professional_medicine": 0.6014760147601476,
        "nutrition": 0.6688524590163935,
        "global_facts": 0.40404040404040403,
        "machine_learning": 0.43243243243243246,
        "security_studies": 0.7131147540983607,
        "public_relations": 0.5412844036697247,
        "professional_psychology": 0.5793780687397708,
        "prehistory": 0.6934984520123839,
        "anatomy": 0.5223880597014925,
        "human_sexuality": 0.7153846153846154,
        "college_medicine": 0.622093023255814,
        "high_school_government_and_politics": 0.8177083333333334,
        "college_chemistry": 0.40404040404040403,
        "logical_fallacies": 0.6481481481481481,
        "high_school_geography": 0.7817258883248731,
        "elementary_mathematics": 0.46949602122015915,
        "human_aging": 0.6306306306306306,
        "college_mathematics": 0.3939393939393939,
        "high_school_psychology": 0.7959558823529411,
        "formal_logic": 0.376,
        "high_school_statistics": 0.4558139534883721,
        "international_law": 0.7583333333333333,
        "high_school_mathematics": 0.3271375464684015,
        "high_school_computer_science": 0.6464646464646465,
        "conceptual_physics": 0.5213675213675214,
        "miscellaneous": 0.7851662404092071,
        "high_school_chemistry": 0.5693069306930693,
        "marketing": 0.8369098712446352,
        "professional_law": 0.42204827136333983,
        "management": 0.803921568627451,
        "college_physics": 0.43564356435643564,
        "jurisprudence": 0.7102803738317757,
        "world_religions": 0.7529411764705882,
        "sociology": 0.79,
        "us_foreign_policy": 0.8383838383838383,
        "high_school_macroeconomics": 0.5655526992287918,
        "computer_security": 0.7373737373737373,
        "moral_scenarios": 0.2841163310961969,
        "moral_disputes": 0.6434782608695652,
        "electrical_engineering": 0.5277777777777778,
        "astronomy": 0.6225165562913907,
        "college_biology": 0.6433566433566433
    }
}