{
    "overall_acc": 0.5142857142857142,
    "language_acc": {
        "Spanish": 0.5109243697478991,
        "English": 0.5462184873949579,
        "Chinese": 0.5100840336134453,
        "Vietnamese": 0.4899159663865546
    },
    "consistency_score_2": 0.707843137254902,
    "consistency_score_3": 0.5827731092436975,
    "consistency_score_4": 0.5067226890756302,
    "detailed_consistency_score": {
        "2_combine": {
            "Spanish,English": 0.7420168067226891,
            "Spanish,Chinese": 0.6882352941176471,
            "Spanish,Vietnamese": 0.7084033613445379,
            "English,Chinese": 0.7067226890756303,
            "English,Vietnamese": 0.7168067226890756,
            "Chinese,Vietnamese": 0.6848739495798319
        },
        "3_combine": {
            "Spanish,English,Chinese": 0.5907563025210084,
            "Spanish,English,Vietnamese": 0.6,
            "Spanish,Chinese,Vietnamese": 0.5596638655462185,
            "English,Chinese,Vietnamese": 0.5806722689075631
        },
        "4_combine": {
            "Spanish,English,Chinese,Vietnamese": 0.5067226890756302
        }
    },
    "AC3_2": 0.5957368782460054,
    "AC3_3": 0.5463916397160207,
    "AC3_4": 0.5104761904261932
}