{
    "accuracy": 0.23179117431070165,
    "category_acc": {
        "History": 0.1566265060240964,
        "Geography": 0.18571428571428572,
        "Lampungic": 0.2925170068027211,
        "Social science": 0.24707846410684475,
        "Balinese": 0.267515923566879,
        "Makassarese": 0.23118279569892472,
        "Banjarese": 0.2986111111111111,
        "Chemistry": 0.2029197080291971,
        "Biology": 0.18106508875739644,
        "Science": 0.23426212590299278,
        "Christian religion": 0.22885572139303484,
        "Art": 0.24459234608985025,
        "Islam religion": 0.24466571834992887,
        "Hindu religion": 0.24666666666666667,
        "Madurese": 0.21694915254237288,
        "Sport": 0.2635135135135135,
        "Indonesian language": 0.2425280199252802,
        "Physics": 0.2383838383838384,
        "Minangkabau culture": 0.23115577889447236,
        "Dayak language": 0.21100917431192662,
        "Sociology": 0.18548387096774194,
        "Economy": 0.18442622950819673,
        "Sundanese": 0.27398444252376836,
        "Javanese": 0.25201612903225806,
        "Civic education": 0.23032904148783978
    }
}