{
    "accuracy": 0.23880098804993657,
    "category_acc": {
        "History": 0.1746987951807229,
        "Geography": 0.22040816326530613,
        "Lampungic": 0.2789115646258503,
        "Social science": 0.24540901502504173,
        "Balinese": 0.23142250530785563,
        "Makassarese": 0.25268817204301075,
        "Banjarese": 0.2569444444444444,
        "Chemistry": 0.22481751824817517,
        "Biology": 0.22603550295857988,
        "Science": 0.2528379772961816,
        "Christian religion": 0.24378109452736318,
        "Art": 0.2579034941763727,
        "Islam religion": 0.2119487908961593,
        "Hindu religion": 0.24,
        "Madurese": 0.2983050847457627,
        "Sport": 0.2972972972972973,
        "Indonesian language": 0.25062266500622665,
        "Physics": 0.21818181818181817,
        "Minangkabau culture": 0.23618090452261306,
        "Dayak language": 0.26605504587155965,
        "Sociology": 0.18548387096774194,
        "Economy": 0.2192622950819672,
        "Sundanese": 0.27052722558340536,
        "Javanese": 0.24294354838709678,
        "Civic education": 0.2117310443490701
    }
}