{
    "accuracy": 0.5510585305105853,
    "category_acc": {
        "computer_network": 0.5,
        "operating_system": 0.5416666666666666,
        "computer_architecture": 0.5384615384615384,
        "college_programming": 0.47619047619047616,
        "college_physics": 0.4583333333333333,
        "college_chemistry": 0.3103448275862069,
        "advanced_mathematics": 0.3333333333333333,
        "probability_and_statistics": 0.391304347826087,
        "discrete_mathematics": 0.09523809523809523,
        "electrical_engineer": 0.42857142857142855,
        "metrology_engineer": 0.5862068965517241,
        "high_school_mathematics": 0.2608695652173913,
        "high_school_physics": 0.4583333333333333,
        "high_school_chemistry": 0.5416666666666666,
        "high_school_biology": 0.5,
        "middle_school_mathematics": 0.4166666666666667,
        "middle_school_biology": 0.8076923076923077,
        "middle_school_physics": 0.7916666666666666,
        "middle_school_chemistry": 0.88,
        "veterinary_medicine": 0.4642857142857143,
        "college_economics": 0.43333333333333335,
        "business_administration": 0.47368421052631576,
        "marxism": 0.75,
        "mao_zedong_thought": 0.7241379310344828,
        "education_science": 0.7647058823529411,
        "teacher_qualification": 0.7755102040816326,
        "high_school_politics": 0.875,
        "high_school_geography": 0.7083333333333334,
        "middle_school_politics": 0.8076923076923077,
        "middle_school_geography": 0.8823529411764706,
        "modern_chinese_history": 0.42857142857142855,
        "ideological_and_moral_cultivation": 0.875,
        "logic": 0.5185185185185185,
        "law": 0.3448275862068966,
        "chinese_language_and_literature": 0.5357142857142857,
        "art_studies": 0.5263157894736842,
        "professional_tour_guide": 0.6470588235294118,
        "legal_professional": 0.4642857142857143,
        "high_school_chinese": 0.5416666666666666,
        "high_school_history": 0.8,
        "middle_school_history": 0.7777777777777778,
        "civil_servant": 0.4230769230769231,
        "sports_science": 0.7083333333333334,
        "plant_protection": 0.5925925925925926,
        "basic_medicine": 0.5,
        "clinical_medicine": 0.5555555555555556,
        "urban_and_rural_planner": 0.5098039215686274,
        "accountant": 0.4444444444444444,
        "fire_engineer": 0.4444444444444444,
        "environmental_impact_assessment_engineer": 0.5555555555555556,
        "tax_accountant": 0.48148148148148145,
        "physician": 0.5370370370370371
    }
}