{
    "overall_acc": 0.3717532467532467,
    "language_acc": {
        "Indonesian": 0.32386363636363635,
        "English": 0.42045454545454547,
        "Filipino": 0.29545454545454547,
        "Spanish": 0.4147727272727273,
        "Chinese": 0.3409090909090909,
        "Malay": 0.4147727272727273,
        "Vietnamese": 0.39204545454545453
    },
    "consistency_score_2": 0.4656385281385281,
    "consistency_score_3": 0.2813311688311689,
    "consistency_score_4": 0.20129870129870134,
    "consistency_score_5": 0.15827922077922077,
    "consistency_score_6": 0.1314935064935065,
    "consistency_score_7": 0.11363636363636363,
    "detailed_consistency_score": {
        "2_combine": {
            "Indonesian,English": 0.42045454545454547,
            "Indonesian,Filipino": 0.4090909090909091,
            "Indonesian,Spanish": 0.48863636363636365,
            "Indonesian,Chinese": 0.3522727272727273,
            "Indonesian,Malay": 0.5625,
            "Indonesian,Vietnamese": 0.4943181818181818,
            "English,Filipino": 0.4090909090909091,
            "English,Spanish": 0.6136363636363636,
            "English,Chinese": 0.4034090909090909,
            "English,Malay": 0.48295454545454547,
            "English,Vietnamese": 0.5625,
            "Filipino,Spanish": 0.4375,
            "Filipino,Chinese": 0.36363636363636365,
            "Filipino,Malay": 0.4772727272727273,
            "Filipino,Vietnamese": 0.45454545454545453,
            "Spanish,Chinese": 0.4318181818181818,
            "Spanish,Malay": 0.5284090909090909,
            "Spanish,Vietnamese": 0.5454545454545454,
            "Chinese,Malay": 0.35795454545454547,
            "Chinese,Vietnamese": 0.4318181818181818,
            "Malay,Vietnamese": 0.5511363636363636
        },
        "3_combine": {
            "Indonesian,English,Filipino": 0.23863636363636365,
            "Indonesian,English,Spanish": 0.3352272727272727,
            "Indonesian,English,Chinese": 0.20454545454545456,
            "Indonesian,English,Malay": 0.30113636363636365,
            "Indonesian,English,Vietnamese": 0.3068181818181818,
            "Indonesian,Filipino,Spanish": 0.26704545454545453,
            "Indonesian,Filipino,Chinese": 0.1875,
            "Indonesian,Filipino,Malay": 0.2840909090909091,
            "Indonesian,Filipino,Vietnamese": 0.2556818181818182,
            "Indonesian,Spanish,Chinese": 0.23863636363636365,
            "Indonesian,Spanish,Malay": 0.35795454545454547,
            "Indonesian,Spanish,Vietnamese": 0.3409090909090909,
            "Indonesian,Chinese,Malay": 0.23863636363636365,
            "Indonesian,Chinese,Vietnamese": 0.22727272727272727,
            "Indonesian,Malay,Vietnamese": 0.3693181818181818,
            "English,Filipino,Spanish": 0.2897727272727273,
            "English,Filipino,Chinese": 0.19318181818181818,
            "English,Filipino,Malay": 0.2727272727272727,
            "English,Filipino,Vietnamese": 0.2897727272727273,
            "English,Spanish,Chinese": 0.29545454545454547,
            "English,Spanish,Malay": 0.375,
            "English,Spanish,Vietnamese": 0.4147727272727273,
            "English,Chinese,Malay": 0.22727272727272727,
            "English,Chinese,Vietnamese": 0.2784090909090909,
            "English,Malay,Vietnamese": 0.3522727272727273,
            "Filipino,Spanish,Chinese": 0.2215909090909091,
            "Filipino,Spanish,Malay": 0.30113636363636365,
            "Filipino,Spanish,Vietnamese": 0.2840909090909091,
            "Filipino,Chinese,Malay": 0.2159090909090909,
            "Filipino,Chinese,Vietnamese": 0.2215909090909091,
            "Filipino,Malay,Vietnamese": 0.3125,
            "Spanish,Chinese,Malay": 0.2556818181818182,
            "Spanish,Chinese,Vietnamese": 0.26704545454545453,
            "Spanish,Malay,Vietnamese": 0.375,
            "Chinese,Malay,Vietnamese": 0.25
        },
        "4_combine": {
            "Indonesian,English,Filipino,Spanish": 0.2159090909090909,
            "Indonesian,English,Filipino,Chinese": 0.14204545454545456,
            "Indonesian,English,Filipino,Malay": 0.20454545454545456,
            "Indonesian,English,Filipino,Vietnamese": 0.19318181818181818,
            "Indonesian,English,Spanish,Chinese": 0.1875,
            "Indonesian,English,Spanish,Malay": 0.2784090909090909,
            "Indonesian,English,Spanish,Vietnamese": 0.26136363636363635,
            "Indonesian,English,Chinese,Malay": 0.17045454545454544,
            "Indonesian,English,Chinese,Vietnamese": 0.16477272727272727,
            "Indonesian,English,Malay,Vietnamese": 0.24431818181818182,
            "Indonesian,Filipino,Spanish,Chinese": 0.16477272727272727,
            "Indonesian,Filipino,Spanish,Malay": 0.22727272727272727,
            "Indonesian,Filipino,Spanish,Vietnamese": 0.20454545454545456,
            "Indonesian,Filipino,Chinese,Malay": 0.1534090909090909,
            "Indonesian,Filipino,Chinese,Vietnamese": 0.14772727272727273,
            "Indonesian,Filipino,Malay,Vietnamese": 0.2159090909090909,
            "Indonesian,Spanish,Chinese,Malay": 0.19318181818181818,
            "Indonesian,Spanish,Chinese,Vietnamese": 0.17613636363636365,
            "Indonesian,Spanish,Malay,Vietnamese": 0.2840909090909091,
            "Indonesian,Chinese,Malay,Vietnamese": 0.17613636363636365,
            "English,Filipino,Spanish,Chinese": 0.17045454545454544,
            "English,Filipino,Spanish,Malay": 0.23863636363636365,
            "English,Filipino,Spanish,Vietnamese": 0.24431818181818182,
            "English,Filipino,Chinese,Malay": 0.1534090909090909,
            "English,Filipino,Chinese,Vietnamese": 0.17045454545454544,
            "English,Filipino,Malay,Vietnamese": 0.23295454545454544,
            "English,Spanish,Chinese,Malay": 0.19318181818181818,
            "English,Spanish,Chinese,Vietnamese": 0.22727272727272727,
            "English,Spanish,Malay,Vietnamese": 0.30113636363636365,
            "English,Chinese,Malay,Vietnamese": 0.18181818181818182,
            "Filipino,Spanish,Chinese,Malay": 0.17613636363636365,
            "Filipino,Spanish,Chinese,Vietnamese": 0.17045454545454544,
            "Filipino,Spanish,Malay,Vietnamese": 0.22727272727272727,
            "Filipino,Chinese,Malay,Vietnamese": 0.16477272727272727,
            "Spanish,Chinese,Malay,Vietnamese": 0.1875
        },
        "5_combine": {
            "Indonesian,English,Filipino,Spanish,Chinese": 0.14204545454545456,
            "Indonesian,English,Filipino,Spanish,Malay": 0.19886363636363635,
            "Indonesian,English,Filipino,Spanish,Vietnamese": 0.18181818181818182,
            "Indonesian,English,Filipino,Chinese,Malay": 0.13068181818181818,
            "Indonesian,English,Filipino,Chinese,Vietnamese": 0.125,
            "Indonesian,English,Filipino,Malay,Vietnamese": 0.17613636363636365,
            "Indonesian,English,Spanish,Chinese,Malay": 0.1590909090909091,
            "Indonesian,English,Spanish,Chinese,Vietnamese": 0.1534090909090909,
            "Indonesian,English,Spanish,Malay,Vietnamese": 0.22727272727272727,
            "Indonesian,English,Chinese,Malay,Vietnamese": 0.13636363636363635,
            "Indonesian,Filipino,Spanish,Chinese,Malay": 0.14772727272727273,
            "Indonesian,Filipino,Spanish,Chinese,Vietnamese": 0.13636363636363635,
            "Indonesian,Filipino,Spanish,Malay,Vietnamese": 0.1875,
            "Indonesian,Filipino,Chinese,Malay,Vietnamese": 0.13068181818181818,
            "Indonesian,Spanish,Chinese,Malay,Vietnamese": 0.1534090909090909,
            "English,Filipino,Spanish,Chinese,Malay": 0.14204545454545456,
            "English,Filipino,Spanish,Chinese,Vietnamese": 0.1534090909090909,
            "English,Filipino,Spanish,Malay,Vietnamese": 0.21022727272727273,
            "English,Filipino,Chinese,Malay,Vietnamese": 0.13636363636363635,
            "English,Spanish,Chinese,Malay,Vietnamese": 0.1590909090909091,