{
    "accuracy": 0.5046835895602431,
    "category_acc": {
        "high_school_european_history": 0.6707317073170732,
        "business_ethics": 0.48484848484848486,
        "clinical_knowledge": 0.5454545454545454,
        "medical_genetics": 0.5454545454545454,
        "high_school_us_history": 0.6847290640394089,
        "high_school_physics": 0.30666666666666664,
        "high_school_world_history": 0.75,
        "virology": 0.4121212121212121,
        "high_school_microeconomics": 0.540084388185654,
        "econometrics": 0.35398230088495575,
        "college_computer_science": 0.41414141414141414,
        "high_school_biology": 0.6148867313915858,
        "abstract_algebra": 0.21212121212121213,
        "professional_accounting": 0.398576512455516,
        "philosophy": 0.5290322580645161,
        "professional_medicine": 0.6014760147601476,
        "nutrition": 0.6,
        "global_facts": 0.35353535353535354,
        "machine_learning": 0.36036036036036034,
        "security_studies": 0.6762295081967213,
        "public_relations": 0.5045871559633027,
        "professional_psychology": 0.5450081833060556,
        "prehistory": 0.5386996904024768,
        "anatomy": 0.5074626865671642,
        "human_sexuality": 0.5769230769230769,
        "college_medicine": 0.47674418604651164,
        "high_school_government_and_politics": 0.6822916666666666,
        "college_chemistry": 0.3939393939393939,
        "logical_fallacies": 0.6111111111111112,
        "high_school_geography": 0.5685279187817259,
        "elementary_mathematics": 0.4986737400530504,
        "human_aging": 0.5540540540540541,
        "college_mathematics": 0.2828282828282828,
        "high_school_psychology": 0.6599264705882353,
        "formal_logic": 0.36,
        "high_school_statistics": 0.413953488372093,
        "international_law": 0.6,
        "high_school_mathematics": 0.21561338289962825,
        "high_school_computer_science": 0.5656565656565656,
        "conceptual_physics": 0.3888888888888889,
        "miscellaneous": 0.649616368286445,
        "high_school_chemistry": 0.38613861386138615,
        "marketing": 0.6909871244635193,
        "professional_law": 0.37573385518590996,
        "management": 0.6078431372549019,
        "college_physics": 0.3564356435643564,
        "jurisprudence": 0.6074766355140186,
        "world_religions": 0.6235294117647059,
        "sociology": 0.705,
        "us_foreign_policy": 0.7070707070707071,
        "high_school_macroeconomics": 0.5038560411311054,
        "computer_security": 0.5959595959595959,
        "moral_scenarios": 0.2695749440715884,
        "moral_disputes": 0.5391304347826087,
        "electrical_engineering": 0.4097222222222222,
        "astronomy": 0.5629139072847682,
        "college_biology": 0.5874125874125874
    }
}