{
    "accuracy": 0.5214873078298177,
    "category_acc": {
        "high_school_european_history": 0.6524390243902439,
        "business_ethics": 0.494949494949495,
        "clinical_knowledge": 0.5795454545454546,
        "medical_genetics": 0.6666666666666666,
        "high_school_us_history": 0.6896551724137931,
        "high_school_physics": 0.36,
        "high_school_world_history": 0.7711864406779662,
        "virology": 0.4727272727272727,
        "high_school_microeconomics": 0.5443037974683544,
        "econometrics": 0.415929203539823,
        "college_computer_science": 0.35353535353535354,
        "high_school_biology": 0.627831715210356,
        "abstract_algebra": 0.25252525252525254,
        "professional_accounting": 0.4128113879003559,
        "philosophy": 0.5548387096774193,
        "professional_medicine": 0.6346863468634686,
        "nutrition": 0.5770491803278689,
        "global_facts": 0.30303030303030304,
        "machine_learning": 0.35135135135135137,
        "security_studies": 0.6475409836065574,
        "public_relations": 0.5137614678899083,
        "professional_psychology": 0.5662847790507365,
        "prehistory": 0.5975232198142415,
        "anatomy": 0.5447761194029851,
        "human_sexuality": 0.6,
        "college_medicine": 0.47093023255813954,
        "high_school_government_and_politics": 0.7447916666666666,
        "college_chemistry": 0.37373737373737376,
        "logical_fallacies": 0.6234567901234568,
        "high_school_geography": 0.6142131979695431,
        "elementary_mathematics": 0.506631299734748,
        "human_aging": 0.5720720720720721,
        "college_mathematics": 0.20202020202020202,
        "high_school_psychology": 0.7077205882352942,
        "formal_logic": 0.376,
        "high_school_statistics": 0.39069767441860465,
        "international_law": 0.675,
        "high_school_mathematics": 0.24535315985130113,
        "high_school_computer_science": 0.6262626262626263,
        "conceptual_physics": 0.42735042735042733,
        "miscellaneous": 0.6572890025575447,
        "high_school_chemistry": 0.39603960396039606,
        "marketing": 0.7553648068669528,
        "professional_law": 0.3816046966731898,
        "management": 0.7058823529411765,
        "college_physics": 0.33663366336633666,
        "jurisprudence": 0.5981308411214953,
        "world_religions": 0.6647058823529411,
        "sociology": 0.7,
        "us_foreign_policy": 0.7474747474747475,
        "high_school_macroeconomics": 0.4987146529562982,
        "computer_security": 0.6060606060606061,
        "moral_scenarios": 0.2662192393736018,
        "moral_disputes": 0.553623188405797,
        "electrical_engineering": 0.4097222222222222,
        "astronomy": 0.6357615894039735,
        "college_biology": 0.6223776223776224
    }
}