{
    "accuracy": 0.2604312704452901,
    "category_acc": {
        "History": 0.23493975903614459,
        "Geography": 0.19387755102040816,
        "Lampungic": 0.3877551020408163,
        "Social science": 0.328881469115192,
        "Balinese": 0.23779193205944799,
        "Makassarese": 0.23655913978494625,
        "Banjarese": 0.2708333333333333,
        "Chemistry": 0.18394160583941604,
        "Biology": 0.2106508875739645,
        "Science": 0.26522187822497423,
        "Christian religion": 0.2736318407960199,
        "Art": 0.27287853577371046,
        "Islam religion": 0.3186344238975818,
        "Hindu religion": 0.2733333333333333,
        "Madurese": 0.23728813559322035,
        "Sport": 0.22297297297297297,
        "Indonesian language": 0.2795765877957659,
        "Physics": 0.20606060606060606,
        "Minangkabau culture": 0.2562814070351759,
        "Dayak language": 0.21100917431192662,
        "Sociology": 0.22782258064516128,
        "Economy": 0.2581967213114754,
        "Sundanese": 0.2713915298184961,
        "Javanese": 0.26411290322580644,
        "Civic education": 0.290414878397711
    }
}