{
    "accuracy": 0.2681086854930236,
    "category_acc": {
        "History": 0.23092369477911648,
        "Geography": 0.17755102040816326,
        "Lampungic": 0.35374149659863946,
        "Social science": 0.34223706176961605,
        "Balinese": 0.24416135881104034,
        "Makassarese": 0.23118279569892472,
        "Banjarese": 0.3194444444444444,
        "Chemistry": 0.1927007299270073,
        "Biology": 0.2319526627218935,
        "Science": 0.2714138286893705,
        "Christian religion": 0.31840796019900497,
        "Art": 0.2512479201331115,
        "Islam religion": 0.3186344238975818,
        "Hindu religion": 0.2733333333333333,
        "Madurese": 0.2305084745762712,
        "Sport": 0.27702702702702703,
        "Indonesian language": 0.29047322540473225,
        "Physics": 0.23232323232323232,
        "Minangkabau culture": 0.27638190954773867,
        "Dayak language": 0.24770642201834864,
        "Sociology": 0.22782258064516128,
        "Economy": 0.25,
        "Sundanese": 0.2964563526361279,
        "Javanese": 0.2530241935483871,
        "Civic education": 0.3061516452074392
    }
}