{
    "accuracy": 0.27458441818545964,
    "category_acc": {
        "History": 0.23092369477911648,
        "Geography": 0.20204081632653062,
        "Lampungic": 0.4013605442176871,
        "Social science": 0.38564273789649417,
        "Balinese": 0.24203821656050956,
        "Makassarese": 0.27956989247311825,
        "Banjarese": 0.2916666666666667,
        "Chemistry": 0.17372262773722627,
        "Biology": 0.22840236686390533,
        "Science": 0.27450980392156865,
        "Christian religion": 0.2885572139303483,
        "Art": 0.2961730449251248,
        "Islam religion": 0.3328591749644381,
        "Hindu religion": 0.26666666666666666,
        "Madurese": 0.24067796610169492,
        "Sport": 0.27702702702702703,
        "Indonesian language": 0.3116438356164384,
        "Physics": 0.20606060606060606,
        "Minangkabau culture": 0.25125628140703515,
        "Dayak language": 0.22018348623853212,
        "Sociology": 0.24596774193548387,
        "Economy": 0.23565573770491804,
        "Sundanese": 0.27052722558340536,
        "Javanese": 0.2590725806451613,
        "Civic education": 0.3104434907010014
    }
}