{
    "overall_acc": 0.9077731092436975,
    "language_acc": {
        "Spanish": 0.907563025210084,
        "English": 0.915126050420168,
        "Chinese": 0.9142857142857143,
        "Vietnamese": 0.8941176470588236
    },
    "consistency_score_2": 0.892577030812325,
    "consistency_score_3": 0.8441176470588235,
    "consistency_score_4": 0.8117647058823529,
    "detailed_consistency_score": {
        "2_combine": {
            "Spanish,English": 0.9084033613445378,
            "Spanish,Chinese": 0.8899159663865546,
            "Spanish,Vietnamese": 0.8873949579831932,
            "English,Chinese": 0.8974789915966387,
            "English,Vietnamese": 0.8915966386554622,
            "Chinese,Vietnamese": 0.880672268907563
        },
        "3_combine": {
            "Spanish,English,Chinese": 0.8529411764705882,
            "Spanish,English,Vietnamese": 0.8478991596638655,
            "Spanish,Chinese,Vietnamese": 0.8344537815126051,
            "English,Chinese,Vietnamese": 0.8411764705882353
        },
        "4_combine": {
            "Spanish,English,Chinese,Vietnamese": 0.8117647058823529
        }
    },
    "AC3_2": 0.9001109377865719,
    "AC3_3": 0.8747889081983395,
    "AC3_4": 0.8570886484822626
}