{
    "overall_acc": 0.917016806722689,
    "language_acc": {
        "Spanish": 0.9134453781512605,
        "English": 0.9327731092436975,
        "Chinese": 0.915126050420168,
        "Vietnamese": 0.9067226890756303
    },
    "consistency_score_2": 0.9012605042016807,
    "consistency_score_3": 0.8581932773109244,
    "consistency_score_4": 0.826890756302521,
    "detailed_consistency_score": {
        "2_combine": {
            "Spanish,English": 0.9134453781512605,
            "Spanish,Chinese": 0.8865546218487395,
            "Spanish,Vietnamese": 0.8966386554621849,
            "English,Chinese": 0.9100840336134454,
            "English,Vietnamese": 0.9092436974789916,
            "Chinese,Vietnamese": 0.8915966386554622
        },
        "3_combine": {
            "Spanish,English,Chinese": 0.8596638655462185,
            "Spanish,English,Vietnamese": 0.8647058823529412,
            "Spanish,Chinese,Vietnamese": 0.8453781512605042,
            "English,Chinese,Vietnamese": 0.8630252100840337
        },
        "4_combine": {
            "Spanish,English,Chinese,Vietnamese": 0.826890756302521
        }
    },
    "AC3_2": 0.909070387203692,
    "AC3_3": 0.8866304509470218,
    "AC3_4": 0.8696249008682165
}