{
    "rouge1": 0.40583240968226986,
    "rouge2": 0.1651988720764051,
    "rougeL": 0.31574400302320216,
    "avg_rouge": 0.295591761593959
}