{
    "rouge1": 0.37567377828286275,
    "rouge2": 0.15481675306715081,
    "rougeL": 0.29254013810022605,
    "avg_rouge": 0.2743435564834132
}