{
    "rouge1": 0.3946148127186365,
    "rouge2": 0.16594773840733393,
    "rougeL": 0.306377956409814,
    "avg_rouge": 0.2889801691785948
}