{
    "rouge1": 0.3950434992409805,
    "rouge2": 0.15810798548291335,
    "rougeL": 0.30600774739209147,
    "avg_rouge": 0.28638641070532844
}