{
    "rouge1": 0.3861759497870548,
    "rouge2": 0.15952987351438921,
    "rougeL": 0.3005286018877893,
    "avg_rouge": 0.28207814172974444
}