{
    "accuracy": 0.3173027111034364,
    "category_acc": {
        "agronomy": 0.3136094674556213,
        "anatomy": 0.30405405405405406,
        "ancient_chinese": 0.3170731707317073,
        "arts": 0.39375,
        "astronomy": 0.2727272727272727,
        "business_ethics": 0.3062200956937799,
        "chinese_civil_service_exam": 0.3125,
        "chinese_driving_rule": 0.4351145038167939,
        "chinese_food_culture": 0.2426470588235294,
        "chinese_foreign_policy": 0.38317757009345793,
        "chinese_history": 0.33436532507739936,
        "chinese_literature": 0.3137254901960784,
        "chinese_teacher_qualification": 0.36312849162011174,
        "clinical_knowledge": 0.2869198312236287,
        "college_actuarial_science": 0.2830188679245283,
        "college_education": 0.29906542056074764,
        "college_engineering_hydrology": 0.32075471698113206,
        "college_law": 0.2222222222222222,
        "college_mathematics": 0.3238095238095238,
        "college_medical_statistics": 0.2358490566037736,
        "college_medicine": 0.32967032967032966,
        "computer_science": 0.28921568627450983,
        "computer_security": 0.3684210526315789,
        "conceptual_physics": 0.32653061224489793,
        "construction_project_management": 0.2446043165467626,
        "economics": 0.3584905660377358,
        "education": 0.3987730061349693,
        "electrical_engineering": 0.29069767441860467,
        "elementary_chinese": 0.27380952380952384,
        "elementary_commonsense": 0.29292929292929293,
        "elementary_information_and_technology": 0.3907563025210084,
        "elementary_mathematics": 0.26521739130434785,
        "ethnology": 0.2814814814814815,
        "food_science": 0.3146853146853147,
        "genetics": 0.2556818181818182,
        "global_facts": 0.3422818791946309,
        "high_school_biology": 0.23668639053254437,
        "high_school_chemistry": 0.26515151515151514,
        "high_school_geography": 0.23728813559322035,
        "high_school_mathematics": 0.21341463414634146,
        "high_school_physics": 0.2636363636363636,
        "high_school_politics": 0.4125874125874126,
        "human_sexuality": 0.30952380952380953,
        "international_law": 0.2648648648648649,
        "journalism": 0.3488372093023256,
        "jurisprudence": 0.340632603406326,
        "legal_and_moral_basis": 0.514018691588785,
        "logical": 0.2926829268292683,
        "machine_learning": 0.2459016393442623,
        "management": 0.3238095238095238,
        "marketing": 0.4222222222222222,
        "marxist_theory": 0.37566137566137564,
        "modern_chinese": 0.27586206896551724,
        "nutrition": 0.31724137931034485,
        "philosophy": 0.3619047619047619,
        "professional_accounting": 0.33714285714285713,
        "professional_law": 0.2796208530805687,
        "professional_medicine": 0.2579787234042553,
        "professional_psychology": 0.33620689655172414,
        "public_relations": 0.3505747126436782,
        "security_study": 0.32592592592592595,
        "sociology": 0.33185840707964603,
        "sports_science": 0.2727272727272727,
        "traditional_chinese_medicine": 0.2648648648648649,
        "virology": 0.3905325443786982,
        "world_history": 0.3416149068322981,
        "world_religions": 0.33125
    }
}