{
    "accuracy": 0.25634605422206874,
    "category_acc": {
        "agronomy": 0.24260355029585798,
        "anatomy": 0.21621621621621623,
        "ancient_chinese": 0.2865853658536585,
        "arts": 0.29375,
        "astronomy": 0.3151515151515151,
        "business_ethics": 0.2727272727272727,
        "chinese_civil_service_exam": 0.28125,
        "chinese_driving_rule": 0.1984732824427481,
        "chinese_food_culture": 0.23529411764705882,
        "chinese_foreign_policy": 0.2523364485981308,
        "chinese_history": 0.26006191950464397,
        "chinese_literature": 0.2696078431372549,
        "chinese_teacher_qualification": 0.22905027932960895,
        "clinical_knowledge": 0.23628691983122363,
        "college_actuarial_science": 0.2169811320754717,
        "college_education": 0.308411214953271,
        "college_engineering_hydrology": 0.2641509433962264,
        "college_law": 0.23148148148148148,
        "college_mathematics": 0.21904761904761905,
        "college_medical_statistics": 0.2641509433962264,
        "college_medicine": 0.22344322344322345,
        "computer_science": 0.24509803921568626,
        "computer_security": 0.2807017543859649,
        "conceptual_physics": 0.2585034013605442,
        "construction_project_management": 0.2805755395683453,
        "economics": 0.23270440251572327,
        "education": 0.22699386503067484,
        "electrical_engineering": 0.26744186046511625,
        "elementary_chinese": 0.2857142857142857,
        "elementary_commonsense": 0.2828282828282828,
        "elementary_information_and_technology": 0.29831932773109243,
        "elementary_mathematics": 0.26521739130434785,
        "ethnology": 0.22962962962962963,
        "food_science": 0.2727272727272727,
        "genetics": 0.29545454545454547,
        "global_facts": 0.2483221476510067,
        "high_school_biology": 0.24260355029585798,
        "high_school_chemistry": 0.25757575757575757,
        "high_school_geography": 0.23728813559322035,
        "high_school_mathematics": 0.25609756097560976,
        "high_school_physics": 0.23636363636363636,
        "high_school_politics": 0.25874125874125875,
        "human_sexuality": 0.31746031746031744,
        "international_law": 0.22162162162162163,
        "journalism": 0.2616279069767442,
        "jurisprudence": 0.26277372262773724,
        "legal_and_moral_basis": 0.2757009345794392,
        "logical": 0.25203252032520324,
        "machine_learning": 0.23770491803278687,
        "management": 0.2619047619047619,
        "marketing": 0.2388888888888889,
        "marxist_theory": 0.25925925925925924,
        "modern_chinese": 0.23275862068965517,
        "nutrition": 0.23448275862068965,
        "philosophy": 0.2571428571428571,
        "professional_accounting": 0.26857142857142857,
        "professional_law": 0.23696682464454977,
        "professional_medicine": 0.2393617021276596,
        "professional_psychology": 0.2629310344827586,
        "public_relations": 0.26436781609195403,
        "security_study": 0.25925925925925924,
        "sociology": 0.22566371681415928,
        "sports_science": 0.24242424242424243,
        "traditional_chinese_medicine": 0.2702702702702703,
        "virology": 0.24260355029585798,
        "world_history": 0.2670807453416149,
        "world_religions": 0.2625
    }
}