{
    "accuracy": 0.26592989121049904,
    "category_acc": {
        "agronomy": 0.28994082840236685,
        "anatomy": 0.21621621621621623,
        "ancient_chinese": 0.2865853658536585,
        "arts": 0.28125,
        "astronomy": 0.28484848484848485,
        "business_ethics": 0.2966507177033493,
        "chinese_civil_service_exam": 0.26875,
        "chinese_driving_rule": 0.22900763358778625,
        "chinese_food_culture": 0.25735294117647056,
        "chinese_foreign_policy": 0.29906542056074764,
        "chinese_history": 0.29721362229102166,
        "chinese_literature": 0.28431372549019607,
        "chinese_teacher_qualification": 0.2122905027932961,
        "clinical_knowledge": 0.2616033755274262,
        "college_actuarial_science": 0.1792452830188679,
        "college_education": 0.2897196261682243,
        "college_engineering_hydrology": 0.2830188679245283,
        "college_law": 0.28703703703703703,
        "college_mathematics": 0.20952380952380953,
        "college_medical_statistics": 0.3018867924528302,
        "college_medicine": 0.20512820512820512,
        "computer_science": 0.23039215686274508,
        "computer_security": 0.24561403508771928,
        "conceptual_physics": 0.24489795918367346,
        "construction_project_management": 0.2733812949640288,
        "economics": 0.27672955974842767,
        "education": 0.26993865030674846,
        "electrical_engineering": 0.29651162790697677,
        "elementary_chinese": 0.32936507936507936,
        "elementary_commonsense": 0.30303030303030304,
        "elementary_information_and_technology": 0.2689075630252101,
        "elementary_mathematics": 0.25217391304347825,
        "ethnology": 0.22962962962962963,
        "food_science": 0.26573426573426573,
        "genetics": 0.30113636363636365,
        "global_facts": 0.30201342281879195,
        "high_school_biology": 0.25443786982248523,
        "high_school_chemistry": 0.25,
        "high_school_geography": 0.288135593220339,
        "high_school_mathematics": 0.24390243902439024,
        "high_school_physics": 0.22727272727272727,
        "high_school_politics": 0.24475524475524477,
        "human_sexuality": 0.31746031746031744,
        "international_law": 0.2918918918918919,
        "journalism": 0.28488372093023256,
        "jurisprudence": 0.26277372262773724,
        "legal_and_moral_basis": 0.2803738317757009,
        "logical": 0.2601626016260163,
        "machine_learning": 0.23770491803278687,
        "management": 0.2857142857142857,
        "marketing": 0.2833333333333333,
        "marxist_theory": 0.24338624338624337,
        "modern_chinese": 0.2672413793103448,
        "nutrition": 0.23448275862068965,
        "philosophy": 0.23809523809523808,
        "professional_accounting": 0.25142857142857145,
        "professional_law": 0.26540284360189575,
        "professional_medicine": 0.23138297872340424,
        "professional_psychology": 0.2543103448275862,
        "public_relations": 0.28160919540229884,
        "security_study": 0.32592592592592595,
        "sociology": 0.25663716814159293,
        "sports_science": 0.2727272727272727,
        "traditional_chinese_medicine": 0.2648648648648649,
        "virology": 0.2603550295857988,
        "world_history": 0.2795031055900621,
        "world_religions": 0.25
    }
}