{
    "Accuracy": 0.32857142857142857,
    "Consistency": {
        "consistency_2": 0.45833333333333326,
        "consistency_3": 0.2642857142857143,
        "consistency_4": 0.16571428571428568,
        "consistency_5": 0.10714285714285714,
        "consistency_6": 0.07142857142857142,
        "consistency_7": 0.05
    },
    "AC3": {
        "AC3_2": 0.38275340344703046,
        "AC3_3": 0.2929432008828153,
        "AC3_4": 0.2203137898102652,
        "AC3_5": 0.16159250548393286,
        "AC3_6": 0.11734693848214282,
        "AC3_7": 0.0867924526009256
    },
    "Lang_Acc": {
        "Accuracy_english": 0.425,
        "Accuracy_chinese": 0.275,
        "Accuracy_indonesian": 0.35,
        "Accuracy_vietnamese": 0.3,
        "Accuracy_spanish": 0.375,
        "Accuracy_malay": 0.275,
        "Accuracy_filipino": 0.3
    }
}