{
    "Accuracy": 0.3678571428571429,
    "Consistency": {
        "consistency_2": 0.47619047619047616,
        "consistency_3": 0.305,
        "consistency_4": 0.22571428571428573,
        "consistency_5": 0.175,
        "consistency_6": 0.1357142857142857,
        "consistency_7": 0.1
    },
    "AC3": {
        "AC3_2": 0.4150715288251822,
        "AC3_3": 0.3334925685064867,
        "AC3_4": 0.2797662020385579,
        "AC3_5": 0.2371710521946849,
        "AC3_6": 0.19827760852216406,
        "AC3_7": 0.1572519080608356
    },
    "Lang_Acc": {
        "Accuracy_english": 0.6,
        "Accuracy_chinese": 0.275,
        "Accuracy_indonesian": 0.375,
        "Accuracy_vietnamese": 0.325,
        "Accuracy_spanish": 0.45,
        "Accuracy_malay": 0.3,
        "Accuracy_filipino": 0.25
    }
}