{
    "Accuracy": 0.35,
    "Consistency": {
        "consistency_2": 0.4511904761904762,
        "consistency_3": 0.2542857142857143,
        "consistency_4": 0.16857142857142854,
        "consistency_5": 0.125,
        "consistency_6": 0.09642857142857142,
        "consistency_7": 0.075
    },
    "AC3": {
        "AC3_2": 0.3942050515139194,
        "AC3_3": 0.2945626472666812,
        "AC3_4": 0.22754820892759298,
        "AC3_5": 0.18421052592797782,
        "AC3_6": 0.15119999966131198,
        "AC3_7": 0.12352941147404843
    },
    "Lang_Acc": {
        "Accuracy_english": 0.4,
        "Accuracy_chinese": 0.325,
        "Accuracy_indonesian": 0.35,
        "Accuracy_vietnamese": 0.35,
        "Accuracy_spanish": 0.35,
        "Accuracy_malay": 0.325,
        "Accuracy_filipino": 0.35
    }
}