{
    "Accuracy": 0.3464285714285714,
    "Consistency": {
        "consistency_2": 0.44761904761904764,
        "consistency_3": 0.2621428571428572,
        "consistency_4": 0.1792857142857143,
        "consistency_5": 0.1369047619047619,
        "consistency_6": 0.11428571428571428,
        "consistency_7": 0.1
    },
    "AC3": {
        "AC3_2": 0.39057614000929797,
        "AC3_3": 0.2984490270079141,
        "AC3_4": 0.23628687843252888,
        "AC3_5": 0.1962526385805892,
        "AC3_6": 0.17187153894034526,
        "AC3_7": 0.155199999652352
    },
    "Lang_Acc": {
        "Accuracy_english": 0.475,
        "Accuracy_chinese": 0.35,
        "Accuracy_indonesian": 0.375,
        "Accuracy_vietnamese": 0.35,
        "Accuracy_spanish": 0.35,
        "Accuracy_malay": 0.3,
        "Accuracy_filipino": 0.225
    }
}