{
    "Accuracy": 0.34285714285714286,
    "Consistency": {
        "consistency_2": 0.4583333333333333,
        "consistency_3": 0.2807142857142857,
        "consistency_4": 0.20071428571428573,
        "consistency_5": 0.1559523809523809,
        "consistency_6": 0.125,
        "consistency_7": 0.1
    },
    "AC3": {
        "AC3_2": 0.3922734021849782,
        "AC3_3": 0.3086892484004002,
        "AC3_4": 0.2532006753367061,
        "AC3_5": 0.21438799820640927,
        "AC3_6": 0.18320610647864344,
        "AC3_7": 0.15483870932778357
    },
    "Lang_Acc": {
        "Accuracy_english": 0.5,
        "Accuracy_chinese": 0.3,
        "Accuracy_indonesian": 0.325,
        "Accuracy_vietnamese": 0.3,
        "Accuracy_spanish": 0.425,
        "Accuracy_malay": 0.325,
        "Accuracy_filipino": 0.225
    }
}