{
    "Accuracy": 0.3678571428571429,
    "Consistency": {
        "consistency_2": 0.48333333333333334,
        "consistency_3": 0.3078571428571429,
        "consistency_4": 0.2235714285714286,
        "consistency_5": 0.17380952380952377,
        "consistency_6": 0.14285714285714285,
        "consistency_7": 0.125
    },
    "AC3": {
        "AC3_2": 0.4177622372714402,
        "AC3_3": 0.33519329458095837,
        "AC3_4": 0.27811421623093185,
        "AC3_5": 0.23607535278237896,
        "AC3_6": 0.20579420539125212,
        "AC3_7": 0.1865942025199538
    },
    "Lang_Acc": {
        "Accuracy_english": 0.45,
        "Accuracy_chinese": 0.4,
        "Accuracy_indonesian": 0.4,
        "Accuracy_vietnamese": 0.375,
        "Accuracy_spanish": 0.275,
        "Accuracy_malay": 0.375,
        "Accuracy_filipino": 0.3
    }
}