{
    "Accuracy": 0.375,
    "Consistency": {
        "consistency_2": 0.5035714285714286,
        "consistency_3": 0.3178571428571429,
        "consistency_4": 0.2271428571428571,
        "consistency_5": 0.1714285714285714,
        "consistency_6": 0.13214285714285715,
        "consistency_7": 0.1
    },
    "AC3": {
        "AC3_2": 0.42987804829119575,
        "AC3_3": 0.3440721644518547,
        "AC3_4": 0.28291814899633994,
        "AC3_5": 0.2352941172164552,
        "AC3_6": 0.19542253482592745,
        "AC3_7": 0.15789473650969532
    },
    "Lang_Acc": {
        "Accuracy_english": 0.5,
        "Accuracy_chinese": 0.325,
        "Accuracy_indonesian": 0.45,
        "Accuracy_vietnamese": 0.475,
        "Accuracy_spanish": 0.4,
        "Accuracy_malay": 0.275,
        "Accuracy_filipino": 0.2
    }
}