{
    "Accuracy": 0.3678571428571429,
    "Consistency": {
        "consistency_2": 0.5464285714285714,
        "consistency_3": 0.38357142857142856,
        "consistency_4": 0.29071428571428576,
        "consistency_5": 0.22738095238095235,
        "consistency_6": 0.18214285714285716,
        "consistency_7": 0.15
    },
    "AC3": {
        "AC3_2": 0.43970424059050206,
        "AC3_3": 0.3755499723410661,
        "AC3_4": 0.3247675855000431,
        "AC3_5": 0.28104285667070517,
        "AC3_6": 0.24364563963121944,
        "AC3_7": 0.21310344786435195
    },
    "Lang_Acc": {
        "Accuracy_english": 0.35,
        "Accuracy_chinese": 0.375,
        "Accuracy_indonesian": 0.4,
        "Accuracy_vietnamese": 0.35,
        "Accuracy_spanish": 0.4,
        "Accuracy_malay": 0.375,
        "Accuracy_filipino": 0.325
    }
}