{
    "rouge1": 0.29283334661047034,
    "rouge2": 0.10085429726402287,
    "rougeL": 0.22043208702578845,
    "avg_rouge": 0.20470657696676053
}