{
    "rouge1": 0.29853906119723195,
    "rouge2": 0.11251992509508968,
    "rougeL": 0.22640365820734096,
    "avg_rouge": 0.2124875481665542
}