{
    "rouge1": 0.3320325140693016,
    "rouge2": 0.11422743401805287,
    "rougeL": 0.24152282854854068,
    "avg_rouge": 0.2292609255452984
}