{
    "rouge1": 0.3263331458889951,
    "rouge2": 0.12225368369522477,
    "rougeL": 0.24889204538235032,
    "avg_rouge": 0.23249295832219005
}