{
    "overall_acc": 0.31980519480519476,
    "language_acc": {
        "Indonesian": 0.30113636363636365,
        "English": 0.38636363636363635,
        "Filipino": 0.2556818181818182,
        "Spanish": 0.2727272727272727,
        "Chinese": 0.39204545454545453,
        "Malay": 0.38636363636363635,
        "Vietnamese": 0.24431818181818182
    },
    "consistency_score_2": 0.4429112554112554,
    "consistency_score_3": 0.24772727272727277,
    "consistency_score_4": 0.1517857142857143,
    "consistency_score_5": 0.0963203463203463,
    "consistency_score_6": 0.060064935064935064,
    "consistency_score_7": 0.03409090909090909,
    "detailed_consistency_score": {
        "2_combine": {
            "Indonesian,English": 0.5170454545454546,
            "Indonesian,Filipino": 0.4715909090909091,
            "Indonesian,Spanish": 0.375,
            "Indonesian,Chinese": 0.4431818181818182,
            "Indonesian,Malay": 0.5227272727272727,
            "Indonesian,Vietnamese": 0.45454545454545453,
            "English,Filipino": 0.44886363636363635,
            "English,Spanish": 0.4715909090909091,
            "English,Chinese": 0.5965909090909091,
            "English,Malay": 0.5227272727272727,
            "English,Vietnamese": 0.48295454545454547,
            "Filipino,Spanish": 0.2840909090909091,
            "Filipino,Chinese": 0.42613636363636365,
            "Filipino,Malay": 0.42613636363636365,
            "Filipino,Vietnamese": 0.4147727272727273,
            "Spanish,Chinese": 0.3693181818181818,
            "Spanish,Malay": 0.3693181818181818,
            "Spanish,Vietnamese": 0.3806818181818182,
            "Chinese,Malay": 0.44886363636363635,
            "Chinese,Vietnamese": 0.4318181818181818,
            "Malay,Vietnamese": 0.4431818181818182
        },
        "3_combine": {
            "Indonesian,English,Filipino": 0.2840909090909091,
            "Indonesian,English,Spanish": 0.26704545454545453,
            "Indonesian,English,Chinese": 0.32954545454545453,
            "Indonesian,English,Malay": 0.3522727272727273,
            "Indonesian,English,Vietnamese": 0.29545454545454547,
            "Indonesian,Filipino,Spanish": 0.17613636363636365,
            "Indonesian,Filipino,Chinese": 0.25,
            "Indonesian,Filipino,Malay": 0.2897727272727273,
            "Indonesian,Filipino,Vietnamese": 0.24431818181818182,
            "Indonesian,Spanish,Chinese": 0.20454545454545456,
            "Indonesian,Spanish,Malay": 0.21022727272727273,
            "Indonesian,Spanish,Vietnamese": 0.19886363636363635,
            "Indonesian,Chinese,Malay": 0.2784090909090909,
            "Indonesian,Chinese,Vietnamese": 0.22727272727272727,
            "Indonesian,Malay,Vietnamese": 0.2784090909090909,
            "English,Filipino,Spanish": 0.21022727272727273,
            "English,Filipino,Chinese": 0.29545454545454547,
            "English,Filipino,Malay": 0.26704545454545453,
            "English,Filipino,Vietnamese": 0.26136363636363635,
            "English,Spanish,Chinese": 0.2840909090909091,
            "English,Spanish,Malay": 0.26136363636363635,
            "English,Spanish,Vietnamese": 0.2784090909090909,
            "English,Chinese,Malay": 0.3409090909090909,
            "English,Chinese,Vietnamese": 0.3125,
            "English,Malay,Vietnamese": 0.29545454545454547,
            "Filipino,Spanish,Chinese": 0.14772727272727273,
            "Filipino,Spanish,Malay": 0.14204545454545456,
            "Filipino,Spanish,Vietnamese": 0.14204545454545456,
            "Filipino,Chinese,Malay": 0.22727272727272727,
            "Filipino,Chinese,Vietnamese": 0.23295454545454544,
            "Filipino,Malay,Vietnamese": 0.2215909090909091,
            "Spanish,Chinese,Malay": 0.21022727272727273,
            "Spanish,Chinese,Vietnamese": 0.20454545454545456,
            "Spanish,Malay,Vietnamese": 0.21022727272727273,
            "Chinese,Malay,Vietnamese": 0.23863636363636365
        },
        "4_combine": {
            "Indonesian,English,Filipino,Spanish": 0.13636363636363635,
            "Indonesian,English,Filipino,Chinese": 0.19318181818181818,
            "Indonesian,English,Filipino,Malay": 0.19318181818181818,
            "Indonesian,English,Filipino,Vietnamese": 0.18181818181818182,
            "Indonesian,English,Spanish,Chinese": 0.17045454545454544,
            "Indonesian,English,Spanish,Malay": 0.17613636363636365,
            "Indonesian,English,Spanish,Vietnamese": 0.16477272727272727,
            "Indonesian,English,Chinese,Malay": 0.23295454545454544,
            "Indonesian,English,Chinese,Vietnamese": 0.1875,
            "Indonesian,English,Malay,Vietnamese": 0.19886363636363635,
            "Indonesian,Filipino,Spanish,Chinese": 0.10227272727272728,
            "Indonesian,Filipino,Spanish,Malay": 0.10227272727272728,
            "Indonesian,Filipino,Spanish,Vietnamese": 0.09659090909090909,
            "Indonesian,Filipino,Chinese,Malay": 0.14772727272727273,
            "Indonesian,Filipino,Chinese,Vietnamese": 0.14204545454545456,
            "Indonesian,Filipino,Malay,Vietnamese": 0.1534090909090909,
            "Indonesian,Spanish,Chinese,Malay": 0.14204545454545456,
            "Indonesian,Spanish,Chinese,Vietnamese": 0.125,
            "Indonesian,Spanish,Malay,Vietnamese": 0.13068181818181818,
            "Indonesian,Chinese,Malay,Vietnamese": 0.14204545454545456,
            "English,Filipino,Spanish,Chinese": 0.13068181818181818,
            "English,Filipino,Spanish,Malay": 0.13068181818181818,
            "English,Filipino,Spanish,Vietnamese": 0.14204545454545456,
            "English,Filipino,Chinese,Malay": 0.18181818181818182,
            "English,Filipino,Chinese,Vietnamese": 0.17045454545454544,
            "English,Filipino,Malay,Vietnamese": 0.17045454545454544,
            "English,Spanish,Chinese,Malay": 0.18181818181818182,
            "English,Spanish,Chinese,Vietnamese": 0.17613636363636365,
            "English,Spanish,Malay,Vietnamese": 0.17613636363636365,
            "English,Chinese,Malay,Vietnamese": 0.19318181818181818,
            "Filipino,Spanish,Chinese,Malay": 0.09659090909090909,
            "Filipino,Spanish,Chinese,Vietnamese": 0.09090909090909091,
            "Filipino,Spanish,Malay,Vietnamese": 0.09090909090909091,
            "Filipino,Chinese,Malay,Vietnamese": 0.13068181818181818,
            "Spanish,Chinese,Malay,Vietnamese": 0.13068181818181818
        },
        "5_combine": {
            "Indonesian,English,Filipino,Spanish,Chinese": 0.09090909090909091,
            "Indonesian,English,Filipino,Spanish,Malay": 0.09090909090909091,
            "Indonesian,English,Filipino,Spanish,Vietnamese": 0.09659090909090909,
            "Indonesian,English,Filipino,Chinese,Malay": 0.125,
            "Indonesian,English,Filipino,Chinese,Vietnamese": 0.11931818181818182,
            "Indonesian,English,Filipino,Malay,Vietnamese": 0.125,
            "Indonesian,English,Spanish,Chinese,Malay": 0.11931818181818182,
            "Indonesian,English,Spanish,Chinese,Vietnamese": 0.10795454545454546,
            "Indonesian,English,Spanish,Malay,Vietnamese": 0.11363636363636363,
            "Indonesian,English,Chinese,Malay,Vietnamese": 0.125,
            "Indonesian,Filipino,Spanish,Chinese,Malay": 0.0625,
            "Indonesian,Filipino,Spanish,Chinese,Vietnamese": 0.0625,
            "Indonesian,Filipino,Spanish,Malay,Vietnamese": 0.0625,
            "Indonesian,Filipino,Chinese,Malay,Vietnamese": 0.07954545454545454,
            "Indonesian,Spanish,Chinese,Malay,Vietnamese": 0.08522727272727272,
            "English,Filipino,Spanish,Chinese,Malay": 0.09090909090909091,
            "English,Filipino,Spanish,Chinese,Vietnamese": 0.09090909090909091,
            "English,Filipino,Spanish,Malay,Vietnamese": 0.09090909090909091,
            "English,Filipino,Chinese,Malay,Vietnamese": 0.10795454545454546,
            "English,Spanish,Chinese,Malay,Vietnamese": 0.11931818181818182,