{
    "overall_acc": 0.31168831168831174,
    "language_acc": {
        "Indonesian": 0.29545454545454547,
        "English": 0.38636363636363635,
        "Filipino": 0.2556818181818182,
        "Spanish": 0.2897727272727273,
        "Chinese": 0.38636363636363635,
        "Malay": 0.2897727272727273,
        "Vietnamese": 0.2784090909090909
    },
    "consistency_score_2": 0.4548160173160174,
    "consistency_score_3": 0.2663961038961039,
    "consistency_score_4": 0.175,
    "consistency_score_5": 0.12337662337662339,
    "consistency_score_6": 0.09090909090909091,
    "consistency_score_7": 0.06818181818181818,
    "detailed_consistency_score": {
        "2_combine": {
            "Indonesian,English": 0.5056818181818182,
            "Indonesian,Filipino": 0.4659090909090909,
            "Indonesian,Spanish": 0.4034090909090909,
            "Indonesian,Chinese": 0.42613636363636365,
            "Indonesian,Malay": 0.5568181818181818,
            "Indonesian,Vietnamese": 0.44886363636363635,
            "English,Filipino": 0.4772727272727273,
            "English,Spanish": 0.5397727272727273,
            "English,Chinese": 0.6022727272727273,
            "English,Malay": 0.48863636363636365,
            "English,Vietnamese": 0.5,
            "Filipino,Spanish": 0.32386363636363635,
            "Filipino,Chinese": 0.42613636363636365,
            "Filipino,Malay": 0.4147727272727273,
            "Filipino,Vietnamese": 0.42045454545454547,
            "Spanish,Chinese": 0.4375,
            "Spanish,Malay": 0.38636363636363635,
            "Spanish,Vietnamese": 0.42613636363636365,
            "Chinese,Malay": 0.42045454545454547,
            "Chinese,Vietnamese": 0.4318181818181818,
            "Malay,Vietnamese": 0.44886363636363635
        },
        "3_combine": {
            "Indonesian,English,Filipino": 0.2897727272727273,
            "Indonesian,English,Spanish": 0.29545454545454547,
            "Indonesian,English,Chinese": 0.3181818181818182,
            "Indonesian,English,Malay": 0.3409090909090909,
            "Indonesian,English,Vietnamese": 0.30113636363636365,
            "Indonesian,Filipino,Spanish": 0.19886363636363635,
            "Indonesian,Filipino,Chinese": 0.23863636363636365,
            "Indonesian,Filipino,Malay": 0.2840909090909091,
            "Indonesian,Filipino,Vietnamese": 0.25,
            "Indonesian,Spanish,Chinese": 0.2556818181818182,
            "Indonesian,Spanish,Malay": 0.2727272727272727,
            "Indonesian,Spanish,Vietnamese": 0.24431818181818182,
            "Indonesian,Chinese,Malay": 0.26136363636363635,
            "Indonesian,Chinese,Vietnamese": 0.23295454545454544,
            "Indonesian,Malay,Vietnamese": 0.3125,
            "English,Filipino,Spanish": 0.23295454545454544,
            "English,Filipino,Chinese": 0.3125,
            "English,Filipino,Malay": 0.2727272727272727,
            "English,Filipino,Vietnamese": 0.2897727272727273,
            "English,Spanish,Chinese": 0.3352272727272727,
            "English,Spanish,Malay": 0.2897727272727273,
            "English,Spanish,Vietnamese": 0.3125,
            "English,Chinese,Malay": 0.32386363636363635,
            "English,Chinese,Vietnamese": 0.32954545454545453,
            "English,Malay,Vietnamese": 0.29545454545454547,
            "Filipino,Spanish,Chinese": 0.17613636363636365,
            "Filipino,Spanish,Malay": 0.18181818181818182,
            "Filipino,Spanish,Vietnamese": 0.19886363636363635,
            "Filipino,Chinese,Malay": 0.22727272727272727,
            "Filipino,Chinese,Vietnamese": 0.22727272727272727,
            "Filipino,Malay,Vietnamese": 0.23863636363636365,
            "Spanish,Chinese,Malay": 0.24431818181818182,
            "Spanish,Chinese,Vietnamese": 0.26136363636363635,
            "Spanish,Malay,Vietnamese": 0.23863636363636365,
            "Chinese,Malay,Vietnamese": 0.23863636363636365
        },
        "4_combine": {
            "Indonesian,English,Filipino,Spanish": 0.16477272727272727,
            "Indonesian,English,Filipino,Chinese": 0.18181818181818182,
            "Indonesian,English,Filipino,Malay": 0.1875,
            "Indonesian,English,Filipino,Vietnamese": 0.18181818181818182,
            "Indonesian,English,Spanish,Chinese": 0.20454545454545456,
            "Indonesian,English,Spanish,Malay": 0.2215909090909091,
            "Indonesian,English,Spanish,Vietnamese": 0.19886363636363635,
            "Indonesian,English,Chinese,Malay": 0.2215909090909091,
            "Indonesian,English,Chinese,Vietnamese": 0.19318181818181818,
            "Indonesian,English,Malay,Vietnamese": 0.2215909090909091,
            "Indonesian,Filipino,Spanish,Chinese": 0.13068181818181818,
            "Indonesian,Filipino,Spanish,Malay": 0.14204545454545456,
            "Indonesian,Filipino,Spanish,Vietnamese": 0.13068181818181818,
            "Indonesian,Filipino,Chinese,Malay": 0.14204545454545456,
            "Indonesian,Filipino,Chinese,Vietnamese": 0.13636363636363635,
            "Indonesian,Filipino,Malay,Vietnamese": 0.17045454545454544,
            "Indonesian,Spanish,Chinese,Malay": 0.18181818181818182,
            "Indonesian,Spanish,Chinese,Vietnamese": 0.17613636363636365,
            "Indonesian,Spanish,Malay,Vietnamese": 0.1875,
            "Indonesian,Chinese,Malay,Vietnamese": 0.1534090909090909,
            "English,Filipino,Spanish,Chinese": 0.14772727272727273,
            "English,Filipino,Spanish,Malay": 0.1590909090909091,
            "English,Filipino,Spanish,Vietnamese": 0.17613636363636365,
            "English,Filipino,Chinese,Malay": 0.19886363636363635,
            "English,Filipino,Chinese,Vietnamese": 0.1875,
            "English,Filipino,Malay,Vietnamese": 0.1875,
            "English,Spanish,Chinese,Malay": 0.21022727272727273,
            "English,Spanish,Chinese,Vietnamese": 0.2215909090909091,
            "English,Spanish,Malay,Vietnamese": 0.20454545454545456,
            "English,Chinese,Malay,Vietnamese": 0.19318181818181818,
            "Filipino,Spanish,Chinese,Malay": 0.125,
            "Filipino,Spanish,Chinese,Vietnamese": 0.13068181818181818,
            "Filipino,Spanish,Malay,Vietnamese": 0.13636363636363635,
            "Filipino,Chinese,Malay,Vietnamese": 0.14204545454545456,
            "Spanish,Chinese,Malay,Vietnamese": 0.17613636363636365
        },
        "5_combine": {
            "Indonesian,English,Filipino,Spanish,Chinese": 0.10795454545454546,
            "Indonesian,English,Filipino,Spanish,Malay": 0.125,
            "Indonesian,English,Filipino,Spanish,Vietnamese": 0.11931818181818182,
            "Indonesian,English,Filipino,Chinese,Malay": 0.125,
            "Indonesian,English,Filipino,Chinese,Vietnamese": 0.11363636363636363,
            "Indonesian,English,Filipino,Malay,Vietnamese": 0.13068181818181818,
            "Indonesian,English,Spanish,Chinese,Malay": 0.1590909090909091,
            "Indonesian,English,Spanish,Chinese,Vietnamese": 0.14772727272727273,
            "Indonesian,English,Spanish,Malay,Vietnamese": 0.1590909090909091,
            "Indonesian,English,Chinese,Malay,Vietnamese": 0.13636363636363635,
            "Indonesian,Filipino,Spanish,Chinese,Malay": 0.09659090909090909,
            "Indonesian,Filipino,Spanish,Chinese,Vietnamese": 0.09659090909090909,
            "Indonesian,Filipino,Spanish,Malay,Vietnamese": 0.10227272727272728,
            "Indonesian,Filipino,Chinese,Malay,Vietnamese": 0.09090909090909091,
            "Indonesian,Spanish,Chinese,Malay,Vietnamese": 0.13068181818181818,
            "English,Filipino,Spanish,Chinese,Malay": 0.11363636363636363,
            "English,Filipino,Spanish,Chinese,Vietnamese": 0.11931818181818182,
            "English,Filipino,Spanish,Malay,Vietnamese": 0.13068181818181818,
            "English,Filipino,Chinese,Malay,Vietnamese": 0.13068181818181818,
            "English,Spanish,Chinese,Malay,Vietnamese": 0.1534090909090909,