{
    "overall_acc": 0.3051948051948052,
    "language_acc": {
        "Indonesian": 0.2897727272727273,
        "English": 0.35795454545454547,
        "Filipino": 0.26704545454545453,
        "Spanish": 0.2897727272727273,
        "Chinese": 0.3806818181818182,
        "Malay": 0.3068181818181818,
        "Vietnamese": 0.24431818181818182
    },
    "consistency_score_2": 0.48457792207792205,
    "consistency_score_3": 0.3008116883116883,
    "consistency_score_4": 0.20957792207792206,
    "consistency_score_5": 0.15530303030303033,
    "consistency_score_6": 0.12012987012987013,
    "consistency_score_7": 0.09659090909090909,
    "detailed_consistency_score": {
        "2_combine": {
            "Indonesian,English": 0.5454545454545454,
            "Indonesian,Filipino": 0.4715909090909091,
            "Indonesian,Spanish": 0.4431818181818182,
            "Indonesian,Chinese": 0.45454545454545453,
            "Indonesian,Malay": 0.5965909090909091,
            "Indonesian,Vietnamese": 0.45454545454545453,
            "English,Filipino": 0.4602272727272727,
            "English,Spanish": 0.5965909090909091,
            "English,Chinese": 0.5909090909090909,
            "English,Malay": 0.5284090909090909,
            "English,Vietnamese": 0.5397727272727273,
            "Filipino,Spanish": 0.3806818181818182,
            "Filipino,Chinese": 0.4147727272727273,
            "Filipino,Malay": 0.4318181818181818,
            "Filipino,Vietnamese": 0.4431818181818182,
            "Spanish,Chinese": 0.5284090909090909,
            "Spanish,Malay": 0.4659090909090909,
            "Spanish,Vietnamese": 0.4431818181818182,
            "Chinese,Malay": 0.42045454545454547,
            "Chinese,Vietnamese": 0.48863636363636365,
            "Malay,Vietnamese": 0.4772727272727273
        },
        "3_combine": {
            "Indonesian,English,Filipino": 0.30113636363636365,
            "Indonesian,English,Spanish": 0.35795454545454547,
            "Indonesian,English,Chinese": 0.3465909090909091,
            "Indonesian,English,Malay": 0.39204545454545453,
            "Indonesian,English,Vietnamese": 0.3352272727272727,
            "Indonesian,Filipino,Spanish": 0.26136363636363635,
            "Indonesian,Filipino,Chinese": 0.23295454545454544,
            "Indonesian,Filipino,Malay": 0.3181818181818182,
            "Indonesian,Filipino,Vietnamese": 0.26136363636363635,
            "Indonesian,Spanish,Chinese": 0.2840909090909091,
            "Indonesian,Spanish,Malay": 0.32954545454545453,
            "Indonesian,Spanish,Vietnamese": 0.2840909090909091,
            "Indonesian,Chinese,Malay": 0.3068181818181818,
            "Indonesian,Chinese,Vietnamese": 0.2556818181818182,
            "Indonesian,Malay,Vietnamese": 0.32386363636363635,
            "English,Filipino,Spanish": 0.29545454545454547,
            "English,Filipino,Chinese": 0.29545454545454547,
            "English,Filipino,Malay": 0.2840909090909091,
            "English,Filipino,Vietnamese": 0.30113636363636365,
            "English,Spanish,Chinese": 0.39204545454545453,
            "English,Spanish,Malay": 0.3693181818181818,
            "English,Spanish,Vietnamese": 0.3465909090909091,
            "English,Chinese,Malay": 0.3409090909090909,
            "English,Chinese,Vietnamese": 0.3522727272727273,
            "English,Malay,Vietnamese": 0.3409090909090909,
            "Filipino,Spanish,Chinese": 0.23863636363636365,
            "Filipino,Spanish,Malay": 0.24431818181818182,
            "Filipino,Spanish,Vietnamese": 0.25,
            "Filipino,Chinese,Malay": 0.2215909090909091,
            "Filipino,Chinese,Vietnamese": 0.26704545454545453,
            "Filipino,Malay,Vietnamese": 0.2556818181818182,
            "Spanish,Chinese,Malay": 0.2840909090909091,
            "Spanish,Chinese,Vietnamese": 0.30113636363636365,
            "Spanish,Malay,Vietnamese": 0.30113636363636365,
            "Chinese,Malay,Vietnamese": 0.2556818181818182
        },
        "4_combine": {
            "Indonesian,English,Filipino,Spanish": 0.2215909090909091,
            "Indonesian,English,Filipino,Chinese": 0.1875,
            "Indonesian,English,Filipino,Malay": 0.22727272727272727,
            "Indonesian,English,Filipino,Vietnamese": 0.21022727272727273,
            "Indonesian,English,Spanish,Chinese": 0.24431818181818182,
            "Indonesian,English,Spanish,Malay": 0.2840909090909091,
            "Indonesian,English,Spanish,Vietnamese": 0.25,
            "Indonesian,English,Chinese,Malay": 0.26704545454545453,
            "Indonesian,English,Chinese,Vietnamese": 0.2159090909090909,
            "Indonesian,English,Malay,Vietnamese": 0.26136363636363635,
            "Indonesian,Filipino,Spanish,Chinese": 0.1534090909090909,
            "Indonesian,Filipino,Spanish,Malay": 0.19886363636363635,
            "Indonesian,Filipino,Spanish,Vietnamese": 0.17613636363636365,
            "Indonesian,Filipino,Chinese,Malay": 0.16477272727272727,
            "Indonesian,Filipino,Chinese,Vietnamese": 0.1534090909090909,
            "Indonesian,Filipino,Malay,Vietnamese": 0.19318181818181818,
            "Indonesian,Spanish,Chinese,Malay": 0.2215909090909091,
            "Indonesian,Spanish,Chinese,Vietnamese": 0.1875,
            "Indonesian,Spanish,Malay,Vietnamese": 0.23863636363636365,
            "Indonesian,Chinese,Malay,Vietnamese": 0.1875,
            "English,Filipino,Spanish,Chinese": 0.19318181818181818,
            "English,Filipino,Spanish,Malay": 0.2159090909090909,
            "English,Filipino,Spanish,Vietnamese": 0.2215909090909091,
            "English,Filipino,Chinese,Malay": 0.19318181818181818,
            "English,Filipino,Chinese,Vietnamese": 0.20454545454545456,
            "English,Filipino,Malay,Vietnamese": 0.20454545454545456,
            "English,Spanish,Chinese,Malay": 0.23863636363636365,
            "English,Spanish,Chinese,Vietnamese": 0.25,
            "English,Spanish,Malay,Vietnamese": 0.26136363636363635,
            "English,Chinese,Malay,Vietnamese": 0.2159090909090909,
            "Filipino,Spanish,Chinese,Malay": 0.1590909090909091,
            "Filipino,Spanish,Chinese,Vietnamese": 0.17045454545454544,
            "Filipino,Spanish,Malay,Vietnamese": 0.19318181818181818,
            "Filipino,Chinese,Malay,Vietnamese": 0.1590909090909091,
            "Spanish,Chinese,Malay,Vietnamese": 0.21022727272727273
        },
        "5_combine": {
            "Indonesian,English,Filipino,Spanish,Chinese": 0.13636363636363635,
            "Indonesian,English,Filipino,Spanish,Malay": 0.18181818181818182,
            "Indonesian,English,Filipino,Spanish,Vietnamese": 0.16477272727272727,
            "Indonesian,English,Filipino,Chinese,Malay": 0.14772727272727273,
            "Indonesian,English,Filipino,Chinese,Vietnamese": 0.13636363636363635,
            "Indonesian,English,Filipino,Malay,Vietnamese": 0.16477272727272727,
            "Indonesian,English,Spanish,Chinese,Malay": 0.19318181818181818,
            "Indonesian,English,Spanish,Chinese,Vietnamese": 0.17045454545454544,
            "Indonesian,English,Spanish,Malay,Vietnamese": 0.2159090909090909,
            "Indonesian,English,Chinese,Malay,Vietnamese": 0.17045454545454544,
            "Indonesian,Filipino,Spanish,Chinese,Malay": 0.125,
            "Indonesian,Filipino,Spanish,Chinese,Vietnamese": 0.11363636363636363,
            "Indonesian,Filipino,Spanish,Malay,Vietnamese": 0.1534090909090909,
            "Indonesian,Filipino,Chinese,Malay,Vietnamese": 0.11931818181818182,
            "Indonesian,Spanish,Chinese,Malay,Vietnamese": 0.1590909090909091,
            "English,Filipino,Spanish,Chinese,Malay": 0.13636363636363635,
            "English,Filipino,Spanish,Chinese,Vietnamese": 0.14772727272727273,
            "English,Filipino,Spanish,Malay,Vietnamese": 0.17613636363636365,
            "English,Filipino,Chinese,Malay,Vietnamese": 0.14204545454545456,