{
    "accuracy": 0.4431537485813472,
    "category_acc": {
        "History": 0.3634538152610442,
        "Geography": 0.35918367346938773,
        "Lampungic": 0.40816326530612246,
        "Social science": 0.7212020033388982,
        "Balinese": 0.3078556263269639,
        "Makassarese": 0.3978494623655914,
        "Banjarese": 0.3541666666666667,
        "Chemistry": 0.29635036496350364,
        "Biology": 0.40236686390532544,
        "Science": 0.6006191950464397,
        "Christian religion": 0.4925373134328358,
        "Art": 0.5224625623960066,
        "Islam religion": 0.5120910384068279,
        "Hindu religion": 0.43333333333333335,
        "Madurese": 0.3016949152542373,
        "Sport": 0.39864864864864863,
        "Indonesian language": 0.5255292652552926,
        "Physics": 0.4222222222222222,
        "Minangkabau culture": 0.32160804020100503,
        "Dayak language": 0.28440366972477066,
        "Sociology": 0.37701612903225806,
        "Economy": 0.35040983606557374,
        "Sundanese": 0.33967156439066554,
        "Javanese": 0.3074596774193548,
        "Civic education": 0.5150214592274678
    }
}