{
    "accuracy": 0.42626343547633355,
    "category_acc": {
        "History": 0.3413654618473896,
        "Geography": 0.35306122448979593,
        "Lampungic": 0.36054421768707484,
        "Social science": 0.672787979966611,
        "Balinese": 0.29936305732484075,
        "Makassarese": 0.3817204301075269,
        "Banjarese": 0.3541666666666667,
        "Chemistry": 0.25401459854014596,
        "Biology": 0.357396449704142,
        "Science": 0.5964912280701754,
        "Christian religion": 0.48258706467661694,
        "Art": 0.519134775374376,
        "Islam religion": 0.48933143669985774,
        "Hindu religion": 0.44,
        "Madurese": 0.29152542372881357,
        "Sport": 0.40540540540540543,
        "Indonesian language": 0.5168119551681195,
        "Physics": 0.41414141414141414,
        "Minangkabau culture": 0.35175879396984927,
        "Dayak language": 0.3119266055045872,
        "Sociology": 0.3326612903225806,
        "Economy": 0.3319672131147541,
        "Sundanese": 0.3197925669835782,
        "Javanese": 0.31350806451612906,
        "Civic education": 0.4678111587982833
    }
}