{
    "overall_acc": 0.7928571428571428,
    "language_acc": {
        "Spanish": 0.8109243697478992,
        "English": 0.8445378151260504,
        "Chinese": 0.7655462184873949,
        "Vietnamese": 0.7504201680672269
    },
    "consistency_score_2": 0.8026610644257702,
    "consistency_score_3": 0.7180672268907564,
    "consistency_score_4": 0.6672268907563025,
    "detailed_consistency_score": {
        "2_combine": {
            "Spanish,English": 0.8647058823529412,
            "Spanish,Chinese": 0.7941176470588235,
            "Spanish,Vietnamese": 0.7848739495798319,
            "English,Chinese": 0.7924369747899159,
            "English,Vietnamese": 0.795798319327731,
            "Chinese,Vietnamese": 0.7840336134453781
        },
        "3_combine": {
            "Spanish,English,Chinese": 0.7378151260504202,
            "Spanish,English,Vietnamese": 0.7327731092436974,
            "Spanish,Chinese,Vietnamese": 0.6991596638655462,
            "English,Chinese,Vietnamese": 0.7025210084033613
        },
        "4_combine": {
            "Spanish,English,Chinese,Vietnamese": 0.6672268907563025
        }
    },
    "AC3_2": 0.7977289826947851,
    "AC3_3": 0.7536111552019897,
    "AC3_4": 0.7246372044724668
}