{
    "overall_acc": 0.7894957983193277,
    "language_acc": {
        "Spanish": 0.8151260504201681,
        "English": 0.846218487394958,
        "Chinese": 0.7647058823529411,
        "Vietnamese": 0.7319327731092437
    },
    "consistency_score_2": 0.7942577030812324,
    "consistency_score_3": 0.706512605042017,
    "consistency_score_4": 0.6495798319327731,
    "detailed_consistency_score": {
        "2_combine": {
            "Spanish,English": 0.853781512605042,
            "Spanish,Chinese": 0.807563025210084,
            "Spanish,Vietnamese": 0.7756302521008404,
            "English,Chinese": 0.7949579831932773,
            "English,Vietnamese": 0.7714285714285715,
            "Chinese,Vietnamese": 0.7621848739495798
        },
        "3_combine": {
            "Spanish,English,Chinese": 0.7420168067226891,
            "Spanish,English,Vietnamese": 0.711764705882353,
            "Spanish,Chinese,Vietnamese": 0.692436974789916,
            "English,Chinese,Vietnamese": 0.6798319327731093
        },
        "4_combine": {
            "Spanish,English,Chinese,Vietnamese": 0.6495798319327731
        }
    },
    "AC3_2": 0.7918695917909816,
    "AC3_3": 0.7457026736611213,
    "AC3_4": 0.7127360607981694
}