{
    "rouge1": 0.23467138626961317,
    "rouge2": 0.06744069122334906,
    "rougeL": 0.1779908580361024,
    "avg_rouge": 0.16003431184302153
}