{
    "rouge1": 0.2552198528902313,
    "rouge2": 0.07694264335968432,
    "rougeL": 0.19993614328948328,
    "avg_rouge": 0.17736621317979964
}