{
    "overall_acc": 0.5038095238095238,
    "language_acc": {
        "Filipino": 0.4666666666666667,
        "Vietnamese": 0.3933333333333333,
        "Chinese": 0.52,
        "Spanish": 0.52,
        "Malay": 0.46,
        "Indonesian": 0.5333333333333333,
        "English": 0.6333333333333333
    },
    "consistency_score_2": 0.5796825396825397,
    "consistency_score_3": 0.4180952380952379,
    "consistency_score_4": 0.32800000000000007,
    "consistency_score_5": 0.2714285714285714,
    "consistency_score_6": 0.23333333333333334,
    "consistency_score_7": 0.20666666666666667,
    "detailed_consistency_score": {
        "2_combine": {
            "Filipino,Vietnamese": 0.47333333333333333,
            "Filipino,Chinese": 0.5333333333333333,
            "Filipino,Spanish": 0.5466666666666666,
            "Filipino,Malay": 0.5,
            "Filipino,Indonesian": 0.56,
            "Filipino,English": 0.54,
            "Vietnamese,Chinese": 0.52,
            "Vietnamese,Spanish": 0.49333333333333335,
            "Vietnamese,Malay": 0.5733333333333334,
            "Vietnamese,Indonesian": 0.5533333333333333,
            "Vietnamese,English": 0.46,
            "Chinese,Spanish": 0.6066666666666667,
            "Chinese,Malay": 0.6,
            "Chinese,Indonesian": 0.64,
            "Chinese,English": 0.64,
            "Spanish,Malay": 0.6333333333333333,
            "Spanish,Indonesian": 0.7,
            "Spanish,English": 0.6533333333333333,
            "Malay,Indonesian": 0.72,
            "Malay,English": 0.56,
            "Indonesian,English": 0.6666666666666666
        },
        "3_combine": {
            "Filipino,Vietnamese,Chinese": 0.34,
            "Filipino,Vietnamese,Spanish": 0.32,
            "Filipino,Vietnamese,Malay": 0.3466666666666667,
            "Filipino,Vietnamese,Indonesian": 0.36,
            "Filipino,Vietnamese,English": 0.32,
            "Filipino,Chinese,Spanish": 0.38,
            "Filipino,Chinese,Malay": 0.36,
            "Filipino,Chinese,Indonesian": 0.38666666666666666,
            "Filipino,Chinese,English": 0.4,
            "Filipino,Spanish,Malay": 0.4,
            "Filipino,Spanish,Indonesian": 0.44666666666666666,
            "Filipino,Spanish,English": 0.43333333333333335,
            "Filipino,Malay,Indonesian": 0.44,
            "Filipino,Malay,English": 0.36666666666666664,
            "Filipino,Indonesian,English": 0.42,
            "Vietnamese,Chinese,Spanish": 0.38,
            "Vietnamese,Chinese,Malay": 0.4,
            "Vietnamese,Chinese,Indonesian": 0.41333333333333333,
            "Vietnamese,Chinese,English": 0.38,
            "Vietnamese,Spanish,Malay": 0.4066666666666667,
            "Vietnamese,Spanish,Indonesian": 0.4266666666666667,
            "Vietnamese,Spanish,English": 0.36,
            "Vietnamese,Malay,Indonesian": 0.46,
            "Vietnamese,Malay,English": 0.36,
            "Vietnamese,Indonesian,English": 0.3933333333333333,
            "Chinese,Spanish,Malay": 0.4533333333333333,
            "Chinese,Spanish,Indonesian": 0.5066666666666667,
            "Chinese,Spanish,English": 0.47333333333333333,
            "Chinese,Malay,Indonesian": 0.5066666666666667,
            "Chinese,Malay,English": 0.44,
            "Chinese,Indonesian,English": 0.5133333333333333,
            "Spanish,Malay,Indonesian": 0.5466666666666666,
            "Spanish,Malay,English": 0.4533333333333333,
            "Spanish,Indonesian,English": 0.5333333333333333,
            "Malay,Indonesian,English": 0.5066666666666667
        },
        "4_combine": {
            "Filipino,Vietnamese,Chinese,Spanish": 0.26666666666666666,
            "Filipino,Vietnamese,Chinese,Malay": 0.2733333333333333,
            "Filipino,Vietnamese,Chinese,Indonesian": 0.28,
            "Filipino,Vietnamese,Chinese,English": 0.2733333333333333,
            "Filipino,Vietnamese,Spanish,Malay": 0.2866666666666667,
            "Filipino,Vietnamese,Spanish,Indonesian": 0.30666666666666664,
            "Filipino,Vietnamese,Spanish,English": 0.26,
            "Filipino,Vietnamese,Malay,Indonesian": 0.32,
            "Filipino,Vietnamese,Malay,English": 0.26,
            "Filipino,Vietnamese,Indonesian,English": 0.2733333333333333,
            "Filipino,Chinese,Spanish,Malay": 0.31333333333333335,
            "Filipino,Chinese,Spanish,Indonesian": 0.32666666666666666,
            "Filipino,Chinese,Spanish,English": 0.32,
            "Filipino,Chinese,Malay,Indonesian": 0.32,
            "Filipino,Chinese,Malay,English": 0.29333333333333333,
            "Filipino,Chinese,Indonesian,English": 0.32666666666666666,
            "Filipino,Spanish,Malay,Indonesian": 0.37333333333333335,
            "Filipino,Spanish,Malay,English": 0.32,
            "Filipino,Spanish,Indonesian,English": 0.36,
            "Filipino,Malay,Indonesian,English": 0.34,
            "Vietnamese,Chinese,Spanish,Malay": 0.32666666666666666,
            "Vietnamese,Chinese,Spanish,Indonesian": 0.36,
            "Vietnamese,Chinese,Spanish,English": 0.30666666666666664,
            "Vietnamese,Chinese,Malay,Indonesian": 0.36666666666666664,
            "Vietnamese,Chinese,Malay,English": 0.30666666666666664,
            "Vietnamese,Chinese,Indonesian,English": 0.34,
            "Vietnamese,Spanish,Malay,Indonesian": 0.37333333333333335,
            "Vietnamese,Spanish,Malay,English": 0.30666666666666664,
            "Vietnamese,Spanish,Indonesian,English": 0.3333333333333333,
            "Vietnamese,Malay,Indonesian,English": 0.3466666666666667,
            "Chinese,Spanish,Malay,Indonesian": 0.41333333333333333,
            "Chinese,Spanish,Malay,English": 0.36666666666666664,
            "Chinese,Spanish,Indonesian,English": 0.42,
            "Chinese,Malay,Indonesian,English": 0.4,
            "Spanish,Malay,Indonesian,English": 0.42
        },
        "5_combine": {
            "Filipino,Vietnamese,Chinese,Spanish,Malay": 0.24666666666666667,
            "Filipino,Vietnamese,Chinese,Spanish,Indonesian": 0.26,
            "Filipino,Vietnamese,Chinese,Spanish,English": 0.22666666666666666,
            "Filipino,Vietnamese,Chinese,Malay,Indonesian": 0.26,
            "Filipino,Vietnamese,Chinese,Malay,English": 0.22666666666666666,
            "Filipino,Vietnamese,Chinese,Indonesian,English": 0.24,
            "Filipino,Vietnamese,Spanish,Malay,Indonesian": 0.2866666666666667,
            "Filipino,Vietnamese,Spanish,Malay,English": 0.23333333333333334,
            "Filipino,Vietnamese,Spanish,Indonesian,English": 0.24666666666666667,
            "Filipino,Vietnamese,Malay,Indonesian,English": 0.25333333333333335,
            "Filipino,Chinese,Spanish,Malay,Indonesian": 0.2866666666666667,
            "Filipino,Chinese,Spanish,Malay,English": 0.26,
            "Filipino,Chinese,Spanish,Indonesian,English": 0.28,
            "Filipino,Chinese,Malay,Indonesian,English": 0.26666666666666666,
            "Filipino,Spanish,Malay,Indonesian,English": 0.3,
            "Vietnamese,Chinese,Spanish,Malay,Indonesian": 0.32,
            "Vietnamese,Chinese,Spanish,Malay,English": 0.26666666666666666,
            "Vietnamese,Chinese,Spanish,Indonesian,English": 0.3,
            "Vietnamese,Chinese,Malay,Indonesian,English": 0.3,
            "Vietnamese,Spanish,Malay,Indonesian,English": 0.3,
            "Chinese,Spanish,Malay,Indonesian,English": 0.34
        },
        "6_combine": {
            "Filipino,Vietnamese,Chinese,Spanish,Malay,Indonesian": 0.24666666666666667,
            "Filipino,Vietnamese,Chinese,Spanish,Malay,English": 0.20666666666666667,
            "Filipino,Vietnamese,Chinese,Spanish,Indonesian,English": 0.22,
            "Filipino,Vietnamese,Chinese,Malay,Indonesian,English": 0.22,
            "Filipino,Vietnamese,Spanish,Malay,Indonesian,English": 0.23333333333333334,
            "Filipino,Chinese,Spanish,Malay,Indonesian,English": 0.24,
            "Vietnamese,Chinese,Spanish,Malay,Indonesian,English": 0.26666666666666666
        },