{
    "rouge1": 0.23057479562213193,
    "rouge2": 0.0626605453865275,
    "rougeL": 0.16987328159127832,
    "avg_rouge": 0.15436954086664592
}