{
    "rouge1": 0.30658379785153117,
    "rouge2": 0.09320374513029613,
    "rougeL": 0.22341544203058414,
    "avg_rouge": 0.2077343283374705
}