{
    "rouge1": 0.2756527589777085,
    "rouge2": 0.08054095290677721,
    "rougeL": 0.20134716056134175,
    "avg_rouge": 0.1858469574819425
}