{
    "rouge1": 0.28776691352486655,
    "rouge2": 0.08167280160298225,
    "rougeL": 0.20838776666273462,
    "avg_rouge": 0.19260916059686115
}