{
    "rouge1": 0.3053455922803706,
    "rouge2": 0.0909102250678557,
    "rougeL": 0.22428544015406174,
    "avg_rouge": 0.20684708583409603
}