{
    "rouge1": 0.2850073990198992,
    "rouge2": 0.08352220743518561,
    "rougeL": 0.21206530932751466,
    "avg_rouge": 0.19353163859419983
}