{
    "rouge1": 0.5431764893139259,
    "rouge2": 0.29470708142921725,
    "rougeL": 0.4528347926542214,
    "avg_rouge": 0.43023945446578815
}