{
    "overall_acc": 0.4642857142857143,
    "language_acc": {
        "Indonesian": 0.4659090909090909,
        "English": 0.5397727272727273,
        "Filipino": 0.36363636363636365,
        "Spanish": 0.4431818181818182,
        "Chinese": 0.5852272727272727,
        "Malay": 0.4147727272727273,
        "Vietnamese": 0.4375
    },
    "consistency_score_2": 0.507034632034632,
    "consistency_score_3": 0.33003246753246757,
    "consistency_score_4": 0.24237012987012982,
    "consistency_score_5": 0.1915584415584416,
    "consistency_score_6": 0.1590909090909091,
    "consistency_score_7": 0.13636363636363635,
    "detailed_consistency_score": {
        "2_combine": {
            "Indonesian,English": 0.5625,
            "Indonesian,Filipino": 0.42045454545454547,
            "Indonesian,Spanish": 0.5284090909090909,
            "Indonesian,Chinese": 0.5454545454545454,
            "Indonesian,Malay": 0.5625,
            "Indonesian,Vietnamese": 0.5113636363636364,
            "English,Filipino": 0.45454545454545453,
            "English,Spanish": 0.5795454545454546,
            "English,Chinese": 0.6193181818181818,
            "English,Malay": 0.4772727272727273,
            "English,Vietnamese": 0.5454545454545454,
            "Filipino,Spanish": 0.4034090909090909,
            "Filipino,Chinese": 0.45454545454545453,
            "Filipino,Malay": 0.48295454545454547,
            "Filipino,Vietnamese": 0.4375,
            "Spanish,Chinese": 0.5056818181818182,
            "Spanish,Malay": 0.4943181818181818,
            "Spanish,Vietnamese": 0.48863636363636365,
            "Chinese,Malay": 0.5113636363636364,
            "Chinese,Vietnamese": 0.5454545454545454,
            "Malay,Vietnamese": 0.5170454545454546
        },
        "3_combine": {
            "Indonesian,English,Filipino": 0.29545454545454547,
            "Indonesian,English,Spanish": 0.3977272727272727,
            "Indonesian,English,Chinese": 0.42045454545454547,
            "Indonesian,English,Malay": 0.36363636363636365,
            "Indonesian,English,Vietnamese": 0.375,
            "Indonesian,Filipino,Spanish": 0.2727272727272727,
            "Indonesian,Filipino,Chinese": 0.30113636363636365,
            "Indonesian,Filipino,Malay": 0.32386363636363635,
            "Indonesian,Filipino,Vietnamese": 0.26136363636363635,
            "Indonesian,Spanish,Chinese": 0.35795454545454547,
            "Indonesian,Spanish,Malay": 0.3522727272727273,
            "Indonesian,Spanish,Vietnamese": 0.3125,
            "Indonesian,Chinese,Malay": 0.375,
            "Indonesian,Chinese,Vietnamese": 0.375,
            "Indonesian,Malay,Vietnamese": 0.3522727272727273,
            "English,Filipino,Spanish": 0.30113636363636365,
            "English,Filipino,Chinese": 0.32954545454545453,
            "English,Filipino,Malay": 0.29545454545454547,
            "English,Filipino,Vietnamese": 0.2897727272727273,
            "English,Spanish,Chinese": 0.4034090909090909,
            "English,Spanish,Malay": 0.32954545454545453,
            "English,Spanish,Vietnamese": 0.3465909090909091,
            "English,Chinese,Malay": 0.3522727272727273,
            "English,Chinese,Vietnamese": 0.4147727272727273,
            "English,Malay,Vietnamese": 0.3352272727272727,
            "Filipino,Spanish,Chinese": 0.2727272727272727,
            "Filipino,Spanish,Malay": 0.2727272727272727,
            "Filipino,Spanish,Vietnamese": 0.24431818181818182,
            "Filipino,Chinese,Malay": 0.3068181818181818,
            "Filipino,Chinese,Vietnamese": 0.2897727272727273,
            "Filipino,Malay,Vietnamese": 0.30113636363636365,
            "Spanish,Chinese,Malay": 0.3352272727272727,
            "Spanish,Chinese,Vietnamese": 0.32386363636363635,
            "Spanish,Malay,Vietnamese": 0.3125,
            "Chinese,Malay,Vietnamese": 0.35795454545454547
        },
        "4_combine": {
            "Indonesian,English,Filipino,Spanish": 0.22727272727272727,
            "Indonesian,English,Filipino,Chinese": 0.25,
            "Indonesian,English,Filipino,Malay": 0.22727272727272727,
            "Indonesian,English,Filipino,Vietnamese": 0.21022727272727273,
            "Indonesian,English,Spanish,Chinese": 0.3181818181818182,
            "Indonesian,English,Spanish,Malay": 0.2840909090909091,
            "Indonesian,English,Spanish,Vietnamese": 0.26704545454545453,
            "Indonesian,English,Chinese,Malay": 0.29545454545454547,
            "Indonesian,English,Chinese,Vietnamese": 0.3181818181818182,
            "Indonesian,English,Malay,Vietnamese": 0.2840909090909091,
            "Indonesian,Filipino,Spanish,Chinese": 0.21022727272727273,
            "Indonesian,Filipino,Spanish,Malay": 0.21022727272727273,
            "Indonesian,Filipino,Spanish,Vietnamese": 0.17613636363636365,
            "Indonesian,Filipino,Chinese,Malay": 0.24431818181818182,
            "Indonesian,Filipino,Chinese,Vietnamese": 0.2215909090909091,
            "Indonesian,Filipino,Malay,Vietnamese": 0.2215909090909091,
            "Indonesian,Spanish,Chinese,Malay": 0.26704545454545453,
            "Indonesian,Spanish,Chinese,Vietnamese": 0.26136363636363635,
            "Indonesian,Spanish,Malay,Vietnamese": 0.23863636363636365,
            "Indonesian,Chinese,Malay,Vietnamese": 0.2784090909090909,
            "English,Filipino,Spanish,Chinese": 0.24431818181818182,
            "English,Filipino,Spanish,Malay": 0.21022727272727273,
            "English,Filipino,Spanish,Vietnamese": 0.21022727272727273,
            "English,Filipino,Chinese,Malay": 0.23295454545454544,
            "English,Filipino,Chinese,Vietnamese": 0.24431818181818182,
            "English,Filipino,Malay,Vietnamese": 0.21022727272727273,
            "English,Spanish,Chinese,Malay": 0.2727272727272727,
            "English,Spanish,Chinese,Vietnamese": 0.2727272727272727,
            "English,Spanish,Malay,Vietnamese": 0.25,
            "English,Chinese,Malay,Vietnamese": 0.2727272727272727,
            "Filipino,Spanish,Chinese,Malay": 0.20454545454545456,
            "Filipino,Spanish,Chinese,Vietnamese": 0.1875,
            "Filipino,Spanish,Malay,Vietnamese": 0.1875,
            "Filipino,Chinese,Malay,Vietnamese": 0.2215909090909091,
            "Spanish,Chinese,Malay,Vietnamese": 0.25
        },
        "5_combine": {
            "Indonesian,English,Filipino,Spanish,Chinese": 0.20454545454545456,
            "Indonesian,English,Filipino,Spanish,Malay": 0.18181818181818182,
            "Indonesian,English,Filipino,Spanish,Vietnamese": 0.16477272727272727,
            "Indonesian,English,Filipino,Chinese,Malay": 0.19886363636363635,
            "Indonesian,English,Filipino,Chinese,Vietnamese": 0.19318181818181818,
            "Indonesian,English,Filipino,Malay,Vietnamese": 0.17613636363636365,
            "Indonesian,English,Spanish,Chinese,Malay": 0.24431818181818182,
            "Indonesian,English,Spanish,Chinese,Vietnamese": 0.23863636363636365,
            "Indonesian,English,Spanish,Malay,Vietnamese": 0.22727272727272727,
            "Indonesian,English,Chinese,Malay,Vietnamese": 0.24431818181818182,
            "Indonesian,Filipino,Spanish,Chinese,Malay": 0.17613636363636365,
            "Indonesian,Filipino,Spanish,Chinese,Vietnamese": 0.1590909090909091,
            "Indonesian,Filipino,Spanish,Malay,Vietnamese": 0.14772727272727273,
            "Indonesian,Filipino,Chinese,Malay,Vietnamese": 0.1875,
            "Indonesian,Spanish,Chinese,Malay,Vietnamese": 0.21022727272727273,
            "English,Filipino,Spanish,Chinese,Malay": 0.1875,
            "English,Filipino,Spanish,Chinese,Vietnamese": 0.18181818181818182,
            "English,Filipino,Spanish,Malay,Vietnamese": 0.1590909090909091,
            "English,Filipino,Chinese,Malay,Vietnamese": 0.17613636363636365,
            "English,Spanish,Chinese,Malay,Vietnamese": 0.2159090909090909,
            "Filipino,Spanish,Chinese,Malay,Vietnamese": 0.14772727272727273
        },