{
    "overall_acc": 0.40909090909090917,
    "language_acc": {
        "Indonesian": 0.3693181818181818,
        "English": 0.5,
        "Filipino": 0.2784090909090909,
        "Spanish": 0.44886363636363635,
        "Chinese": 0.5511363636363636,
        "Malay": 0.3352272727272727,
        "Vietnamese": 0.3806818181818182
    },
    "consistency_score_2": 0.4334415584415584,
    "consistency_score_3": 0.2407467532467533,
    "consistency_score_4": 0.1530844155844156,
    "consistency_score_5": 0.10660173160173161,
    "consistency_score_6": 0.07954545454545454,
    "consistency_score_7": 0.0625,
    "detailed_consistency_score": {
        "2_combine": {
            "Indonesian,English": 0.5056818181818182,
            "Indonesian,Filipino": 0.3977272727272727,
            "Indonesian,Spanish": 0.4659090909090909,
            "Indonesian,Chinese": 0.4602272727272727,
            "Indonesian,Malay": 0.4090909090909091,
            "Indonesian,Vietnamese": 0.44886363636363635,
            "English,Filipino": 0.32386363636363635,
            "English,Spanish": 0.48863636363636365,
            "English,Chinese": 0.4943181818181818,
            "English,Malay": 0.36363636363636365,
            "English,Vietnamese": 0.4602272727272727,
            "Filipino,Spanish": 0.3522727272727273,
            "Filipino,Chinese": 0.3977272727272727,
            "Filipino,Malay": 0.4772727272727273,
            "Filipino,Vietnamese": 0.39204545454545453,
            "Spanish,Chinese": 0.4943181818181818,
            "Spanish,Malay": 0.42613636363636365,
            "Spanish,Vietnamese": 0.4602272727272727,
            "Chinese,Malay": 0.3977272727272727,
            "Chinese,Vietnamese": 0.45454545454545453,
            "Malay,Vietnamese": 0.4318181818181818
        },
        "3_combine": {
            "Indonesian,English,Filipino": 0.2159090909090909,
            "Indonesian,English,Spanish": 0.3068181818181818,
            "Indonesian,English,Chinese": 0.3068181818181818,
            "Indonesian,English,Malay": 0.23295454545454544,
            "Indonesian,English,Vietnamese": 0.2897727272727273,
            "Indonesian,Filipino,Spanish": 0.19886363636363635,
            "Indonesian,Filipino,Chinese": 0.23863636363636365,
            "Indonesian,Filipino,Malay": 0.24431818181818182,
            "Indonesian,Filipino,Vietnamese": 0.22727272727272727,
            "Indonesian,Spanish,Chinese": 0.29545454545454547,
            "Indonesian,Spanish,Malay": 0.23295454545454544,
            "Indonesian,Spanish,Vietnamese": 0.2784090909090909,
            "Indonesian,Chinese,Malay": 0.23295454545454544,
            "Indonesian,Chinese,Vietnamese": 0.25,
            "Indonesian,Malay,Vietnamese": 0.2215909090909091,
            "English,Filipino,Spanish": 0.17613636363636365,
            "English,Filipino,Chinese": 0.19886363636363635,
            "English,Filipino,Malay": 0.1875,
            "English,Filipino,Vietnamese": 0.19886363636363635,
            "English,Spanish,Chinese": 0.3465909090909091,
            "English,Spanish,Malay": 0.2159090909090909,
            "English,Spanish,Vietnamese": 0.2897727272727273,
            "English,Chinese,Malay": 0.21022727272727273,
            "English,Chinese,Vietnamese": 0.29545454545454547,
            "English,Malay,Vietnamese": 0.21022727272727273,
            "Filipino,Spanish,Chinese": 0.23295454545454544,
            "Filipino,Spanish,Malay": 0.21022727272727273,
            "Filipino,Spanish,Vietnamese": 0.20454545454545456,
            "Filipino,Chinese,Malay": 0.23295454545454544,
            "Filipino,Chinese,Vietnamese": 0.23295454545454544,
            "Filipino,Malay,Vietnamese": 0.2556818181818182,
            "Spanish,Chinese,Malay": 0.24431818181818182,
            "Spanish,Chinese,Vietnamese": 0.2784090909090909,
            "Spanish,Malay,Vietnamese": 0.2215909090909091,
            "Chinese,Malay,Vietnamese": 0.21022727272727273
        },
        "4_combine": {
            "Indonesian,English,Filipino,Spanish": 0.13068181818181818,
            "Indonesian,English,Filipino,Chinese": 0.1590909090909091,
            "Indonesian,English,Filipino,Malay": 0.14772727272727273,
            "Indonesian,English,Filipino,Vietnamese": 0.14772727272727273,
            "Indonesian,English,Spanish,Chinese": 0.23295454545454544,
            "Indonesian,English,Spanish,Malay": 0.14772727272727273,
            "Indonesian,English,Spanish,Vietnamese": 0.20454545454545456,
            "Indonesian,English,Chinese,Malay": 0.1590909090909091,
            "Indonesian,English,Chinese,Vietnamese": 0.19886363636363635,
            "Indonesian,English,Malay,Vietnamese": 0.14204545454545456,
            "Indonesian,Filipino,Spanish,Chinese": 0.16477272727272727,
            "Indonesian,Filipino,Spanish,Malay": 0.13068181818181818,
            "Indonesian,Filipino,Spanish,Vietnamese": 0.13636363636363635,
            "Indonesian,Filipino,Chinese,Malay": 0.1534090909090909,
            "Indonesian,Filipino,Chinese,Vietnamese": 0.1590909090909091,
            "Indonesian,Filipino,Malay,Vietnamese": 0.1534090909090909,
            "Indonesian,Spanish,Chinese,Malay": 0.17045454545454544,
            "Indonesian,Spanish,Chinese,Vietnamese": 0.19886363636363635,
            "Indonesian,Spanish,Malay,Vietnamese": 0.13636363636363635,
            "Indonesian,Chinese,Malay,Vietnamese": 0.125,
            "English,Filipino,Spanish,Chinese": 0.16477272727272727,
            "English,Filipino,Spanish,Malay": 0.11363636363636363,
            "English,Filipino,Spanish,Vietnamese": 0.13068181818181818,
            "English,Filipino,Chinese,Malay": 0.125,
            "English,Filipino,Chinese,Vietnamese": 0.14204545454545456,
            "English,Filipino,Malay,Vietnamese": 0.13068181818181818,
            "English,Spanish,Chinese,Malay": 0.16477272727272727,
            "English,Spanish,Chinese,Vietnamese": 0.22727272727272727,
            "English,Spanish,Malay,Vietnamese": 0.13636363636363635,
            "English,Chinese,Malay,Vietnamese": 0.13068181818181818,
            "Filipino,Spanish,Chinese,Malay": 0.13636363636363635,
            "Filipino,Spanish,Chinese,Vietnamese": 0.14772727272727273,
            "Filipino,Spanish,Malay,Vietnamese": 0.13636363636363635,
            "Filipino,Chinese,Malay,Vietnamese": 0.14772727272727273,
            "Spanish,Chinese,Malay,Vietnamese": 0.125
        },
        "5_combine": {
            "Indonesian,English,Filipino,Spanish,Chinese": 0.125,
            "Indonesian,English,Filipino,Spanish,Malay": 0.09090909090909091,
            "Indonesian,English,Filipino,Spanish,Vietnamese": 0.10227272727272728,
            "Indonesian,English,Filipino,Chinese,Malay": 0.10795454545454546,
            "Indonesian,English,Filipino,Chinese,Vietnamese": 0.11931818181818182,
            "Indonesian,English,Filipino,Malay,Vietnamese": 0.10227272727272728,
            "Indonesian,English,Spanish,Chinese,Malay": 0.125,
            "Indonesian,English,Spanish,Chinese,Vietnamese": 0.16477272727272727,
            "Indonesian,English,Spanish,Malay,Vietnamese": 0.09659090909090909,
            "Indonesian,English,Chinese,Malay,Vietnamese": 0.09659090909090909,
            "Indonesian,Filipino,Spanish,Chinese,Malay": 0.11363636363636363,
            "Indonesian,Filipino,Spanish,Chinese,Vietnamese": 0.11931818181818182,
            "Indonesian,Filipino,Spanish,Malay,Vietnamese": 0.09090909090909091,
            "Indonesian,Filipino,Chinese,Malay,Vietnamese": 0.10227272727272728,
            "Indonesian,Spanish,Chinese,Malay,Vietnamese": 0.09659090909090909,
            "English,Filipino,Spanish,Chinese,Malay": 0.10227272727272728,
            "English,Filipino,Spanish,Chinese,Vietnamese": 0.11931818181818182,
            "English,Filipino,Spanish,Malay,Vietnamese": 0.08522727272727272,
            "English,Filipino,Chinese,Malay,Vietnamese": 0.09090909090909091,