{
    "accuracy": 0.4860127784493179,
    "category_acc": {
        "agronomy": 0.46153846153846156,
        "anatomy": 0.3716216216216216,
        "ancient_chinese": 0.2926829268292683,
        "arts": 0.54375,
        "astronomy": 0.3151515151515151,
        "business_ethics": 0.5311004784688995,
        "chinese_civil_service_exam": 0.425,
        "chinese_driving_rule": 0.5877862595419847,
        "chinese_food_culture": 0.4338235294117647,
        "chinese_foreign_policy": 0.5233644859813084,
        "chinese_history": 0.47678018575851394,
        "chinese_literature": 0.3627450980392157,
        "chinese_teacher_qualification": 0.553072625698324,
        "clinical_knowledge": 0.4978902953586498,
        "college_actuarial_science": 0.2830188679245283,
        "college_education": 0.6448598130841121,
        "college_engineering_hydrology": 0.46226415094339623,
        "college_law": 0.3333333333333333,
        "college_mathematics": 0.3047619047619048,
        "college_medical_statistics": 0.5471698113207547,
        "college_medicine": 0.4981684981684982,
        "computer_science": 0.5147058823529411,
        "computer_security": 0.6374269005847953,
        "conceptual_physics": 0.4489795918367347,
        "construction_project_management": 0.381294964028777,
        "economics": 0.5911949685534591,
        "education": 0.5398773006134969,
        "electrical_engineering": 0.45930232558139533,
        "elementary_chinese": 0.3611111111111111,
        "elementary_commonsense": 0.4494949494949495,
        "elementary_information_and_technology": 0.680672268907563,
        "elementary_mathematics": 0.3695652173913043,
        "ethnology": 0.4666666666666667,
        "food_science": 0.5244755244755245,
        "genetics": 0.42613636363636365,
        "global_facts": 0.5570469798657718,
        "high_school_biology": 0.38461538461538464,
        "high_school_chemistry": 0.3181818181818182,
        "high_school_geography": 0.4745762711864407,
        "high_school_mathematics": 0.3719512195121951,
        "high_school_physics": 0.3090909090909091,
        "high_school_politics": 0.5034965034965035,
        "human_sexuality": 0.5873015873015873,
        "international_law": 0.4810810810810811,
        "journalism": 0.5058139534883721,
        "jurisprudence": 0.5206812652068127,
        "legal_and_moral_basis": 0.7757009345794392,
        "logical": 0.5609756097560976,
        "machine_learning": 0.4098360655737705,
        "management": 0.5904761904761905,
        "marketing": 0.5944444444444444,
        "marxist_theory": 0.5555555555555556,
        "modern_chinese": 0.3275862068965517,
        "nutrition": 0.5103448275862069,
        "philosophy": 0.6,
        "professional_accounting": 0.49714285714285716,
        "professional_law": 0.3696682464454976,
        "professional_medicine": 0.4175531914893617,
        "professional_psychology": 0.5344827586206896,
        "public_relations": 0.5114942528735632,
        "security_study": 0.5777777777777777,
        "sociology": 0.5221238938053098,
        "sports_science": 0.5151515151515151,
        "traditional_chinese_medicine": 0.40540540540540543,
        "virology": 0.6035502958579881,
        "world_history": 0.5341614906832298,
        "world_religions": 0.60625
    }
}