{
    "accuracy": 0.5118286997064411,
    "category_acc": {
        "agronomy": 0.4911242603550296,
        "anatomy": 0.4189189189189189,
        "ancient_chinese": 0.32926829268292684,
        "arts": 0.6,
        "astronomy": 0.3212121212121212,
        "business_ethics": 0.5263157894736842,
        "chinese_civil_service_exam": 0.43125,
        "chinese_driving_rule": 0.6717557251908397,
        "chinese_food_culture": 0.4411764705882353,
        "chinese_foreign_policy": 0.5607476635514018,
        "chinese_history": 0.5139318885448917,
        "chinese_literature": 0.3382352941176471,
        "chinese_teacher_qualification": 0.5865921787709497,
        "clinical_knowledge": 0.5021097046413502,
        "college_actuarial_science": 0.2641509433962264,
        "college_education": 0.6448598130841121,
        "college_engineering_hydrology": 0.5,
        "college_law": 0.3888888888888889,
        "college_mathematics": 0.29523809523809524,
        "college_medical_statistics": 0.5283018867924528,
        "college_medicine": 0.5384615384615384,
        "computer_science": 0.6323529411764706,
        "computer_security": 0.672514619883041,
        "conceptual_physics": 0.5102040816326531,
        "construction_project_management": 0.4028776978417266,
        "economics": 0.6352201257861635,
        "education": 0.5337423312883436,
        "electrical_engineering": 0.5058139534883721,
        "elementary_chinese": 0.3492063492063492,
        "elementary_commonsense": 0.47474747474747475,
        "elementary_information_and_technology": 0.7521008403361344,
        "elementary_mathematics": 0.3826086956521739,
        "ethnology": 0.48148148148148145,
        "food_science": 0.5384615384615384,
        "genetics": 0.42613636363636365,
        "global_facts": 0.5771812080536913,
        "high_school_biology": 0.42011834319526625,
        "high_school_chemistry": 0.32575757575757575,
        "high_school_geography": 0.4745762711864407,
        "high_school_mathematics": 0.2865853658536585,
        "high_school_physics": 0.4090909090909091,
        "high_school_politics": 0.4965034965034965,
        "human_sexuality": 0.5714285714285714,
        "international_law": 0.4810810810810811,
        "journalism": 0.5523255813953488,
        "jurisprudence": 0.5036496350364964,
        "legal_and_moral_basis": 0.8130841121495327,
        "logical": 0.6097560975609756,
        "machine_learning": 0.4426229508196721,
        "management": 0.6285714285714286,
        "marketing": 0.6055555555555555,
        "marxist_theory": 0.6084656084656085,
        "modern_chinese": 0.43103448275862066,
        "nutrition": 0.5310344827586206,
        "philosophy": 0.6476190476190476,
        "professional_accounting": 0.5885714285714285,
        "professional_law": 0.33175355450236965,
        "professional_medicine": 0.4654255319148936,
        "professional_psychology": 0.5732758620689655,
        "public_relations": 0.5862068965517241,
        "security_study": 0.5703703703703704,
        "sociology": 0.6061946902654868,
        "sports_science": 0.5636363636363636,
        "traditional_chinese_medicine": 0.41621621621621624,
        "virology": 0.6094674556213018,
        "world_history": 0.5217391304347826,
        "world_religions": 0.6375
    }
}