{
    "accuracy": 0.3768323203432249,
    "category_acc": {
        "high_school_european_history": 0.4573170731707317,
        "business_ethics": 0.45454545454545453,
        "clinical_knowledge": 0.4015151515151515,
        "medical_genetics": 0.3939393939393939,
        "high_school_us_history": 0.4088669950738916,
        "high_school_physics": 0.2733333333333333,
        "high_school_world_history": 0.4872881355932203,
        "virology": 0.3696969696969697,
        "high_school_microeconomics": 0.3291139240506329,
        "econometrics": 0.23008849557522124,
        "college_computer_science": 0.2828282828282828,
        "high_school_biology": 0.43042071197411,
        "abstract_algebra": 0.2222222222222222,
        "professional_accounting": 0.2846975088967972,
        "philosophy": 0.36451612903225805,
        "professional_medicine": 0.31365313653136534,
        "nutrition": 0.46229508196721314,
        "global_facts": 0.30303030303030304,
        "machine_learning": 0.42342342342342343,
        "security_studies": 0.35655737704918034,
        "public_relations": 0.44036697247706424,
        "professional_psychology": 0.38461538461538464,
        "prehistory": 0.4055727554179567,
        "anatomy": 0.43283582089552236,
        "human_sexuality": 0.4153846153846154,
        "college_medicine": 0.3488372093023256,
        "high_school_government_and_politics": 0.4322916666666667,
        "college_chemistry": 0.1919191919191919,
        "logical_fallacies": 0.4074074074074074,
        "high_school_geography": 0.467005076142132,
        "elementary_mathematics": 0.26525198938992045,
        "human_aging": 0.481981981981982,
        "college_mathematics": 0.25252525252525254,
        "high_school_psychology": 0.5091911764705882,
        "formal_logic": 0.344,
        "high_school_statistics": 0.24186046511627907,
        "international_law": 0.475,
        "high_school_mathematics": 0.22676579925650558,
        "high_school_computer_science": 0.3939393939393939,
        "conceptual_physics": 0.3504273504273504,
        "miscellaneous": 0.47698209718670076,
        "high_school_chemistry": 0.27722772277227725,
        "marketing": 0.5965665236051502,
        "professional_law": 0.32093933463796476,
        "management": 0.43137254901960786,
        "college_physics": 0.2376237623762376,
        "jurisprudence": 0.38317757009345793,
        "world_religions": 0.5117647058823529,
        "sociology": 0.495,
        "us_foreign_policy": 0.5252525252525253,
        "high_school_macroeconomics": 0.37789203084832906,
        "computer_security": 0.5151515151515151,
        "moral_scenarios": 0.23937360178970918,
        "moral_disputes": 0.4608695652173913,
        "electrical_engineering": 0.4236111111111111,
        "astronomy": 0.31788079470198677,
        "college_biology": 0.4125874125874126
    }
}