{
    "accuracy": 0.38584197354308186,
    "category_acc": {
        "high_school_european_history": 0.47560975609756095,
        "business_ethics": 0.45454545454545453,
        "clinical_knowledge": 0.4015151515151515,
        "medical_genetics": 0.3838383838383838,
        "high_school_us_history": 0.3842364532019704,
        "high_school_physics": 0.3,
        "high_school_world_history": 0.5296610169491526,
        "virology": 0.37575757575757573,
        "high_school_microeconomics": 0.32489451476793246,
        "econometrics": 0.22123893805309736,
        "college_computer_science": 0.2727272727272727,
        "high_school_biology": 0.4174757281553398,
        "abstract_algebra": 0.23232323232323232,
        "professional_accounting": 0.3096085409252669,
        "philosophy": 0.36451612903225805,
        "professional_medicine": 0.30996309963099633,
        "nutrition": 0.46229508196721314,
        "global_facts": 0.2828282828282828,
        "machine_learning": 0.36936936936936937,
        "security_studies": 0.4098360655737705,
        "public_relations": 0.3944954128440367,
        "professional_psychology": 0.3862520458265139,
        "prehistory": 0.4086687306501548,
        "anatomy": 0.43283582089552236,
        "human_sexuality": 0.4,
        "college_medicine": 0.36046511627906974,
        "high_school_government_and_politics": 0.4270833333333333,
        "college_chemistry": 0.20202020202020202,
        "logical_fallacies": 0.41358024691358025,
        "high_school_geography": 0.49238578680203043,
        "elementary_mathematics": 0.3076923076923077,
        "human_aging": 0.5,
        "college_mathematics": 0.3333333333333333,
        "high_school_psychology": 0.5091911764705882,
        "formal_logic": 0.344,
        "high_school_statistics": 0.2558139534883721,
        "international_law": 0.49166666666666664,
        "high_school_mathematics": 0.24907063197026022,
        "high_school_computer_science": 0.40404040404040403,
        "conceptual_physics": 0.36324786324786323,
        "miscellaneous": 0.5,
        "high_school_chemistry": 0.29207920792079206,
        "marketing": 0.6094420600858369,
        "professional_law": 0.3359425962165688,
        "management": 0.4215686274509804,
        "college_physics": 0.25742574257425743,
        "jurisprudence": 0.4766355140186916,
        "world_religions": 0.5117647058823529,
        "sociology": 0.475,
        "us_foreign_policy": 0.5353535353535354,
        "high_school_macroeconomics": 0.37275064267352187,
        "computer_security": 0.5454545454545454,
        "moral_scenarios": 0.24049217002237136,
        "moral_disputes": 0.4811594202898551,
        "electrical_engineering": 0.4375,
        "astronomy": 0.304635761589404,
        "college_biology": 0.40559440559440557
    }
}