{
    "accuracy": 0.328268002072181,
    "category_acc": {
        "agronomy": 0.3136094674556213,
        "anatomy": 0.2972972972972973,
        "ancient_chinese": 0.2865853658536585,
        "arts": 0.3125,
        "astronomy": 0.34545454545454546,
        "business_ethics": 0.36363636363636365,
        "chinese_civil_service_exam": 0.2875,
        "chinese_driving_rule": 0.4122137404580153,
        "chinese_food_culture": 0.2647058823529412,
        "chinese_foreign_policy": 0.3364485981308411,
        "chinese_history": 0.3188854489164087,
        "chinese_literature": 0.3235294117647059,
        "chinese_teacher_qualification": 0.35195530726256985,
        "clinical_knowledge": 0.28270042194092826,
        "college_actuarial_science": 0.22641509433962265,
        "college_education": 0.3925233644859813,
        "college_engineering_hydrology": 0.3490566037735849,
        "college_law": 0.26851851851851855,
        "college_mathematics": 0.2571428571428571,
        "college_medical_statistics": 0.37735849056603776,
        "college_medicine": 0.315018315018315,
        "computer_science": 0.35294117647058826,
        "computer_security": 0.36257309941520466,
        "conceptual_physics": 0.29931972789115646,
        "construction_project_management": 0.37410071942446044,
        "economics": 0.33962264150943394,
        "education": 0.3803680981595092,
        "electrical_engineering": 0.32558139534883723,
        "elementary_chinese": 0.30158730158730157,
        "elementary_commonsense": 0.30303030303030304,
        "elementary_information_and_technology": 0.42016806722689076,
        "elementary_mathematics": 0.2608695652173913,
        "ethnology": 0.3037037037037037,
        "food_science": 0.3356643356643357,
        "genetics": 0.3181818181818182,
        "global_facts": 0.2550335570469799,
        "high_school_biology": 0.31952662721893493,
        "high_school_chemistry": 0.26515151515151514,
        "high_school_geography": 0.288135593220339,
        "high_school_mathematics": 0.2804878048780488,
        "high_school_physics": 0.3,
        "high_school_politics": 0.3356643356643357,
        "human_sexuality": 0.3492063492063492,
        "international_law": 0.2972972972972973,
        "journalism": 0.3488372093023256,
        "jurisprudence": 0.35279805352798055,
        "legal_and_moral_basis": 0.4672897196261682,
        "logical": 0.2926829268292683,
        "machine_learning": 0.2540983606557377,
        "management": 0.3619047619047619,
        "marketing": 0.4166666666666667,
        "marxist_theory": 0.3439153439153439,
        "modern_chinese": 0.21551724137931033,
        "nutrition": 0.3448275862068966,
        "philosophy": 0.34285714285714286,
        "professional_accounting": 0.33714285714285713,
        "professional_law": 0.3175355450236967,
        "professional_medicine": 0.2712765957446808,
        "professional_psychology": 0.34051724137931033,
        "public_relations": 0.3793103448275862,
        "security_study": 0.35555555555555557,
        "sociology": 0.35398230088495575,
        "sports_science": 0.3939393939393939,
        "traditional_chinese_medicine": 0.2972972972972973,
        "virology": 0.3431952662721893,
        "world_history": 0.36024844720496896,
        "world_religions": 0.33125
    }
}