{
    "accuracy": 0.33474356760490415,
    "category_acc": {
        "agronomy": 0.33136094674556216,
        "anatomy": 0.27702702702702703,
        "ancient_chinese": 0.25609756097560976,
        "arts": 0.3375,
        "astronomy": 0.3212121212121212,
        "business_ethics": 0.36363636363636365,
        "chinese_civil_service_exam": 0.325,
        "chinese_driving_rule": 0.48854961832061067,
        "chinese_food_culture": 0.20588235294117646,
        "chinese_foreign_policy": 0.35514018691588783,
        "chinese_history": 0.33746130030959753,
        "chinese_literature": 0.30392156862745096,
        "chinese_teacher_qualification": 0.3743016759776536,
        "clinical_knowledge": 0.2742616033755274,
        "college_actuarial_science": 0.2830188679245283,
        "college_education": 0.38317757009345793,
        "college_engineering_hydrology": 0.3867924528301887,
        "college_law": 0.25925925925925924,
        "college_mathematics": 0.3047619047619048,
        "college_medical_statistics": 0.33962264150943394,
        "college_medicine": 0.315018315018315,
        "computer_science": 0.3284313725490196,
        "computer_security": 0.32748538011695905,
        "conceptual_physics": 0.3129251700680272,
        "construction_project_management": 0.37410071942446044,
        "economics": 0.3522012578616352,
        "education": 0.4171779141104294,
        "electrical_engineering": 0.36046511627906974,
        "elementary_chinese": 0.29365079365079366,
        "elementary_commonsense": 0.35353535353535354,
        "elementary_information_and_technology": 0.44537815126050423,
        "elementary_mathematics": 0.25217391304347825,
        "ethnology": 0.28888888888888886,
        "food_science": 0.3776223776223776,
        "genetics": 0.32386363636363635,
        "global_facts": 0.26174496644295303,
        "high_school_biology": 0.2781065088757396,
        "high_school_chemistry": 0.2727272727272727,
        "high_school_geography": 0.3050847457627119,
        "high_school_mathematics": 0.2804878048780488,
        "high_school_physics": 0.2909090909090909,
        "high_school_politics": 0.3356643356643357,
        "human_sexuality": 0.3888888888888889,
        "international_law": 0.2810810810810811,
        "journalism": 0.36046511627906974,
        "jurisprudence": 0.36009732360097324,
        "legal_and_moral_basis": 0.5467289719626168,
        "logical": 0.2845528455284553,
        "machine_learning": 0.20491803278688525,
        "management": 0.3476190476190476,
        "marketing": 0.4,
        "marxist_theory": 0.37037037037037035,
        "modern_chinese": 0.22413793103448276,
        "nutrition": 0.36551724137931035,
        "philosophy": 0.38095238095238093,
        "professional_accounting": 0.32571428571428573,
        "professional_law": 0.32701421800947866,
        "professional_medicine": 0.2553191489361702,
        "professional_psychology": 0.3448275862068966,
        "public_relations": 0.3793103448275862,
        "security_study": 0.37037037037037035,
        "sociology": 0.36283185840707965,
        "sports_science": 0.4121212121212121,
        "traditional_chinese_medicine": 0.3081081081081081,
        "virology": 0.38461538461538464,
        "world_history": 0.36645962732919257,
        "world_religions": 0.35
    }
}