{
    "accuracy": 0.31402175790018994,
    "category_acc": {
        "agronomy": 0.3076923076923077,
        "anatomy": 0.3108108108108108,
        "ancient_chinese": 0.2865853658536585,
        "arts": 0.3375,
        "astronomy": 0.3151515151515151,
        "business_ethics": 0.3157894736842105,
        "chinese_civil_service_exam": 0.3125,
        "chinese_driving_rule": 0.37404580152671757,
        "chinese_food_culture": 0.22058823529411764,
        "chinese_foreign_policy": 0.32710280373831774,
        "chinese_history": 0.30959752321981426,
        "chinese_literature": 0.2647058823529412,
        "chinese_teacher_qualification": 0.35195530726256985,
        "clinical_knowledge": 0.28270042194092826,
        "college_actuarial_science": 0.22641509433962265,
        "college_education": 0.411214953271028,
        "college_engineering_hydrology": 0.33962264150943394,
        "college_law": 0.25925925925925924,
        "college_mathematics": 0.26666666666666666,
        "college_medical_statistics": 0.330188679245283,
        "college_medicine": 0.2564102564102564,
        "computer_science": 0.3431372549019608,
        "computer_security": 0.3216374269005848,
        "conceptual_physics": 0.2857142857142857,
        "construction_project_management": 0.33093525179856115,
        "economics": 0.33962264150943394,
        "education": 0.3558282208588957,
        "electrical_engineering": 0.3372093023255814,
        "elementary_chinese": 0.2777777777777778,
        "elementary_commonsense": 0.31313131313131315,
        "elementary_information_and_technology": 0.40756302521008403,
        "elementary_mathematics": 0.26521739130434785,
        "ethnology": 0.3333333333333333,
        "food_science": 0.3006993006993007,
        "genetics": 0.3068181818181818,
        "global_facts": 0.24161073825503357,
        "high_school_biology": 0.25443786982248523,
        "high_school_chemistry": 0.23484848484848486,
        "high_school_geography": 0.2711864406779661,
        "high_school_mathematics": 0.2804878048780488,
        "high_school_physics": 0.2909090909090909,
        "high_school_politics": 0.32167832167832167,
        "human_sexuality": 0.30952380952380953,
        "international_law": 0.31891891891891894,
        "journalism": 0.32558139534883723,
        "jurisprudence": 0.34306569343065696,
        "legal_and_moral_basis": 0.4485981308411215,
        "logical": 0.3170731707317073,
        "machine_learning": 0.20491803278688525,
        "management": 0.3619047619047619,
        "marketing": 0.38333333333333336,
        "marxist_theory": 0.328042328042328,
        "modern_chinese": 0.25,
        "nutrition": 0.3103448275862069,
        "philosophy": 0.37142857142857144,
        "professional_accounting": 0.32,
        "professional_law": 0.2843601895734597,
        "professional_medicine": 0.26595744680851063,
        "professional_psychology": 0.3620689655172414,
        "public_relations": 0.3735632183908046,
        "security_study": 0.3333333333333333,
        "sociology": 0.336283185840708,
        "sports_science": 0.30303030303030304,
        "traditional_chinese_medicine": 0.2756756756756757,
        "virology": 0.3076923076923077,
        "world_history": 0.35403726708074534,
        "world_religions": 0.34375
    }
}