{
    "accuracy": 0.3345708858573649,
    "category_acc": {
        "agronomy": 0.33136094674556216,
        "anatomy": 0.28378378378378377,
        "ancient_chinese": 0.2682926829268293,
        "arts": 0.3375,
        "astronomy": 0.3090909090909091,
        "business_ethics": 0.37320574162679426,
        "chinese_civil_service_exam": 0.30625,
        "chinese_driving_rule": 0.48091603053435117,
        "chinese_food_culture": 0.25,
        "chinese_foreign_policy": 0.34579439252336447,
        "chinese_history": 0.3281733746130031,
        "chinese_literature": 0.3088235294117647,
        "chinese_teacher_qualification": 0.3854748603351955,
        "clinical_knowledge": 0.27848101265822783,
        "college_actuarial_science": 0.2830188679245283,
        "college_education": 0.40186915887850466,
        "college_engineering_hydrology": 0.37735849056603776,
        "college_law": 0.28703703703703703,
        "college_mathematics": 0.26666666666666666,
        "college_medical_statistics": 0.33962264150943394,
        "college_medicine": 0.2967032967032967,
        "computer_science": 0.3284313725490196,
        "computer_security": 0.3333333333333333,
        "conceptual_physics": 0.3197278911564626,
        "construction_project_management": 0.38848920863309355,
        "economics": 0.34591194968553457,
        "education": 0.4049079754601227,
        "electrical_engineering": 0.37209302325581395,
        "elementary_chinese": 0.2857142857142857,
        "elementary_commonsense": 0.3333333333333333,
        "elementary_information_and_technology": 0.4831932773109244,
        "elementary_mathematics": 0.2391304347826087,
        "ethnology": 0.25925925925925924,
        "food_science": 0.34965034965034963,
        "genetics": 0.32954545454545453,
        "global_facts": 0.2550335570469799,
        "high_school_biology": 0.28402366863905326,
        "high_school_chemistry": 0.26515151515151514,
        "high_school_geography": 0.3135593220338983,
        "high_school_mathematics": 0.23780487804878048,
        "high_school_physics": 0.2909090909090909,
        "high_school_politics": 0.34965034965034963,
        "human_sexuality": 0.38095238095238093,
        "international_law": 0.2864864864864865,
        "journalism": 0.36627906976744184,
        "jurisprudence": 0.3746958637469586,
        "legal_and_moral_basis": 0.5420560747663551,
        "logical": 0.3008130081300813,
        "machine_learning": 0.21311475409836064,
        "management": 0.35714285714285715,
        "marketing": 0.37222222222222223,
        "marxist_theory": 0.37037037037037035,
        "modern_chinese": 0.2413793103448276,
        "nutrition": 0.36551724137931035,
        "philosophy": 0.3142857142857143,
        "professional_accounting": 0.3485714285714286,
        "professional_law": 0.32701421800947866,
        "professional_medicine": 0.26595744680851063,
        "professional_psychology": 0.34051724137931033,
        "public_relations": 0.40804597701149425,
        "security_study": 0.32592592592592595,
        "sociology": 0.37168141592920356,
        "sports_science": 0.4121212121212121,
        "traditional_chinese_medicine": 0.31891891891891894,
        "virology": 0.3727810650887574,
        "world_history": 0.37267080745341613,
        "world_religions": 0.33125
    }
}