{
    "rouge1": 0.36693774963873615,
    "rouge2": 0.13995152326152985,
    "rougeL": 0.28220133592060764,
    "avg_rouge": 0.26303020294029117
}