{
    "rouge1": 0.14162805950851104,
    "rouge2": 0.04235642933080281,
    "rougeL": 0.1066371383355487,
    "avg_rouge": 0.09687387572495419
}