{
    "rouge1": 0.1558764099855247,
    "rouge2": 0.049274125590898915,
    "rougeL": 0.11990476794508834,
    "avg_rouge": 0.10835176784050399
}