{
    "rouge1": 0.13614545983306917,
    "rouge2": 0.03925473875709877,
    "rougeL": 0.10194629307087555,
    "avg_rouge": 0.09244883055368115
}