{
    "rouge1": 0.15729831585992968,
    "rouge2": 0.03912829377948497,
    "rougeL": 0.11681467796576478,
    "avg_rouge": 0.10441376253505981
}