{
    "rouge1": 0.1075911884138222,
    "rouge2": 0.002064888511841431,
    "rougeL": 0.08842720122501456,
    "avg_rouge": 0.0660277593835594
}