{
    "rouge1": 0.10636719666265786,
    "rouge2": 0.001910313699982673,
    "rougeL": 0.08618104814226087,
    "avg_rouge": 0.0648195195016338
}