{
    "accuracy": 0.6418318979905201,
    "category_acc": {
        "History": 0.6887550200803213,
        "Geography": 0.6551020408163265,
        "Lampungic": 0.4421768707482993,
        "Social science": 0.8848080133555927,
        "Balinese": 0.3885350318471338,
        "Makassarese": 0.4838709677419355,
        "Banjarese": 0.5,
        "Chemistry": 0.4058394160583942,
        "Biology": 0.6840236686390533,
        "Science": 0.8090815273477813,
        "Christian religion": 0.8009950248756219,
        "Art": 0.7587354409317804,
        "Islam religion": 0.7766714082503556,
        "Hindu religion": 0.6933333333333334,
        "Madurese": 0.34576271186440677,
        "Sport": 0.6351351351351351,
        "Indonesian language": 0.6802615193026152,
        "Physics": 0.5494949494949495,
        "Minangkabau culture": 0.507537688442211,
        "Dayak language": 0.3944954128440367,
        "Sociology": 0.6270161290322581,
        "Economy": 0.6434426229508197,
        "Sundanese": 0.5367329299913569,
        "Javanese": 0.5352822580645161,
        "Civic education": 0.7567954220314735
    }
}