{
    "accuracy": 0.6436344215234662,
    "category_acc": {
        "History": 0.6987951807228916,
        "Geography": 0.6489795918367347,
        "Lampungic": 0.3877551020408163,
        "Social science": 0.8697829716193656,
        "Balinese": 0.3673036093418259,
        "Makassarese": 0.489247311827957,
        "Banjarese": 0.4722222222222222,
        "Chemistry": 0.42773722627737226,
        "Biology": 0.6863905325443787,
        "Science": 0.8163054695562435,
        "Christian religion": 0.8059701492537313,
        "Art": 0.7504159733777038,
        "Islam religion": 0.7752489331436699,
        "Hindu religion": 0.6933333333333334,
        "Madurese": 0.3389830508474576,
        "Sport": 0.6283783783783784,
        "Indonesian language": 0.6889788293897883,
        "Physics": 0.5696969696969697,
        "Minangkabau culture": 0.49246231155778897,
        "Dayak language": 0.3669724770642202,
        "Sociology": 0.6189516129032258,
        "Economy": 0.6454918032786885,
        "Sundanese": 0.5298184961106309,
        "Javanese": 0.5413306451612904,
        "Civic education": 0.7739628040057225
    }
}