{
    "accuracy": 0.6345550437278857,
    "category_acc": {
        "History": 0.6746987951807228,
        "Geography": 0.6530612244897959,
        "Lampungic": 0.3945578231292517,
        "Social science": 0.8647746243739566,
        "Balinese": 0.3970276008492569,
        "Makassarese": 0.46774193548387094,
        "Banjarese": 0.5416666666666666,
        "Chemistry": 0.3795620437956204,
        "Biology": 0.6792899408284023,
        "Science": 0.8111455108359134,
        "Christian religion": 0.7661691542288557,
        "Art": 0.7487520798668885,
        "Islam religion": 0.7880512091038406,
        "Hindu religion": 0.6933333333333334,
        "Madurese": 0.33220338983050846,
        "Sport": 0.6216216216216216,
        "Indonesian language": 0.6768368617683687,
        "Physics": 0.5717171717171717,
        "Minangkabau culture": 0.49246231155778897,
        "Dayak language": 0.3669724770642202,
        "Sociology": 0.6350806451612904,
        "Economy": 0.639344262295082,
        "Sundanese": 0.5108038029386344,
        "Javanese": 0.5060483870967742,
        "Civic education": 0.7639484978540773
    }
}