{
    "accuracy": 0.6349556045129848,
    "category_acc": {
        "History": 0.6867469879518072,
        "Geography": 0.6387755102040816,
        "Lampungic": 0.3877551020408163,
        "Social science": 0.8580968280467446,
        "Balinese": 0.37579617834394907,
        "Makassarese": 0.4731182795698925,
        "Banjarese": 0.5,
        "Chemistry": 0.4029197080291971,
        "Biology": 0.6828402366863905,
        "Science": 0.8142414860681114,
        "Christian religion": 0.7960199004975125,
        "Art": 0.7387687188019967,
        "Islam religion": 0.7837837837837838,
        "Hindu religion": 0.68,
        "Madurese": 0.3050847457627119,
        "Sport": 0.6351351351351351,
        "Indonesian language": 0.683997509339975,
        "Physics": 0.5656565656565656,
        "Minangkabau culture": 0.48743718592964824,
        "Dayak language": 0.3577981651376147,
        "Sociology": 0.6451612903225806,
        "Economy": 0.6454918032786885,
        "Sundanese": 0.5082108902333622,
        "Javanese": 0.5131048387096774,
        "Civic education": 0.7439198855507868
    }
}