{
    "accuracy": 0.22077575272047534,
    "category_acc": {
        "History": 0.15060240963855423,
        "Geography": 0.2,
        "Lampungic": 0.2789115646258503,
        "Social science": 0.2637729549248748,
        "Balinese": 0.2611464968152866,
        "Makassarese": 0.21505376344086022,
        "Banjarese": 0.1736111111111111,
        "Chemistry": 0.1562043795620438,
        "Biology": 0.17159763313609466,
        "Science": 0.23839009287925697,
        "Christian religion": 0.22885572139303484,
        "Art": 0.22462562396006655,
        "Islam religion": 0.21906116642958748,
        "Hindu religion": 0.2,
        "Madurese": 0.2305084745762712,
        "Sport": 0.1891891891891892,
        "Indonesian language": 0.2387920298879203,
        "Physics": 0.19797979797979798,
        "Minangkabau culture": 0.23618090452261306,
        "Dayak language": 0.24770642201834864,
        "Sociology": 0.18346774193548387,
        "Economy": 0.17827868852459017,
        "Sundanese": 0.23768366464995677,
        "Javanese": 0.2560483870967742,
        "Civic education": 0.2246065808297568
    }
}