{
    "accuracy": 0.22377995860871888,
    "category_acc": {
        "History": 0.15863453815261044,
        "Geography": 0.20612244897959184,
        "Lampungic": 0.25170068027210885,
        "Social science": 0.2621035058430718,
        "Balinese": 0.25902335456475584,
        "Makassarese": 0.23655913978494625,
        "Banjarese": 0.1736111111111111,
        "Chemistry": 0.1635036496350365,
        "Biology": 0.17159763313609466,
        "Science": 0.24045407636738905,
        "Christian religion": 0.22885572139303484,
        "Art": 0.22129783693843594,
        "Islam religion": 0.22048364153627312,
        "Hindu religion": 0.21333333333333335,
        "Madurese": 0.22033898305084745,
        "Sport": 0.19594594594594594,
        "Indonesian language": 0.24097135740971357,
        "Physics": 0.20202020202020202,
        "Minangkabau culture": 0.24623115577889448,
        "Dayak language": 0.28440366972477066,
        "Sociology": 0.1774193548387097,
        "Economy": 0.19672131147540983,
        "Sundanese": 0.24546240276577355,
        "Javanese": 0.2560483870967742,
        "Civic education": 0.23032904148783978
    }
}