{
    "accuracy": 0.22731824554376126,
    "category_acc": {
        "History": 0.16265060240963855,
        "Geography": 0.19387755102040816,
        "Lampungic": 0.2789115646258503,
        "Social science": 0.2570951585976628,
        "Balinese": 0.2760084925690021,
        "Makassarese": 0.22580645161290322,
        "Banjarese": 0.18055555555555555,
        "Chemistry": 0.15766423357664233,
        "Biology": 0.178698224852071,
        "Science": 0.23529411764705882,
        "Christian religion": 0.23880597014925373,
        "Art": 0.22129783693843594,
        "Islam religion": 0.2233285917496444,
        "Hindu religion": 0.17333333333333334,
        "Madurese": 0.2576271186440678,
        "Sport": 0.21621621621621623,
        "Indonesian language": 0.24937733499377335,
        "Physics": 0.20202020202020202,
        "Minangkabau culture": 0.2613065326633166,
        "Dayak language": 0.29357798165137616,
        "Sociology": 0.19153225806451613,
        "Economy": 0.19057377049180327,
        "Sundanese": 0.2428694900605013,
        "Javanese": 0.2550403225806452,
        "Civic education": 0.24320457796852646
    }
}