{
    "rouge1": 0.1184207954582665,
    "rouge2": 0.03194211172376678,
    "rougeL": 0.09140949597727019,
    "avg_rouge": 0.08059080105310115
}