{
    "rouge1": 0.11046019755256263,
    "rouge2": 0.029267523344006317,
    "rougeL": 0.08632379028310769,
    "avg_rouge": 0.07535050372655888
}