{
    "rouge1": 0.1317908861803621,
    "rouge2": 0.034736622014649804,
    "rougeL": 0.10160989649866022,
    "avg_rouge": 0.08937913489789072
}