{
    "rouge1": 0.41608072105401067,
    "rouge2": 0.17242845308333674,
    "rougeL": 0.346065729485197,
    "avg_rouge": 0.31152496787418144
}