{
    "overall_acc": 0.8863445378151261,
    "language_acc": {
        "Spanish": 0.8932773109243698,
        "English": 0.9285714285714286,
        "Chinese": 0.8672268907563025,
        "Vietnamese": 0.8563025210084033
    },
    "consistency_score_2": 0.8393557422969188,
    "consistency_score_3": 0.7674369747899159,
    "consistency_score_4": 0.7151260504201681,
    "detailed_consistency_score": {
        "2_combine": {
            "Spanish,English": 0.8873949579831932,
            "Spanish,Chinese": 0.8176470588235294,
            "Spanish,Vietnamese": 0.83109243697479,
            "English,Chinese": 0.8487394957983193,
            "English,Vietnamese": 0.8470588235294118,
            "Chinese,Vietnamese": 0.8042016806722689
        },
        "3_combine": {
            "Spanish,English,Chinese": 0.7831932773109244,
            "Spanish,English,Vietnamese": 0.7907563025210084,
            "Spanish,Chinese,Vietnamese": 0.7369747899159664,
            "English,Chinese,Vietnamese": 0.7588235294117647
        },
        "4_combine": {
            "Spanish,English,Chinese,Vietnamese": 0.7151260504201681
        }
    },
    "AC3_2": 0.8622104150985256,
    "AC3_3": 0.8226160051938194,
    "AC3_4": 0.7915825282787072
}