{
    "accuracy": 0.41344297461565965,
    "category_acc": {
        "high_school_european_history": 0.5426829268292683,
        "business_ethics": 0.5555555555555556,
        "clinical_knowledge": 0.44696969696969696,
        "medical_genetics": 0.43434343434343436,
        "high_school_us_history": 0.5369458128078818,
        "high_school_physics": 0.31333333333333335,
        "high_school_world_history": 0.576271186440678,
        "virology": 0.34545454545454546,
        "high_school_microeconomics": 0.459915611814346,
        "econometrics": 0.25663716814159293,
        "college_computer_science": 0.30303030303030304,
        "high_school_biology": 0.42394822006472493,
        "abstract_algebra": 0.2222222222222222,
        "professional_accounting": 0.3416370106761566,
        "philosophy": 0.4161290322580645,
        "professional_medicine": 0.4095940959409594,
        "nutrition": 0.46557377049180326,
        "global_facts": 0.30303030303030304,
        "machine_learning": 0.24324324324324326,
        "security_studies": 0.5573770491803278,
        "public_relations": 0.47706422018348627,
        "professional_psychology": 0.3698854337152209,
        "prehistory": 0.4055727554179567,
        "anatomy": 0.3880597014925373,
        "human_sexuality": 0.4,
        "college_medicine": 0.4186046511627907,
        "high_school_government_and_politics": 0.546875,
        "college_chemistry": 0.36363636363636365,
        "logical_fallacies": 0.5246913580246914,
        "high_school_geography": 0.5482233502538071,
        "elementary_mathematics": 0.27851458885941643,
        "human_aging": 0.45495495495495497,
        "college_mathematics": 0.26262626262626265,
        "high_school_psychology": 0.5661764705882353,
        "formal_logic": 0.36,
        "high_school_statistics": 0.33488372093023255,
        "international_law": 0.5583333333333333,
        "high_school_mathematics": 0.2825278810408922,
        "high_school_computer_science": 0.36363636363636365,
        "conceptual_physics": 0.358974358974359,
        "miscellaneous": 0.5127877237851662,
        "high_school_chemistry": 0.29207920792079206,
        "marketing": 0.7167381974248928,
        "professional_law": 0.3378995433789954,
        "management": 0.6372549019607843,
        "college_physics": 0.31683168316831684,
        "jurisprudence": 0.4766355140186916,
        "world_religions": 0.38235294117647056,
        "sociology": 0.565,
        "us_foreign_policy": 0.5757575757575758,
        "high_school_macroeconomics": 0.43958868894601544,
        "computer_security": 0.47474747474747475,
        "moral_scenarios": 0.23937360178970918,
        "moral_disputes": 0.48985507246376814,
        "electrical_engineering": 0.4027777777777778,
        "astronomy": 0.37748344370860926,
        "college_biology": 0.3706293706293706
    }
}