{
    "accuracy": 0.3841258491240615,
    "category_acc": {
        "high_school_european_history": 0.43902439024390244,
        "business_ethics": 0.36363636363636365,
        "clinical_knowledge": 0.4318181818181818,
        "medical_genetics": 0.43434343434343436,
        "high_school_us_history": 0.4630541871921182,
        "high_school_physics": 0.2733333333333333,
        "high_school_world_history": 0.4703389830508475,
        "virology": 0.34545454545454546,
        "high_school_microeconomics": 0.3670886075949367,
        "econometrics": 0.20353982300884957,
        "college_computer_science": 0.23232323232323232,
        "high_school_biology": 0.44336569579288027,
        "abstract_algebra": 0.2828282828282828,
        "professional_accounting": 0.3594306049822064,
        "philosophy": 0.43870967741935485,
        "professional_medicine": 0.2693726937269373,
        "nutrition": 0.4098360655737705,
        "global_facts": 0.2828282828282828,
        "machine_learning": 0.36936936936936937,
        "security_studies": 0.45081967213114754,
        "public_relations": 0.41284403669724773,
        "professional_psychology": 0.37152209492635024,
        "prehistory": 0.4458204334365325,
        "anatomy": 0.43283582089552236,
        "human_sexuality": 0.47692307692307695,
        "college_medicine": 0.37790697674418605,
        "high_school_government_and_politics": 0.4427083333333333,
        "college_chemistry": 0.2828282828282828,
        "logical_fallacies": 0.3888888888888889,
        "high_school_geography": 0.40609137055837563,
        "elementary_mathematics": 0.27586206896551724,
        "human_aging": 0.4369369369369369,
        "college_mathematics": 0.30303030303030304,
        "high_school_psychology": 0.4577205882352941,
        "formal_logic": 0.272,
        "high_school_statistics": 0.22790697674418606,
        "international_law": 0.5083333333333333,
        "high_school_mathematics": 0.26022304832713755,
        "high_school_computer_science": 0.3333333333333333,
        "conceptual_physics": 0.3888888888888889,
        "miscellaneous": 0.5281329923273658,
        "high_school_chemistry": 0.32673267326732675,
        "marketing": 0.5407725321888412,
        "professional_law": 0.33202870189171557,
        "management": 0.4411764705882353,
        "college_physics": 0.25742574257425743,
        "jurisprudence": 0.42990654205607476,
        "world_religions": 0.5294117647058824,
        "sociology": 0.5,
        "us_foreign_policy": 0.5050505050505051,
        "high_school_macroeconomics": 0.34704370179948585,
        "computer_security": 0.5050505050505051,
        "moral_scenarios": 0.24720357941834453,
        "moral_disputes": 0.4463768115942029,
        "electrical_engineering": 0.4722222222222222,
        "astronomy": 0.4105960264900662,
        "college_biology": 0.3916083916083916
    }
}