{
    "accuracy": 0.5336239103362391,
    "category_acc": {
        "computer_network": 0.2916666666666667,
        "operating_system": 0.5833333333333334,
        "computer_architecture": 0.4230769230769231,
        "college_programming": 0.6190476190476191,
        "college_physics": 0.4583333333333333,
        "college_chemistry": 0.4827586206896552,
        "advanced_mathematics": 0.375,
        "probability_and_statistics": 0.30434782608695654,
        "discrete_mathematics": 0.23809523809523808,
        "electrical_engineer": 0.38095238095238093,
        "metrology_engineer": 0.5862068965517241,
        "high_school_mathematics": 0.13043478260869565,
        "high_school_physics": 0.5,
        "high_school_chemistry": 0.625,
        "high_school_biology": 0.4166666666666667,
        "middle_school_mathematics": 0.4166666666666667,
        "middle_school_biology": 0.8461538461538461,
        "middle_school_physics": 0.75,
        "middle_school_chemistry": 0.96,
        "veterinary_medicine": 0.5,
        "college_economics": 0.43333333333333335,
        "business_administration": 0.4473684210526316,
        "marxism": 0.6666666666666666,
        "mao_zedong_thought": 0.8275862068965517,
        "education_science": 0.6470588235294118,
        "teacher_qualification": 0.7551020408163265,
        "high_school_politics": 0.7916666666666666,
        "high_school_geography": 0.7083333333333334,
        "middle_school_politics": 0.7307692307692307,
        "middle_school_geography": 0.7058823529411765,
        "modern_chinese_history": 0.6428571428571429,
        "ideological_and_moral_cultivation": 0.7916666666666666,
        "logic": 0.4444444444444444,
        "law": 0.27586206896551724,
        "chinese_language_and_literature": 0.5714285714285714,
        "art_studies": 0.5526315789473685,
        "professional_tour_guide": 0.5588235294117647,
        "legal_professional": 0.42857142857142855,
        "high_school_chinese": 0.5,
        "high_school_history": 0.8,
        "middle_school_history": 0.6296296296296297,
        "civil_servant": 0.34615384615384615,
        "sports_science": 0.4583333333333333,
        "plant_protection": 0.5925925925925926,
        "basic_medicine": 0.5,
        "clinical_medicine": 0.37037037037037035,
        "urban_and_rural_planner": 0.5882352941176471,
        "accountant": 0.4444444444444444,
        "fire_engineer": 0.4166666666666667,
        "environmental_impact_assessment_engineer": 0.5,
        "tax_accountant": 0.46296296296296297,
        "physician": 0.5555555555555556
    }
}