{
    "rouge1": 0.42405246791568507,
    "rouge2": 0.17569185972744117,
    "rougeL": 0.3491933150322079,
    "avg_rouge": 0.31631254755844473
}