{
    "accuracy": 0.8785803237858032,
    "category_acc": {
        "computer_network": 0.7916666666666666,
        "operating_system": 0.8333333333333334,
        "computer_architecture": 0.8461538461538461,
        "college_programming": 0.8333333333333334,
        "college_physics": 0.875,
        "college_chemistry": 0.7931034482758621,
        "advanced_mathematics": 0.5833333333333334,
        "probability_and_statistics": 0.5652173913043478,
        "discrete_mathematics": 0.38095238095238093,
        "electrical_engineer": 0.7857142857142857,
        "metrology_engineer": 0.9310344827586207,
        "high_school_mathematics": 0.6956521739130435,
        "high_school_physics": 0.9166666666666666,
        "high_school_chemistry": 0.9583333333333334,
        "high_school_biology": 1.0,
        "middle_school_mathematics": 0.9583333333333334,
        "middle_school_biology": 0.9230769230769231,
        "middle_school_physics": 1.0,
        "middle_school_chemistry": 1.0,
        "veterinary_medicine": 0.8571428571428571,
        "college_economics": 0.7,
        "business_administration": 0.8421052631578947,
        "marxism": 0.9583333333333334,
        "mao_zedong_thought": 1.0,
        "education_science": 0.9117647058823529,
        "teacher_qualification": 0.9591836734693877,
        "high_school_politics": 0.9583333333333334,
        "high_school_geography": 0.9166666666666666,
        "middle_school_politics": 0.9230769230769231,
        "middle_school_geography": 0.9411764705882353,
        "modern_chinese_history": 0.9285714285714286,
        "ideological_and_moral_cultivation": 0.9583333333333334,
        "logic": 0.8888888888888888,
        "law": 0.896551724137931,
        "chinese_language_and_literature": 0.7857142857142857,
        "art_studies": 0.9210526315789473,
        "professional_tour_guide": 0.9705882352941176,
        "legal_professional": 0.8571428571428571,
        "high_school_chinese": 0.875,
        "high_school_history": 1.0,
        "middle_school_history": 0.9629629629629629,
        "civil_servant": 0.9230769230769231,
        "sports_science": 0.9166666666666666,
        "plant_protection": 0.9629629629629629,
        "basic_medicine": 0.9166666666666666,
        "clinical_medicine": 0.9629629629629629,
        "urban_and_rural_planner": 0.8627450980392157,
        "accountant": 0.9444444444444444,
        "fire_engineer": 0.8888888888888888,
        "environmental_impact_assessment_engineer": 0.8611111111111112,
        "tax_accountant": 0.8703703703703703,
        "physician": 0.8888888888888888
    }
}