{
    "overall_acc": 0.45142857142857146,
    "language_acc": {
        "Filipino": 0.4533333333333333,
        "Vietnamese": 0.43333333333333335,
        "Chinese": 0.4533333333333333,
        "Spanish": 0.42,
        "Malay": 0.48,
        "Indonesian": 0.46,
        "English": 0.46
    },
    "consistency_score_2": 0.6977777777777778,
    "consistency_score_3": 0.570857142857143,
    "consistency_score_4": 0.49542857142857144,
    "consistency_score_5": 0.44317460317460317,
    "consistency_score_6": 0.40380952380952373,
    "consistency_score_7": 0.37333333333333335,
    "detailed_consistency_score": {
        "2_combine": {
            "Filipino,Vietnamese": 0.7066666666666667,
            "Filipino,Chinese": 0.5933333333333334,
            "Filipino,Spanish": 0.7266666666666667,
            "Filipino,Malay": 0.74,
            "Filipino,Indonesian": 0.7,
            "Filipino,English": 0.7733333333333333,
            "Vietnamese,Chinese": 0.6266666666666667,
            "Vietnamese,Spanish": 0.6733333333333333,
            "Vietnamese,Malay": 0.7066666666666667,
            "Vietnamese,Indonesian": 0.7,
            "Vietnamese,English": 0.7133333333333334,
            "Chinese,Spanish": 0.6333333333333333,
            "Chinese,Malay": 0.5733333333333334,
            "Chinese,Indonesian": 0.6533333333333333,
            "Chinese,English": 0.6466666666666666,
            "Spanish,Malay": 0.7266666666666667,
            "Spanish,Indonesian": 0.7333333333333333,
            "Spanish,English": 0.7733333333333333,
            "Malay,Indonesian": 0.76,
            "Malay,English": 0.76,
            "Indonesian,English": 0.7333333333333333
        },
        "3_combine": {
            "Filipino,Vietnamese,Chinese": 0.49333333333333335,
            "Filipino,Vietnamese,Spanish": 0.5733333333333334,
            "Filipino,Vietnamese,Malay": 0.6,
            "Filipino,Vietnamese,Indonesian": 0.5866666666666667,
            "Filipino,Vietnamese,English": 0.6133333333333333,
            "Filipino,Chinese,Spanish": 0.5133333333333333,
            "Filipino,Chinese,Malay": 0.4866666666666667,
            "Filipino,Chinese,Indonesian": 0.49333333333333335,
            "Filipino,Chinese,English": 0.5333333333333333,
            "Filipino,Spanish,Malay": 0.6133333333333333,
            "Filipino,Spanish,Indonesian": 0.6,
            "Filipino,Spanish,English": 0.6666666666666666,
            "Filipino,Malay,Indonesian": 0.62,
            "Filipino,Malay,English": 0.6466666666666666,
            "Filipino,Indonesian,English": 0.62,
            "Vietnamese,Chinese,Spanish": 0.5066666666666667,
            "Vietnamese,Chinese,Malay": 0.4866666666666667,
            "Vietnamese,Chinese,Indonesian": 0.52,
            "Vietnamese,Chinese,English": 0.5133333333333333,
            "Vietnamese,Spanish,Malay": 0.5666666666666667,
            "Vietnamese,Spanish,Indonesian": 0.5866666666666667,
            "Vietnamese,Spanish,English": 0.6066666666666667,
            "Vietnamese,Malay,Indonesian": 0.6066666666666667,
            "Vietnamese,Malay,English": 0.6066666666666667,
            "Vietnamese,Indonesian,English": 0.5933333333333334,
            "Chinese,Spanish,Malay": 0.5,
            "Chinese,Spanish,Indonesian": 0.5466666666666666,
            "Chinese,Spanish,English": 0.5466666666666666,
            "Chinese,Malay,Indonesian": 0.52,
            "Chinese,Malay,English": 0.5066666666666667,
            "Chinese,Indonesian,English": 0.5333333333333333,
            "Spanish,Malay,Indonesian": 0.6333333333333333,
            "Spanish,Malay,English": 0.6533333333333333,
            "Spanish,Indonesian,English": 0.64,
            "Malay,Indonesian,English": 0.6466666666666666
        },
        "4_combine": {
            "Filipino,Vietnamese,Chinese,Spanish": 0.44,
            "Filipino,Vietnamese,Chinese,Malay": 0.44,
            "Filipino,Vietnamese,Chinese,Indonesian": 0.43333333333333335,
            "Filipino,Vietnamese,Chinese,English": 0.46,
            "Filipino,Vietnamese,Spanish,Malay": 0.5133333333333333,
            "Filipino,Vietnamese,Spanish,Indonesian": 0.52,
            "Filipino,Vietnamese,Spanish,English": 0.5466666666666666,
            "Filipino,Vietnamese,Malay,Indonesian": 0.54,
            "Filipino,Vietnamese,Malay,English": 0.5533333333333333,
            "Filipino,Vietnamese,Indonesian,English": 0.5333333333333333,
            "Filipino,Chinese,Spanish,Malay": 0.43333333333333335,
            "Filipino,Chinese,Spanish,Indonesian": 0.4533333333333333,
            "Filipino,Chinese,Spanish,English": 0.48,
            "Filipino,Chinese,Malay,Indonesian": 0.4533333333333333,
            "Filipino,Chinese,Malay,English": 0.4533333333333333,
            "Filipino,Chinese,Indonesian,English": 0.46,
            "Filipino,Spanish,Malay,Indonesian": 0.5466666666666666,
            "Filipino,Spanish,Malay,English": 0.58,
            "Filipino,Spanish,Indonesian,English": 0.5666666666666667,
            "Filipino,Malay,Indonesian,English": 0.5666666666666667,
            "Vietnamese,Chinese,Spanish,Malay": 0.44,
            "Vietnamese,Chinese,Spanish,Indonesian": 0.4533333333333333,
            "Vietnamese,Chinese,Spanish,English": 0.46,
            "Vietnamese,Chinese,Malay,Indonesian": 0.4533333333333333,
            "Vietnamese,Chinese,Malay,English": 0.44666666666666666,
            "Vietnamese,Chinese,Indonesian,English": 0.44666666666666666,
            "Vietnamese,Spanish,Malay,Indonesian": 0.54,
            "Vietnamese,Spanish,Malay,English": 0.54,
            "Vietnamese,Spanish,Indonesian,English": 0.5466666666666666,
            "Vietnamese,Malay,Indonesian,English": 0.5533333333333333,
            "Chinese,Spanish,Malay,Indonesian": 0.48,
            "Chinese,Spanish,Malay,English": 0.46,
            "Chinese,Spanish,Indonesian,English": 0.4866666666666667,
            "Chinese,Malay,Indonesian,English": 0.47333333333333333,
            "Spanish,Malay,Indonesian,English": 0.5866666666666667
        },
        "5_combine": {
            "Filipino,Vietnamese,Chinese,Spanish,Malay": 0.4,
            "Filipino,Vietnamese,Chinese,Spanish,Indonesian": 0.4,
            "Filipino,Vietnamese,Chinese,Spanish,English": 0.42,
            "Filipino,Vietnamese,Chinese,Malay,Indonesian": 0.41333333333333333,
            "Filipino,Vietnamese,Chinese,Malay,English": 0.42,
            "Filipino,Vietnamese,Chinese,Indonesian,English": 0.4066666666666667,
            "Filipino,Vietnamese,Spanish,Malay,Indonesian": 0.4866666666666667,
            "Filipino,Vietnamese,Spanish,Malay,English": 0.5,
            "Filipino,Vietnamese,Spanish,Indonesian,English": 0.5,
            "Filipino,Vietnamese,Malay,Indonesian,English": 0.5066666666666667,
            "Filipino,Chinese,Spanish,Malay,Indonesian": 0.42,
            "Filipino,Chinese,Spanish,Malay,English": 0.41333333333333333,
            "Filipino,Chinese,Spanish,Indonesian,English": 0.43333333333333335,
            "Filipino,Chinese,Malay,Indonesian,English": 0.4266666666666667,
            "Filipino,Spanish,Malay,Indonesian,English": 0.52,
            "Vietnamese,Chinese,Spanish,Malay,Indonesian": 0.4266666666666667,
            "Vietnamese,Chinese,Spanish,Malay,English": 0.41333333333333333,
            "Vietnamese,Chinese,Spanish,Indonesian,English": 0.42,
            "Vietnamese,Chinese,Malay,Indonesian,English": 0.42,
            "Vietnamese,Spanish,Malay,Indonesian,English": 0.5133333333333333,
            "Chinese,Spanish,Malay,Indonesian,English": 0.44666666666666666
        },
        "6_combine": {
            "Filipino,Vietnamese,Chinese,Spanish,Malay,Indonesian": 0.38666666666666666,
            "Filipino,Vietnamese,Chinese,Spanish,Malay,English": 0.38666666666666666,
            "Filipino,Vietnamese,Chinese,Spanish,Indonesian,English": 0.38666666666666666,
            "Filipino,Vietnamese,Chinese,Malay,Indonesian,English": 0.3933333333333333,