{
    "overall_acc": 0.5219047619047619,
    "language_acc": {
        "Filipino": 0.5066666666666667,
        "Vietnamese": 0.47333333333333333,
        "Chinese": 0.5466666666666666,
        "Spanish": 0.5266666666666666,
        "Malay": 0.4666666666666667,
        "Indonesian": 0.5066666666666667,
        "English": 0.6266666666666667
    },
    "consistency_score_2": 0.49269841269841275,
    "consistency_score_3": 0.3135238095238095,
    "consistency_score_4": 0.22704761904761903,
    "consistency_score_5": 0.17968253968253972,
    "consistency_score_6": 0.15333333333333332,
    "consistency_score_7": 0.14,
    "detailed_consistency_score": {
        "2_combine": {
            "Filipino,Vietnamese": 0.48,
            "Filipino,Chinese": 0.44,
            "Filipino,Spanish": 0.47333333333333333,
            "Filipino,Malay": 0.52,
            "Filipino,Indonesian": 0.4666666666666667,
            "Filipino,English": 0.48,
            "Vietnamese,Chinese": 0.5,
            "Vietnamese,Spanish": 0.5333333333333333,
            "Vietnamese,Malay": 0.4533333333333333,
            "Vietnamese,Indonesian": 0.49333333333333335,
            "Vietnamese,English": 0.5066666666666667,
            "Chinese,Spanish": 0.4666666666666667,
            "Chinese,Malay": 0.38,
            "Chinese,Indonesian": 0.4533333333333333,
            "Chinese,English": 0.5266666666666666,
            "Spanish,Malay": 0.4866666666666667,
            "Spanish,Indonesian": 0.56,
            "Spanish,English": 0.5933333333333334,
            "Malay,Indonesian": 0.5266666666666666,
            "Malay,English": 0.48,
            "Indonesian,English": 0.5266666666666666
        },
        "3_combine": {
            "Filipino,Vietnamese,Chinese": 0.3,
            "Filipino,Vietnamese,Spanish": 0.3333333333333333,
            "Filipino,Vietnamese,Malay": 0.30666666666666664,
            "Filipino,Vietnamese,Indonesian": 0.3,
            "Filipino,Vietnamese,English": 0.3,
            "Filipino,Chinese,Spanish": 0.24666666666666667,
            "Filipino,Chinese,Malay": 0.25333333333333335,
            "Filipino,Chinese,Indonesian": 0.26,
            "Filipino,Chinese,English": 0.31333333333333335,
            "Filipino,Spanish,Malay": 0.31333333333333335,
            "Filipino,Spanish,Indonesian": 0.32666666666666666,
            "Filipino,Spanish,English": 0.32666666666666666,
            "Filipino,Malay,Indonesian": 0.34,
            "Filipino,Malay,English": 0.31333333333333335,
            "Filipino,Indonesian,English": 0.30666666666666664,
            "Vietnamese,Chinese,Spanish": 0.3333333333333333,
            "Vietnamese,Chinese,Malay": 0.23333333333333334,
            "Vietnamese,Chinese,Indonesian": 0.32,
            "Vietnamese,Chinese,English": 0.34,
            "Vietnamese,Spanish,Malay": 0.32666666666666666,
            "Vietnamese,Spanish,Indonesian": 0.37333333333333335,
            "Vietnamese,Spanish,English": 0.36666666666666664,
            "Vietnamese,Malay,Indonesian": 0.32,
            "Vietnamese,Malay,English": 0.2866666666666667,
            "Vietnamese,Indonesian,English": 0.3333333333333333,
            "Chinese,Spanish,Malay": 0.22,
            "Chinese,Spanish,Indonesian": 0.30666666666666664,
            "Chinese,Spanish,English": 0.38,
            "Chinese,Malay,Indonesian": 0.28,
            "Chinese,Malay,English": 0.28,
            "Chinese,Indonesian,English": 0.32666666666666666,
            "Spanish,Malay,Indonesian": 0.36666666666666664,
            "Spanish,Malay,English": 0.32666666666666666,
            "Spanish,Indonesian,English": 0.37333333333333335,
            "Malay,Indonesian,English": 0.34
        },
        "4_combine": {
            "Filipino,Vietnamese,Chinese,Spanish": 0.21333333333333335,
            "Filipino,Vietnamese,Chinese,Malay": 0.18666666666666668,
            "Filipino,Vietnamese,Chinese,Indonesian": 0.2,
            "Filipino,Vietnamese,Chinese,English": 0.23333333333333334,
            "Filipino,Vietnamese,Spanish,Malay": 0.24666666666666667,
            "Filipino,Vietnamese,Spanish,Indonesian": 0.25333333333333335,
            "Filipino,Vietnamese,Spanish,English": 0.24,
            "Filipino,Vietnamese,Malay,Indonesian": 0.24,
            "Filipino,Vietnamese,Malay,English": 0.20666666666666667,
            "Filipino,Vietnamese,Indonesian,English": 0.21333333333333335,
            "Filipino,Chinese,Spanish,Malay": 0.16,
            "Filipino,Chinese,Spanish,Indonesian": 0.18,
            "Filipino,Chinese,Spanish,English": 0.22666666666666666,
            "Filipino,Chinese,Malay,Indonesian": 0.20666666666666667,
            "Filipino,Chinese,Malay,English": 0.22,
            "Filipino,Chinese,Indonesian,English": 0.22,
            "Filipino,Spanish,Malay,Indonesian": 0.26666666666666666,
            "Filipino,Spanish,Malay,English": 0.22666666666666666,
            "Filipino,Spanish,Indonesian,English": 0.23333333333333334,
            "Filipino,Malay,Indonesian,English": 0.26666666666666666,
            "Vietnamese,Chinese,Spanish,Malay": 0.17333333333333334,
            "Vietnamese,Chinese,Spanish,Indonesian": 0.25333333333333335,
            "Vietnamese,Chinese,Spanish,English": 0.2733333333333333,
            "Vietnamese,Chinese,Malay,Indonesian": 0.2,
            "Vietnamese,Chinese,Malay,English": 0.2,
            "Vietnamese,Chinese,Indonesian,English": 0.25333333333333335,
            "Vietnamese,Spanish,Malay,Indonesian": 0.2733333333333333,
            "Vietnamese,Spanish,Malay,English": 0.23333333333333334,
            "Vietnamese,Spanish,Indonesian,English": 0.2733333333333333,
            "Vietnamese,Malay,Indonesian,English": 0.22,
            "Chinese,Spanish,Malay,Indonesian": 0.19333333333333333,
            "Chinese,Spanish,Malay,English": 0.20666666666666667,
            "Chinese,Spanish,Indonesian,English": 0.26,
            "Chinese,Malay,Indonesian,English": 0.23333333333333334,
            "Spanish,Malay,Indonesian,English": 0.26
        },
        "5_combine": {
            "Filipino,Vietnamese,Chinese,Spanish,Malay": 0.14666666666666667,
            "Filipino,Vietnamese,Chinese,Spanish,Indonesian": 0.16666666666666666,
            "Filipino,Vietnamese,Chinese,Spanish,English": 0.19333333333333333,
            "Filipino,Vietnamese,Chinese,Malay,Indonesian": 0.16,
            "Filipino,Vietnamese,Chinese,Malay,English": 0.16666666666666666,
            "Filipino,Vietnamese,Chinese,Indonesian,English": 0.17333333333333334,
            "Filipino,Vietnamese,Spanish,Malay,Indonesian": 0.22,
            "Filipino,Vietnamese,Spanish,Malay,English": 0.18,
            "Filipino,Vietnamese,Spanish,Indonesian,English": 0.18666666666666668,
            "Filipino,Vietnamese,Malay,Indonesian,English": 0.18,
            "Filipino,Chinese,Spanish,Malay,Indonesian": 0.15333333333333332,
            "Filipino,Chinese,Spanish,Malay,English": 0.16,
            "Filipino,Chinese,Spanish,Indonesian,English": 0.16666666666666666,
            "Filipino,Chinese,Malay,Indonesian,English": 0.2,
            "Filipino,Spanish,Malay,Indonesian,English": 0.20666666666666667,
            "Vietnamese,Chinese,Spanish,Malay,Indonesian": 0.16666666666666666,
            "Vietnamese,Chinese,Spanish,Malay,English": 0.16666666666666666,
            "Vietnamese,Chinese,Spanish,Indonesian,English": 0.22,
            "Vietnamese,Chinese,Malay,Indonesian,English": 0.18,
            "Vietnamese,Spanish,Malay,Indonesian,English": 0.2,
            "Chinese,Spanish,Malay,Indonesian,English": 0.18
        },
        "6_combine": {
            "Filipino,Vietnamese,Chinese,Spanish,Malay,Indonesian": 0.14,
            "Filipino,Vietnamese,Chinese,Spanish,Malay,English": 0.14666666666666667,
            "Filipino,Vietnamese,Chinese,Spanish,Indonesian,English": 0.15333333333333332,
            "Filipino,Vietnamese,Chinese,Malay,Indonesian,English": 0.15333333333333332,