{
    "overall_acc": 0.5257142857142857,
    "language_acc": {
        "Filipino": 0.5066666666666667,
        "Vietnamese": 0.49333333333333335,
        "Chinese": 0.52,
        "Spanish": 0.5533333333333333,
        "Malay": 0.47333333333333333,
        "Indonesian": 0.49333333333333335,
        "English": 0.64
    },
    "consistency_score_2": 0.47714285714285704,
    "consistency_score_3": 0.2897142857142857,
    "consistency_score_4": 0.1996190476190476,
    "consistency_score_5": 0.1485714285714286,
    "consistency_score_6": 0.11619047619047619,
    "consistency_score_7": 0.09333333333333334,
    "detailed_consistency_score": {
        "2_combine": {
            "Filipino,Vietnamese": 0.49333333333333335,
            "Filipino,Chinese": 0.44666666666666666,
            "Filipino,Spanish": 0.5,
            "Filipino,Malay": 0.48,
            "Filipino,Indonesian": 0.49333333333333335,
            "Filipino,English": 0.5333333333333333,
            "Vietnamese,Chinese": 0.36666666666666664,
            "Vietnamese,Spanish": 0.4266666666666667,
            "Vietnamese,Malay": 0.44,
            "Vietnamese,Indonesian": 0.4866666666666667,
            "Vietnamese,English": 0.4666666666666667,
            "Chinese,Spanish": 0.46,
            "Chinese,Malay": 0.4066666666666667,
            "Chinese,Indonesian": 0.43333333333333335,
            "Chinese,English": 0.4533333333333333,
            "Spanish,Malay": 0.5533333333333333,
            "Spanish,Indonesian": 0.5266666666666666,
            "Spanish,English": 0.5666666666666667,
            "Malay,Indonesian": 0.5533333333333333,
            "Malay,English": 0.4266666666666667,
            "Indonesian,English": 0.5066666666666667
        },
        "3_combine": {
            "Filipino,Vietnamese,Chinese": 0.24,
            "Filipino,Vietnamese,Spanish": 0.2866666666666667,
            "Filipino,Vietnamese,Malay": 0.2866666666666667,
            "Filipino,Vietnamese,Indonesian": 0.3,
            "Filipino,Vietnamese,English": 0.3,
            "Filipino,Chinese,Spanish": 0.2866666666666667,
            "Filipino,Chinese,Malay": 0.25333333333333335,
            "Filipino,Chinese,Indonesian": 0.25333333333333335,
            "Filipino,Chinese,English": 0.2866666666666667,
            "Filipino,Spanish,Malay": 0.3466666666666667,
            "Filipino,Spanish,Indonesian": 0.32,
            "Filipino,Spanish,English": 0.35333333333333333,
            "Filipino,Malay,Indonesian": 0.32666666666666666,
            "Filipino,Malay,English": 0.29333333333333333,
            "Filipino,Indonesian,English": 0.32666666666666666,
            "Vietnamese,Chinese,Spanish": 0.22666666666666666,
            "Vietnamese,Chinese,Malay": 0.22,
            "Vietnamese,Chinese,Indonesian": 0.22,
            "Vietnamese,Chinese,English": 0.22666666666666666,
            "Vietnamese,Spanish,Malay": 0.3,
            "Vietnamese,Spanish,Indonesian": 0.29333333333333333,
            "Vietnamese,Spanish,English": 0.30666666666666664,
            "Vietnamese,Malay,Indonesian": 0.3,
            "Vietnamese,Malay,English": 0.26,
            "Vietnamese,Indonesian,English": 0.3,
            "Chinese,Spanish,Malay": 0.28,
            "Chinese,Spanish,Indonesian": 0.2866666666666667,
            "Chinese,Spanish,English": 0.30666666666666664,
            "Chinese,Malay,Indonesian": 0.26666666666666666,
            "Chinese,Malay,English": 0.22666666666666666,
            "Chinese,Indonesian,English": 0.28,
            "Spanish,Malay,Indonesian": 0.37333333333333335,
            "Spanish,Malay,English": 0.3333333333333333,
            "Spanish,Indonesian,English": 0.36666666666666664,
            "Malay,Indonesian,English": 0.30666666666666664
        },
        "4_combine": {
            "Filipino,Vietnamese,Chinese,Spanish": 0.17333333333333334,
            "Filipino,Vietnamese,Chinese,Malay": 0.16,
            "Filipino,Vietnamese,Chinese,Indonesian": 0.15333333333333332,
            "Filipino,Vietnamese,Chinese,English": 0.16666666666666666,
            "Filipino,Vietnamese,Spanish,Malay": 0.22666666666666666,
            "Filipino,Vietnamese,Spanish,Indonesian": 0.21333333333333335,
            "Filipino,Vietnamese,Spanish,English": 0.23333333333333334,
            "Filipino,Vietnamese,Malay,Indonesian": 0.20666666666666667,
            "Filipino,Vietnamese,Malay,English": 0.2,
            "Filipino,Vietnamese,Indonesian,English": 0.22666666666666666,
            "Filipino,Chinese,Spanish,Malay": 0.19333333333333333,
            "Filipino,Chinese,Spanish,Indonesian": 0.18666666666666668,
            "Filipino,Chinese,Spanish,English": 0.21333333333333335,
            "Filipino,Chinese,Malay,Indonesian": 0.17333333333333334,
            "Filipino,Chinese,Malay,English": 0.17333333333333334,
            "Filipino,Chinese,Indonesian,English": 0.2,
            "Filipino,Spanish,Malay,Indonesian": 0.26,
            "Filipino,Spanish,Malay,English": 0.24666666666666667,
            "Filipino,Spanish,Indonesian,English": 0.24666666666666667,
            "Filipino,Malay,Indonesian,English": 0.22,
            "Vietnamese,Chinese,Spanish,Malay": 0.16666666666666666,
            "Vietnamese,Chinese,Spanish,Indonesian": 0.16666666666666666,
            "Vietnamese,Chinese,Spanish,English": 0.17333333333333334,
            "Vietnamese,Chinese,Malay,Indonesian": 0.16,
            "Vietnamese,Chinese,Malay,English": 0.14666666666666667,
            "Vietnamese,Chinese,Indonesian,English": 0.16666666666666666,
            "Vietnamese,Spanish,Malay,Indonesian": 0.22666666666666666,
            "Vietnamese,Spanish,Malay,English": 0.22666666666666666,
            "Vietnamese,Spanish,Indonesian,English": 0.22,
            "Vietnamese,Malay,Indonesian,English": 0.19333333333333333,
            "Chinese,Spanish,Malay,Indonesian": 0.20666666666666667,
            "Chinese,Spanish,Malay,English": 0.19333333333333333,
            "Chinese,Spanish,Indonesian,English": 0.21333333333333335,
            "Chinese,Malay,Indonesian,English": 0.18666666666666668,
            "Spanish,Malay,Indonesian,English": 0.26666666666666666
        },
        "5_combine": {
            "Filipino,Vietnamese,Chinese,Spanish,Malay": 0.13333333333333333,
            "Filipino,Vietnamese,Chinese,Spanish,Indonesian": 0.12666666666666668,
            "Filipino,Vietnamese,Chinese,Spanish,English": 0.14666666666666667,
            "Filipino,Vietnamese,Chinese,Malay,Indonesian": 0.11333333333333333,
            "Filipino,Vietnamese,Chinese,Malay,English": 0.12666666666666668,
            "Filipino,Vietnamese,Chinese,Indonesian,English": 0.13333333333333333,
            "Filipino,Vietnamese,Spanish,Malay,Indonesian": 0.18,
            "Filipino,Vietnamese,Spanish,Malay,English": 0.18666666666666668,
            "Filipino,Vietnamese,Spanish,Indonesian,English": 0.18,
            "Filipino,Vietnamese,Malay,Indonesian,English": 0.15333333333333332,
            "Filipino,Chinese,Spanish,Malay,Indonesian": 0.14666666666666667,
            "Filipino,Chinese,Spanish,Malay,English": 0.14666666666666667,
            "Filipino,Chinese,Spanish,Indonesian,English": 0.15333333333333332,
            "Filipino,Chinese,Malay,Indonesian,English": 0.14,
            "Filipino,Spanish,Malay,Indonesian,English": 0.2,
            "Vietnamese,Chinese,Spanish,Malay,Indonesian": 0.13333333333333333,
            "Vietnamese,Chinese,Spanish,Malay,English": 0.13333333333333333,
            "Vietnamese,Chinese,Spanish,Indonesian,English": 0.13333333333333333,
            "Vietnamese,Chinese,Malay,Indonesian,English": 0.12,
            "Vietnamese,Spanish,Malay,Indonesian,English": 0.17333333333333334,
            "Chinese,Spanish,Malay,Indonesian,English": 0.16
        },
        "6_combine": {
            "Filipino,Vietnamese,Chinese,Spanish,Malay,Indonesian": 0.10666666666666667,
            "Filipino,Vietnamese,Chinese,Spanish,Malay,English": 0.12,