{
    "accuracy": 0.2714819427148194,
    "category_acc": {
        "computer_network": 0.25,
        "operating_system": 0.3333333333333333,
        "computer_architecture": 0.19230769230769232,
        "college_programming": 0.19047619047619047,
        "college_physics": 0.25,
        "college_chemistry": 0.3103448275862069,
        "advanced_mathematics": 0.3333333333333333,
        "probability_and_statistics": 0.2608695652173913,
        "discrete_mathematics": 0.23809523809523808,
        "electrical_engineer": 0.23809523809523808,
        "metrology_engineer": 0.20689655172413793,
        "high_school_mathematics": 0.5217391304347826,
        "high_school_physics": 0.25,
        "high_school_chemistry": 0.375,
        "high_school_biology": 0.125,
        "middle_school_mathematics": 0.3333333333333333,
        "middle_school_biology": 0.3076923076923077,
        "middle_school_physics": 0.16666666666666666,
        "middle_school_chemistry": 0.32,
        "veterinary_medicine": 0.25,
        "college_economics": 0.2,
        "business_administration": 0.2894736842105263,
        "marxism": 0.2916666666666667,
        "mao_zedong_thought": 0.27586206896551724,
        "education_science": 0.17647058823529413,
        "teacher_qualification": 0.42857142857142855,
        "high_school_politics": 0.125,
        "high_school_geography": 0.25,
        "middle_school_politics": 0.15384615384615385,
        "middle_school_geography": 0.5294117647058824,
        "modern_chinese_history": 0.42857142857142855,
        "ideological_and_moral_cultivation": 0.08333333333333333,
        "logic": 0.3333333333333333,
        "law": 0.3103448275862069,
        "chinese_language_and_literature": 0.39285714285714285,
        "art_studies": 0.42105263157894735,
        "professional_tour_guide": 0.23529411764705882,
        "legal_professional": 0.14285714285714285,
        "high_school_chinese": 0.125,
        "high_school_history": 0.4,
        "middle_school_history": 0.25925925925925924,
        "civil_servant": 0.19230769230769232,
        "sports_science": 0.2916666666666667,
        "plant_protection": 0.25925925925925924,
        "basic_medicine": 0.4166666666666667,
        "clinical_medicine": 0.25925925925925924,
        "urban_and_rural_planner": 0.27450980392156865,
        "accountant": 0.2962962962962963,
        "fire_engineer": 0.19444444444444445,
        "environmental_impact_assessment_engineer": 0.2222222222222222,
        "tax_accountant": 0.2962962962962963,
        "physician": 0.25925925925925924
    }
}