{
    "accuracy": 0.2627646326276463,
    "category_acc": {
        "computer_network": 0.16666666666666666,
        "operating_system": 0.3333333333333333,
        "computer_architecture": 0.23076923076923078,
        "college_programming": 0.19047619047619047,
        "college_physics": 0.16666666666666666,
        "college_chemistry": 0.3103448275862069,
        "advanced_mathematics": 0.2916666666666667,
        "probability_and_statistics": 0.2608695652173913,
        "discrete_mathematics": 0.2857142857142857,
        "electrical_engineer": 0.2619047619047619,
        "metrology_engineer": 0.3793103448275862,
        "high_school_mathematics": 0.34782608695652173,
        "high_school_physics": 0.2916666666666667,
        "high_school_chemistry": 0.4166666666666667,
        "high_school_biology": 0.20833333333333334,
        "middle_school_mathematics": 0.375,
        "middle_school_biology": 0.3076923076923077,
        "middle_school_physics": 0.20833333333333334,
        "middle_school_chemistry": 0.24,
        "veterinary_medicine": 0.2857142857142857,
        "college_economics": 0.25,
        "business_administration": 0.42105263157894735,
        "marxism": 0.25,
        "mao_zedong_thought": 0.1724137931034483,
        "education_science": 0.20588235294117646,
        "teacher_qualification": 0.30612244897959184,
        "high_school_politics": 0.125,
        "high_school_geography": 0.25,
        "middle_school_politics": 0.3076923076923077,
        "middle_school_geography": 0.23529411764705882,
        "modern_chinese_history": 0.25,
        "ideological_and_moral_cultivation": 0.16666666666666666,
        "logic": 0.25925925925925924,
        "law": 0.2413793103448276,
        "chinese_language_and_literature": 0.32142857142857145,
        "art_studies": 0.34210526315789475,
        "professional_tour_guide": 0.17647058823529413,
        "legal_professional": 0.14285714285714285,
        "high_school_chinese": 0.2916666666666667,
        "high_school_history": 0.36,
        "middle_school_history": 0.3333333333333333,
        "civil_servant": 0.2692307692307692,
        "sports_science": 0.16666666666666666,
        "plant_protection": 0.2222222222222222,
        "basic_medicine": 0.4583333333333333,
        "clinical_medicine": 0.14814814814814814,
        "urban_and_rural_planner": 0.2549019607843137,
        "accountant": 0.2037037037037037,
        "fire_engineer": 0.2777777777777778,
        "environmental_impact_assessment_engineer": 0.2222222222222222,
        "tax_accountant": 0.2777777777777778,
        "physician": 0.24074074074074073
    }
}