{
    "accuracy": 0.27023661270236615,
    "category_acc": {
        "computer_network": 0.2916666666666667,
        "operating_system": 0.375,
        "computer_architecture": 0.15384615384615385,
        "college_programming": 0.2619047619047619,
        "college_physics": 0.2916666666666667,
        "college_chemistry": 0.4827586206896552,
        "advanced_mathematics": 0.2916666666666667,
        "probability_and_statistics": 0.34782608695652173,
        "discrete_mathematics": 0.38095238095238093,
        "electrical_engineer": 0.2619047619047619,
        "metrology_engineer": 0.27586206896551724,
        "high_school_mathematics": 0.43478260869565216,
        "high_school_physics": 0.16666666666666666,
        "high_school_chemistry": 0.4583333333333333,
        "high_school_biology": 0.041666666666666664,
        "middle_school_mathematics": 0.25,
        "middle_school_biology": 0.46153846153846156,
        "middle_school_physics": 0.25,
        "middle_school_chemistry": 0.36,
        "veterinary_medicine": 0.35714285714285715,
        "college_economics": 0.18333333333333332,
        "business_administration": 0.21052631578947367,
        "marxism": 0.25,
        "mao_zedong_thought": 0.1724137931034483,
        "education_science": 0.20588235294117646,
        "teacher_qualification": 0.32653061224489793,
        "high_school_politics": 0.08333333333333333,
        "high_school_geography": 0.16666666666666666,
        "middle_school_politics": 0.23076923076923078,
        "middle_school_geography": 0.5882352941176471,
        "modern_chinese_history": 0.32142857142857145,
        "ideological_and_moral_cultivation": 0.16666666666666666,
        "logic": 0.3333333333333333,
        "law": 0.13793103448275862,
        "chinese_language_and_literature": 0.35714285714285715,
        "art_studies": 0.2894736842105263,
        "professional_tour_guide": 0.23529411764705882,
        "legal_professional": 0.17857142857142858,
        "high_school_chinese": 0.16666666666666666,
        "high_school_history": 0.32,
        "middle_school_history": 0.2962962962962963,
        "civil_servant": 0.21153846153846154,
        "sports_science": 0.3333333333333333,
        "plant_protection": 0.14814814814814814,
        "basic_medicine": 0.5833333333333334,
        "clinical_medicine": 0.2962962962962963,
        "urban_and_rural_planner": 0.29411764705882354,
        "accountant": 0.2222222222222222,
        "fire_engineer": 0.2222222222222222,
        "environmental_impact_assessment_engineer": 0.1388888888888889,
        "tax_accountant": 0.2962962962962963,
        "physician": 0.2777777777777778
    }
}