{
    "accuracy": 0.26899128268991285,
    "category_acc": {
        "computer_network": 0.2916666666666667,
        "operating_system": 0.375,
        "computer_architecture": 0.23076923076923078,
        "college_programming": 0.2857142857142857,
        "college_physics": 0.20833333333333334,
        "college_chemistry": 0.41379310344827586,
        "advanced_mathematics": 0.125,
        "probability_and_statistics": 0.21739130434782608,
        "discrete_mathematics": 0.47619047619047616,
        "electrical_engineer": 0.23809523809523808,
        "metrology_engineer": 0.27586206896551724,
        "high_school_mathematics": 0.30434782608695654,
        "high_school_physics": 0.20833333333333334,
        "high_school_chemistry": 0.4583333333333333,
        "high_school_biology": 0.25,
        "middle_school_mathematics": 0.2916666666666667,
        "middle_school_biology": 0.38461538461538464,
        "middle_school_physics": 0.2916666666666667,
        "middle_school_chemistry": 0.16,
        "veterinary_medicine": 0.32142857142857145,
        "college_economics": 0.23333333333333334,
        "business_administration": 0.39473684210526316,
        "marxism": 0.25,
        "mao_zedong_thought": 0.1724137931034483,
        "education_science": 0.23529411764705882,
        "teacher_qualification": 0.20408163265306123,
        "high_school_politics": 0.20833333333333334,
        "high_school_geography": 0.25,
        "middle_school_politics": 0.2692307692307692,
        "middle_school_geography": 0.29411764705882354,
        "modern_chinese_history": 0.32142857142857145,
        "ideological_and_moral_cultivation": 0.16666666666666666,
        "logic": 0.3333333333333333,
        "law": 0.3103448275862069,
        "chinese_language_and_literature": 0.25,
        "art_studies": 0.21052631578947367,
        "professional_tour_guide": 0.29411764705882354,
        "legal_professional": 0.14285714285714285,
        "high_school_chinese": 0.3333333333333333,
        "high_school_history": 0.36,
        "middle_school_history": 0.2222222222222222,
        "civil_servant": 0.25,
        "sports_science": 0.375,
        "plant_protection": 0.14814814814814814,
        "basic_medicine": 0.4583333333333333,
        "clinical_medicine": 0.25925925925925924,
        "urban_and_rural_planner": 0.19607843137254902,
        "accountant": 0.2037037037037037,
        "fire_engineer": 0.16666666666666666,
        "environmental_impact_assessment_engineer": 0.3333333333333333,
        "tax_accountant": 0.25925925925925924,
        "physician": 0.3333333333333333
    }
}