{
    "accuracy": 0.32593679848040064,
    "category_acc": {
        "agronomy": 0.28402366863905326,
        "anatomy": 0.2702702702702703,
        "ancient_chinese": 0.23780487804878048,
        "arts": 0.36875,
        "astronomy": 0.3393939393939394,
        "business_ethics": 0.35406698564593303,
        "chinese_civil_service_exam": 0.28125,
        "chinese_driving_rule": 0.4122137404580153,
        "chinese_food_culture": 0.3161764705882353,
        "chinese_foreign_policy": 0.3177570093457944,
        "chinese_history": 0.4024767801857585,
        "chinese_literature": 0.29901960784313725,
        "chinese_teacher_qualification": 0.3854748603351955,
        "clinical_knowledge": 0.27848101265822783,
        "college_actuarial_science": 0.2169811320754717,
        "college_education": 0.29906542056074764,
        "college_engineering_hydrology": 0.3490566037735849,
        "college_law": 0.25925925925925924,
        "college_mathematics": 0.2,
        "college_medical_statistics": 0.36792452830188677,
        "college_medicine": 0.315018315018315,
        "computer_science": 0.3382352941176471,
        "computer_security": 0.29239766081871343,
        "conceptual_physics": 0.3333333333333333,
        "construction_project_management": 0.37410071942446044,
        "economics": 0.389937106918239,
        "education": 0.3128834355828221,
        "electrical_engineering": 0.3430232558139535,
        "elementary_chinese": 0.2619047619047619,
        "elementary_commonsense": 0.32323232323232326,
        "elementary_information_and_technology": 0.4117647058823529,
        "elementary_mathematics": 0.3347826086956522,
        "ethnology": 0.34074074074074073,
        "food_science": 0.36363636363636365,
        "genetics": 0.23295454545454544,
        "global_facts": 0.2550335570469799,
        "high_school_biology": 0.23076923076923078,
        "high_school_chemistry": 0.24242424242424243,
        "high_school_geography": 0.3389830508474576,
        "high_school_mathematics": 0.24390243902439024,
        "high_school_physics": 0.33636363636363636,
        "high_school_politics": 0.3146853146853147,
        "human_sexuality": 0.30158730158730157,
        "international_law": 0.32432432432432434,
        "journalism": 0.3372093023255814,
        "jurisprudence": 0.340632603406326,
        "legal_and_moral_basis": 0.5607476635514018,
        "logical": 0.34959349593495936,
        "machine_learning": 0.28688524590163933,
        "management": 0.36666666666666664,
        "marketing": 0.38333333333333336,
        "marxist_theory": 0.3862433862433862,
        "modern_chinese": 0.2413793103448276,
        "nutrition": 0.32413793103448274,
        "philosophy": 0.44761904761904764,
        "professional_accounting": 0.26857142857142857,
        "professional_law": 0.3412322274881517,
        "professional_medicine": 0.23404255319148937,
        "professional_psychology": 0.3146551724137931,
        "public_relations": 0.3505747126436782,
        "security_study": 0.34074074074074073,
        "sociology": 0.3407079646017699,
        "sports_science": 0.37575757575757573,
        "traditional_chinese_medicine": 0.2702702702702703,
        "virology": 0.33136094674556216,
        "world_history": 0.3416149068322981,
        "world_religions": 0.3875
    }
}