{
    "accuracy": 0.3265411845967881,
    "category_acc": {
        "agronomy": 0.31952662721893493,
        "anatomy": 0.25,
        "ancient_chinese": 0.22560975609756098,
        "arts": 0.325,
        "astronomy": 0.3151515151515151,
        "business_ethics": 0.3684210526315789,
        "chinese_civil_service_exam": 0.2875,
        "chinese_driving_rule": 0.42748091603053434,
        "chinese_food_culture": 0.3014705882352941,
        "chinese_foreign_policy": 0.4205607476635514,
        "chinese_history": 0.42724458204334365,
        "chinese_literature": 0.30392156862745096,
        "chinese_teacher_qualification": 0.4022346368715084,
        "clinical_knowledge": 0.27848101265822783,
        "college_actuarial_science": 0.2169811320754717,
        "college_education": 0.38317757009345793,
        "college_engineering_hydrology": 0.3584905660377358,
        "college_law": 0.25925925925925924,
        "college_mathematics": 0.24761904761904763,
        "college_medical_statistics": 0.27358490566037735,
        "college_medicine": 0.2893772893772894,
        "computer_science": 0.3137254901960784,
        "computer_security": 0.3508771929824561,
        "conceptual_physics": 0.3333333333333333,
        "construction_project_management": 0.2805755395683453,
        "economics": 0.34591194968553457,
        "education": 0.38650306748466257,
        "electrical_engineering": 0.31976744186046513,
        "elementary_chinese": 0.25396825396825395,
        "elementary_commonsense": 0.3181818181818182,
        "elementary_information_and_technology": 0.3865546218487395,
        "elementary_mathematics": 0.27391304347826084,
        "ethnology": 0.32592592592592595,
        "food_science": 0.34965034965034963,
        "genetics": 0.2556818181818182,
        "global_facts": 0.3221476510067114,
        "high_school_biology": 0.2603550295857988,
        "high_school_chemistry": 0.2878787878787879,
        "high_school_geography": 0.2796610169491525,
        "high_school_mathematics": 0.1951219512195122,
        "high_school_physics": 0.2909090909090909,
        "high_school_politics": 0.32167832167832167,
        "human_sexuality": 0.35714285714285715,
        "international_law": 0.31351351351351353,
        "journalism": 0.3546511627906977,
        "jurisprudence": 0.3284671532846715,
        "legal_and_moral_basis": 0.5841121495327103,
        "logical": 0.3333333333333333,
        "machine_learning": 0.2459016393442623,
        "management": 0.3238095238095238,
        "marketing": 0.37777777777777777,
        "marxist_theory": 0.43386243386243384,
        "modern_chinese": 0.2413793103448276,
        "nutrition": 0.2896551724137931,
        "philosophy": 0.41904761904761906,
        "professional_accounting": 0.3314285714285714,
        "professional_law": 0.33649289099526064,
        "professional_medicine": 0.23670212765957446,
        "professional_psychology": 0.375,
        "public_relations": 0.3850574712643678,
        "security_study": 0.3037037037037037,
        "sociology": 0.336283185840708,
        "sports_science": 0.37575757575757573,
        "traditional_chinese_medicine": 0.24864864864864866,
        "virology": 0.31952662721893493,
        "world_history": 0.35403726708074534,
        "world_religions": 0.43125
    }
}