{
    "accuracy": 0.33103091003280954,
    "category_acc": {
        "agronomy": 0.33727810650887574,
        "anatomy": 0.25675675675675674,
        "ancient_chinese": 0.2804878048780488,
        "arts": 0.325,
        "astronomy": 0.3151515151515151,
        "business_ethics": 0.36363636363636365,
        "chinese_civil_service_exam": 0.29375,
        "chinese_driving_rule": 0.42748091603053434,
        "chinese_food_culture": 0.2867647058823529,
        "chinese_foreign_policy": 0.4205607476635514,
        "chinese_history": 0.43343653250773995,
        "chinese_literature": 0.3137254901960784,
        "chinese_teacher_qualification": 0.4022346368715084,
        "clinical_knowledge": 0.270042194092827,
        "college_actuarial_science": 0.24528301886792453,
        "college_education": 0.3364485981308411,
        "college_engineering_hydrology": 0.3584905660377358,
        "college_law": 0.28703703703703703,
        "college_mathematics": 0.19047619047619047,
        "college_medical_statistics": 0.33962264150943394,
        "college_medicine": 0.30036630036630035,
        "computer_science": 0.30392156862745096,
        "computer_security": 0.30409356725146197,
        "conceptual_physics": 0.35374149659863946,
        "construction_project_management": 0.35251798561151076,
        "economics": 0.3584905660377358,
        "education": 0.3312883435582822,
        "electrical_engineering": 0.36627906976744184,
        "elementary_chinese": 0.2698412698412698,
        "elementary_commonsense": 0.31313131313131315,
        "elementary_information_and_technology": 0.4369747899159664,
        "elementary_mathematics": 0.2565217391304348,
        "ethnology": 0.31851851851851853,
        "food_science": 0.34965034965034963,
        "genetics": 0.30113636363636365,
        "global_facts": 0.31543624161073824,
        "high_school_biology": 0.28994082840236685,
        "high_school_chemistry": 0.25757575757575757,
        "high_school_geography": 0.3474576271186441,
        "high_school_mathematics": 0.23780487804878048,
        "high_school_physics": 0.3090909090909091,
        "high_school_politics": 0.35664335664335667,
        "human_sexuality": 0.36507936507936506,
        "international_law": 0.31351351351351353,
        "journalism": 0.3488372093023256,
        "jurisprudence": 0.35036496350364965,
        "legal_and_moral_basis": 0.5841121495327103,
        "logical": 0.35772357723577236,
        "machine_learning": 0.20491803278688525,
        "management": 0.34285714285714286,
        "marketing": 0.39444444444444443,
        "marxist_theory": 0.4021164021164021,
        "modern_chinese": 0.25,
        "nutrition": 0.3103448275862069,
        "philosophy": 0.45714285714285713,
        "professional_accounting": 0.32,
        "professional_law": 0.33649289099526064,
        "professional_medicine": 0.23670212765957446,
        "professional_psychology": 0.3448275862068966,
        "public_relations": 0.3735632183908046,
        "security_study": 0.28888888888888886,
        "sociology": 0.3141592920353982,
        "sports_science": 0.34545454545454546,
        "traditional_chinese_medicine": 0.2594594594594595,
        "virology": 0.33136094674556216,
        "world_history": 0.32919254658385094,
        "world_religions": 0.4125
    }
}