{
    "accuracy": 0.31445346226903814,
    "category_acc": {
        "agronomy": 0.26627218934911245,
        "anatomy": 0.28378378378378377,
        "ancient_chinese": 0.23170731707317074,
        "arts": 0.33125,
        "astronomy": 0.3393939393939394,
        "business_ethics": 0.33014354066985646,
        "chinese_civil_service_exam": 0.2625,
        "chinese_driving_rule": 0.31297709923664124,
        "chinese_food_culture": 0.2867647058823529,
        "chinese_foreign_policy": 0.35514018691588783,
        "chinese_history": 0.38699690402476783,
        "chinese_literature": 0.3137254901960784,
        "chinese_teacher_qualification": 0.3407821229050279,
        "clinical_knowledge": 0.29535864978902954,
        "college_actuarial_science": 0.20754716981132076,
        "college_education": 0.32710280373831774,
        "college_engineering_hydrology": 0.3113207547169811,
        "college_law": 0.2037037037037037,
        "college_mathematics": 0.22857142857142856,
        "college_medical_statistics": 0.3018867924528302,
        "college_medicine": 0.31868131868131866,
        "computer_science": 0.3235294117647059,
        "computer_security": 0.2807017543859649,
        "conceptual_physics": 0.2857142857142857,
        "construction_project_management": 0.26618705035971224,
        "economics": 0.3710691823899371,
        "education": 0.3067484662576687,
        "electrical_engineering": 0.3023255813953488,
        "elementary_chinese": 0.2698412698412698,
        "elementary_commonsense": 0.30808080808080807,
        "elementary_information_and_technology": 0.42857142857142855,
        "elementary_mathematics": 0.26956521739130435,
        "ethnology": 0.32592592592592595,
        "food_science": 0.34965034965034963,
        "genetics": 0.24431818181818182,
        "global_facts": 0.3288590604026846,
        "high_school_biology": 0.28402366863905326,
        "high_school_chemistry": 0.2727272727272727,
        "high_school_geography": 0.3389830508474576,
        "high_school_mathematics": 0.2682926829268293,
        "high_school_physics": 0.3090909090909091,
        "high_school_politics": 0.34265734265734266,
        "human_sexuality": 0.3253968253968254,
        "international_law": 0.35135135135135137,
        "journalism": 0.3313953488372093,
        "jurisprudence": 0.32116788321167883,
        "legal_and_moral_basis": 0.5420560747663551,
        "logical": 0.2764227642276423,
        "machine_learning": 0.2459016393442623,
        "management": 0.319047619047619,
        "marketing": 0.37222222222222223,
        "marxist_theory": 0.4074074074074074,
        "modern_chinese": 0.2672413793103448,
        "nutrition": 0.27586206896551724,
        "philosophy": 0.38095238095238093,
        "professional_accounting": 0.2914285714285714,
        "professional_law": 0.33649289099526064,
        "professional_medicine": 0.26063829787234044,
        "professional_psychology": 0.3275862068965517,
        "public_relations": 0.3275862068965517,
        "security_study": 0.31851851851851853,
        "sociology": 0.3185840707964602,
        "sports_science": 0.2787878787878788,
        "traditional_chinese_medicine": 0.23783783783783785,
        "virology": 0.30177514792899407,
        "world_history": 0.32298136645962733,
        "world_religions": 0.3875
    }
}