{
    "accuracy": 0.3236919357623899,
    "category_acc": {
        "agronomy": 0.26627218934911245,
        "anatomy": 0.28378378378378377,
        "ancient_chinese": 0.2804878048780488,
        "arts": 0.35625,
        "astronomy": 0.3090909090909091,
        "business_ethics": 0.3349282296650718,
        "chinese_civil_service_exam": 0.2875,
        "chinese_driving_rule": 0.366412213740458,
        "chinese_food_culture": 0.3088235294117647,
        "chinese_foreign_policy": 0.308411214953271,
        "chinese_history": 0.4148606811145511,
        "chinese_literature": 0.29901960784313725,
        "chinese_teacher_qualification": 0.3743016759776536,
        "clinical_knowledge": 0.29957805907172996,
        "college_actuarial_science": 0.2358490566037736,
        "college_education": 0.35514018691588783,
        "college_engineering_hydrology": 0.330188679245283,
        "college_law": 0.23148148148148148,
        "college_mathematics": 0.22857142857142856,
        "college_medical_statistics": 0.3018867924528302,
        "college_medicine": 0.2967032967032967,
        "computer_science": 0.3235294117647059,
        "computer_security": 0.3157894736842105,
        "conceptual_physics": 0.30612244897959184,
        "construction_project_management": 0.22302158273381295,
        "economics": 0.33962264150943394,
        "education": 0.3374233128834356,
        "electrical_engineering": 0.36627906976744184,
        "elementary_chinese": 0.2619047619047619,
        "elementary_commonsense": 0.29292929292929293,
        "elementary_information_and_technology": 0.4579831932773109,
        "elementary_mathematics": 0.30869565217391304,
        "ethnology": 0.34814814814814815,
        "food_science": 0.3776223776223776,
        "genetics": 0.26136363636363635,
        "global_facts": 0.3422818791946309,
        "high_school_biology": 0.27218934911242604,
        "high_school_chemistry": 0.3333333333333333,
        "high_school_geography": 0.3305084745762712,
        "high_school_mathematics": 0.24390243902439024,
        "high_school_physics": 0.3,
        "high_school_politics": 0.32167832167832167,
        "human_sexuality": 0.2857142857142857,
        "international_law": 0.32432432432432434,
        "journalism": 0.3372093023255814,
        "jurisprudence": 0.35036496350364965,
        "legal_and_moral_basis": 0.5280373831775701,
        "logical": 0.3089430894308943,
        "machine_learning": 0.23770491803278687,
        "management": 0.3333333333333333,
        "marketing": 0.4,
        "marxist_theory": 0.3544973544973545,
        "modern_chinese": 0.22413793103448276,
        "nutrition": 0.2413793103448276,
        "philosophy": 0.4,
        "professional_accounting": 0.3485714285714286,
        "professional_law": 0.32701421800947866,
        "professional_medicine": 0.24202127659574468,
        "professional_psychology": 0.35344827586206895,
        "public_relations": 0.3793103448275862,
        "security_study": 0.32592592592592595,
        "sociology": 0.33185840707964603,
        "sports_science": 0.36363636363636365,
        "traditional_chinese_medicine": 0.2972972972972973,
        "virology": 0.31952662721893493,
        "world_history": 0.3167701863354037,
        "world_religions": 0.375
    }
}