{
    "accuracy": 0.7746156596353235,
    "category_acc": {
        "high_school_european_history": 0.8170731707317073,
        "business_ethics": 0.797979797979798,
        "clinical_knowledge": 0.8257575757575758,
        "medical_genetics": 0.8585858585858586,
        "high_school_us_history": 0.9310344827586207,
        "high_school_physics": 0.56,
        "high_school_world_history": 0.9152542372881356,
        "virology": 0.5575757575757576,
        "high_school_microeconomics": 0.8945147679324894,
        "econometrics": 0.5929203539823009,
        "college_computer_science": 0.6565656565656566,
        "high_school_biology": 0.9029126213592233,
        "abstract_algebra": 0.5151515151515151,
        "professional_accounting": 0.6548042704626335,
        "philosophy": 0.8290322580645161,
        "professional_medicine": 0.8856088560885609,
        "nutrition": 0.8590163934426229,
        "global_facts": 0.5555555555555556,
        "machine_learning": 0.6396396396396397,
        "security_studies": 0.7909836065573771,
        "public_relations": 0.7614678899082569,
        "professional_psychology": 0.8346972176759411,
        "prehistory": 0.891640866873065,
        "anatomy": 0.746268656716418,
        "human_sexuality": 0.8769230769230769,
        "college_medicine": 0.7441860465116279,
        "high_school_government_and_politics": 0.9895833333333334,
        "college_chemistry": 0.5757575757575758,
        "logical_fallacies": 0.8518518518518519,
        "high_school_geography": 0.9137055837563451,
        "elementary_mathematics": 0.6896551724137931,
        "human_aging": 0.8198198198198198,
        "college_mathematics": 0.5757575757575758,
        "high_school_psychology": 0.9264705882352942,
        "formal_logic": 0.584,
        "high_school_statistics": 0.7441860465116279,
        "international_law": 0.875,
        "high_school_mathematics": 0.5613382899628253,
        "high_school_computer_science": 0.8282828282828283,
        "conceptual_physics": 0.7948717948717948,
        "miscellaneous": 0.9335038363171355,
        "high_school_chemistry": 0.7425742574257426,
        "marketing": 0.9184549356223176,
        "professional_law": 0.6281800391389433,
        "management": 0.8627450980392157,
        "college_physics": 0.5247524752475248,
        "jurisprudence": 0.822429906542056,
        "world_religions": 0.8764705882352941,
        "sociology": 0.935,
        "us_foreign_policy": 0.9494949494949495,
        "high_school_macroeconomics": 0.8046272493573264,
        "computer_security": 0.8383838383838383,
        "moral_scenarios": 0.5447427293064877,
        "moral_disputes": 0.8115942028985508,
        "electrical_engineering": 0.7083333333333334,
        "astronomy": 0.9072847682119205,
        "college_biology": 0.9370629370629371
    }
}