{
    "accuracy": 0.5309433206489085,
    "category_acc": {
        "History": 0.5281124497991968,
        "Geography": 0.5224489795918368,
        "Lampungic": 0.3469387755102041,
        "Social science": 0.7545909849749582,
        "Balinese": 0.31634819532908703,
        "Makassarese": 0.4032258064516129,
        "Banjarese": 0.4375,
        "Chemistry": 0.32116788321167883,
        "Biology": 0.5349112426035503,
        "Science": 0.6842105263157895,
        "Christian religion": 0.6766169154228856,
        "Art": 0.6056572379367721,
        "Islam religion": 0.6344238975817923,
        "Hindu religion": 0.56,
        "Madurese": 0.3423728813559322,
        "Sport": 0.5472972972972973,
        "Indonesian language": 0.5909090909090909,
        "Physics": 0.42828282828282827,
        "Minangkabau culture": 0.457286432160804,
        "Dayak language": 0.27522935779816515,
        "Sociology": 0.5725806451612904,
        "Economy": 0.5020491803278688,
        "Sundanese": 0.44770959377700953,
        "Javanese": 0.4012096774193548,
        "Civic education": 0.6022889842632332
    }
}