{
    "accuracy": 0.5021697042526203,
    "category_acc": {
        "History": 0.4919678714859438,
        "Geography": 0.4673469387755102,
        "Lampungic": 0.3673469387755102,
        "Social science": 0.6928213689482471,
        "Balinese": 0.28874734607218683,
        "Makassarese": 0.27419354838709675,
        "Banjarese": 0.3888888888888889,
        "Chemistry": 0.3051094890510949,
        "Biology": 0.45680473372781066,
        "Science": 0.6222910216718266,
        "Christian religion": 0.6616915422885572,
        "Art": 0.5906821963394343,
        "Islam religion": 0.635846372688478,
        "Hindu religion": 0.5333333333333333,
        "Madurese": 0.288135593220339,
        "Sport": 0.5067567567567568,
        "Indonesian language": 0.5731631382316313,
        "Physics": 0.4585858585858586,
        "Minangkabau culture": 0.4271356783919598,
        "Dayak language": 0.28440366972477066,
        "Sociology": 0.4838709677419355,
        "Economy": 0.45901639344262296,
        "Sundanese": 0.44338807260155577,
        "Javanese": 0.4012096774193548,
        "Civic education": 0.5779685264663805
    }
}