{
    "accuracy": 0.5258695507043194,
    "category_acc": {
        "History": 0.5140562248995983,
        "Geography": 0.5142857142857142,
        "Lampungic": 0.3469387755102041,
        "Social science": 0.7462437395659433,
        "Balinese": 0.29723991507430997,
        "Makassarese": 0.3602150537634409,
        "Banjarese": 0.4097222222222222,
        "Chemistry": 0.31386861313868614,
        "Biology": 0.5183431952662721,
        "Science": 0.6790505675954592,
        "Christian religion": 0.6517412935323383,
        "Art": 0.6073211314475874,
        "Islam religion": 0.635846372688478,
        "Hindu religion": 0.58,
        "Madurese": 0.3423728813559322,
        "Sport": 0.527027027027027,
        "Indonesian language": 0.5874844333748444,
        "Physics": 0.4585858585858586,
        "Minangkabau culture": 0.46733668341708545,
        "Dayak language": 0.26605504587155965,
        "Sociology": 0.5362903225806451,
        "Economy": 0.48565573770491804,
        "Sundanese": 0.44511668107173724,
        "Javanese": 0.41330645161290325,
        "Civic education": 0.6022889842632332
    }
}