{
    "accuracy": 0.530676280125509,
    "category_acc": {
        "History": 0.5160642570281124,
        "Geography": 0.5,
        "Lampungic": 0.35374149659863946,
        "Social science": 0.7612687813021702,
        "Balinese": 0.28662420382165604,
        "Makassarese": 0.3655913978494624,
        "Banjarese": 0.4375,
        "Chemistry": 0.345985401459854,
        "Biology": 0.5076923076923077,
        "Science": 0.6904024767801857,
        "Christian religion": 0.6567164179104478,
        "Art": 0.6073211314475874,
        "Islam religion": 0.6486486486486487,
        "Hindu religion": 0.58,
        "Madurese": 0.3593220338983051,
        "Sport": 0.5337837837837838,
        "Indonesian language": 0.5840597758405978,
        "Physics": 0.4909090909090909,
        "Minangkabau culture": 0.4221105527638191,
        "Dayak language": 0.24770642201834864,
        "Sociology": 0.5504032258064516,
        "Economy": 0.4979508196721312,
        "Sundanese": 0.4520311149524633,
        "Javanese": 0.42338709677419356,
        "Civic education": 0.6065808297567954
    }
}