{
    "accuracy": 0.3953922789539228,
    "category_acc": {
        "computer_network": 0.3333333333333333,
        "operating_system": 0.375,
        "computer_architecture": 0.38461538461538464,
        "college_programming": 0.30952380952380953,
        "college_physics": 0.2916666666666667,
        "college_chemistry": 0.3448275862068966,
        "advanced_mathematics": 0.16666666666666666,
        "probability_and_statistics": 0.4782608695652174,
        "discrete_mathematics": 0.23809523809523808,
        "electrical_engineer": 0.3333333333333333,
        "metrology_engineer": 0.41379310344827586,
        "high_school_mathematics": 0.30434782608695654,
        "high_school_physics": 0.20833333333333334,
        "high_school_chemistry": 0.16666666666666666,
        "high_school_biology": 0.25,
        "middle_school_mathematics": 0.20833333333333334,
        "middle_school_biology": 0.5,
        "middle_school_physics": 0.5833333333333334,
        "middle_school_chemistry": 0.32,
        "veterinary_medicine": 0.39285714285714285,
        "college_economics": 0.4166666666666667,
        "business_administration": 0.42105263157894735,
        "marxism": 0.5,
        "mao_zedong_thought": 0.4827586206896552,
        "education_science": 0.5588235294117647,
        "teacher_qualification": 0.5918367346938775,
        "high_school_politics": 0.3333333333333333,
        "high_school_geography": 0.4583333333333333,
        "middle_school_politics": 0.7307692307692307,
        "middle_school_geography": 0.23529411764705882,
        "modern_chinese_history": 0.42857142857142855,
        "ideological_and_moral_cultivation": 0.75,
        "logic": 0.48148148148148145,
        "law": 0.3103448275862069,
        "chinese_language_and_literature": 0.39285714285714285,
        "art_studies": 0.3157894736842105,
        "professional_tour_guide": 0.5294117647058824,
        "legal_professional": 0.39285714285714285,
        "high_school_chinese": 0.20833333333333334,
        "high_school_history": 0.52,
        "middle_school_history": 0.4074074074074074,
        "civil_servant": 0.4230769230769231,
        "sports_science": 0.4166666666666667,
        "plant_protection": 0.4444444444444444,
        "basic_medicine": 0.375,
        "clinical_medicine": 0.4074074074074074,
        "urban_and_rural_planner": 0.5098039215686274,
        "accountant": 0.3148148148148148,
        "fire_engineer": 0.2777777777777778,
        "environmental_impact_assessment_engineer": 0.3888888888888889,
        "tax_accountant": 0.2962962962962963,
        "physician": 0.4074074074074074
    }
}