{
    "accuracy": 0.3891656288916563,
    "category_acc": {
        "computer_network": 0.2916666666666667,
        "operating_system": 0.3333333333333333,
        "computer_architecture": 0.46153846153846156,
        "college_programming": 0.3333333333333333,
        "college_physics": 0.25,
        "college_chemistry": 0.3103448275862069,
        "advanced_mathematics": 0.20833333333333334,
        "probability_and_statistics": 0.391304347826087,
        "discrete_mathematics": 0.23809523809523808,
        "electrical_engineer": 0.30952380952380953,
        "metrology_engineer": 0.41379310344827586,
        "high_school_mathematics": 0.2608695652173913,
        "high_school_physics": 0.20833333333333334,
        "high_school_chemistry": 0.25,
        "high_school_biology": 0.2916666666666667,
        "middle_school_mathematics": 0.20833333333333334,
        "middle_school_biology": 0.5,
        "middle_school_physics": 0.5833333333333334,
        "middle_school_chemistry": 0.36,
        "veterinary_medicine": 0.39285714285714285,
        "college_economics": 0.4166666666666667,
        "business_administration": 0.39473684210526316,
        "marxism": 0.5,
        "mao_zedong_thought": 0.5517241379310345,
        "education_science": 0.5588235294117647,
        "teacher_qualification": 0.5714285714285714,
        "high_school_politics": 0.25,
        "high_school_geography": 0.5,
        "middle_school_politics": 0.6153846153846154,
        "middle_school_geography": 0.23529411764705882,
        "modern_chinese_history": 0.4642857142857143,
        "ideological_and_moral_cultivation": 0.6666666666666666,
        "logic": 0.48148148148148145,
        "law": 0.3103448275862069,
        "chinese_language_and_literature": 0.35714285714285715,
        "art_studies": 0.3684210526315789,
        "professional_tour_guide": 0.5,
        "legal_professional": 0.39285714285714285,
        "high_school_chinese": 0.2916666666666667,
        "high_school_history": 0.48,
        "middle_school_history": 0.4074074074074074,
        "civil_servant": 0.40384615384615385,
        "sports_science": 0.4583333333333333,
        "plant_protection": 0.4074074074074074,
        "basic_medicine": 0.375,
        "clinical_medicine": 0.4074074074074074,
        "urban_and_rural_planner": 0.49019607843137253,
        "accountant": 0.35185185185185186,
        "fire_engineer": 0.2222222222222222,
        "environmental_impact_assessment_engineer": 0.3611111111111111,
        "tax_accountant": 0.25925925925925924,
        "physician": 0.3888888888888889
    }
}