{
    "rouge1": 0.496295637878035,
    "rouge2": 0.25307430676703274,
    "rougeL": 0.4104483122091349,
    "avg_rouge": 0.38660608561806753
}