{
    "rouge1": 0.35920934397741366,
    "rouge2": 0.12008368532113817,
    "rougeL": 0.26394933485526906,
    "avg_rouge": 0.24774745471794027
}