{
    "rouge1": 0.3596383366340126,
    "rouge2": 0.12306825565807013,
    "rougeL": 0.2667316013053415,
    "avg_rouge": 0.2498127311991414
}