{
    "rouge1": 0.32746103807533683,
    "rouge2": 0.11032578135156446,
    "rougeL": 0.24118472863418863,
    "avg_rouge": 0.22632384935369665
}