{
    "rouge1": 0.13775292661101599,
    "rouge2": 0.04111655319766571,
    "rougeL": 0.10976116581390764,
    "avg_rouge": 0.09621021520752977
}