{
    "rouge1": 0.29377103774853364,
    "rouge2": 0.09538068883457688,
    "rougeL": 0.23129052665985503,
    "avg_rouge": 0.20681408441432184
}