{
    "rouge1": 0.22393085485897568,
    "rouge2": 0.07245653934551864,
    "rougeL": 0.17898589488917158,
    "avg_rouge": 0.15845776303122197
}