{
    "rouge1": 0.27230248741371144,
    "rouge2": 0.0942736500840302,
    "rougeL": 0.21459037135565592,
    "avg_rouge": 0.1937221696177992
}