{
    "rouge1": 0.2929738581579208,
    "rouge2": 0.09669147559664419,
    "rougeL": 0.23040389533163763,
    "avg_rouge": 0.20668974302873422
}