{
    "accuracy": 0.4887920298879203,
    "category_acc": {
        "computer_network": 0.625,
        "operating_system": 0.7083333333333334,
        "computer_architecture": 0.5,
        "college_programming": 0.47619047619047616,
        "college_physics": 0.3333333333333333,
        "college_chemistry": 0.27586206896551724,
        "advanced_mathematics": 0.3333333333333333,
        "probability_and_statistics": 0.17391304347826086,
        "discrete_mathematics": 0.2857142857142857,
        "electrical_engineer": 0.38095238095238093,
        "metrology_engineer": 0.5172413793103449,
        "high_school_mathematics": 0.21739130434782608,
        "high_school_physics": 0.4166666666666667,
        "high_school_chemistry": 0.3333333333333333,
        "high_school_biology": 0.4166666666666667,
        "middle_school_mathematics": 0.20833333333333334,
        "middle_school_biology": 0.6153846153846154,
        "middle_school_physics": 0.5,
        "middle_school_chemistry": 0.6,
        "veterinary_medicine": 0.5,
        "college_economics": 0.35,
        "business_administration": 0.5,
        "marxism": 0.4166666666666667,
        "mao_zedong_thought": 0.6206896551724138,
        "education_science": 0.47058823529411764,
        "teacher_qualification": 0.6938775510204082,
        "high_school_politics": 0.5833333333333334,
        "high_school_geography": 0.5,
        "middle_school_politics": 0.8076923076923077,
        "middle_school_geography": 0.7647058823529411,
        "modern_chinese_history": 0.5714285714285714,
        "ideological_and_moral_cultivation": 0.5833333333333334,
        "logic": 0.6296296296296297,
        "law": 0.41379310344827586,
        "chinese_language_and_literature": 0.6071428571428571,
        "art_studies": 0.5,
        "professional_tour_guide": 0.5294117647058824,
        "legal_professional": 0.32142857142857145,
        "high_school_chinese": 0.4583333333333333,
        "high_school_history": 0.44,
        "middle_school_history": 0.6666666666666666,
        "civil_servant": 0.5,
        "sports_science": 0.5416666666666666,
        "plant_protection": 0.7037037037037037,
        "basic_medicine": 0.75,
        "clinical_medicine": 0.4074074074074074,
        "urban_and_rural_planner": 0.39215686274509803,
        "accountant": 0.42592592592592593,
        "fire_engineer": 0.3888888888888889,
        "environmental_impact_assessment_engineer": 0.5555555555555556,
        "tax_accountant": 0.35185185185185186,
        "physician": 0.6851851851851852
    }
}