{
    "accuracy": 0.4135790106148608,
    "category_acc": {
        "History": 0.40763052208835343,
        "Geography": 0.3877551020408163,
        "Lampungic": 0.2585034013605442,
        "Social science": 0.5626043405676127,
        "Balinese": 0.33970276008492567,
        "Makassarese": 0.34408602150537637,
        "Banjarese": 0.3402777777777778,
        "Chemistry": 0.29781021897810217,
        "Biology": 0.37514792899408284,
        "Science": 0.5025799793601651,
        "Christian religion": 0.48258706467661694,
        "Art": 0.47420965058236275,
        "Islam religion": 0.4907539118065434,
        "Hindu religion": 0.4866666666666667,
        "Madurese": 0.2983050847457627,
        "Sport": 0.4797297297297297,
        "Indonesian language": 0.462640099626401,
        "Physics": 0.3515151515151515,
        "Minangkabau culture": 0.32160804020100503,
        "Dayak language": 0.25688073394495414,
        "Sociology": 0.4274193548387097,
        "Economy": 0.38729508196721313,
        "Sundanese": 0.34312878133102853,
        "Javanese": 0.31149193548387094,
        "Civic education": 0.46924177396280403
    }
}