{
    "accuracy": 0.4227251485412911,
    "category_acc": {
        "History": 0.42369477911646586,
        "Geography": 0.3816326530612245,
        "Lampungic": 0.2653061224489796,
        "Social science": 0.5876460767946577,
        "Balinese": 0.37154989384288745,
        "Makassarese": 0.3763440860215054,
        "Banjarese": 0.3541666666666667,
        "Chemistry": 0.28175182481751826,
        "Biology": 0.36923076923076925,
        "Science": 0.49019607843137253,
        "Christian religion": 0.48756218905472637,
        "Art": 0.46422628951747086,
        "Islam religion": 0.5021337126600285,
        "Hindu religion": 0.5066666666666667,
        "Madurese": 0.3288135593220339,
        "Sport": 0.4594594594594595,
        "Indonesian language": 0.47322540473225405,
        "Physics": 0.3797979797979798,
        "Minangkabau culture": 0.2864321608040201,
        "Dayak language": 0.3119266055045872,
        "Sociology": 0.43548387096774194,
        "Economy": 0.4016393442622951,
        "Sundanese": 0.34485738980121,
        "Javanese": 0.3467741935483871,
        "Civic education": 0.4892703862660944
    }
}