{
    "accuracy": 0.2538887776220041,
    "category_acc": {
        "History": 0.21887550200803213,
        "Geography": 0.21836734693877552,
        "Lampungic": 0.25170068027210885,
        "Social science": 0.3005008347245409,
        "Balinese": 0.2653927813163482,
        "Makassarese": 0.2903225806451613,
        "Banjarese": 0.24305555555555555,
        "Chemistry": 0.22189781021897811,
        "Biology": 0.22603550295857988,
        "Science": 0.27657378740970073,
        "Christian religion": 0.2835820895522388,
        "Art": 0.27287853577371046,
        "Islam religion": 0.2233285917496444,
        "Hindu religion": 0.22,
        "Madurese": 0.2677966101694915,
        "Sport": 0.22297297297297297,
        "Indonesian language": 0.27179327521793273,
        "Physics": 0.19797979797979798,
        "Minangkabau culture": 0.24120603015075376,
        "Dayak language": 0.2018348623853211,
        "Sociology": 0.21370967741935484,
        "Economy": 0.2540983606557377,
        "Sundanese": 0.30682800345721695,
        "Javanese": 0.23286290322580644,
        "Civic education": 0.23605150214592274
    }
}