{
    "accuracy": 0.25435609853795316,
    "category_acc": {
        "History": 0.2469879518072289,
        "Geography": 0.23877551020408164,
        "Lampungic": 0.2653061224489796,
        "Social science": 0.29549248747913187,
        "Balinese": 0.27388535031847133,
        "Makassarese": 0.24731182795698925,
        "Banjarese": 0.2916666666666667,
        "Chemistry": 0.24379562043795622,
        "Biology": 0.2106508875739645,
        "Science": 0.2579979360165119,
        "Christian religion": 0.21890547263681592,
        "Art": 0.27121464226289516,
        "Islam religion": 0.2802275960170697,
        "Hindu religion": 0.24,
        "Madurese": 0.24067796610169492,
        "Sport": 0.24324324324324326,
        "Indonesian language": 0.2714819427148194,
        "Physics": 0.21616161616161617,
        "Minangkabau culture": 0.2964824120603015,
        "Dayak language": 0.24770642201834864,
        "Sociology": 0.22983870967741934,
        "Economy": 0.22131147540983606,
        "Sundanese": 0.2783059636992221,
        "Javanese": 0.22983870967741934,
        "Civic education": 0.22603719599427755
    }
}