{
    "accuracy": 0.2488817678082649,
    "category_acc": {
        "History": 0.20080321285140562,
        "Geography": 0.24285714285714285,
        "Lampungic": 0.24489795918367346,
        "Social science": 0.3005008347245409,
        "Balinese": 0.2611464968152866,
        "Makassarese": 0.25806451612903225,
        "Banjarese": 0.3680555555555556,
        "Chemistry": 0.2072992700729927,
        "Biology": 0.22130177514792898,
        "Science": 0.24974200206398348,
        "Christian religion": 0.27860696517412936,
        "Art": 0.2628951747088186,
        "Islam religion": 0.22617354196301565,
        "Hindu religion": 0.23333333333333334,
        "Madurese": 0.27796610169491526,
        "Sport": 0.24324324324324326,
        "Indonesian language": 0.26774595267745954,
        "Physics": 0.2202020202020202,
        "Minangkabau culture": 0.24623115577889448,
        "Dayak language": 0.23853211009174313,
        "Sociology": 0.19556451612903225,
        "Economy": 0.19262295081967212,
        "Sundanese": 0.26534140017286084,
        "Javanese": 0.26310483870967744,
        "Civic education": 0.24177396280400573
    }
}