{
    "overall_acc": 0.3766233766233766,
    "language_acc": {
        "Indonesian": 0.3693181818181818,
        "English": 0.44886363636363635,
        "Filipino": 0.32386363636363635,
        "Spanish": 0.38636363636363635,
        "Chinese": 0.3806818181818182,
        "Malay": 0.35795454545454547,
        "Vietnamese": 0.3693181818181818
    },
    "consistency_score_2": 0.5459956709956709,
    "consistency_score_3": 0.3681818181818183,
    "consistency_score_4": 0.27094155844155837,
    "consistency_score_5": 0.2077922077922078,
    "consistency_score_6": 0.16152597402597402,
    "consistency_score_7": 0.125,
    "detailed_consistency_score": {
        "2_combine": {
            "Indonesian,English": 0.5340909090909091,
            "Indonesian,Filipino": 0.5454545454545454,
            "Indonesian,Spanish": 0.6079545454545454,
            "Indonesian,Chinese": 0.5454545454545454,
            "Indonesian,Malay": 0.625,
            "Indonesian,Vietnamese": 0.6079545454545454,
            "English,Filipino": 0.44886363636363635,
            "English,Spanish": 0.6477272727272727,
            "English,Chinese": 0.5568181818181818,
            "English,Malay": 0.48863636363636365,
            "English,Vietnamese": 0.4715909090909091,
            "Filipino,Spanish": 0.5227272727272727,
            "Filipino,Chinese": 0.4602272727272727,
            "Filipino,Malay": 0.5625,
            "Filipino,Vietnamese": 0.4772727272727273,
            "Spanish,Chinese": 0.5454545454545454,
            "Spanish,Malay": 0.5852272727272727,
            "Spanish,Vietnamese": 0.5454545454545454,
            "Chinese,Malay": 0.5625,
            "Chinese,Vietnamese": 0.5909090909090909,
            "Malay,Vietnamese": 0.5340909090909091
        },
        "3_combine": {
            "Indonesian,English,Filipino": 0.32954545454545453,
            "Indonesian,English,Spanish": 0.4431818181818182,
            "Indonesian,English,Chinese": 0.38636363636363635,
            "Indonesian,English,Malay": 0.3806818181818182,
            "Indonesian,English,Vietnamese": 0.3693181818181818,
            "Indonesian,Filipino,Spanish": 0.38636363636363635,
            "Indonesian,Filipino,Chinese": 0.32954545454545453,
            "Indonesian,Filipino,Malay": 0.4090909090909091,
            "Indonesian,Filipino,Vietnamese": 0.35795454545454547,
            "Indonesian,Spanish,Chinese": 0.3977272727272727,
            "Indonesian,Spanish,Malay": 0.4375,
            "Indonesian,Spanish,Vietnamese": 0.4147727272727273,
            "Indonesian,Chinese,Malay": 0.4147727272727273,
            "Indonesian,Chinese,Vietnamese": 0.4034090909090909,
            "Indonesian,Malay,Vietnamese": 0.4147727272727273,
            "English,Filipino,Spanish": 0.3522727272727273,
            "English,Filipino,Chinese": 0.3068181818181818,
            "English,Filipino,Malay": 0.30113636363636365,
            "English,Filipino,Vietnamese": 0.25,
            "English,Spanish,Chinese": 0.42613636363636365,
            "English,Spanish,Malay": 0.3977272727272727,
            "English,Spanish,Vietnamese": 0.375,
            "English,Chinese,Malay": 0.375,
            "English,Chinese,Vietnamese": 0.36363636363636365,
            "English,Malay,Vietnamese": 0.3125,
            "Filipino,Spanish,Chinese": 0.32954545454545453,
            "Filipino,Spanish,Malay": 0.3693181818181818,
            "Filipino,Spanish,Vietnamese": 0.32386363636363635,
            "Filipino,Chinese,Malay": 0.3409090909090909,
            "Filipino,Chinese,Vietnamese": 0.30113636363636365,
            "Filipino,Malay,Vietnamese": 0.32386363636363635,
            "Spanish,Chinese,Malay": 0.4034090909090909,
            "Spanish,Chinese,Vietnamese": 0.3806818181818182,
            "Spanish,Malay,Vietnamese": 0.375,
            "Chinese,Malay,Vietnamese": 0.4034090909090909
        },
        "4_combine": {
            "Indonesian,English,Filipino,Spanish": 0.2840909090909091,
            "Indonesian,English,Filipino,Chinese": 0.25,
            "Indonesian,English,Filipino,Malay": 0.25,
            "Indonesian,English,Filipino,Vietnamese": 0.22727272727272727,
            "Indonesian,English,Spanish,Chinese": 0.3352272727272727,
            "Indonesian,English,Spanish,Malay": 0.32954545454545453,
            "Indonesian,English,Spanish,Vietnamese": 0.3068181818181818,
            "Indonesian,English,Chinese,Malay": 0.3181818181818182,
            "Indonesian,English,Chinese,Vietnamese": 0.2897727272727273,
            "Indonesian,English,Malay,Vietnamese": 0.2727272727272727,
            "Indonesian,Filipino,Spanish,Chinese": 0.26704545454545453,
            "Indonesian,Filipino,Spanish,Malay": 0.30113636363636365,
            "Indonesian,Filipino,Spanish,Vietnamese": 0.2784090909090909,
            "Indonesian,Filipino,Chinese,Malay": 0.2727272727272727,
            "Indonesian,Filipino,Chinese,Vietnamese": 0.23863636363636365,
            "Indonesian,Filipino,Malay,Vietnamese": 0.26704545454545453,
            "Indonesian,Spanish,Chinese,Malay": 0.32954545454545453,
            "Indonesian,Spanish,Chinese,Vietnamese": 0.29545454545454547,
            "Indonesian,Spanish,Malay,Vietnamese": 0.3068181818181818,
            "Indonesian,Chinese,Malay,Vietnamese": 0.32954545454545453,
            "English,Filipino,Spanish,Chinese": 0.26136363636363635,
            "English,Filipino,Spanish,Malay": 0.25,
            "English,Filipino,Spanish,Vietnamese": 0.2215909090909091,
            "English,Filipino,Chinese,Malay": 0.22727272727272727,
            "English,Filipino,Chinese,Vietnamese": 0.19886363636363635,
            "English,Filipino,Malay,Vietnamese": 0.18181818181818182,
            "English,Spanish,Chinese,Malay": 0.3181818181818182,
            "English,Spanish,Chinese,Vietnamese": 0.29545454545454547,
            "English,Spanish,Malay,Vietnamese": 0.25,
            "English,Chinese,Malay,Vietnamese": 0.2784090909090909,
            "Filipino,Spanish,Chinese,Malay": 0.25,
            "Filipino,Spanish,Chinese,Vietnamese": 0.22727272727272727,
            "Filipino,Spanish,Malay,Vietnamese": 0.23863636363636365,
            "Filipino,Chinese,Malay,Vietnamese": 0.24431818181818182,
            "Spanish,Chinese,Malay,Vietnamese": 0.2897727272727273
        },
        "5_combine": {
            "Indonesian,English,Filipino,Spanish,Chinese": 0.2215909090909091,
            "Indonesian,English,Filipino,Spanish,Malay": 0.2215909090909091,
            "Indonesian,English,Filipino,Spanish,Vietnamese": 0.19886363636363635,
            "Indonesian,English,Filipino,Chinese,Malay": 0.20454545454545456,
            "Indonesian,English,Filipino,Chinese,Vietnamese": 0.17613636363636365,
            "Indonesian,English,Filipino,Malay,Vietnamese": 0.17045454545454544,
            "Indonesian,English,Spanish,Chinese,Malay": 0.2784090909090909,
            "Indonesian,English,Spanish,Chinese,Vietnamese": 0.24431818181818182,
            "Indonesian,English,Spanish,Malay,Vietnamese": 0.22727272727272727,
            "Indonesian,English,Chinese,Malay,Vietnamese": 0.24431818181818182,
            "Indonesian,Filipino,Spanish,Chinese,Malay": 0.2215909090909091,
            "Indonesian,Filipino,Spanish,Chinese,Vietnamese": 0.19318181818181818,
            "Indonesian,Filipino,Spanish,Malay,Vietnamese": 0.21022727272727273,
            "Indonesian,Filipino,Chinese,Malay,Vietnamese": 0.20454545454545456,
            "Indonesian,Spanish,Chinese,Malay,Vietnamese": 0.25,
            "English,Filipino,Spanish,Chinese,Malay": 0.19886363636363635,
            "English,Filipino,Spanish,Chinese,Vietnamese": 0.17613636363636365,
            "English,Filipino,Spanish,Malay,Vietnamese": 0.1590909090909091,
            "English,Filipino,Chinese,Malay,Vietnamese": 0.1590909090909091,
            "English,Spanish,Chinese,Malay,Vietnamese": 0.22727272727272727,
            "Filipino,Spanish,Chinese,Malay,Vietnamese": 0.17613636363636365
        },