{
    "accuracy": 0.2702895959957097,
    "category_acc": {
        "high_school_european_history": 0.2621951219512195,
        "business_ethics": 0.29292929292929293,
        "clinical_knowledge": 0.3522727272727273,
        "medical_genetics": 0.35353535353535354,
        "high_school_us_history": 0.270935960591133,
        "high_school_physics": 0.34,
        "high_school_world_history": 0.2033898305084746,
        "virology": 0.2545454545454545,
        "high_school_microeconomics": 0.29957805907172996,
        "econometrics": 0.22123893805309736,
        "college_computer_science": 0.25252525252525254,
        "high_school_biology": 0.35275080906148865,
        "abstract_algebra": 0.23232323232323232,
        "professional_accounting": 0.2313167259786477,
        "philosophy": 0.2709677419354839,
        "professional_medicine": 0.3874538745387454,
        "nutrition": 0.26885245901639343,
        "global_facts": 0.20202020202020202,
        "machine_learning": 0.18018018018018017,
        "security_studies": 0.3442622950819672,
        "public_relations": 0.23853211009174313,
        "professional_psychology": 0.25859247135842883,
        "prehistory": 0.25696594427244585,
        "anatomy": 0.23134328358208955,
        "human_sexuality": 0.26153846153846155,
        "college_medicine": 0.313953488372093,
        "high_school_government_and_politics": 0.3333333333333333,
        "college_chemistry": 0.36363636363636365,
        "logical_fallacies": 0.2037037037037037,
        "high_school_geography": 0.3553299492385787,
        "elementary_mathematics": 0.246684350132626,
        "human_aging": 0.17567567567567569,
        "college_mathematics": 0.26262626262626265,
        "high_school_psychology": 0.31985294117647056,
        "formal_logic": 0.28,
        "high_school_statistics": 0.3674418604651163,
        "international_law": 0.16666666666666666,
        "high_school_mathematics": 0.2788104089219331,
        "high_school_computer_science": 0.2222222222222222,
        "conceptual_physics": 0.2606837606837607,
        "miscellaneous": 0.21994884910485935,
        "high_school_chemistry": 0.23267326732673269,
        "marketing": 0.22317596566523606,
        "professional_law": 0.2648401826484018,
        "management": 0.29411764705882354,
        "college_physics": 0.31683168316831684,
        "jurisprudence": 0.29906542056074764,
        "world_religions": 0.20588235294117646,
        "sociology": 0.245,
        "us_foreign_policy": 0.32323232323232326,
        "high_school_macroeconomics": 0.3161953727506427,
        "computer_security": 0.25252525252525254,
        "moral_scenarios": 0.2595078299776286,
        "moral_disputes": 0.2318840579710145,
        "electrical_engineering": 0.2569444444444444,
        "astronomy": 0.2847682119205298,
        "college_biology": 0.21678321678321677
    }
}