{
    "overall_acc": 0.4847619047619048,
    "language_acc": {
        "Filipino": 0.4666666666666667,
        "Vietnamese": 0.4266666666666667,
        "Chinese": 0.4266666666666667,
        "Spanish": 0.5333333333333333,
        "Malay": 0.36666666666666664,
        "Indonesian": 0.52,
        "English": 0.6533333333333333
    },
    "consistency_score_2": 0.4809523809523809,
    "consistency_score_3": 0.29847619047619056,
    "consistency_score_4": 0.2100952380952381,
    "consistency_score_5": 0.1596825396825397,
    "consistency_score_6": 0.12761904761904763,
    "consistency_score_7": 0.10666666666666667,
    "detailed_consistency_score": {
        "2_combine": {
            "Filipino,Vietnamese": 0.38666666666666666,
            "Filipino,Chinese": 0.38,
            "Filipino,Spanish": 0.5133333333333333,
            "Filipino,Malay": 0.4266666666666667,
            "Filipino,Indonesian": 0.4533333333333333,
            "Filipino,English": 0.5066666666666667,
            "Vietnamese,Chinese": 0.44,
            "Vietnamese,Spanish": 0.47333333333333333,
            "Vietnamese,Malay": 0.49333333333333335,
            "Vietnamese,Indonesian": 0.5466666666666666,
            "Vietnamese,English": 0.47333333333333333,
            "Chinese,Spanish": 0.47333333333333333,
            "Chinese,Malay": 0.41333333333333333,
            "Chinese,Indonesian": 0.4533333333333333,
            "Chinese,English": 0.48,
            "Spanish,Malay": 0.4866666666666667,
            "Spanish,Indonesian": 0.54,
            "Spanish,English": 0.62,
            "Malay,Indonesian": 0.5533333333333333,
            "Malay,English": 0.4266666666666667,
            "Indonesian,English": 0.56
        },
        "3_combine": {
            "Filipino,Vietnamese,Chinese": 0.23333333333333334,
            "Filipino,Vietnamese,Spanish": 0.2733333333333333,
            "Filipino,Vietnamese,Malay": 0.24,
            "Filipino,Vietnamese,Indonesian": 0.2866666666666667,
            "Filipino,Vietnamese,English": 0.2733333333333333,
            "Filipino,Chinese,Spanish": 0.2733333333333333,
            "Filipino,Chinese,Malay": 0.21333333333333335,
            "Filipino,Chinese,Indonesian": 0.25333333333333335,
            "Filipino,Chinese,English": 0.25333333333333335,
            "Filipino,Spanish,Malay": 0.30666666666666664,
            "Filipino,Spanish,Indonesian": 0.31333333333333335,
            "Filipino,Spanish,English": 0.38666666666666666,
            "Filipino,Malay,Indonesian": 0.2866666666666667,
            "Filipino,Malay,English": 0.28,
            "Filipino,Indonesian,English": 0.32,
            "Vietnamese,Chinese,Spanish": 0.2733333333333333,
            "Vietnamese,Chinese,Malay": 0.26666666666666666,
            "Vietnamese,Chinese,Indonesian": 0.30666666666666664,
            "Vietnamese,Chinese,English": 0.28,
            "Vietnamese,Spanish,Malay": 0.32,
            "Vietnamese,Spanish,Indonesian": 0.3333333333333333,
            "Vietnamese,Spanish,English": 0.32666666666666666,
            "Vietnamese,Malay,Indonesian": 0.35333333333333333,
            "Vietnamese,Malay,English": 0.2733333333333333,
            "Vietnamese,Indonesian,English": 0.35333333333333333,
            "Chinese,Spanish,Malay": 0.2733333333333333,
            "Chinese,Spanish,Indonesian": 0.2866666666666667,
            "Chinese,Spanish,English": 0.34,
            "Chinese,Malay,Indonesian": 0.2866666666666667,
            "Chinese,Malay,English": 0.24666666666666667,
            "Chinese,Indonesian,English": 0.29333333333333333,
            "Spanish,Malay,Indonesian": 0.37333333333333335,
            "Spanish,Malay,English": 0.3333333333333333,
            "Spanish,Indonesian,English": 0.4,
            "Malay,Indonesian,English": 0.3333333333333333
        },
        "4_combine": {
            "Filipino,Vietnamese,Chinese,Spanish": 0.18,
            "Filipino,Vietnamese,Chinese,Malay": 0.16,
            "Filipino,Vietnamese,Chinese,Indonesian": 0.2,
            "Filipino,Vietnamese,Chinese,English": 0.18666666666666668,
            "Filipino,Vietnamese,Spanish,Malay": 0.21333333333333335,
            "Filipino,Vietnamese,Spanish,Indonesian": 0.21333333333333335,
            "Filipino,Vietnamese,Spanish,English": 0.22,
            "Filipino,Vietnamese,Malay,Indonesian": 0.18666666666666668,
            "Filipino,Vietnamese,Malay,English": 0.19333333333333333,
            "Filipino,Vietnamese,Indonesian,English": 0.22666666666666666,
            "Filipino,Chinese,Spanish,Malay": 0.18,
            "Filipino,Chinese,Spanish,Indonesian": 0.19333333333333333,
            "Filipino,Chinese,Spanish,English": 0.21333333333333335,
            "Filipino,Chinese,Malay,Indonesian": 0.17333333333333334,
            "Filipino,Chinese,Malay,English": 0.16666666666666666,
            "Filipino,Chinese,Indonesian,English": 0.19333333333333333,
            "Filipino,Spanish,Malay,Indonesian": 0.24,
            "Filipino,Spanish,Malay,English": 0.24666666666666667,
            "Filipino,Spanish,Indonesian,English": 0.26,
            "Filipino,Malay,Indonesian,English": 0.22,
            "Vietnamese,Chinese,Spanish,Malay": 0.20666666666666667,
            "Vietnamese,Chinese,Spanish,Indonesian": 0.20666666666666667,
            "Vietnamese,Chinese,Spanish,English": 0.20666666666666667,
            "Vietnamese,Chinese,Malay,Indonesian": 0.20666666666666667,
            "Vietnamese,Chinese,Malay,English": 0.18,
            "Vietnamese,Chinese,Indonesian,English": 0.22,
            "Vietnamese,Spanish,Malay,Indonesian": 0.24666666666666667,
            "Vietnamese,Spanish,Malay,English": 0.23333333333333334,
            "Vietnamese,Spanish,Indonesian,English": 0.25333333333333335,
            "Vietnamese,Malay,Indonesian,English": 0.23333333333333334,
            "Chinese,Spanish,Malay,Indonesian": 0.21333333333333335,
            "Chinese,Spanish,Malay,English": 0.2,
            "Chinese,Spanish,Indonesian,English": 0.21333333333333335,
            "Chinese,Malay,Indonesian,English": 0.19333333333333333,
            "Spanish,Malay,Indonesian,English": 0.2733333333333333
        },
        "5_combine": {
            "Filipino,Vietnamese,Chinese,Spanish,Malay": 0.14666666666666667,
            "Filipino,Vietnamese,Chinese,Spanish,Indonesian": 0.15333333333333332,
            "Filipino,Vietnamese,Chinese,Spanish,English": 0.15333333333333332,
            "Filipino,Vietnamese,Chinese,Malay,Indonesian": 0.13333333333333333,
            "Filipino,Vietnamese,Chinese,Malay,English": 0.14,
            "Filipino,Vietnamese,Chinese,Indonesian,English": 0.16666666666666666,
            "Filipino,Vietnamese,Spanish,Malay,Indonesian": 0.16666666666666666,
            "Filipino,Vietnamese,Spanish,Malay,English": 0.17333333333333334,
            "Filipino,Vietnamese,Spanish,Indonesian,English": 0.18,
            "Filipino,Vietnamese,Malay,Indonesian,English": 0.16,
            "Filipino,Chinese,Spanish,Malay,Indonesian": 0.14666666666666667,
            "Filipino,Chinese,Spanish,Malay,English": 0.15333333333333332,
            "Filipino,Chinese,Spanish,Indonesian,English": 0.16,
            "Filipino,Chinese,Malay,Indonesian,English": 0.14,
            "Filipino,Spanish,Malay,Indonesian,English": 0.2,
            "Vietnamese,Chinese,Spanish,Malay,Indonesian": 0.16,
            "Vietnamese,Chinese,Spanish,Malay,English": 0.15333333333333332,
            "Vietnamese,Chinese,Spanish,Indonesian,English": 0.16,
            "Vietnamese,Chinese,Malay,Indonesian,English": 0.15333333333333332,
            "Vietnamese,Spanish,Malay,Indonesian,English": 0.19333333333333333,
            "Chinese,Spanish,Malay,Indonesian,English": 0.16
        },
        "6_combine": {
            "Filipino,Vietnamese,Chinese,Spanish,Malay,Indonesian": 0.12,
            "Filipino,Vietnamese,Chinese,Spanish,Malay,English": 0.12666666666666668,
            "Filipino,Vietnamese,Chinese,Spanish,Indonesian,English": 0.13333333333333333,