{
    "accuracy": 0.27179120486235253,
    "category_acc": {
        "high_school_european_history": 0.2926829268292683,
        "business_ethics": 0.26262626262626265,
        "clinical_knowledge": 0.2916666666666667,
        "medical_genetics": 0.23232323232323232,
        "high_school_us_history": 0.2857142857142857,
        "high_school_physics": 0.23333333333333334,
        "high_school_world_history": 0.2966101694915254,
        "virology": 0.24848484848484848,
        "high_school_microeconomics": 0.2911392405063291,
        "econometrics": 0.23008849557522124,
        "college_computer_science": 0.23232323232323232,
        "high_school_biology": 0.23624595469255663,
        "abstract_algebra": 0.20202020202020202,
        "professional_accounting": 0.2669039145907473,
        "philosophy": 0.2967741935483871,
        "professional_medicine": 0.22140221402214022,
        "nutrition": 0.2819672131147541,
        "global_facts": 0.1919191919191919,
        "machine_learning": 0.23423423423423423,
        "security_studies": 0.29098360655737704,
        "public_relations": 0.26605504587155965,
        "professional_psychology": 0.3027823240589198,
        "prehistory": 0.26625386996904027,
        "anatomy": 0.373134328358209,
        "human_sexuality": 0.2230769230769231,
        "college_medicine": 0.3023255813953488,
        "high_school_government_and_politics": 0.2760416666666667,
        "college_chemistry": 0.18181818181818182,
        "logical_fallacies": 0.2654320987654321,
        "high_school_geography": 0.27411167512690354,
        "elementary_mathematics": 0.22546419098143236,
        "human_aging": 0.27927927927927926,
        "college_mathematics": 0.2727272727272727,
        "high_school_psychology": 0.2702205882352941,
        "formal_logic": 0.36,
        "high_school_statistics": 0.17674418604651163,
        "international_law": 0.375,
        "high_school_mathematics": 0.22304832713754646,
        "high_school_computer_science": 0.3434343434343434,
        "conceptual_physics": 0.2692307692307692,
        "miscellaneous": 0.29028132992327366,
        "high_school_chemistry": 0.24752475247524752,
        "marketing": 0.33047210300429186,
        "professional_law": 0.29354207436399216,
        "management": 0.27450980392156865,
        "college_physics": 0.15841584158415842,
        "jurisprudence": 0.3177570093457944,
        "world_religions": 0.31176470588235294,
        "sociology": 0.32,
        "us_foreign_policy": 0.2727272727272727,
        "high_school_macroeconomics": 0.2853470437017995,
        "computer_security": 0.2727272727272727,
        "moral_scenarios": 0.2360178970917226,
        "moral_disputes": 0.2608695652173913,
        "electrical_engineering": 0.24305555555555555,
        "astronomy": 0.24503311258278146,
        "college_biology": 0.2867132867132867
    }
}