{
    "accuracy": 0.27908473364318914,
    "category_acc": {
        "high_school_european_history": 0.2865853658536585,
        "business_ethics": 0.2727272727272727,
        "clinical_knowledge": 0.3106060606060606,
        "medical_genetics": 0.26262626262626265,
        "high_school_us_history": 0.3103448275862069,
        "high_school_physics": 0.25333333333333335,
        "high_school_world_history": 0.288135593220339,
        "virology": 0.26666666666666666,
        "high_school_microeconomics": 0.3333333333333333,
        "econometrics": 0.25663716814159293,
        "college_computer_science": 0.30303030303030304,
        "high_school_biology": 0.284789644012945,
        "abstract_algebra": 0.2222222222222222,
        "professional_accounting": 0.26334519572953735,
        "philosophy": 0.2903225806451613,
        "professional_medicine": 0.22140221402214022,
        "nutrition": 0.3081967213114754,
        "global_facts": 0.20202020202020202,
        "machine_learning": 0.22522522522522523,
        "security_studies": 0.35655737704918034,
        "public_relations": 0.24770642201834864,
        "professional_psychology": 0.2618657937806874,
        "prehistory": 0.2786377708978328,
        "anatomy": 0.34328358208955223,
        "human_sexuality": 0.23846153846153847,
        "college_medicine": 0.313953488372093,
        "high_school_government_and_politics": 0.3020833333333333,
        "college_chemistry": 0.18181818181818182,
        "logical_fallacies": 0.2839506172839506,
        "high_school_geography": 0.29949238578680204,
        "elementary_mathematics": 0.23872679045092837,
        "human_aging": 0.24774774774774774,
        "college_mathematics": 0.25252525252525254,
        "high_school_psychology": 0.29411764705882354,
        "formal_logic": 0.392,
        "high_school_statistics": 0.25116279069767444,
        "international_law": 0.38333333333333336,
        "high_school_mathematics": 0.241635687732342,
        "high_school_computer_science": 0.3434343434343434,
        "conceptual_physics": 0.2222222222222222,
        "miscellaneous": 0.27877237851662406,
        "high_school_chemistry": 0.26732673267326734,
        "marketing": 0.351931330472103,
        "professional_law": 0.2883235485975212,
        "management": 0.3333333333333333,
        "college_physics": 0.1782178217821782,
        "jurisprudence": 0.3177570093457944,
        "world_religions": 0.32941176470588235,
        "sociology": 0.285,
        "us_foreign_policy": 0.36363636363636365,
        "high_school_macroeconomics": 0.33676092544987146,
        "computer_security": 0.2727272727272727,
        "moral_scenarios": 0.22930648769574943,
        "moral_disputes": 0.22608695652173913,
        "electrical_engineering": 0.22916666666666666,
        "astronomy": 0.2913907284768212,
        "college_biology": 0.2937062937062937
    }
}