{
    "accuracy": 0.2760815159099035,
    "category_acc": {
        "high_school_european_history": 0.2804878048780488,
        "business_ethics": 0.26262626262626265,
        "clinical_knowledge": 0.2803030303030303,
        "medical_genetics": 0.26262626262626265,
        "high_school_us_history": 0.2955665024630542,
        "high_school_physics": 0.26,
        "high_school_world_history": 0.3050847457627119,
        "virology": 0.28484848484848485,
        "high_school_microeconomics": 0.3459915611814346,
        "econometrics": 0.25663716814159293,
        "college_computer_science": 0.26262626262626265,
        "high_school_biology": 0.24919093851132687,
        "abstract_algebra": 0.1919191919191919,
        "professional_accounting": 0.2704626334519573,
        "philosophy": 0.2870967741935484,
        "professional_medicine": 0.24723247232472326,
        "nutrition": 0.30491803278688523,
        "global_facts": 0.16161616161616163,
        "machine_learning": 0.21621621621621623,
        "security_studies": 0.36475409836065575,
        "public_relations": 0.26605504587155965,
        "professional_psychology": 0.2684124386252046,
        "prehistory": 0.2786377708978328,
        "anatomy": 0.3208955223880597,
        "human_sexuality": 0.23076923076923078,
        "college_medicine": 0.3372093023255814,
        "high_school_government_and_politics": 0.2708333333333333,
        "college_chemistry": 0.1717171717171717,
        "logical_fallacies": 0.2345679012345679,
        "high_school_geography": 0.30456852791878175,
        "elementary_mathematics": 0.22546419098143236,
        "human_aging": 0.24324324324324326,
        "college_mathematics": 0.29292929292929293,
        "high_school_psychology": 0.2555147058823529,
        "formal_logic": 0.352,
        "high_school_statistics": 0.26046511627906976,
        "international_law": 0.38333333333333336,
        "high_school_mathematics": 0.26022304832713755,
        "high_school_computer_science": 0.31313131313131315,
        "conceptual_physics": 0.26495726495726496,
        "miscellaneous": 0.29411764705882354,
        "high_school_chemistry": 0.2376237623762376,
        "marketing": 0.3261802575107296,
        "professional_law": 0.28701891715590344,
        "management": 0.30392156862745096,
        "college_physics": 0.18811881188118812,
        "jurisprudence": 0.24299065420560748,
        "world_religions": 0.3235294117647059,
        "sociology": 0.3,
        "us_foreign_policy": 0.32323232323232326,
        "high_school_macroeconomics": 0.3264781491002571,
        "computer_security": 0.29292929292929293,
        "moral_scenarios": 0.22483221476510068,
        "moral_disputes": 0.26666666666666666,
        "electrical_engineering": 0.2847222222222222,
        "astronomy": 0.304635761589404,
        "college_biology": 0.23776223776223776
    }
}