{
    "accuracy": 0.2800143010368252,
    "category_acc": {
        "high_school_european_history": 0.25609756097560976,
        "business_ethics": 0.25252525252525254,
        "clinical_knowledge": 0.29545454545454547,
        "medical_genetics": 0.25252525252525254,
        "high_school_us_history": 0.3103448275862069,
        "high_school_physics": 0.25333333333333335,
        "high_school_world_history": 0.2627118644067797,
        "virology": 0.24242424242424243,
        "high_school_microeconomics": 0.32489451476793246,
        "econometrics": 0.2743362831858407,
        "college_computer_science": 0.2727272727272727,
        "high_school_biology": 0.3042071197411003,
        "abstract_algebra": 0.25252525252525254,
        "professional_accounting": 0.2704626334519573,
        "philosophy": 0.33548387096774196,
        "professional_medicine": 0.22509225092250923,
        "nutrition": 0.26885245901639343,
        "global_facts": 0.20202020202020202,
        "machine_learning": 0.2072072072072072,
        "security_studies": 0.3114754098360656,
        "public_relations": 0.3211009174311927,
        "professional_psychology": 0.27823240589198034,
        "prehistory": 0.28173374613003094,
        "anatomy": 0.41044776119402987,
        "human_sexuality": 0.2923076923076923,
        "college_medicine": 0.3023255813953488,
        "high_school_government_and_politics": 0.3385416666666667,
        "college_chemistry": 0.20202020202020202,
        "logical_fallacies": 0.2654320987654321,
        "high_school_geography": 0.28426395939086296,
        "elementary_mathematics": 0.20689655172413793,
        "human_aging": 0.2972972972972973,
        "college_mathematics": 0.31313131313131315,
        "high_school_psychology": 0.2977941176470588,
        "formal_logic": 0.36,
        "high_school_statistics": 0.24651162790697675,
        "international_law": 0.325,
        "high_school_mathematics": 0.24535315985130113,
        "high_school_computer_science": 0.37373737373737376,
        "conceptual_physics": 0.2564102564102564,
        "miscellaneous": 0.30434782608695654,
        "high_school_chemistry": 0.26732673267326734,
        "marketing": 0.2918454935622318,
        "professional_law": 0.2713633398564905,
        "management": 0.3137254901960784,
        "college_physics": 0.16831683168316833,
        "jurisprudence": 0.34579439252336447,
        "world_religions": 0.32941176470588235,
        "sociology": 0.295,
        "us_foreign_policy": 0.31313131313131315,
        "high_school_macroeconomics": 0.3110539845758355,
        "computer_security": 0.30303030303030304,
        "moral_scenarios": 0.2360178970917226,
        "moral_disputes": 0.2318840579710145,
        "electrical_engineering": 0.3055555555555556,
        "astronomy": 0.2913907284768212,
        "college_biology": 0.32867132867132864
    }
}