{
    "accuracy": 0.3148407770879231,
    "category_acc": {
        "History": 0.28714859437751006,
        "Geography": 0.2938775510204082,
        "Lampungic": 0.30612244897959184,
        "Social science": 0.4273789649415693,
        "Balinese": 0.27388535031847133,
        "Makassarese": 0.3279569892473118,
        "Banjarese": 0.3402777777777778,
        "Chemistry": 0.24087591240875914,
        "Biology": 0.29704142011834317,
        "Science": 0.3560371517027864,
        "Christian religion": 0.32338308457711445,
        "Art": 0.3427620632279534,
        "Islam religion": 0.3328591749644381,
        "Hindu religion": 0.26666666666666666,
        "Madurese": 0.24745762711864408,
        "Sport": 0.2972972972972973,
        "Indonesian language": 0.34526774595267745,
        "Physics": 0.29494949494949496,
        "Minangkabau culture": 0.2663316582914573,
        "Dayak language": 0.1926605504587156,
        "Sociology": 0.2721774193548387,
        "Economy": 0.26844262295081966,
        "Sundanese": 0.31201382886776147,
        "Javanese": 0.26713709677419356,
        "Civic education": 0.35050071530758226
    }
}