{
    "overall_acc": 0.5361904761904762,
    "language_acc": {
        "Filipino": 0.3933333333333333,
        "Vietnamese": 0.52,
        "Chinese": 0.6,
        "Spanish": 0.5266666666666666,
        "Malay": 0.5333333333333333,
        "Indonesian": 0.54,
        "English": 0.64
    },
    "consistency_score_2": 0.6215873015873016,
    "consistency_score_3": 0.4666666666666666,
    "consistency_score_4": 0.37428571428571433,
    "consistency_score_5": 0.31015873015873013,
    "consistency_score_6": 0.26095238095238094,
    "consistency_score_7": 0.22,
    "detailed_consistency_score": {
        "2_combine": {
            "Filipino,Vietnamese": 0.4,
            "Filipino,Chinese": 0.49333333333333335,
            "Filipino,Spanish": 0.4666666666666667,
            "Filipino,Malay": 0.4533333333333333,
            "Filipino,Indonesian": 0.4533333333333333,
            "Filipino,English": 0.5133333333333333,
            "Vietnamese,Chinese": 0.6666666666666666,
            "Vietnamese,Spanish": 0.66,
            "Vietnamese,Malay": 0.64,
            "Vietnamese,Indonesian": 0.6666666666666666,
            "Vietnamese,English": 0.68,
            "Chinese,Spanish": 0.6466666666666666,
            "Chinese,Malay": 0.6733333333333333,
            "Chinese,Indonesian": 0.66,
            "Chinese,English": 0.6666666666666666,
            "Spanish,Malay": 0.6733333333333333,
            "Spanish,Indonesian": 0.7133333333333334,
            "Spanish,English": 0.6866666666666666,
            "Malay,Indonesian": 0.7533333333333333,
            "Malay,English": 0.7266666666666667,
            "Indonesian,English": 0.76
        },
        "3_combine": {
            "Filipino,Vietnamese,Chinese": 0.31333333333333335,
            "Filipino,Vietnamese,Spanish": 0.31333333333333335,
            "Filipino,Vietnamese,Malay": 0.31333333333333335,
            "Filipino,Vietnamese,Indonesian": 0.32,
            "Filipino,Vietnamese,English": 0.34,
            "Filipino,Chinese,Spanish": 0.35333333333333333,
            "Filipino,Chinese,Malay": 0.36666666666666664,
            "Filipino,Chinese,Indonesian": 0.3466666666666667,
            "Filipino,Chinese,English": 0.38,
            "Filipino,Spanish,Malay": 0.3466666666666667,
            "Filipino,Spanish,Indonesian": 0.35333333333333333,
            "Filipino,Spanish,English": 0.36666666666666664,
            "Filipino,Malay,Indonesian": 0.36,
            "Filipino,Malay,English": 0.36666666666666664,
            "Filipino,Indonesian,English": 0.3933333333333333,
            "Vietnamese,Chinese,Spanish": 0.52,
            "Vietnamese,Chinese,Malay": 0.52,
            "Vietnamese,Chinese,Indonesian": 0.5333333333333333,
            "Vietnamese,Chinese,English": 0.5266666666666666,
            "Vietnamese,Spanish,Malay": 0.52,
            "Vietnamese,Spanish,Indonesian": 0.5533333333333333,
            "Vietnamese,Spanish,English": 0.5333333333333333,
            "Vietnamese,Malay,Indonesian": 0.5533333333333333,
            "Vietnamese,Malay,English": 0.5533333333333333,
            "Vietnamese,Indonesian,English": 0.5866666666666667,
            "Chinese,Spanish,Malay": 0.5266666666666666,
            "Chinese,Spanish,Indonesian": 0.5466666666666666,
            "Chinese,Spanish,English": 0.5266666666666666,
            "Chinese,Malay,Indonesian": 0.5666666666666667,
            "Chinese,Malay,English": 0.56,
            "Chinese,Indonesian,English": 0.5733333333333334,
            "Spanish,Malay,Indonesian": 0.6,
            "Spanish,Malay,English": 0.5666666666666667,
            "Spanish,Indonesian,English": 0.5933333333333334,
            "Malay,Indonesian,English": 0.64
        },
        "4_combine": {
            "Filipino,Vietnamese,Chinese,Spanish": 0.26,
            "Filipino,Vietnamese,Chinese,Malay": 0.26666666666666666,
            "Filipino,Vietnamese,Chinese,Indonesian": 0.26666666666666666,
            "Filipino,Vietnamese,Chinese,English": 0.28,
            "Filipino,Vietnamese,Spanish,Malay": 0.26666666666666666,
            "Filipino,Vietnamese,Spanish,Indonesian": 0.2733333333333333,
            "Filipino,Vietnamese,Spanish,English": 0.2866666666666667,
            "Filipino,Vietnamese,Malay,Indonesian": 0.2733333333333333,
            "Filipino,Vietnamese,Malay,English": 0.2866666666666667,
            "Filipino,Vietnamese,Indonesian,English": 0.31333333333333335,
            "Filipino,Chinese,Spanish,Malay": 0.29333333333333333,
            "Filipino,Chinese,Spanish,Indonesian": 0.3,
            "Filipino,Chinese,Spanish,English": 0.32,
            "Filipino,Chinese,Malay,Indonesian": 0.30666666666666664,
            "Filipino,Chinese,Malay,English": 0.32666666666666666,
            "Filipino,Chinese,Indonesian,English": 0.3333333333333333,
            "Filipino,Spanish,Malay,Indonesian": 0.3,
            "Filipino,Spanish,Malay,English": 0.31333333333333335,
            "Filipino,Spanish,Indonesian,English": 0.32666666666666666,
            "Filipino,Malay,Indonesian,English": 0.3333333333333333,
            "Vietnamese,Chinese,Spanish,Malay": 0.44,
            "Vietnamese,Chinese,Spanish,Indonesian": 0.47333333333333333,
            "Vietnamese,Chinese,Spanish,English": 0.44,
            "Vietnamese,Chinese,Malay,Indonesian": 0.4666666666666667,
            "Vietnamese,Chinese,Malay,English": 0.44666666666666666,
            "Vietnamese,Chinese,Indonesian,English": 0.48,
            "Vietnamese,Spanish,Malay,Indonesian": 0.4866666666666667,
            "Vietnamese,Spanish,Malay,English": 0.46,
            "Vietnamese,Spanish,Indonesian,English": 0.49333333333333335,
            "Vietnamese,Malay,Indonesian,English": 0.5066666666666667,
            "Chinese,Spanish,Malay,Indonesian": 0.4866666666666667,
            "Chinese,Spanish,Malay,English": 0.4666666666666667,
            "Chinese,Spanish,Indonesian,English": 0.4866666666666667,
            "Chinese,Malay,Indonesian,English": 0.5066666666666667,
            "Spanish,Malay,Indonesian,English": 0.5333333333333333
        },
        "5_combine": {
            "Filipino,Vietnamese,Chinese,Spanish,Malay": 0.22666666666666666,
            "Filipino,Vietnamese,Chinese,Spanish,Indonesian": 0.24,
            "Filipino,Vietnamese,Chinese,Spanish,English": 0.24666666666666667,
            "Filipino,Vietnamese,Chinese,Malay,Indonesian": 0.24,
            "Filipino,Vietnamese,Chinese,Malay,English": 0.24666666666666667,
            "Filipino,Vietnamese,Chinese,Indonesian,English": 0.26666666666666666,
            "Filipino,Vietnamese,Spanish,Malay,Indonesian": 0.24666666666666667,
            "Filipino,Vietnamese,Spanish,Malay,English": 0.25333333333333335,
            "Filipino,Vietnamese,Spanish,Indonesian,English": 0.2733333333333333,
            "Filipino,Vietnamese,Malay,Indonesian,English": 0.2733333333333333,
            "Filipino,Chinese,Spanish,Malay,Indonesian": 0.26666666666666666,
            "Filipino,Chinese,Spanish,Malay,English": 0.28,
            "Filipino,Chinese,Spanish,Indonesian,English": 0.29333333333333333,
            "Filipino,Chinese,Malay,Indonesian,English": 0.3,
            "Filipino,Spanish,Malay,Indonesian,English": 0.29333333333333333,
            "Vietnamese,Chinese,Spanish,Malay,Indonesian": 0.4266666666666667,
            "Vietnamese,Chinese,Spanish,Malay,English": 0.3933333333333333,
            "Vietnamese,Chinese,Spanish,Indonesian,English": 0.4266666666666667,
            "Vietnamese,Chinese,Malay,Indonesian,English": 0.4266666666666667,
            "Vietnamese,Spanish,Malay,Indonesian,English": 0.44666666666666666,
            "Chinese,Spanish,Malay,Indonesian,English": 0.44666666666666666
        },
        "6_combine": {
            "Filipino,Vietnamese,Chinese,Spanish,Malay,Indonesian": 0.22,
            "Filipino,Vietnamese,Chinese,Spanish,Malay,English": 0.22,
            "Filipino,Vietnamese,Chinese,Spanish,Indonesian,English": 0.24,