{
    "accuracy": 0.6712191633893457,
    "category_acc": {
        "high_school_european_history": 0.8109756097560976,
        "business_ethics": 0.7070707070707071,
        "clinical_knowledge": 0.7348484848484849,
        "medical_genetics": 0.7676767676767676,
        "high_school_us_history": 0.8768472906403941,
        "high_school_physics": 0.42,
        "high_school_world_history": 0.8686440677966102,
        "virology": 0.509090909090909,
        "high_school_microeconomics": 0.7890295358649789,
        "econometrics": 0.46017699115044247,
        "college_computer_science": 0.5858585858585859,
        "high_school_biology": 0.8025889967637541,
        "abstract_algebra": 0.2828282828282828,
        "professional_accounting": 0.5409252669039146,
        "philosophy": 0.6516129032258065,
        "professional_medicine": 0.6531365313653137,
        "nutrition": 0.7508196721311475,
        "global_facts": 0.42424242424242425,
        "machine_learning": 0.4594594594594595,
        "security_studies": 0.7377049180327869,
        "public_relations": 0.6513761467889908,
        "professional_psychology": 0.6808510638297872,
        "prehistory": 0.7708978328173375,
        "anatomy": 0.6791044776119403,
        "human_sexuality": 0.7076923076923077,
        "college_medicine": 0.6744186046511628,
        "high_school_government_and_politics": 0.9479166666666666,
        "college_chemistry": 0.48484848484848486,
        "logical_fallacies": 0.6790123456790124,
        "high_school_geography": 0.8578680203045685,
        "elementary_mathematics": 0.33421750663129973,
        "human_aging": 0.7117117117117117,
        "college_mathematics": 0.2828282828282828,
        "high_school_psychology": 0.8492647058823529,
        "formal_logic": 0.432,
        "high_school_statistics": 0.5302325581395348,
        "international_law": 0.825,
        "high_school_mathematics": 0.19330855018587362,
        "high_school_computer_science": 0.7373737373737373,
        "conceptual_physics": 0.6623931623931624,
        "miscellaneous": 0.9117647058823529,
        "high_school_chemistry": 0.504950495049505,
        "marketing": 0.8884120171673819,
        "professional_law": 0.593607305936073,
        "management": 0.7647058823529411,
        "college_physics": 0.44554455445544555,
        "jurisprudence": 0.7476635514018691,
        "world_religions": 0.8176470588235294,
        "sociology": 0.795,
        "us_foreign_policy": 0.8383838383838383,
        "high_school_macroeconomics": 0.6349614395886889,
        "computer_security": 0.7575757575757576,
        "moral_scenarios": 0.6297539149888143,
        "moral_disputes": 0.5652173913043478,
        "electrical_engineering": 0.5694444444444444,
        "astronomy": 0.8211920529801324,
        "college_biology": 0.7762237762237763
    }
}