{
    "accuracy": 0.7092599213442975,
    "category_acc": {
        "high_school_european_history": 0.823170731707317,
        "business_ethics": 0.7575757575757576,
        "clinical_knowledge": 0.7878787878787878,
        "medical_genetics": 0.7777777777777778,
        "high_school_us_history": 0.8817733990147784,
        "high_school_physics": 0.46,
        "high_school_world_history": 0.8771186440677966,
        "virology": 0.5212121212121212,
        "high_school_microeconomics": 0.8312236286919831,
        "econometrics": 0.5132743362831859,
        "college_computer_science": 0.5757575757575758,
        "high_school_biology": 0.8511326860841424,
        "abstract_algebra": 0.3939393939393939,
        "professional_accounting": 0.5587188612099644,
        "philosophy": 0.7483870967741936,
        "professional_medicine": 0.7822878228782287,
        "nutrition": 0.7770491803278688,
        "global_facts": 0.48484848484848486,
        "machine_learning": 0.5225225225225225,
        "security_studies": 0.7581967213114754,
        "public_relations": 0.7339449541284404,
        "professional_psychology": 0.7659574468085106,
        "prehistory": 0.8080495356037152,
        "anatomy": 0.6940298507462687,
        "human_sexuality": 0.7615384615384615,
        "college_medicine": 0.7325581395348837,
        "high_school_government_and_politics": 0.9583333333333334,
        "college_chemistry": 0.5353535353535354,
        "logical_fallacies": 0.7839506172839507,
        "high_school_geography": 0.8934010152284264,
        "elementary_mathematics": 0.3819628647214854,
        "human_aging": 0.7072072072072072,
        "college_mathematics": 0.3434343434343434,
        "high_school_psychology": 0.875,
        "formal_logic": 0.544,
        "high_school_statistics": 0.5581395348837209,
        "international_law": 0.8333333333333334,
        "high_school_mathematics": 0.23048327137546468,
        "high_school_computer_science": 0.7676767676767676,
        "conceptual_physics": 0.717948717948718,
        "miscellaneous": 0.921994884910486,
        "high_school_chemistry": 0.5544554455445545,
        "marketing": 0.8969957081545065,
        "professional_law": 0.5962165688193085,
        "management": 0.7941176470588235,
        "college_physics": 0.48514851485148514,
        "jurisprudence": 0.8130841121495327,
        "world_religions": 0.8470588235294118,
        "sociology": 0.84,
        "us_foreign_policy": 0.8585858585858586,
        "high_school_macroeconomics": 0.7043701799485861,
        "computer_security": 0.7575757575757576,
        "moral_scenarios": 0.639821029082774,
        "moral_disputes": 0.6985507246376812,
        "electrical_engineering": 0.6319444444444444,
        "astronomy": 0.8079470198675497,
        "college_biology": 0.8601398601398601
    }
}