{
    "accuracy": 0.26478369681801933,
    "category_acc": {
        "high_school_european_history": 0.34146341463414637,
        "business_ethics": 0.24242424242424243,
        "clinical_knowledge": 0.2727272727272727,
        "medical_genetics": 0.24242424242424243,
        "high_school_us_history": 0.2413793103448276,
        "high_school_physics": 0.23333333333333334,
        "high_school_world_history": 0.2711864406779661,
        "virology": 0.23030303030303031,
        "high_school_microeconomics": 0.24050632911392406,
        "econometrics": 0.23893805309734514,
        "college_computer_science": 0.20202020202020202,
        "high_school_biology": 0.28802588996763756,
        "abstract_algebra": 0.30303030303030304,
        "professional_accounting": 0.28825622775800713,
        "philosophy": 0.2645161290322581,
        "professional_medicine": 0.23985239852398524,
        "nutrition": 0.26885245901639343,
        "global_facts": 0.2828282828282828,
        "machine_learning": 0.25225225225225223,
        "security_studies": 0.2336065573770492,
        "public_relations": 0.28440366972477066,
        "professional_psychology": 0.25040916530278234,
        "prehistory": 0.25696594427244585,
        "anatomy": 0.35074626865671643,
        "human_sexuality": 0.24615384615384617,
        "college_medicine": 0.2616279069767442,
        "high_school_government_and_politics": 0.265625,
        "college_chemistry": 0.2222222222222222,
        "logical_fallacies": 0.2962962962962963,
        "high_school_geography": 0.3299492385786802,
        "elementary_mathematics": 0.26525198938992045,
        "human_aging": 0.18018018018018017,
        "college_mathematics": 0.2727272727272727,
        "high_school_psychology": 0.26838235294117646,
        "formal_logic": 0.184,
        "high_school_statistics": 0.26976744186046514,
        "international_law": 0.25833333333333336,
        "high_school_mathematics": 0.26394052044609667,
        "high_school_computer_science": 0.24242424242424243,
        "conceptual_physics": 0.24786324786324787,
        "miscellaneous": 0.29539641943734013,
        "high_school_chemistry": 0.297029702970297,
        "marketing": 0.2532188841201717,
        "professional_law": 0.2622309197651663,
        "management": 0.28431372549019607,
        "college_physics": 0.25742574257425743,
        "jurisprudence": 0.32710280373831774,
        "world_religions": 0.31176470588235294,
        "sociology": 0.275,
        "us_foreign_policy": 0.21212121212121213,
        "high_school_macroeconomics": 0.2416452442159383,
        "computer_security": 0.23232323232323232,
        "moral_scenarios": 0.2539149888143177,
        "moral_disputes": 0.3159420289855073,
        "electrical_engineering": 0.2638888888888889,
        "astronomy": 0.2582781456953642,
        "college_biology": 0.2727272727272727
    }
}