{
    "accuracy": 0.2619949946371112,
    "category_acc": {
        "high_school_european_history": 0.2804878048780488,
        "business_ethics": 0.25252525252525254,
        "clinical_knowledge": 0.3333333333333333,
        "medical_genetics": 0.26262626262626265,
        "high_school_us_history": 0.2413793103448276,
        "high_school_physics": 0.26666666666666666,
        "high_school_world_history": 0.2245762711864407,
        "virology": 0.21212121212121213,
        "high_school_microeconomics": 0.2109704641350211,
        "econometrics": 0.23008849557522124,
        "college_computer_science": 0.16161616161616163,
        "high_school_biology": 0.27184466019417475,
        "abstract_algebra": 0.31313131313131315,
        "professional_accounting": 0.3096085409252669,
        "philosophy": 0.267741935483871,
        "professional_medicine": 0.2878228782287823,
        "nutrition": 0.2754098360655738,
        "global_facts": 0.31313131313131315,
        "machine_learning": 0.1981981981981982,
        "security_studies": 0.26229508196721313,
        "public_relations": 0.26605504587155965,
        "professional_psychology": 0.24386252045826515,
        "prehistory": 0.23839009287925697,
        "anatomy": 0.2835820895522388,
        "human_sexuality": 0.2692307692307692,
        "college_medicine": 0.25,
        "high_school_government_and_politics": 0.328125,
        "college_chemistry": 0.21212121212121213,
        "logical_fallacies": 0.2654320987654321,
        "high_school_geography": 0.3248730964467005,
        "elementary_mathematics": 0.23607427055702918,
        "human_aging": 0.16666666666666666,
        "college_mathematics": 0.2222222222222222,
        "high_school_psychology": 0.28308823529411764,
        "formal_logic": 0.184,
        "high_school_statistics": 0.3116279069767442,
        "international_law": 0.275,
        "high_school_mathematics": 0.24535315985130113,
        "high_school_computer_science": 0.29292929292929293,
        "conceptual_physics": 0.3076923076923077,
        "miscellaneous": 0.25831202046035806,
        "high_school_chemistry": 0.2524752475247525,
        "marketing": 0.1888412017167382,
        "professional_law": 0.26157860404435745,
        "management": 0.3333333333333333,
        "college_physics": 0.2376237623762376,
        "jurisprudence": 0.2336448598130841,
        "world_religions": 0.2529411764705882,
        "sociology": 0.255,
        "us_foreign_policy": 0.2828282828282828,
        "high_school_macroeconomics": 0.2802056555269923,
        "computer_security": 0.2828282828282828,
        "moral_scenarios": 0.2505592841163311,
        "moral_disputes": 0.2927536231884058,
        "electrical_engineering": 0.2847222222222222,
        "astronomy": 0.31788079470198677,
        "college_biology": 0.26573426573426573
    }
}