{
    "accuracy": 0.2679299249195567,
    "category_acc": {
        "high_school_european_history": 0.3048780487804878,
        "business_ethics": 0.2727272727272727,
        "clinical_knowledge": 0.2689393939393939,
        "medical_genetics": 0.29292929292929293,
        "high_school_us_history": 0.2660098522167488,
        "high_school_physics": 0.30666666666666664,
        "high_school_world_history": 0.2669491525423729,
        "virology": 0.20606060606060606,
        "high_school_microeconomics": 0.2742616033755274,
        "econometrics": 0.2743362831858407,
        "college_computer_science": 0.20202020202020202,
        "high_school_biology": 0.31715210355987056,
        "abstract_algebra": 0.25252525252525254,
        "professional_accounting": 0.2918149466192171,
        "philosophy": 0.26129032258064516,
        "professional_medicine": 0.2915129151291513,
        "nutrition": 0.3114754098360656,
        "global_facts": 0.25252525252525254,
        "machine_learning": 0.23423423423423423,
        "security_studies": 0.27049180327868855,
        "public_relations": 0.23853211009174313,
        "professional_psychology": 0.23240589198036007,
        "prehistory": 0.26006191950464397,
        "anatomy": 0.26865671641791045,
        "human_sexuality": 0.3230769230769231,
        "college_medicine": 0.28488372093023256,
        "high_school_government_and_politics": 0.2864583333333333,
        "college_chemistry": 0.32323232323232326,
        "logical_fallacies": 0.2716049382716049,
        "high_school_geography": 0.350253807106599,
        "elementary_mathematics": 0.26525198938992045,
        "human_aging": 0.14414414414414414,
        "college_mathematics": 0.1717171717171717,
        "high_school_psychology": 0.3235294117647059,
        "formal_logic": 0.184,
        "high_school_statistics": 0.26046511627906976,
        "international_law": 0.25,
        "high_school_mathematics": 0.31970260223048325,
        "high_school_computer_science": 0.30303030303030304,
        "conceptual_physics": 0.27350427350427353,
        "miscellaneous": 0.2595907928388747,
        "high_school_chemistry": 0.22772277227722773,
        "marketing": 0.2017167381974249,
        "professional_law": 0.2563600782778865,
        "management": 0.3137254901960784,
        "college_physics": 0.3465346534653465,
        "jurisprudence": 0.2803738317757009,
        "world_religions": 0.2,
        "sociology": 0.285,
        "us_foreign_policy": 0.25252525252525254,
        "high_school_macroeconomics": 0.2647814910025707,
        "computer_security": 0.21212121212121213,
        "moral_scenarios": 0.25727069351230425,
        "moral_disputes": 0.28405797101449276,
        "electrical_engineering": 0.3125,
        "astronomy": 0.3443708609271523,
        "college_biology": 0.2517482517482518
    }
}