{
    "overall_acc": 0.876890756302521,
    "language_acc": {
        "Spanish": 0.8747899159663866,
        "English": 0.8932773109243698,
        "Chinese": 0.8663865546218488,
        "Vietnamese": 0.873109243697479
    },
    "consistency_score_2": 0.8628851540616246,
    "consistency_score_3": 0.8012605042016806,
    "consistency_score_4": 0.7588235294117647,
    "detailed_consistency_score": {
        "2_combine": {
            "Spanish,English": 0.8966386554621849,
            "Spanish,Chinese": 0.8571428571428571,
            "Spanish,Vietnamese": 0.8546218487394958,
            "English,Chinese": 0.8697478991596639,
            "English,Vietnamese": 0.8579831932773109,
            "Chinese,Vietnamese": 0.8411764705882353
        },
        "3_combine": {
            "Spanish,English,Chinese": 0.8159663865546218,
            "Spanish,English,Vietnamese": 0.8117647058823529,
            "Spanish,Chinese,Vietnamese": 0.7840336134453781,
            "English,Chinese,Vietnamese": 0.7932773109243697
        },
        "4_combine": {
            "Spanish,English,Chinese,Vietnamese": 0.7588235294117647
        }
    },
    "AC3_2": 0.869831580948205,
    "AC3_3": 0.8373713931743918,
    "AC3_4": 0.8135960471541407
}