{
    "overall_acc": 0.8745798319327731,
    "language_acc": {
        "Spanish": 0.8714285714285714,
        "English": 0.892436974789916,
        "Chinese": 0.8697478991596639,
        "Vietnamese": 0.8647058823529412
    },
    "consistency_score_2": 0.8641456582633054,
    "consistency_score_3": 0.8033613445378152,
    "consistency_score_4": 0.7630252100840336,
    "detailed_consistency_score": {
        "2_combine": {
            "Spanish,English": 0.8865546218487395,
            "Spanish,Chinese": 0.8579831932773109,
            "Spanish,Vietnamese": 0.8596638655462185,
            "English,Chinese": 0.8705882352941177,
            "English,Vietnamese": 0.8630252100840337,
            "Chinese,Vietnamese": 0.8470588235294118
        },
        "3_combine": {
            "Spanish,English,Chinese": 0.8126050420168067,
            "Spanish,English,Vietnamese": 0.8117647058823529,
            "Spanish,Chinese,Vietnamese": 0.7907563025210084,
            "English,Chinese,Vietnamese": 0.7983193277310925
        },
        "4_combine": {
            "Spanish,English,Chinese,Vietnamese": 0.7630252100840336
        }
    },
    "AC3_2": 0.8693314370638944,
    "AC3_3": 0.8374591904624037,
    "AC3_4": 0.8150029376230561
}