{
    "accuracy": 0.5031104755094744,
    "category_acc": {
        "high_school_european_history": 0.676829268292683,
        "business_ethics": 0.6868686868686869,
        "clinical_knowledge": 0.553030303030303,
        "medical_genetics": 0.6060606060606061,
        "high_school_us_history": 0.5566502463054187,
        "high_school_physics": 0.36,
        "high_school_world_history": 0.614406779661017,
        "virology": 0.4121212121212121,
        "high_school_microeconomics": 0.48945147679324896,
        "econometrics": 0.35398230088495575,
        "college_computer_science": 0.47474747474747475,
        "high_school_biology": 0.6019417475728155,
        "abstract_algebra": 0.31313131313131315,
        "professional_accounting": 0.3914590747330961,
        "philosophy": 0.5709677419354838,
        "professional_medicine": 0.4907749077490775,
        "nutrition": 0.5377049180327869,
        "global_facts": 0.1919191919191919,
        "machine_learning": 0.43243243243243246,
        "security_studies": 0.5163934426229508,
        "public_relations": 0.5045871559633027,
        "professional_psychology": 0.48117839607201307,
        "prehistory": 0.4953560371517028,
        "anatomy": 0.48507462686567165,
        "human_sexuality": 0.5461538461538461,
        "college_medicine": 0.47093023255813954,
        "high_school_government_and_politics": 0.734375,
        "college_chemistry": 0.37373737373737376,
        "logical_fallacies": 0.5925925925925926,
        "high_school_geography": 0.6751269035532995,
        "elementary_mathematics": 0.4403183023872679,
        "human_aging": 0.581081081081081,
        "college_mathematics": 0.2828282828282828,
        "high_school_psychology": 0.7352941176470589,
        "formal_logic": 0.384,
        "high_school_statistics": 0.4,
        "international_law": 0.6416666666666667,
        "high_school_mathematics": 0.26765799256505574,
        "high_school_computer_science": 0.5353535353535354,
        "conceptual_physics": 0.49572649572649574,
        "miscellaneous": 0.7468030690537084,
        "high_school_chemistry": 0.4603960396039604,
        "marketing": 0.6824034334763949,
        "professional_law": 0.35094585779517284,
        "management": 0.6274509803921569,
        "college_physics": 0.33663366336633666,
        "jurisprudence": 0.5046728971962616,
        "world_religions": 0.7176470588235294,
        "sociology": 0.715,
        "us_foreign_policy": 0.696969696969697,
        "high_school_macroeconomics": 0.5115681233933161,
        "computer_security": 0.6464646464646465,
        "moral_scenarios": 0.2684563758389262,
        "moral_disputes": 0.5391304347826087,
        "electrical_engineering": 0.4791666666666667,
        "astronomy": 0.5165562913907285,
        "college_biology": 0.48951048951048953
    }
}