{
    "accuracy": 0.5158383982838756,
    "category_acc": {
        "high_school_european_history": 0.6402439024390244,
        "business_ethics": 0.6363636363636364,
        "clinical_knowledge": 0.5643939393939394,
        "medical_genetics": 0.6464646464646465,
        "high_school_us_history": 0.625615763546798,
        "high_school_physics": 0.32,
        "high_school_world_history": 0.635593220338983,
        "virology": 0.4121212121212121,
        "high_school_microeconomics": 0.5063291139240507,
        "econometrics": 0.35398230088495575,
        "college_computer_science": 0.41414141414141414,
        "high_school_biology": 0.6116504854368932,
        "abstract_algebra": 0.29292929292929293,
        "professional_accounting": 0.4092526690391459,
        "philosophy": 0.5870967741935483,
        "professional_medicine": 0.4907749077490775,
        "nutrition": 0.5672131147540984,
        "global_facts": 0.3333333333333333,
        "machine_learning": 0.4864864864864865,
        "security_studies": 0.5655737704918032,
        "public_relations": 0.5779816513761468,
        "professional_psychology": 0.4762684124386252,
        "prehistory": 0.56656346749226,
        "anatomy": 0.48507462686567165,
        "human_sexuality": 0.6230769230769231,
        "college_medicine": 0.5348837209302325,
        "high_school_government_and_politics": 0.6927083333333334,
        "college_chemistry": 0.36363636363636365,
        "logical_fallacies": 0.6172839506172839,
        "high_school_geography": 0.6903553299492385,
        "elementary_mathematics": 0.44297082228116713,
        "human_aging": 0.6261261261261262,
        "college_mathematics": 0.25252525252525254,
        "high_school_psychology": 0.7261029411764706,
        "formal_logic": 0.4,
        "high_school_statistics": 0.40930232558139534,
        "international_law": 0.6583333333333333,
        "high_school_mathematics": 0.26022304832713755,
        "high_school_computer_science": 0.5252525252525253,
        "conceptual_physics": 0.46153846153846156,
        "miscellaneous": 0.7442455242966752,
        "high_school_chemistry": 0.4405940594059406,
        "marketing": 0.7553648068669528,
        "professional_law": 0.36268754076973253,
        "management": 0.6568627450980392,
        "college_physics": 0.25742574257425743,
        "jurisprudence": 0.5887850467289719,
        "world_religions": 0.7,
        "sociology": 0.735,
        "us_foreign_policy": 0.7171717171717171,
        "high_school_macroeconomics": 0.5115681233933161,
        "computer_security": 0.6666666666666666,
        "moral_scenarios": 0.28747203579418346,
        "moral_disputes": 0.5768115942028985,
        "electrical_engineering": 0.4930555555555556,
        "astronomy": 0.5033112582781457,
        "college_biology": 0.5314685314685315
    }
}