{
    "overall_acc": 0.30190476190476195,
    "language_acc": {
        "Filipino": 0.3,
        "Vietnamese": 0.26666666666666666,
        "Chinese": 0.32,
        "Spanish": 0.29333333333333333,
        "Malay": 0.29333333333333333,
        "Indonesian": 0.26666666666666666,
        "English": 0.37333333333333335
    },
    "consistency_score_2": 0.4374603174603175,
    "consistency_score_3": 0.2500952380952381,
    "consistency_score_4": 0.1622857142857143,
    "consistency_score_5": 0.11174603174603175,
    "consistency_score_6": 0.07809523809523809,
    "consistency_score_7": 0.05333333333333334,
    "detailed_consistency_score": {
        "2_combine": {
            "Filipino,Vietnamese": 0.4533333333333333,
            "Filipino,Chinese": 0.36,
            "Filipino,Spanish": 0.4533333333333333,
            "Filipino,Malay": 0.5133333333333333,
            "Filipino,Indonesian": 0.49333333333333335,
            "Filipino,English": 0.4666666666666667,
            "Vietnamese,Chinese": 0.43333333333333335,
            "Vietnamese,Spanish": 0.3933333333333333,
            "Vietnamese,Malay": 0.5266666666666666,
            "Vietnamese,Indonesian": 0.49333333333333335,
            "Vietnamese,English": 0.32,
            "Chinese,Spanish": 0.30666666666666664,
            "Chinese,Malay": 0.4,
            "Chinese,Indonesian": 0.4,
            "Chinese,English": 0.24666666666666667,
            "Spanish,Malay": 0.4533333333333333,
            "Spanish,Indonesian": 0.49333333333333335,
            "Spanish,English": 0.5133333333333333,
            "Malay,Indonesian": 0.6466666666666666,
            "Malay,English": 0.43333333333333335,
            "Indonesian,English": 0.38666666666666666
        },
        "3_combine": {
            "Filipino,Vietnamese,Chinese": 0.21333333333333335,
            "Filipino,Vietnamese,Spanish": 0.26,
            "Filipino,Vietnamese,Malay": 0.34,
            "Filipino,Vietnamese,Indonesian": 0.31333333333333335,
            "Filipino,Vietnamese,English": 0.24,
            "Filipino,Chinese,Spanish": 0.18,
            "Filipino,Chinese,Malay": 0.22,
            "Filipino,Chinese,Indonesian": 0.22,
            "Filipino,Chinese,English": 0.16666666666666666,
            "Filipino,Spanish,Malay": 0.29333333333333333,
            "Filipino,Spanish,Indonesian": 0.30666666666666664,
            "Filipino,Spanish,English": 0.29333333333333333,
            "Filipino,Malay,Indonesian": 0.36,
            "Filipino,Malay,English": 0.3,
            "Filipino,Indonesian,English": 0.26,
            "Vietnamese,Chinese,Spanish": 0.18,
            "Vietnamese,Chinese,Malay": 0.2733333333333333,
            "Vietnamese,Chinese,Indonesian": 0.25333333333333335,
            "Vietnamese,Chinese,English": 0.12,
            "Vietnamese,Spanish,Malay": 0.2733333333333333,
            "Vietnamese,Spanish,Indonesian": 0.26666666666666666,
            "Vietnamese,Spanish,English": 0.22666666666666666,
            "Vietnamese,Malay,Indonesian": 0.38666666666666666,
            "Vietnamese,Malay,English": 0.23333333333333334,
            "Vietnamese,Indonesian,English": 0.22,
            "Chinese,Spanish,Malay": 0.17333333333333334,
            "Chinese,Spanish,Indonesian": 0.2,
            "Chinese,Spanish,English": 0.14,
            "Chinese,Malay,Indonesian": 0.28,
            "Chinese,Malay,English": 0.15333333333333332,
            "Chinese,Indonesian,English": 0.14666666666666667,
            "Spanish,Malay,Indonesian": 0.36,
            "Spanish,Malay,English": 0.30666666666666664,
            "Spanish,Indonesian,English": 0.2733333333333333,
            "Malay,Indonesian,English": 0.32
        },
        "4_combine": {
            "Filipino,Vietnamese,Chinese,Spanish": 0.12666666666666668,
            "Filipino,Vietnamese,Chinese,Malay": 0.16666666666666666,
            "Filipino,Vietnamese,Chinese,Indonesian": 0.15333333333333332,
            "Filipino,Vietnamese,Chinese,English": 0.1,
            "Filipino,Vietnamese,Spanish,Malay": 0.21333333333333335,
            "Filipino,Vietnamese,Spanish,Indonesian": 0.21333333333333335,
            "Filipino,Vietnamese,Spanish,English": 0.18,
            "Filipino,Vietnamese,Malay,Indonesian": 0.26666666666666666,
            "Filipino,Vietnamese,Malay,English": 0.2,
            "Filipino,Vietnamese,Indonesian,English": 0.18,
            "Filipino,Chinese,Spanish,Malay": 0.12,
            "Filipino,Chinese,Spanish,Indonesian": 0.14,
            "Filipino,Chinese,Spanish,English": 0.11333333333333333,
            "Filipino,Chinese,Malay,Indonesian": 0.16,
            "Filipino,Chinese,Malay,English": 0.12,
            "Filipino,Chinese,Indonesian,English": 0.11333333333333333,
            "Filipino,Spanish,Malay,Indonesian": 0.22666666666666666,
            "Filipino,Spanish,Malay,English": 0.23333333333333334,
            "Filipino,Spanish,Indonesian,English": 0.19333333333333333,
            "Filipino,Malay,Indonesian,English": 0.22,
            "Vietnamese,Chinese,Spanish,Malay": 0.12666666666666668,
            "Vietnamese,Chinese,Spanish,Indonesian": 0.12666666666666668,
            "Vietnamese,Chinese,Spanish,English": 0.08666666666666667,
            "Vietnamese,Chinese,Malay,Indonesian": 0.2,
            "Vietnamese,Chinese,Malay,English": 0.10666666666666667,
            "Vietnamese,Chinese,Indonesian,English": 0.09333333333333334,
            "Vietnamese,Spanish,Malay,Indonesian": 0.23333333333333334,
            "Vietnamese,Spanish,Malay,English": 0.18666666666666668,
            "Vietnamese,Spanish,Indonesian,English": 0.16666666666666666,
            "Vietnamese,Malay,Indonesian,English": 0.2,
            "Chinese,Spanish,Malay,Indonesian": 0.14666666666666667,
            "Chinese,Spanish,Malay,English": 0.1,
            "Chinese,Spanish,Indonesian,English": 0.1,
            "Chinese,Malay,Indonesian,English": 0.12666666666666668,
            "Spanish,Malay,Indonesian,English": 0.24
        },
        "5_combine": {
            "Filipino,Vietnamese,Chinese,Spanish,Malay": 0.1,
            "Filipino,Vietnamese,Chinese,Spanish,Indonesian": 0.1,
            "Filipino,Vietnamese,Chinese,Spanish,English": 0.08,
            "Filipino,Vietnamese,Chinese,Malay,Indonesian": 0.12666666666666668,
            "Filipino,Vietnamese,Chinese,Malay,English": 0.08666666666666667,
            "Filipino,Vietnamese,Chinese,Indonesian,English": 0.07333333333333333,
            "Filipino,Vietnamese,Spanish,Malay,Indonesian": 0.18666666666666668,
            "Filipino,Vietnamese,Spanish,Malay,English": 0.16666666666666666,
            "Filipino,Vietnamese,Spanish,Indonesian,English": 0.14666666666666667,
            "Filipino,Vietnamese,Malay,Indonesian,English": 0.16666666666666666,
            "Filipino,Chinese,Spanish,Malay,Indonesian": 0.1,
            "Filipino,Chinese,Spanish,Malay,English": 0.08666666666666667,
            "Filipino,Chinese,Spanish,Indonesian,English": 0.08666666666666667,
            "Filipino,Chinese,Malay,Indonesian,English": 0.09333333333333334,
            "Filipino,Spanish,Malay,Indonesian,English": 0.17333333333333334,
            "Vietnamese,Chinese,Spanish,Malay,Indonesian": 0.10666666666666667,
            "Vietnamese,Chinese,Spanish,Malay,English": 0.07333333333333333,
            "Vietnamese,Chinese,Spanish,Indonesian,English": 0.06666666666666667,
            "Vietnamese,Chinese,Malay,Indonesian,English": 0.08666666666666667,
            "Vietnamese,Spanish,Malay,Indonesian,English": 0.16,
            "Chinese,Spanish,Malay,Indonesian,English": 0.08
        },
        "6_combine": {
            "Filipino,Vietnamese,Chinese,Spanish,Malay,Indonesian": 0.08666666666666667,
            "Filipino,Vietnamese,Chinese,Spanish,Malay,English": 0.06666666666666667,
            "Filipino,Vietnamese,Chinese,Spanish,Indonesian,English": 0.06,
            "Filipino,Vietnamese,Chinese,Malay,Indonesian,English": 0.06666666666666667,