{
    "overall_acc": 0.31238095238095237,
    "language_acc": {
        "Filipino": 0.3,
        "Vietnamese": 0.3,
        "Chinese": 0.24,
        "Spanish": 0.3333333333333333,
        "Malay": 0.30666666666666664,
        "Indonesian": 0.29333333333333333,
        "English": 0.41333333333333333
    },
    "consistency_score_2": 0.4152380952380952,
    "consistency_score_3": 0.22780952380952385,
    "consistency_score_4": 0.1459047619047619,
    "consistency_score_5": 0.10317460317460314,
    "consistency_score_6": 0.07714285714285715,
    "consistency_score_7": 0.06,
    "detailed_consistency_score": {
        "2_combine": {
            "Filipino,Vietnamese": 0.4266666666666667,
            "Filipino,Chinese": 0.29333333333333333,
            "Filipino,Spanish": 0.47333333333333333,
            "Filipino,Malay": 0.5333333333333333,
            "Filipino,Indonesian": 0.47333333333333333,
            "Filipino,English": 0.5,
            "Vietnamese,Chinese": 0.26666666666666666,
            "Vietnamese,Spanish": 0.44666666666666666,
            "Vietnamese,Malay": 0.5133333333333333,
            "Vietnamese,Indonesian": 0.44,
            "Vietnamese,English": 0.36666666666666664,
            "Chinese,Spanish": 0.29333333333333333,
            "Chinese,Malay": 0.30666666666666664,
            "Chinese,Indonesian": 0.32666666666666666,
            "Chinese,English": 0.25333333333333335,
            "Spanish,Malay": 0.44666666666666666,
            "Spanish,Indonesian": 0.4866666666666667,
            "Spanish,English": 0.47333333333333333,
            "Malay,Indonesian": 0.6333333333333333,
            "Malay,English": 0.38,
            "Indonesian,English": 0.38666666666666666
        },
        "3_combine": {
            "Filipino,Vietnamese,Chinese": 0.12,
            "Filipino,Vietnamese,Spanish": 0.26666666666666666,
            "Filipino,Vietnamese,Malay": 0.32,
            "Filipino,Vietnamese,Indonesian": 0.25333333333333335,
            "Filipino,Vietnamese,English": 0.24,
            "Filipino,Chinese,Spanish": 0.15333333333333332,
            "Filipino,Chinese,Malay": 0.17333333333333334,
            "Filipino,Chinese,Indonesian": 0.18,
            "Filipino,Chinese,English": 0.14666666666666667,
            "Filipino,Spanish,Malay": 0.29333333333333333,
            "Filipino,Spanish,Indonesian": 0.29333333333333333,
            "Filipino,Spanish,English": 0.31333333333333335,
            "Filipino,Malay,Indonesian": 0.37333333333333335,
            "Filipino,Malay,English": 0.29333333333333333,
            "Filipino,Indonesian,English": 0.2733333333333333,
            "Vietnamese,Chinese,Spanish": 0.13333333333333333,
            "Vietnamese,Chinese,Malay": 0.18,
            "Vietnamese,Chinese,Indonesian": 0.16666666666666666,
            "Vietnamese,Chinese,English": 0.09333333333333334,
            "Vietnamese,Spanish,Malay": 0.30666666666666664,
            "Vietnamese,Spanish,Indonesian": 0.2866666666666667,
            "Vietnamese,Spanish,English": 0.26666666666666666,
            "Vietnamese,Malay,Indonesian": 0.3466666666666667,
            "Vietnamese,Malay,English": 0.24,
            "Vietnamese,Indonesian,English": 0.22,
            "Chinese,Spanish,Malay": 0.14,
            "Chinese,Spanish,Indonesian": 0.17333333333333334,
            "Chinese,Spanish,English": 0.14,
            "Chinese,Malay,Indonesian": 0.2,
            "Chinese,Malay,English": 0.12666666666666668,
            "Chinese,Indonesian,English": 0.12,
            "Spanish,Malay,Indonesian": 0.34,
            "Spanish,Malay,English": 0.25333333333333335,
            "Spanish,Indonesian,English": 0.26,
            "Malay,Indonesian,English": 0.2866666666666667
        },
        "4_combine": {
            "Filipino,Vietnamese,Chinese,Spanish": 0.08666666666666667,
            "Filipino,Vietnamese,Chinese,Malay": 0.1,
            "Filipino,Vietnamese,Chinese,Indonesian": 0.1,
            "Filipino,Vietnamese,Chinese,English": 0.07333333333333333,
            "Filipino,Vietnamese,Spanish,Malay": 0.21333333333333335,
            "Filipino,Vietnamese,Spanish,Indonesian": 0.2,
            "Filipino,Vietnamese,Spanish,English": 0.19333333333333333,
            "Filipino,Vietnamese,Malay,Indonesian": 0.22666666666666666,
            "Filipino,Vietnamese,Malay,English": 0.2,
            "Filipino,Vietnamese,Indonesian,English": 0.17333333333333334,
            "Filipino,Chinese,Spanish,Malay": 0.1,
            "Filipino,Chinese,Spanish,Indonesian": 0.12,
            "Filipino,Chinese,Spanish,English": 0.08666666666666667,
            "Filipino,Chinese,Malay,Indonesian": 0.14666666666666667,
            "Filipino,Chinese,Malay,English": 0.10666666666666667,
            "Filipino,Chinese,Indonesian,English": 0.09333333333333334,
            "Filipino,Spanish,Malay,Indonesian": 0.24,
            "Filipino,Spanish,Malay,English": 0.2,
            "Filipino,Spanish,Indonesian,English": 0.2,
            "Filipino,Malay,Indonesian,English": 0.22,
            "Vietnamese,Chinese,Spanish,Malay": 0.10666666666666667,
            "Vietnamese,Chinese,Spanish,Indonesian": 0.10666666666666667,
            "Vietnamese,Chinese,Spanish,English": 0.07333333333333333,
            "Vietnamese,Chinese,Malay,Indonesian": 0.13333333333333333,
            "Vietnamese,Chinese,Malay,English": 0.08666666666666667,
            "Vietnamese,Chinese,Indonesian,English": 0.08666666666666667,
            "Vietnamese,Spanish,Malay,Indonesian": 0.24666666666666667,
            "Vietnamese,Spanish,Malay,English": 0.2,
            "Vietnamese,Spanish,Indonesian,English": 0.18,
            "Vietnamese,Malay,Indonesian,English": 0.19333333333333333,
            "Chinese,Spanish,Malay,Indonesian": 0.12,
            "Chinese,Spanish,Malay,English": 0.08,
            "Chinese,Spanish,Indonesian,English": 0.09333333333333334,
            "Chinese,Malay,Indonesian,English": 0.1,
            "Spanish,Malay,Indonesian,English": 0.22
        },
        "5_combine": {
            "Filipino,Vietnamese,Chinese,Spanish,Malay": 0.07333333333333333,
            "Filipino,Vietnamese,Chinese,Spanish,Indonesian": 0.08,
            "Filipino,Vietnamese,Chinese,Spanish,English": 0.06,
            "Filipino,Vietnamese,Chinese,Malay,Indonesian": 0.09333333333333334,
            "Filipino,Vietnamese,Chinese,Malay,English": 0.07333333333333333,
            "Filipino,Vietnamese,Chinese,Indonesian,English": 0.06666666666666667,
            "Filipino,Vietnamese,Spanish,Malay,Indonesian": 0.18666666666666668,
            "Filipino,Vietnamese,Spanish,Malay,English": 0.16,
            "Filipino,Vietnamese,Spanish,Indonesian,English": 0.14666666666666667,
            "Filipino,Vietnamese,Malay,Indonesian,English": 0.16,
            "Filipino,Chinese,Spanish,Malay,Indonesian": 0.09333333333333334,
            "Filipino,Chinese,Spanish,Malay,English": 0.06666666666666667,
            "Filipino,Chinese,Spanish,Indonesian,English": 0.07333333333333333,
            "Filipino,Chinese,Malay,Indonesian,English": 0.08666666666666667,
            "Filipino,Spanish,Malay,Indonesian,English": 0.17333333333333334,
            "Vietnamese,Chinese,Spanish,Malay,Indonesian": 0.09333333333333334,
            "Vietnamese,Chinese,Spanish,Malay,English": 0.07333333333333333,
            "Vietnamese,Chinese,Spanish,Indonesian,English": 0.07333333333333333,
            "Vietnamese,Chinese,Malay,Indonesian,English": 0.08,
            "Vietnamese,Spanish,Malay,Indonesian,English": 0.17333333333333334,
            "Chinese,Spanish,Malay,Indonesian,English": 0.08
        },
        "6_combine": {
            "Filipino,Vietnamese,Chinese,Spanish,Malay,Indonesian": 0.07333333333333333,
            "Filipino,Vietnamese,Chinese,Spanish,Malay,English": 0.06,
            "Filipino,Vietnamese,Chinese,Spanish,Indonesian,English": 0.06,
            "Filipino,Vietnamese,Chinese,Malay,Indonesian,English": 0.06666666666666667,