{
    "rouge1": 0.33860545114927265,
    "rouge2": 0.11058705018769807,
    "rougeL": 0.25443600103582137,
    "avg_rouge": 0.23454283412426405
}