{
    "rouge1": 0.3380038032957861,
    "rouge2": 0.11233090757630733,
    "rougeL": 0.2525846961222128,
    "avg_rouge": 0.23430646899810206
}