{
    "accuracy": 0.5799785484447623,
    "category_acc": {
        "high_school_european_history": 0.676829268292683,
        "business_ethics": 0.5959595959595959,
        "clinical_knowledge": 0.6553030303030303,
        "medical_genetics": 0.7373737373737373,
        "high_school_us_history": 0.7241379310344828,
        "high_school_physics": 0.36666666666666664,
        "high_school_world_history": 0.8008474576271186,
        "virology": 0.48484848484848486,
        "high_school_microeconomics": 0.6751054852320675,
        "econometrics": 0.45132743362831856,
        "college_computer_science": 0.494949494949495,
        "high_school_biology": 0.7216828478964401,
        "abstract_algebra": 0.30303030303030304,
        "professional_accounting": 0.46619217081850534,
        "philosophy": 0.6225806451612903,
        "professional_medicine": 0.6531365313653137,
        "nutrition": 0.6688524590163935,
        "global_facts": 0.32323232323232326,
        "machine_learning": 0.34234234234234234,
        "security_studies": 0.7008196721311475,
        "public_relations": 0.5779816513761468,
        "professional_psychology": 0.6219312602291326,
        "prehistory": 0.6904024767801857,
        "anatomy": 0.6268656716417911,
        "human_sexuality": 0.6692307692307692,
        "college_medicine": 0.5581395348837209,
        "high_school_government_and_politics": 0.8177083333333334,
        "college_chemistry": 0.47474747474747475,
        "logical_fallacies": 0.6419753086419753,
        "high_school_geography": 0.7258883248730964,
        "elementary_mathematics": 0.38992042440318303,
        "human_aging": 0.6261261261261262,
        "college_mathematics": 0.26262626262626265,
        "high_school_psychology": 0.7904411764705882,
        "formal_logic": 0.424,
        "high_school_statistics": 0.44651162790697674,
        "international_law": 0.6583333333333333,
        "high_school_mathematics": 0.2825278810408922,
        "high_school_computer_science": 0.6060606060606061,
        "conceptual_physics": 0.5299145299145299,
        "miscellaneous": 0.789002557544757,
        "high_school_chemistry": 0.5,
        "marketing": 0.8369098712446352,
        "professional_law": 0.42857142857142855,
        "management": 0.803921568627451,
        "college_physics": 0.39603960396039606,
        "jurisprudence": 0.6728971962616822,
        "world_religions": 0.8058823529411765,
        "sociology": 0.78,
        "us_foreign_policy": 0.797979797979798,
        "high_school_macroeconomics": 0.5629820051413882,
        "computer_security": 0.7272727272727273,
        "moral_scenarios": 0.2639821029082774,
        "moral_disputes": 0.6057971014492753,
        "electrical_engineering": 0.5763888888888888,
        "astronomy": 0.6158940397350994,
        "college_biology": 0.7202797202797203
    }
}