{
    "accuracy": 0.5683232034322488,
    "category_acc": {
        "high_school_european_history": 0.6524390243902439,
        "business_ethics": 0.6464646464646465,
        "clinical_knowledge": 0.6363636363636364,
        "medical_genetics": 0.7070707070707071,
        "high_school_us_history": 0.7142857142857143,
        "high_school_physics": 0.36,
        "high_school_world_history": 0.8008474576271186,
        "virology": 0.49696969696969695,
        "high_school_microeconomics": 0.6371308016877637,
        "econometrics": 0.4336283185840708,
        "college_computer_science": 0.4444444444444444,
        "high_school_biology": 0.7249190938511327,
        "abstract_algebra": 0.2727272727272727,
        "professional_accounting": 0.4412811387900356,
        "philosophy": 0.6064516129032258,
        "professional_medicine": 0.6531365313653137,
        "nutrition": 0.6721311475409836,
        "global_facts": 0.30303030303030304,
        "machine_learning": 0.3153153153153153,
        "security_studies": 0.680327868852459,
        "public_relations": 0.5229357798165137,
        "professional_psychology": 0.6219312602291326,
        "prehistory": 0.6780185758513931,
        "anatomy": 0.6194029850746269,
        "human_sexuality": 0.6846153846153846,
        "college_medicine": 0.5523255813953488,
        "high_school_government_and_politics": 0.8177083333333334,
        "college_chemistry": 0.43434343434343436,
        "logical_fallacies": 0.6296296296296297,
        "high_school_geography": 0.6954314720812182,
        "elementary_mathematics": 0.3103448275862069,
        "human_aging": 0.6486486486486487,
        "college_mathematics": 0.26262626262626265,
        "high_school_psychology": 0.7941176470588235,
        "formal_logic": 0.408,
        "high_school_statistics": 0.40930232558139534,
        "international_law": 0.6666666666666666,
        "high_school_mathematics": 0.2788104089219331,
        "high_school_computer_science": 0.6161616161616161,
        "conceptual_physics": 0.4658119658119658,
        "miscellaneous": 0.7723785166240409,
        "high_school_chemistry": 0.45544554455445546,
        "marketing": 0.8326180257510729,
        "professional_law": 0.4233529028049576,
        "management": 0.8137254901960784,
        "college_physics": 0.39603960396039606,
        "jurisprudence": 0.6542056074766355,
        "world_religions": 0.7941176470588235,
        "sociology": 0.78,
        "us_foreign_policy": 0.8080808080808081,
        "high_school_macroeconomics": 0.5501285347043702,
        "computer_security": 0.6868686868686869,
        "moral_scenarios": 0.26174496644295303,
        "moral_disputes": 0.6086956521739131,
        "electrical_engineering": 0.5763888888888888,
        "astronomy": 0.5894039735099338,
        "college_biology": 0.7202797202797203
    }
}