{
    "accuracy": 0.5732570611369324,
    "category_acc": {
        "high_school_european_history": 0.6524390243902439,
        "business_ethics": 0.6464646464646465,
        "clinical_knowledge": 0.6287878787878788,
        "medical_genetics": 0.7373737373737373,
        "high_school_us_history": 0.7142857142857143,
        "high_school_physics": 0.35333333333333333,
        "high_school_world_history": 0.8177966101694916,
        "virology": 0.503030303030303,
        "high_school_microeconomics": 0.6413502109704642,
        "econometrics": 0.4336283185840708,
        "college_computer_science": 0.4444444444444444,
        "high_school_biology": 0.7216828478964401,
        "abstract_algebra": 0.21212121212121213,
        "professional_accounting": 0.45195729537366547,
        "philosophy": 0.6193548387096774,
        "professional_medicine": 0.6494464944649446,
        "nutrition": 0.6721311475409836,
        "global_facts": 0.31313131313131315,
        "machine_learning": 0.36936936936936937,
        "security_studies": 0.6926229508196722,
        "public_relations": 0.5321100917431193,
        "professional_psychology": 0.6153846153846154,
        "prehistory": 0.6749226006191951,
        "anatomy": 0.6119402985074627,
        "human_sexuality": 0.6923076923076923,
        "college_medicine": 0.5348837209302325,
        "high_school_government_and_politics": 0.8177083333333334,
        "college_chemistry": 0.4444444444444444,
        "logical_fallacies": 0.6481481481481481,
        "high_school_geography": 0.6954314720812182,
        "elementary_mathematics": 0.3448275862068966,
        "human_aging": 0.6441441441441441,
        "college_mathematics": 0.2828282828282828,
        "high_school_psychology": 0.7904411764705882,
        "formal_logic": 0.416,
        "high_school_statistics": 0.42790697674418604,
        "international_law": 0.675,
        "high_school_mathematics": 0.32342007434944237,
        "high_school_computer_science": 0.5858585858585859,
        "conceptual_physics": 0.4829059829059829,
        "miscellaneous": 0.7659846547314578,
        "high_school_chemistry": 0.46534653465346537,
        "marketing": 0.8369098712446352,
        "professional_law": 0.43313763861709065,
        "management": 0.8137254901960784,
        "college_physics": 0.4158415841584158,
        "jurisprudence": 0.6542056074766355,
        "world_religions": 0.8,
        "sociology": 0.79,
        "us_foreign_policy": 0.8080808080808081,
        "high_school_macroeconomics": 0.5552699228791774,
        "computer_security": 0.7070707070707071,
        "moral_scenarios": 0.2606263982102908,
        "moral_disputes": 0.6086956521739131,
        "electrical_engineering": 0.5833333333333334,
        "astronomy": 0.609271523178808,
        "college_biology": 0.7272727272727273
    }
}