{
    "accuracy": 0.5196996782266714,
    "category_acc": {
        "high_school_european_history": 0.6707317073170732,
        "business_ethics": 0.494949494949495,
        "clinical_knowledge": 0.6098484848484849,
        "medical_genetics": 0.5454545454545454,
        "high_school_us_history": 0.7536945812807881,
        "high_school_physics": 0.34,
        "high_school_world_history": 0.8177966101694916,
        "virology": 0.43636363636363634,
        "high_school_microeconomics": 0.5569620253164557,
        "econometrics": 0.30973451327433627,
        "college_computer_science": 0.494949494949495,
        "high_school_biology": 0.6245954692556634,
        "abstract_algebra": 0.26262626262626265,
        "professional_accounting": 0.4234875444839858,
        "philosophy": 0.5645161290322581,
        "professional_medicine": 0.5830258302583026,
        "nutrition": 0.5967213114754099,
        "global_facts": 0.2828282828282828,
        "machine_learning": 0.3783783783783784,
        "security_studies": 0.7254098360655737,
        "public_relations": 0.5137614678899083,
        "professional_psychology": 0.5761047463175123,
        "prehistory": 0.5541795665634675,
        "anatomy": 0.4701492537313433,
        "human_sexuality": 0.6076923076923076,
        "college_medicine": 0.5058139534883721,
        "high_school_government_and_politics": 0.7395833333333334,
        "college_chemistry": 0.42424242424242425,
        "logical_fallacies": 0.6234567901234568,
        "high_school_geography": 0.6345177664974619,
        "elementary_mathematics": 0.30238726790450926,
        "human_aging": 0.47297297297297297,
        "college_mathematics": 0.23232323232323232,
        "high_school_psychology": 0.6672794117647058,
        "formal_logic": 0.416,
        "high_school_statistics": 0.4744186046511628,
        "international_law": 0.675,
        "high_school_mathematics": 0.31226765799256506,
        "high_school_computer_science": 0.5353535353535354,
        "conceptual_physics": 0.405982905982906,
        "miscellaneous": 0.6240409207161125,
        "high_school_chemistry": 0.38613861386138615,
        "marketing": 0.6995708154506438,
        "professional_law": 0.4383561643835616,
        "management": 0.6274509803921569,
        "college_physics": 0.297029702970297,
        "jurisprudence": 0.6074766355140186,
        "world_religions": 0.6176470588235294,
        "sociology": 0.735,
        "us_foreign_policy": 0.7676767676767676,
        "high_school_macroeconomics": 0.4781491002570694,
        "computer_security": 0.5656565656565656,
        "moral_scenarios": 0.28747203579418346,
        "moral_disputes": 0.5449275362318841,
        "electrical_engineering": 0.4166666666666667,
        "astronomy": 0.5894039735099338,
        "college_biology": 0.6083916083916084
    }
}