{
    "accuracy": 0.2574901680371827,
    "category_acc": {
        "high_school_european_history": 0.2926829268292683,
        "business_ethics": 0.2727272727272727,
        "clinical_knowledge": 0.25757575757575757,
        "medical_genetics": 0.25252525252525254,
        "high_school_us_history": 0.27586206896551724,
        "high_school_physics": 0.2733333333333333,
        "high_school_world_history": 0.24152542372881355,
        "virology": 0.2,
        "high_school_microeconomics": 0.21518987341772153,
        "econometrics": 0.23008849557522124,
        "college_computer_science": 0.30303030303030304,
        "high_school_biology": 0.2524271844660194,
        "abstract_algebra": 0.23232323232323232,
        "professional_accounting": 0.2669039145907473,
        "philosophy": 0.25806451612903225,
        "professional_medicine": 0.1992619926199262,
        "nutrition": 0.26557377049180325,
        "global_facts": 0.3434343434343434,
        "machine_learning": 0.23423423423423423,
        "security_studies": 0.24180327868852458,
        "public_relations": 0.1926605504587156,
        "professional_psychology": 0.281505728314239,
        "prehistory": 0.29411764705882354,
        "anatomy": 0.29850746268656714,
        "human_sexuality": 0.25384615384615383,
        "college_medicine": 0.22674418604651161,
        "high_school_government_and_politics": 0.23958333333333334,
        "college_chemistry": 0.1111111111111111,
        "logical_fallacies": 0.2716049382716049,
        "high_school_geography": 0.25888324873096447,
        "elementary_mathematics": 0.2625994694960212,
        "human_aging": 0.21621621621621623,
        "college_mathematics": 0.24242424242424243,
        "high_school_psychology": 0.23713235294117646,
        "formal_logic": 0.248,
        "high_school_statistics": 0.19069767441860466,
        "international_law": 0.4166666666666667,
        "high_school_mathematics": 0.2936802973977695,
        "high_school_computer_science": 0.37373737373737376,
        "conceptual_physics": 0.23504273504273504,
        "miscellaneous": 0.26854219948849106,
        "high_school_chemistry": 0.2623762376237624,
        "marketing": 0.2703862660944206,
        "professional_law": 0.2857142857142857,
        "management": 0.18627450980392157,
        "college_physics": 0.16831683168316833,
        "jurisprudence": 0.2523364485981308,
        "world_religions": 0.3,
        "sociology": 0.245,
        "us_foreign_policy": 0.2828282828282828,
        "high_school_macroeconomics": 0.20051413881748073,
        "computer_security": 0.31313131313131315,
        "moral_scenarios": 0.2360178970917226,
        "moral_disputes": 0.26956521739130435,
        "electrical_engineering": 0.24305555555555555,
        "astronomy": 0.2913907284768212,
        "college_biology": 0.25874125874125875
    }
}