{
    "accuracy": 0.44209215442092153,
    "category_acc": {
        "computer_network": 0.5416666666666666,
        "operating_system": 0.5833333333333334,
        "computer_architecture": 0.6538461538461539,
        "college_programming": 0.47619047619047616,
        "college_physics": 0.2916666666666667,
        "college_chemistry": 0.2413793103448276,
        "advanced_mathematics": 0.2916666666666667,
        "probability_and_statistics": 0.43478260869565216,
        "discrete_mathematics": 0.3333333333333333,
        "electrical_engineer": 0.2857142857142857,
        "metrology_engineer": 0.5862068965517241,
        "high_school_mathematics": 0.13043478260869565,
        "high_school_physics": 0.4166666666666667,
        "high_school_chemistry": 0.5,
        "high_school_biology": 0.3333333333333333,
        "middle_school_mathematics": 0.2916666666666667,
        "middle_school_biology": 0.6538461538461539,
        "middle_school_physics": 0.4583333333333333,
        "middle_school_chemistry": 0.52,
        "veterinary_medicine": 0.35714285714285715,
        "college_economics": 0.4166666666666667,
        "business_administration": 0.5,
        "marxism": 0.5416666666666666,
        "mao_zedong_thought": 0.4827586206896552,
        "education_science": 0.5882352941176471,
        "teacher_qualification": 0.673469387755102,
        "high_school_politics": 0.4583333333333333,
        "high_school_geography": 0.4583333333333333,
        "middle_school_politics": 0.5769230769230769,
        "middle_school_geography": 0.4117647058823529,
        "modern_chinese_history": 0.5,
        "ideological_and_moral_cultivation": 0.5416666666666666,
        "logic": 0.4444444444444444,
        "law": 0.41379310344827586,
        "chinese_language_and_literature": 0.4642857142857143,
        "art_studies": 0.2894736842105263,
        "professional_tour_guide": 0.4117647058823529,
        "legal_professional": 0.4642857142857143,
        "high_school_chinese": 0.2916666666666667,
        "high_school_history": 0.76,
        "middle_school_history": 0.4074074074074074,
        "civil_servant": 0.34615384615384615,
        "sports_science": 0.20833333333333334,
        "plant_protection": 0.5555555555555556,
        "basic_medicine": 0.4166666666666667,
        "clinical_medicine": 0.4444444444444444,
        "urban_and_rural_planner": 0.49019607843137253,
        "accountant": 0.5,
        "fire_engineer": 0.3611111111111111,
        "environmental_impact_assessment_engineer": 0.4444444444444444,
        "tax_accountant": 0.3148148148148148,
        "physician": 0.42592592592592593
    }
}