{
    "accuracy": 0.4396014943960149,
    "category_acc": {
        "computer_network": 0.4583333333333333,
        "operating_system": 0.5833333333333334,
        "computer_architecture": 0.5,
        "college_programming": 0.6666666666666666,
        "college_physics": 0.25,
        "college_chemistry": 0.2413793103448276,
        "advanced_mathematics": 0.2916666666666667,
        "probability_and_statistics": 0.21739130434782608,
        "discrete_mathematics": 0.38095238095238093,
        "electrical_engineer": 0.47619047619047616,
        "metrology_engineer": 0.3448275862068966,
        "high_school_mathematics": 0.21739130434782608,
        "high_school_physics": 0.2916666666666667,
        "high_school_chemistry": 0.2916666666666667,
        "high_school_biology": 0.20833333333333334,
        "middle_school_mathematics": 0.2916666666666667,
        "middle_school_biology": 0.6923076923076923,
        "middle_school_physics": 0.5,
        "middle_school_chemistry": 0.48,
        "veterinary_medicine": 0.35714285714285715,
        "college_economics": 0.48333333333333334,
        "business_administration": 0.47368421052631576,
        "marxism": 0.4583333333333333,
        "mao_zedong_thought": 0.5862068965517241,
        "education_science": 0.5,
        "teacher_qualification": 0.673469387755102,
        "high_school_politics": 0.5,
        "high_school_geography": 0.5416666666666666,
        "middle_school_politics": 0.7307692307692307,
        "middle_school_geography": 0.5294117647058824,
        "modern_chinese_history": 0.2857142857142857,
        "ideological_and_moral_cultivation": 0.6666666666666666,
        "logic": 0.4074074074074074,
        "law": 0.3448275862068966,
        "chinese_language_and_literature": 0.39285714285714285,
        "art_studies": 0.42105263157894735,
        "professional_tour_guide": 0.35294117647058826,
        "legal_professional": 0.25,
        "high_school_chinese": 0.375,
        "high_school_history": 0.6,
        "middle_school_history": 0.5185185185185185,
        "civil_servant": 0.4230769230769231,
        "sports_science": 0.4166666666666667,
        "plant_protection": 0.5925925925925926,
        "basic_medicine": 0.5,
        "clinical_medicine": 0.4444444444444444,
        "urban_and_rural_planner": 0.49019607843137253,
        "accountant": 0.3888888888888889,
        "fire_engineer": 0.16666666666666666,
        "environmental_impact_assessment_engineer": 0.5833333333333334,
        "tax_accountant": 0.3148148148148148,
        "physician": 0.46296296296296297
    }
}