{
    "accuracy": 0.4202988792029888,
    "category_acc": {
        "computer_network": 0.5416666666666666,
        "operating_system": 0.5833333333333334,
        "computer_architecture": 0.5,
        "college_programming": 0.47619047619047616,
        "college_physics": 0.125,
        "college_chemistry": 0.3103448275862069,
        "advanced_mathematics": 0.25,
        "probability_and_statistics": 0.30434782608695654,
        "discrete_mathematics": 0.5238095238095238,
        "electrical_engineer": 0.3333333333333333,
        "metrology_engineer": 0.3793103448275862,
        "high_school_mathematics": 0.08695652173913043,
        "high_school_physics": 0.4583333333333333,
        "high_school_chemistry": 0.3333333333333333,
        "high_school_biology": 0.20833333333333334,
        "middle_school_mathematics": 0.25,
        "middle_school_biology": 0.6923076923076923,
        "middle_school_physics": 0.5,
        "middle_school_chemistry": 0.4,
        "veterinary_medicine": 0.25,
        "college_economics": 0.4,
        "business_administration": 0.42105263157894735,
        "marxism": 0.5,
        "mao_zedong_thought": 0.5172413793103449,
        "education_science": 0.5,
        "teacher_qualification": 0.6530612244897959,
        "high_school_politics": 0.4583333333333333,
        "high_school_geography": 0.5833333333333334,
        "middle_school_politics": 0.5769230769230769,
        "middle_school_geography": 0.35294117647058826,
        "modern_chinese_history": 0.39285714285714285,
        "ideological_and_moral_cultivation": 0.5,
        "logic": 0.4074074074074074,
        "law": 0.3103448275862069,
        "chinese_language_and_literature": 0.35714285714285715,
        "art_studies": 0.42105263157894735,
        "professional_tour_guide": 0.35294117647058826,
        "legal_professional": 0.32142857142857145,
        "high_school_chinese": 0.2916666666666667,
        "high_school_history": 0.52,
        "middle_school_history": 0.5925925925925926,
        "civil_servant": 0.40384615384615385,
        "sports_science": 0.375,
        "plant_protection": 0.5185185185185185,
        "basic_medicine": 0.6666666666666666,
        "clinical_medicine": 0.48148148148148145,
        "urban_and_rural_planner": 0.5294117647058824,
        "accountant": 0.3333333333333333,
        "fire_engineer": 0.19444444444444445,
        "environmental_impact_assessment_engineer": 0.4722222222222222,
        "tax_accountant": 0.3888888888888889,
        "physician": 0.4444444444444444
    }
}