{
    "accuracy": 0.42092154420921546,
    "category_acc": {
        "computer_network": 0.5,
        "operating_system": 0.625,
        "computer_architecture": 0.46153846153846156,
        "college_programming": 0.5714285714285714,
        "college_physics": 0.20833333333333334,
        "college_chemistry": 0.2413793103448276,
        "advanced_mathematics": 0.20833333333333334,
        "probability_and_statistics": 0.13043478260869565,
        "discrete_mathematics": 0.2857142857142857,
        "electrical_engineer": 0.42857142857142855,
        "metrology_engineer": 0.5172413793103449,
        "high_school_mathematics": 0.34782608695652173,
        "high_school_physics": 0.3333333333333333,
        "high_school_chemistry": 0.3333333333333333,
        "high_school_biology": 0.375,
        "middle_school_mathematics": 0.375,
        "middle_school_biology": 0.5769230769230769,
        "middle_school_physics": 0.4166666666666667,
        "middle_school_chemistry": 0.36,
        "veterinary_medicine": 0.35714285714285715,
        "college_economics": 0.38333333333333336,
        "business_administration": 0.39473684210526316,
        "marxism": 0.375,
        "mao_zedong_thought": 0.6206896551724138,
        "education_science": 0.47058823529411764,
        "teacher_qualification": 0.673469387755102,
        "high_school_politics": 0.5833333333333334,
        "high_school_geography": 0.5,
        "middle_school_politics": 0.6923076923076923,
        "middle_school_geography": 0.47058823529411764,
        "modern_chinese_history": 0.35714285714285715,
        "ideological_and_moral_cultivation": 0.7083333333333334,
        "logic": 0.4074074074074074,
        "law": 0.4827586206896552,
        "chinese_language_and_literature": 0.42857142857142855,
        "art_studies": 0.3157894736842105,
        "professional_tour_guide": 0.4411764705882353,
        "legal_professional": 0.2857142857142857,
        "high_school_chinese": 0.375,
        "high_school_history": 0.36,
        "middle_school_history": 0.5185185185185185,
        "civil_servant": 0.38461538461538464,
        "sports_science": 0.375,
        "plant_protection": 0.6296296296296297,
        "basic_medicine": 0.4583333333333333,
        "clinical_medicine": 0.48148148148148145,
        "urban_and_rural_planner": 0.39215686274509803,
        "accountant": 0.3148148148148148,
        "fire_engineer": 0.19444444444444445,
        "environmental_impact_assessment_engineer": 0.4444444444444444,
        "tax_accountant": 0.3333333333333333,
        "physician": 0.42592592592592593
    }
}