{
    "accuracy": 0.4396014943960149,
    "category_acc": {
        "computer_network": 0.4166666666666667,
        "operating_system": 0.625,
        "computer_architecture": 0.6538461538461539,
        "college_programming": 0.5714285714285714,
        "college_physics": 0.375,
        "college_chemistry": 0.27586206896551724,
        "advanced_mathematics": 0.2916666666666667,
        "probability_and_statistics": 0.13043478260869565,
        "discrete_mathematics": 0.23809523809523808,
        "electrical_engineer": 0.47619047619047616,
        "metrology_engineer": 0.3103448275862069,
        "high_school_mathematics": 0.13043478260869565,
        "high_school_physics": 0.375,
        "high_school_chemistry": 0.3333333333333333,
        "high_school_biology": 0.3333333333333333,
        "middle_school_mathematics": 0.2916666666666667,
        "middle_school_biology": 0.6153846153846154,
        "middle_school_physics": 0.4166666666666667,
        "middle_school_chemistry": 0.44,
        "veterinary_medicine": 0.35714285714285715,
        "college_economics": 0.4166666666666667,
        "business_administration": 0.47368421052631576,
        "marxism": 0.4583333333333333,
        "mao_zedong_thought": 0.6206896551724138,
        "education_science": 0.5,
        "teacher_qualification": 0.7142857142857143,
        "high_school_politics": 0.4583333333333333,
        "high_school_geography": 0.5416666666666666,
        "middle_school_politics": 0.6538461538461539,
        "middle_school_geography": 0.47058823529411764,
        "modern_chinese_history": 0.39285714285714285,
        "ideological_and_moral_cultivation": 0.6666666666666666,
        "logic": 0.3333333333333333,
        "law": 0.41379310344827586,
        "chinese_language_and_literature": 0.39285714285714285,
        "art_studies": 0.34210526315789475,
        "professional_tour_guide": 0.38235294117647056,
        "legal_professional": 0.2857142857142857,
        "high_school_chinese": 0.375,
        "high_school_history": 0.6,
        "middle_school_history": 0.4444444444444444,
        "civil_servant": 0.5,
        "sports_science": 0.3333333333333333,
        "plant_protection": 0.5925925925925926,
        "basic_medicine": 0.5416666666666666,
        "clinical_medicine": 0.37037037037037035,
        "urban_and_rural_planner": 0.5098039215686274,
        "accountant": 0.3148148148148148,
        "fire_engineer": 0.3333333333333333,
        "environmental_impact_assessment_engineer": 0.5833333333333334,
        "tax_accountant": 0.4074074074074074,
        "physician": 0.4444444444444444
    }
}