{
    "accuracy": 0.44956413449564137,
    "category_acc": {
        "computer_network": 0.4583333333333333,
        "operating_system": 0.5833333333333334,
        "computer_architecture": 0.46153846153846156,
        "college_programming": 0.5238095238095238,
        "college_physics": 0.20833333333333334,
        "college_chemistry": 0.2413793103448276,
        "advanced_mathematics": 0.2916666666666667,
        "probability_and_statistics": 0.2608695652173913,
        "discrete_mathematics": 0.5238095238095238,
        "electrical_engineer": 0.5476190476190477,
        "metrology_engineer": 0.3448275862068966,
        "high_school_mathematics": 0.30434782608695654,
        "high_school_physics": 0.25,
        "high_school_chemistry": 0.375,
        "high_school_biology": 0.4166666666666667,
        "middle_school_mathematics": 0.25,
        "middle_school_biology": 0.7692307692307693,
        "middle_school_physics": 0.5416666666666666,
        "middle_school_chemistry": 0.48,
        "veterinary_medicine": 0.39285714285714285,
        "college_economics": 0.4166666666666667,
        "business_administration": 0.39473684210526316,
        "marxism": 0.4166666666666667,
        "mao_zedong_thought": 0.5517241379310345,
        "education_science": 0.4411764705882353,
        "teacher_qualification": 0.673469387755102,
        "high_school_politics": 0.5833333333333334,
        "high_school_geography": 0.5416666666666666,
        "middle_school_politics": 0.6923076923076923,
        "middle_school_geography": 0.47058823529411764,
        "modern_chinese_history": 0.35714285714285715,
        "ideological_and_moral_cultivation": 0.625,
        "logic": 0.5185185185185185,
        "law": 0.2413793103448276,
        "chinese_language_and_literature": 0.5,
        "art_studies": 0.3684210526315789,
        "professional_tour_guide": 0.35294117647058826,
        "legal_professional": 0.25,
        "high_school_chinese": 0.4166666666666667,
        "high_school_history": 0.56,
        "middle_school_history": 0.5555555555555556,
        "civil_servant": 0.4423076923076923,
        "sports_science": 0.375,
        "plant_protection": 0.5555555555555556,
        "basic_medicine": 0.5833333333333334,
        "clinical_medicine": 0.4444444444444444,
        "urban_and_rural_planner": 0.5686274509803921,
        "accountant": 0.3888888888888889,
        "fire_engineer": 0.19444444444444445,
        "environmental_impact_assessment_engineer": 0.5833333333333334,
        "tax_accountant": 0.48148148148148145,
        "physician": 0.4444444444444444
    }
}