{
    "accuracy": 0.35476333533613724,
    "category_acc": {
        "History": 0.35943775100401604,
        "Geography": 0.2816326530612245,
        "Lampungic": 0.29931972789115646,
        "Social science": 0.49081803005008345,
        "Balinese": 0.3078556263269639,
        "Makassarese": 0.3118279569892473,
        "Banjarese": 0.3680555555555556,
        "Chemistry": 0.22481751824817517,
        "Biology": 0.3076923076923077,
        "Science": 0.40350877192982454,
        "Christian religion": 0.42786069651741293,
        "Art": 0.37271214642262895,
        "Islam religion": 0.406827880512091,
        "Hindu religion": 0.41333333333333333,
        "Madurese": 0.2847457627118644,
        "Sport": 0.32432432432432434,
        "Indonesian language": 0.40255292652552926,
        "Physics": 0.30707070707070705,
        "Minangkabau culture": 0.38190954773869346,
        "Dayak language": 0.29357798165137616,
        "Sociology": 0.3125,
        "Economy": 0.29098360655737704,
        "Sundanese": 0.341400172860847,
        "Javanese": 0.29838709677419356,
        "Civic education": 0.38197424892703863
    }
}