{
    "accuracy": 0.34875492355965015,
    "category_acc": {
        "History": 0.321285140562249,
        "Geography": 0.26326530612244897,
        "Lampungic": 0.2653061224489796,
        "Social science": 0.4524207011686144,
        "Balinese": 0.2908704883227176,
        "Makassarese": 0.34408602150537637,
        "Banjarese": 0.3611111111111111,
        "Chemistry": 0.22043795620437956,
        "Biology": 0.2875739644970414,
        "Science": 0.39628482972136225,
        "Christian religion": 0.43781094527363185,
        "Art": 0.3910149750415973,
        "Islam religion": 0.406827880512091,
        "Hindu religion": 0.4,
        "Madurese": 0.33220338983050846,
        "Sport": 0.3716216216216216,
        "Indonesian language": 0.4078455790784558,
        "Physics": 0.27474747474747474,
        "Minangkabau culture": 0.36683417085427134,
        "Dayak language": 0.29357798165137616,
        "Sociology": 0.3064516129032258,
        "Economy": 0.2786885245901639,
        "Sundanese": 0.33189282627484873,
        "Javanese": 0.2862903225806452,
        "Civic education": 0.3791130185979971
    }
}