{
    "rouge1": 0.2348990714241612,
    "rouge2": 0.0654692982269716,
    "rougeL": 0.17545716448016013,
    "avg_rouge": 0.15860851137709764
}