{
    "rouge1": 0.2318659794631441,
    "rouge2": 0.064963463287211,
    "rougeL": 0.1716820969020561,
    "avg_rouge": 0.1561705132174704
}