{
    "rouge1": 0.2347594030365569,
    "rouge2": 0.06517399918190821,
    "rougeL": 0.17496958526054637,
    "avg_rouge": 0.15830099582633717
}