{
    "accuracy": 0.34184308841843086,
    "category_acc": {
        "computer_network": 0.3333333333333333,
        "operating_system": 0.3333333333333333,
        "computer_architecture": 0.34615384615384615,
        "college_programming": 0.3333333333333333,
        "college_physics": 0.3333333333333333,
        "college_chemistry": 0.3448275862068966,
        "advanced_mathematics": 0.25,
        "probability_and_statistics": 0.17391304347826086,
        "discrete_mathematics": 0.19047619047619047,
        "electrical_engineer": 0.2619047619047619,
        "metrology_engineer": 0.4827586206896552,
        "high_school_mathematics": 0.21739130434782608,
        "high_school_physics": 0.25,
        "high_school_chemistry": 0.3333333333333333,
        "high_school_biology": 0.20833333333333334,
        "middle_school_mathematics": 0.16666666666666666,
        "middle_school_biology": 0.34615384615384615,
        "middle_school_physics": 0.3333333333333333,
        "middle_school_chemistry": 0.32,
        "veterinary_medicine": 0.2857142857142857,
        "college_economics": 0.4,
        "business_administration": 0.3684210526315789,
        "marxism": 0.5833333333333334,
        "mao_zedong_thought": 0.5172413793103449,
        "education_science": 0.38235294117647056,
        "teacher_qualification": 0.5306122448979592,
        "high_school_politics": 0.5,
        "high_school_geography": 0.3333333333333333,
        "middle_school_politics": 0.4230769230769231,
        "middle_school_geography": 0.29411764705882354,
        "modern_chinese_history": 0.32142857142857145,
        "ideological_and_moral_cultivation": 0.4583333333333333,
        "logic": 0.25925925925925924,
        "law": 0.2413793103448276,
        "chinese_language_and_literature": 0.17857142857142858,
        "art_studies": 0.42105263157894735,
        "professional_tour_guide": 0.4117647058823529,
        "legal_professional": 0.32142857142857145,
        "high_school_chinese": 0.3333333333333333,
        "high_school_history": 0.4,
        "middle_school_history": 0.4074074074074074,
        "civil_servant": 0.36538461538461536,
        "sports_science": 0.5,
        "plant_protection": 0.25925925925925924,
        "basic_medicine": 0.25,
        "clinical_medicine": 0.37037037037037035,
        "urban_and_rural_planner": 0.39215686274509803,
        "accountant": 0.3888888888888889,
        "fire_engineer": 0.3055555555555556,
        "environmental_impact_assessment_engineer": 0.2777777777777778,
        "tax_accountant": 0.2222222222222222,
        "physician": 0.2777777777777778
    }
}