{
    "accuracy": 0.3163138231631382,
    "category_acc": {
        "computer_network": 0.16666666666666666,
        "operating_system": 0.2916666666666667,
        "computer_architecture": 0.3076923076923077,
        "college_programming": 0.47619047619047616,
        "college_physics": 0.375,
        "college_chemistry": 0.27586206896551724,
        "advanced_mathematics": 0.125,
        "probability_and_statistics": 0.34782608695652173,
        "discrete_mathematics": 0.23809523809523808,
        "electrical_engineer": 0.30952380952380953,
        "metrology_engineer": 0.4827586206896552,
        "high_school_mathematics": 0.2608695652173913,
        "high_school_physics": 0.2916666666666667,
        "high_school_chemistry": 0.2916666666666667,
        "high_school_biology": 0.20833333333333334,
        "middle_school_mathematics": 0.125,
        "middle_school_biology": 0.34615384615384615,
        "middle_school_physics": 0.20833333333333334,
        "middle_school_chemistry": 0.36,
        "veterinary_medicine": 0.2857142857142857,
        "college_economics": 0.38333333333333336,
        "business_administration": 0.3684210526315789,
        "marxism": 0.5416666666666666,
        "mao_zedong_thought": 0.4482758620689655,
        "education_science": 0.29411764705882354,
        "teacher_qualification": 0.40816326530612246,
        "high_school_politics": 0.5,
        "high_school_geography": 0.2916666666666667,
        "middle_school_politics": 0.4230769230769231,
        "middle_school_geography": 0.23529411764705882,
        "modern_chinese_history": 0.35714285714285715,
        "ideological_and_moral_cultivation": 0.3333333333333333,
        "logic": 0.4444444444444444,
        "law": 0.3103448275862069,
        "chinese_language_and_literature": 0.2857142857142857,
        "art_studies": 0.47368421052631576,
        "professional_tour_guide": 0.29411764705882354,
        "legal_professional": 0.25,
        "high_school_chinese": 0.25,
        "high_school_history": 0.32,
        "middle_school_history": 0.3333333333333333,
        "civil_servant": 0.3269230769230769,
        "sports_science": 0.375,
        "plant_protection": 0.2222222222222222,
        "basic_medicine": 0.20833333333333334,
        "clinical_medicine": 0.37037037037037035,
        "urban_and_rural_planner": 0.3333333333333333,
        "accountant": 0.2222222222222222,
        "fire_engineer": 0.25,
        "environmental_impact_assessment_engineer": 0.2777777777777778,
        "tax_accountant": 0.2037037037037037,
        "physician": 0.2222222222222222
    }
}