{
    "accuracy": 0.28829217751683645,
    "category_acc": {
        "agronomy": 0.24260355029585798,
        "anatomy": 0.2702702702702703,
        "ancient_chinese": 0.27439024390243905,
        "arts": 0.24375,
        "astronomy": 0.30303030303030304,
        "business_ethics": 0.2583732057416268,
        "chinese_civil_service_exam": 0.3875,
        "chinese_driving_rule": 0.21374045801526717,
        "chinese_food_culture": 0.27941176470588236,
        "chinese_foreign_policy": 0.4205607476635514,
        "chinese_history": 0.49226006191950467,
        "chinese_literature": 0.28431372549019607,
        "chinese_teacher_qualification": 0.36312849162011174,
        "clinical_knowledge": 0.25738396624472576,
        "college_actuarial_science": 0.20754716981132076,
        "college_education": 0.2523364485981308,
        "college_engineering_hydrology": 0.2169811320754717,
        "college_law": 0.25925925925925924,
        "college_mathematics": 0.34285714285714286,
        "college_medical_statistics": 0.29245283018867924,
        "college_medicine": 0.27106227106227104,
        "computer_science": 0.29411764705882354,
        "computer_security": 0.391812865497076,
        "conceptual_physics": 0.3401360544217687,
        "construction_project_management": 0.30935251798561153,
        "economics": 0.3584905660377358,
        "education": 0.20245398773006135,
        "electrical_engineering": 0.2441860465116279,
        "elementary_chinese": 0.2896825396825397,
        "elementary_commonsense": 0.19696969696969696,
        "elementary_information_and_technology": 0.3025210084033613,
        "elementary_mathematics": 0.28695652173913044,
        "ethnology": 0.28888888888888886,
        "food_science": 0.2937062937062937,
        "genetics": 0.24431818181818182,
        "global_facts": 0.26174496644295303,
        "high_school_biology": 0.3609467455621302,
        "high_school_chemistry": 0.2878787878787879,
        "high_school_geography": 0.2796610169491525,
        "high_school_mathematics": 0.23780487804878048,
        "high_school_physics": 0.33636363636363636,
        "high_school_politics": 0.44755244755244755,
        "human_sexuality": 0.23809523809523808,
        "international_law": 0.2648648648648649,
        "journalism": 0.29069767441860467,
        "jurisprudence": 0.3284671532846715,
        "legal_and_moral_basis": 0.3364485981308411,
        "logical": 0.21951219512195122,
        "machine_learning": 0.36065573770491804,
        "management": 0.23333333333333334,
        "marketing": 0.2611111111111111,
        "marxist_theory": 0.2857142857142857,
        "modern_chinese": 0.23275862068965517,
        "nutrition": 0.3103448275862069,
        "philosophy": 0.20952380952380953,
        "professional_accounting": 0.29714285714285715,
        "professional_law": 0.27488151658767773,
        "professional_medicine": 0.2047872340425532,
        "professional_psychology": 0.25,
        "public_relations": 0.2988505747126437,
        "security_study": 0.26666666666666666,
        "sociology": 0.2168141592920354,
        "sports_science": 0.2787878787878788,
        "traditional_chinese_medicine": 0.2702702702702703,
        "virology": 0.27218934911242604,
        "world_history": 0.391304347826087,
        "world_religions": 0.2375
    }
}