{
    "accuracy": 0.30789155586254535,
    "category_acc": {
        "agronomy": 0.2485207100591716,
        "anatomy": 0.31756756756756754,
        "ancient_chinese": 0.24390243902439024,
        "arts": 0.28125,
        "astronomy": 0.24848484848484848,
        "business_ethics": 0.2966507177033493,
        "chinese_civil_service_exam": 0.3625,
        "chinese_driving_rule": 0.2824427480916031,
        "chinese_food_culture": 0.33088235294117646,
        "chinese_foreign_policy": 0.45794392523364486,
        "chinese_history": 0.48606811145510836,
        "chinese_literature": 0.23529411764705882,
        "chinese_teacher_qualification": 0.3575418994413408,
        "clinical_knowledge": 0.24050632911392406,
        "college_actuarial_science": 0.29245283018867924,
        "college_education": 0.38317757009345793,
        "college_engineering_hydrology": 0.32075471698113206,
        "college_law": 0.2777777777777778,
        "college_mathematics": 0.3238095238095238,
        "college_medical_statistics": 0.27358490566037735,
        "college_medicine": 0.2564102564102564,
        "computer_science": 0.28921568627450983,
        "computer_security": 0.3508771929824561,
        "conceptual_physics": 0.36054421768707484,
        "construction_project_management": 0.2949640287769784,
        "economics": 0.33962264150943394,
        "education": 0.3006134969325153,
        "electrical_engineering": 0.26744186046511625,
        "elementary_chinese": 0.2857142857142857,
        "elementary_commonsense": 0.2676767676767677,
        "elementary_information_and_technology": 0.28991596638655465,
        "elementary_mathematics": 0.2608695652173913,
        "ethnology": 0.22962962962962963,
        "food_science": 0.2517482517482518,
        "genetics": 0.3068181818181818,
        "global_facts": 0.3422818791946309,
        "high_school_biology": 0.3136094674556213,
        "high_school_chemistry": 0.25757575757575757,
        "high_school_geography": 0.3898305084745763,
        "high_school_mathematics": 0.2926829268292683,
        "high_school_physics": 0.2909090909090909,
        "high_school_politics": 0.40559440559440557,
        "human_sexuality": 0.30158730158730157,
        "international_law": 0.21621621621621623,
        "journalism": 0.313953488372093,
        "jurisprudence": 0.31873479318734793,
        "legal_and_moral_basis": 0.411214953271028,
        "logical": 0.3008130081300813,
        "machine_learning": 0.5081967213114754,
        "management": 0.3047619047619048,
        "marketing": 0.28888888888888886,
        "marxist_theory": 0.3862433862433862,
        "modern_chinese": 0.2672413793103448,
        "nutrition": 0.296551724137931,
        "philosophy": 0.2761904761904762,
        "professional_accounting": 0.21714285714285714,
        "professional_law": 0.2938388625592417,
        "professional_medicine": 0.2925531914893617,
        "professional_psychology": 0.3103448275862069,
        "public_relations": 0.3505747126436782,
        "security_study": 0.2962962962962963,
        "sociology": 0.28761061946902655,
        "sports_science": 0.24242424242424243,
        "traditional_chinese_medicine": 0.24324324324324326,
        "virology": 0.2958579881656805,
        "world_history": 0.4409937888198758,
        "world_religions": 0.3125
    }
}