{
    "accuracy": 0.3489034709031255,
    "category_acc": {
        "agronomy": 0.30177514792899407,
        "anatomy": 0.23648648648648649,
        "ancient_chinese": 0.3048780487804878,
        "arts": 0.29375,
        "astronomy": 0.2545454545454545,
        "business_ethics": 0.35406698564593303,
        "chinese_civil_service_exam": 0.3875,
        "chinese_driving_rule": 0.42748091603053434,
        "chinese_food_culture": 0.33088235294117646,
        "chinese_foreign_policy": 0.4672897196261682,
        "chinese_history": 0.5046439628482973,
        "chinese_literature": 0.31862745098039214,
        "chinese_teacher_qualification": 0.39664804469273746,
        "clinical_knowledge": 0.32489451476793246,
        "college_actuarial_science": 0.2169811320754717,
        "college_education": 0.4672897196261682,
        "college_engineering_hydrology": 0.42452830188679247,
        "college_law": 0.2962962962962963,
        "college_mathematics": 0.3047619047619048,
        "college_medical_statistics": 0.3584905660377358,
        "college_medicine": 0.29304029304029305,
        "computer_science": 0.37745098039215685,
        "computer_security": 0.4619883040935672,
        "conceptual_physics": 0.4421768707482993,
        "construction_project_management": 0.34532374100719426,
        "economics": 0.39622641509433965,
        "education": 0.294478527607362,
        "electrical_engineering": 0.3081395348837209,
        "elementary_chinese": 0.29365079365079366,
        "elementary_commonsense": 0.3838383838383838,
        "elementary_information_and_technology": 0.3907563025210084,
        "elementary_mathematics": 0.26956521739130435,
        "ethnology": 0.31851851851851853,
        "food_science": 0.27972027972027974,
        "genetics": 0.3352272727272727,
        "global_facts": 0.348993288590604,
        "high_school_biology": 0.38461538461538464,
        "high_school_chemistry": 0.2803030303030303,
        "high_school_geography": 0.4406779661016949,
        "high_school_mathematics": 0.2073170731707317,
        "high_school_physics": 0.36363636363636365,
        "high_school_politics": 0.4195804195804196,
        "human_sexuality": 0.373015873015873,
        "international_law": 0.32432432432432434,
        "journalism": 0.313953488372093,
        "jurisprudence": 0.41119221411192214,
        "legal_and_moral_basis": 0.5093457943925234,
        "logical": 0.35772357723577236,
        "machine_learning": 0.45081967213114754,
        "management": 0.34285714285714286,
        "marketing": 0.35,
        "marxist_theory": 0.32275132275132273,
        "modern_chinese": 0.3103448275862069,
        "nutrition": 0.3448275862068966,
        "philosophy": 0.3333333333333333,
        "professional_accounting": 0.30857142857142855,
        "professional_law": 0.3080568720379147,
        "professional_medicine": 0.3058510638297872,
        "professional_psychology": 0.3577586206896552,
        "public_relations": 0.3218390804597701,
        "security_study": 0.32592592592592595,
        "sociology": 0.3230088495575221,
        "sports_science": 0.3515151515151515,
        "traditional_chinese_medicine": 0.23243243243243245,
        "virology": 0.34911242603550297,
        "world_history": 0.4720496894409938,
        "world_religions": 0.325
    }
}