{
    "accuracy": 0.28501122431359005,
    "category_acc": {
        "agronomy": 0.30177514792899407,
        "anatomy": 0.22972972972972974,
        "ancient_chinese": 0.2926829268292683,
        "arts": 0.18125,
        "astronomy": 0.2545454545454545,
        "business_ethics": 0.24401913875598086,
        "chinese_civil_service_exam": 0.38125,
        "chinese_driving_rule": 0.31297709923664124,
        "chinese_food_culture": 0.25735294117647056,
        "chinese_foreign_policy": 0.411214953271028,
        "chinese_history": 0.4613003095975232,
        "chinese_literature": 0.28921568627450983,
        "chinese_teacher_qualification": 0.35195530726256985,
        "clinical_knowledge": 0.26582278481012656,
        "college_actuarial_science": 0.29245283018867924,
        "college_education": 0.308411214953271,
        "college_engineering_hydrology": 0.19811320754716982,
        "college_law": 0.2777777777777778,
        "college_mathematics": 0.2857142857142857,
        "college_medical_statistics": 0.2358490566037736,
        "college_medicine": 0.2673992673992674,
        "computer_science": 0.23529411764705882,
        "computer_security": 0.3391812865497076,
        "conceptual_physics": 0.2857142857142857,
        "construction_project_management": 0.23741007194244604,
        "economics": 0.2830188679245283,
        "education": 0.2331288343558282,
        "electrical_engineering": 0.26744186046511625,
        "elementary_chinese": 0.21428571428571427,
        "elementary_commonsense": 0.25757575757575757,
        "elementary_information_and_technology": 0.28991596638655465,
        "elementary_mathematics": 0.24347826086956523,
        "ethnology": 0.21481481481481482,
        "food_science": 0.26573426573426573,
        "genetics": 0.25,
        "global_facts": 0.24161073825503357,
        "high_school_biology": 0.28994082840236685,
        "high_school_chemistry": 0.3560606060606061,
        "high_school_geography": 0.3898305084745763,
        "high_school_mathematics": 0.17682926829268292,
        "high_school_physics": 0.2818181818181818,
        "high_school_politics": 0.3776223776223776,
        "human_sexuality": 0.2698412698412698,
        "international_law": 0.31351351351351353,
        "journalism": 0.27325581395348836,
        "jurisprudence": 0.29683698296836986,
        "legal_and_moral_basis": 0.35514018691588783,
        "logical": 0.2764227642276423,
        "machine_learning": 0.4180327868852459,
        "management": 0.3142857142857143,
        "marketing": 0.2777777777777778,
        "marxist_theory": 0.2698412698412698,
        "modern_chinese": 0.3103448275862069,
        "nutrition": 0.2482758620689655,
        "philosophy": 0.26666666666666666,
        "professional_accounting": 0.26857142857142857,
        "professional_law": 0.27488151658767773,
        "professional_medicine": 0.27393617021276595,
        "professional_psychology": 0.2801724137931034,
        "public_relations": 0.2988505747126437,
        "security_study": 0.2740740740740741,
        "sociology": 0.26991150442477874,
        "sports_science": 0.2787878787878788,
        "traditional_chinese_medicine": 0.24324324324324326,
        "virology": 0.2485207100591716,
        "world_history": 0.38509316770186336,
        "world_religions": 0.2375
    }
}