{
    "overall_acc": 0.5504761904761905,
    "language_acc": {
        "Filipino": 0.4,
        "Vietnamese": 0.52,
        "Chinese": 0.64,
        "Spanish": 0.6,
        "Malay": 0.49333333333333335,
        "Indonesian": 0.4866666666666667,
        "English": 0.7133333333333334
    },
    "consistency_score_2": 0.5803174603174602,
    "consistency_score_3": 0.4139047619047619,
    "consistency_score_4": 0.3243809523809523,
    "consistency_score_5": 0.26920634920634917,
    "consistency_score_6": 0.23047619047619047,
    "consistency_score_7": 0.2,
    "detailed_consistency_score": {
        "2_combine": {
            "Filipino,Vietnamese": 0.46,
            "Filipino,Chinese": 0.48,
            "Filipino,Spanish": 0.48,
            "Filipino,Malay": 0.5733333333333334,
            "Filipino,Indonesian": 0.5466666666666666,
            "Filipino,English": 0.5333333333333333,
            "Vietnamese,Chinese": 0.5066666666666667,
            "Vietnamese,Spanish": 0.6066666666666667,
            "Vietnamese,Malay": 0.52,
            "Vietnamese,Indonesian": 0.56,
            "Vietnamese,English": 0.6533333333333333,
            "Chinese,Spanish": 0.6533333333333333,
            "Chinese,Malay": 0.5133333333333333,
            "Chinese,Indonesian": 0.5866666666666667,
            "Chinese,English": 0.6866666666666666,
            "Spanish,Malay": 0.6,
            "Spanish,Indonesian": 0.6733333333333333,
            "Spanish,English": 0.7333333333333333,
            "Malay,Indonesian": 0.6133333333333333,
            "Malay,English": 0.5866666666666667,
            "Indonesian,English": 0.62
        },
        "3_combine": {
            "Filipino,Vietnamese,Chinese": 0.28,
            "Filipino,Vietnamese,Spanish": 0.32666666666666666,
            "Filipino,Vietnamese,Malay": 0.34,
            "Filipino,Vietnamese,Indonesian": 0.34,
            "Filipino,Vietnamese,English": 0.36,
            "Filipino,Chinese,Spanish": 0.36,
            "Filipino,Chinese,Malay": 0.3466666666666667,
            "Filipino,Chinese,Indonesian": 0.36666666666666664,
            "Filipino,Chinese,English": 0.4066666666666667,
            "Filipino,Spanish,Malay": 0.38,
            "Filipino,Spanish,Indonesian": 0.3933333333333333,
            "Filipino,Spanish,English": 0.3933333333333333,
            "Filipino,Malay,Indonesian": 0.42,
            "Filipino,Malay,English": 0.4,
            "Filipino,Indonesian,English": 0.3933333333333333,
            "Vietnamese,Chinese,Spanish": 0.41333333333333333,
            "Vietnamese,Chinese,Malay": 0.3333333333333333,
            "Vietnamese,Chinese,Indonesian": 0.38,
            "Vietnamese,Chinese,English": 0.44666666666666666,
            "Vietnamese,Spanish,Malay": 0.4266666666666667,
            "Vietnamese,Spanish,Indonesian": 0.46,
            "Vietnamese,Spanish,English": 0.52,
            "Vietnamese,Malay,Indonesian": 0.4,
            "Vietnamese,Malay,English": 0.4266666666666667,
            "Vietnamese,Indonesian,English": 0.4533333333333333,
            "Chinese,Spanish,Malay": 0.41333333333333333,
            "Chinese,Spanish,Indonesian": 0.4866666666666667,
            "Chinese,Spanish,English": 0.5466666666666666,
            "Chinese,Malay,Indonesian": 0.4,
            "Chinese,Malay,English": 0.43333333333333335,
            "Chinese,Indonesian,English": 0.4866666666666667,
            "Spanish,Malay,Indonesian": 0.48,
            "Spanish,Malay,English": 0.4866666666666667,
            "Spanish,Indonesian,English": 0.54,
            "Malay,Indonesian,English": 0.44666666666666666
        },
        "4_combine": {
            "Filipino,Vietnamese,Chinese,Spanish": 0.24666666666666667,
            "Filipino,Vietnamese,Chinese,Malay": 0.24666666666666667,
            "Filipino,Vietnamese,Chinese,Indonesian": 0.24666666666666667,
            "Filipino,Vietnamese,Chinese,English": 0.2733333333333333,
            "Filipino,Vietnamese,Spanish,Malay": 0.2733333333333333,
            "Filipino,Vietnamese,Spanish,Indonesian": 0.28,
            "Filipino,Vietnamese,Spanish,English": 0.29333333333333333,
            "Filipino,Vietnamese,Malay,Indonesian": 0.29333333333333333,
            "Filipino,Vietnamese,Malay,English": 0.3,
            "Filipino,Vietnamese,Indonesian,English": 0.2866666666666667,
            "Filipino,Chinese,Spanish,Malay": 0.2866666666666667,
            "Filipino,Chinese,Spanish,Indonesian": 0.3,
            "Filipino,Chinese,Spanish,English": 0.32666666666666666,
            "Filipino,Chinese,Malay,Indonesian": 0.2866666666666667,
            "Filipino,Chinese,Malay,English": 0.30666666666666664,
            "Filipino,Chinese,Indonesian,English": 0.32666666666666666,
            "Filipino,Spanish,Malay,Indonesian": 0.3333333333333333,
            "Filipino,Spanish,Malay,English": 0.32666666666666666,
            "Filipino,Spanish,Indonesian,English": 0.3333333333333333,
            "Filipino,Malay,Indonesian,English": 0.3333333333333333,
            "Vietnamese,Chinese,Spanish,Malay": 0.30666666666666664,
            "Vietnamese,Chinese,Spanish,Indonesian": 0.35333333333333333,
            "Vietnamese,Chinese,Spanish,English": 0.38,
            "Vietnamese,Chinese,Malay,Indonesian": 0.3,
            "Vietnamese,Chinese,Malay,English": 0.32666666666666666,
            "Vietnamese,Chinese,Indonesian,English": 0.35333333333333333,
            "Vietnamese,Spanish,Malay,Indonesian": 0.3466666666666667,
            "Vietnamese,Spanish,Malay,English": 0.38666666666666666,
            "Vietnamese,Spanish,Indonesian,English": 0.42,
            "Vietnamese,Malay,Indonesian,English": 0.36,
            "Chinese,Spanish,Malay,Indonesian": 0.35333333333333333,
            "Chinese,Spanish,Malay,English": 0.38,
            "Chinese,Spanish,Indonesian,English": 0.4266666666666667,
            "Chinese,Malay,Indonesian,English": 0.36,
            "Spanish,Malay,Indonesian,English": 0.4
        },
        "5_combine": {
            "Filipino,Vietnamese,Chinese,Spanish,Malay": 0.22,
            "Filipino,Vietnamese,Chinese,Spanish,Indonesian": 0.22666666666666666,
            "Filipino,Vietnamese,Chinese,Spanish,English": 0.24,
            "Filipino,Vietnamese,Chinese,Malay,Indonesian": 0.22666666666666666,
            "Filipino,Vietnamese,Chinese,Malay,English": 0.24,
            "Filipino,Vietnamese,Chinese,Indonesian,English": 0.24,
            "Filipino,Vietnamese,Spanish,Malay,Indonesian": 0.24666666666666667,
            "Filipino,Vietnamese,Spanish,Malay,English": 0.26,
            "Filipino,Vietnamese,Spanish,Indonesian,English": 0.26,
            "Filipino,Vietnamese,Malay,Indonesian,English": 0.26666666666666666,
            "Filipino,Chinese,Spanish,Malay,Indonesian": 0.25333333333333335,
            "Filipino,Chinese,Spanish,Malay,English": 0.26666666666666666,
            "Filipino,Chinese,Spanish,Indonesian,English": 0.28,
            "Filipino,Chinese,Malay,Indonesian,English": 0.26666666666666666,
            "Filipino,Spanish,Malay,Indonesian,English": 0.29333333333333333,
            "Vietnamese,Chinese,Spanish,Malay,Indonesian": 0.28,
            "Vietnamese,Chinese,Spanish,Malay,English": 0.3,
            "Vietnamese,Chinese,Spanish,Indonesian,English": 0.3333333333333333,
            "Vietnamese,Chinese,Malay,Indonesian,English": 0.29333333333333333,
            "Vietnamese,Spanish,Malay,Indonesian,English": 0.3333333333333333,
            "Chinese,Spanish,Malay,Indonesian,English": 0.32666666666666666
        },
        "6_combine": {
            "Filipino,Vietnamese,Chinese,Spanish,Malay,Indonesian": 0.20666666666666667,
            "Filipino,Vietnamese,Chinese,Spanish,Malay,English": 0.21333333333333335,
            "Filipino,Vietnamese,Chinese,Spanish,Indonesian,English": 0.22,
            "Filipino,Vietnamese,Chinese,Malay,Indonesian,English": 0.22,
            "Filipino,Vietnamese,Spanish,Malay,Indonesian,English": 0.24,