{
    "accuracy": 0.5772104607721046,
    "category_acc": {
        "computer_network": 0.4166666666666667,
        "operating_system": 0.4166666666666667,
        "computer_architecture": 0.5,
        "college_programming": 0.4523809523809524,
        "college_physics": 0.20833333333333334,
        "college_chemistry": 0.3103448275862069,
        "advanced_mathematics": 0.25,
        "probability_and_statistics": 0.17391304347826086,
        "discrete_mathematics": 0.3333333333333333,
        "electrical_engineer": 0.4523809523809524,
        "metrology_engineer": 0.5517241379310345,
        "high_school_mathematics": 0.34782608695652173,
        "high_school_physics": 0.625,
        "high_school_chemistry": 0.4166666666666667,
        "high_school_biology": 0.5833333333333334,
        "middle_school_mathematics": 0.375,
        "middle_school_biology": 0.8846153846153846,
        "middle_school_physics": 0.6666666666666666,
        "middle_school_chemistry": 0.76,
        "veterinary_medicine": 0.6071428571428571,
        "college_economics": 0.5666666666666667,
        "business_administration": 0.5789473684210527,
        "marxism": 0.7916666666666666,
        "mao_zedong_thought": 0.8275862068965517,
        "education_science": 0.6764705882352942,
        "teacher_qualification": 0.7959183673469388,
        "high_school_politics": 0.9166666666666666,
        "high_school_geography": 0.75,
        "middle_school_politics": 0.9615384615384616,
        "middle_school_geography": 0.8823529411764706,
        "modern_chinese_history": 0.75,
        "ideological_and_moral_cultivation": 0.9583333333333334,
        "logic": 0.25925925925925924,
        "law": 0.5172413793103449,
        "chinese_language_and_literature": 0.5357142857142857,
        "art_studies": 0.631578947368421,
        "professional_tour_guide": 0.8235294117647058,
        "legal_professional": 0.35714285714285715,
        "high_school_chinese": 0.375,
        "high_school_history": 0.8,
        "middle_school_history": 0.8148148148148148,
        "civil_servant": 0.4423076923076923,
        "sports_science": 0.4166666666666667,
        "plant_protection": 0.7037037037037037,
        "basic_medicine": 0.7916666666666666,
        "clinical_medicine": 0.7407407407407407,
        "urban_and_rural_planner": 0.5686274509803921,
        "accountant": 0.5555555555555556,
        "fire_engineer": 0.5277777777777778,
        "environmental_impact_assessment_engineer": 0.5555555555555556,
        "tax_accountant": 0.42592592592592593,
        "physician": 0.5740740740740741
    }
}