{
    "accuracy": 0.6550435865504358,
    "category_acc": {
        "computer_network": 0.5416666666666666,
        "operating_system": 0.625,
        "computer_architecture": 0.5769230769230769,
        "college_programming": 0.6428571428571429,
        "college_physics": 0.25,
        "college_chemistry": 0.4482758620689655,
        "advanced_mathematics": 0.2916666666666667,
        "probability_and_statistics": 0.2608695652173913,
        "discrete_mathematics": 0.2857142857142857,
        "electrical_engineer": 0.4523809523809524,
        "metrology_engineer": 0.7586206896551724,
        "high_school_mathematics": 0.34782608695652173,
        "high_school_physics": 0.6666666666666666,
        "high_school_chemistry": 0.75,
        "high_school_biology": 0.7916666666666666,
        "middle_school_mathematics": 0.4583333333333333,
        "middle_school_biology": 0.9230769230769231,
        "middle_school_physics": 0.875,
        "middle_school_chemistry": 0.92,
        "veterinary_medicine": 0.6071428571428571,
        "college_economics": 0.4666666666666667,
        "business_administration": 0.631578947368421,
        "marxism": 0.875,
        "mao_zedong_thought": 0.8620689655172413,
        "education_science": 0.7352941176470589,
        "teacher_qualification": 0.8163265306122449,
        "high_school_politics": 0.9166666666666666,
        "high_school_geography": 0.8333333333333334,
        "middle_school_politics": 0.9230769230769231,
        "middle_school_geography": 0.9411764705882353,
        "modern_chinese_history": 0.8571428571428571,
        "ideological_and_moral_cultivation": 0.9583333333333334,
        "logic": 0.5185185185185185,
        "law": 0.6896551724137931,
        "chinese_language_and_literature": 0.6428571428571429,
        "art_studies": 0.6842105263157895,
        "professional_tour_guide": 0.8235294117647058,
        "legal_professional": 0.5,
        "high_school_chinese": 0.625,
        "high_school_history": 0.88,
        "middle_school_history": 0.9629629629629629,
        "civil_servant": 0.5192307692307693,
        "sports_science": 0.7083333333333334,
        "plant_protection": 0.6666666666666666,
        "basic_medicine": 0.875,
        "clinical_medicine": 0.6666666666666666,
        "urban_and_rural_planner": 0.5882352941176471,
        "accountant": 0.5370370370370371,
        "fire_engineer": 0.5555555555555556,
        "environmental_impact_assessment_engineer": 0.6666666666666666,
        "tax_accountant": 0.5740740740740741,
        "physician": 0.6666666666666666
    }
}