{
    "accuracy": 0.6475716064757161,
    "category_acc": {
        "computer_network": 0.5416666666666666,
        "operating_system": 0.5833333333333334,
        "computer_architecture": 0.6538461538461539,
        "college_programming": 0.6428571428571429,
        "college_physics": 0.2916666666666667,
        "college_chemistry": 0.4482758620689655,
        "advanced_mathematics": 0.20833333333333334,
        "probability_and_statistics": 0.21739130434782608,
        "discrete_mathematics": 0.2857142857142857,
        "electrical_engineer": 0.42857142857142855,
        "metrology_engineer": 0.7931034482758621,
        "high_school_mathematics": 0.34782608695652173,
        "high_school_physics": 0.5833333333333334,
        "high_school_chemistry": 0.6666666666666666,
        "high_school_biology": 0.75,
        "middle_school_mathematics": 0.5833333333333334,
        "middle_school_biology": 0.9230769230769231,
        "middle_school_physics": 0.9166666666666666,
        "middle_school_chemistry": 0.92,
        "veterinary_medicine": 0.6785714285714286,
        "college_economics": 0.55,
        "business_administration": 0.5789473684210527,
        "marxism": 0.875,
        "mao_zedong_thought": 0.7931034482758621,
        "education_science": 0.7058823529411765,
        "teacher_qualification": 0.7551020408163265,
        "high_school_politics": 0.9166666666666666,
        "high_school_geography": 0.8333333333333334,
        "middle_school_politics": 1.0,
        "middle_school_geography": 0.8823529411764706,
        "modern_chinese_history": 0.8571428571428571,
        "ideological_and_moral_cultivation": 0.9583333333333334,
        "logic": 0.4444444444444444,
        "law": 0.7241379310344828,
        "chinese_language_and_literature": 0.5357142857142857,
        "art_studies": 0.6578947368421053,
        "professional_tour_guide": 0.8235294117647058,
        "legal_professional": 0.42857142857142855,
        "high_school_chinese": 0.5833333333333334,
        "high_school_history": 0.84,
        "middle_school_history": 0.8888888888888888,
        "civil_servant": 0.5384615384615384,
        "sports_science": 0.7083333333333334,
        "plant_protection": 0.7037037037037037,
        "basic_medicine": 0.875,
        "clinical_medicine": 0.5925925925925926,
        "urban_and_rural_planner": 0.6078431372549019,
        "accountant": 0.5925925925925926,
        "fire_engineer": 0.5277777777777778,
        "environmental_impact_assessment_engineer": 0.6111111111111112,
        "tax_accountant": 0.5740740740740741,
        "physician": 0.6666666666666666
    }
}