{
    "accuracy": 0.34907615265066483,
    "category_acc": {
        "agronomy": 0.3727810650887574,
        "anatomy": 0.22972972972972974,
        "ancient_chinese": 0.2926829268292683,
        "arts": 0.36875,
        "astronomy": 0.2606060606060606,
        "business_ethics": 0.42105263157894735,
        "chinese_civil_service_exam": 0.28125,
        "chinese_driving_rule": 0.3893129770992366,
        "chinese_food_culture": 0.3014705882352941,
        "chinese_foreign_policy": 0.29906542056074764,
        "chinese_history": 0.34365325077399383,
        "chinese_literature": 0.30392156862745096,
        "chinese_teacher_qualification": 0.39664804469273746,
        "clinical_knowledge": 0.3206751054852321,
        "college_actuarial_science": 0.22641509433962265,
        "college_education": 0.3925233644859813,
        "college_engineering_hydrology": 0.32075471698113206,
        "college_law": 0.32407407407407407,
        "college_mathematics": 0.26666666666666666,
        "college_medical_statistics": 0.3490566037735849,
        "college_medicine": 0.31135531135531136,
        "computer_science": 0.3431372549019608,
        "computer_security": 0.4502923976608187,
        "conceptual_physics": 0.3469387755102041,
        "construction_project_management": 0.37410071942446044,
        "economics": 0.41509433962264153,
        "education": 0.44171779141104295,
        "electrical_engineering": 0.38953488372093026,
        "elementary_chinese": 0.2857142857142857,
        "elementary_commonsense": 0.30303030303030304,
        "elementary_information_and_technology": 0.5672268907563025,
        "elementary_mathematics": 0.23043478260869565,
        "ethnology": 0.3111111111111111,
        "food_science": 0.4125874125874126,
        "genetics": 0.26704545454545453,
        "global_facts": 0.348993288590604,
        "high_school_biology": 0.2958579881656805,
        "high_school_chemistry": 0.2727272727272727,
        "high_school_geography": 0.2966101694915254,
        "high_school_mathematics": 0.2621951219512195,
        "high_school_physics": 0.2909090909090909,
        "high_school_politics": 0.2517482517482518,
        "human_sexuality": 0.3412698412698413,
        "international_law": 0.34594594594594597,
        "journalism": 0.3488372093023256,
        "jurisprudence": 0.36253041362530414,
        "legal_and_moral_basis": 0.602803738317757,
        "logical": 0.3983739837398374,
        "machine_learning": 0.30327868852459017,
        "management": 0.41904761904761906,
        "marketing": 0.4722222222222222,
        "marxist_theory": 0.3968253968253968,
        "modern_chinese": 0.28448275862068967,
        "nutrition": 0.32413793103448274,
        "philosophy": 0.49523809523809526,
        "professional_accounting": 0.4,
        "professional_law": 0.2559241706161137,
        "professional_medicine": 0.26861702127659576,
        "professional_psychology": 0.4224137931034483,
        "public_relations": 0.39655172413793105,
        "security_study": 0.362962962962963,
        "sociology": 0.3938053097345133,
        "sports_science": 0.4,
        "traditional_chinese_medicine": 0.2810810810810811,
        "virology": 0.378698224852071,
        "world_history": 0.2857142857142857,
        "world_religions": 0.3625
    }
}