{
    "accuracy": 0.4557714133119701,
    "category_acc": {
        "History": 0.4397590361445783,
        "Geography": 0.37142857142857144,
        "Lampungic": 0.32653061224489793,
        "Social science": 0.679465776293823,
        "Balinese": 0.3099787685774947,
        "Makassarese": 0.3763440860215054,
        "Banjarese": 0.3541666666666667,
        "Chemistry": 0.272992700729927,
        "Biology": 0.40946745562130177,
        "Science": 0.5490196078431373,
        "Christian religion": 0.5771144278606966,
        "Art": 0.5490848585690515,
        "Islam religion": 0.5761024182076814,
        "Hindu religion": 0.43333333333333335,
        "Madurese": 0.3050847457627119,
        "Sport": 0.43243243243243246,
        "Indonesian language": 0.5158779576587795,
        "Physics": 0.3878787878787879,
        "Minangkabau culture": 0.3869346733668342,
        "Dayak language": 0.29357798165137616,
        "Sociology": 0.4737903225806452,
        "Economy": 0.430327868852459,
        "Sundanese": 0.38807260155574763,
        "Javanese": 0.3467741935483871,
        "Civic education": 0.5336194563662375
    }
}