{
    "accuracy": 0.46404966953735227,
    "category_acc": {
        "History": 0.44377510040160645,
        "Geography": 0.3877551020408163,
        "Lampungic": 0.4013605442176871,
        "Social science": 0.6961602671118531,
        "Balinese": 0.3036093418259023,
        "Makassarese": 0.3602150537634409,
        "Banjarese": 0.4097222222222222,
        "Chemistry": 0.2671532846715328,
        "Biology": 0.4059171597633136,
        "Science": 0.5655314757481941,
        "Christian religion": 0.582089552238806,
        "Art": 0.5723793677204659,
        "Islam religion": 0.5846372688477952,
        "Hindu religion": 0.42,
        "Madurese": 0.3220338983050847,
        "Sport": 0.5067567567567568,
        "Indonesian language": 0.5121419676214197,
        "Physics": 0.3575757575757576,
        "Minangkabau culture": 0.4271356783919598,
        "Dayak language": 0.30275229357798167,
        "Sociology": 0.4939516129032258,
        "Economy": 0.42213114754098363,
        "Sundanese": 0.39671564390665515,
        "Javanese": 0.3790322580645161,
        "Civic education": 0.5579399141630901
    }
}