{
    "accuracy": 0.4552373322651712,
    "category_acc": {
        "History": 0.43172690763052207,
        "Geography": 0.37755102040816324,
        "Lampungic": 0.4013605442176871,
        "Social science": 0.6978297161936561,
        "Balinese": 0.3078556263269639,
        "Makassarese": 0.34408602150537637,
        "Banjarese": 0.3958333333333333,
        "Chemistry": 0.2656934306569343,
        "Biology": 0.40828402366863903,
        "Science": 0.5366357069143447,
        "Christian religion": 0.5572139303482587,
        "Art": 0.5590682196339434,
        "Islam religion": 0.5689900426742532,
        "Hindu religion": 0.3933333333333333,
        "Madurese": 0.2983050847457627,
        "Sport": 0.4864864864864865,
        "Indonesian language": 0.5077833125778332,
        "Physics": 0.36363636363636365,
        "Minangkabau culture": 0.37185929648241206,
        "Dayak language": 0.26605504587155965,
        "Sociology": 0.46169354838709675,
        "Economy": 0.4180327868852459,
        "Sundanese": 0.4044943820224719,
        "Javanese": 0.3659274193548387,
        "Civic education": 0.5493562231759657
    }
}