{
    "overall_acc": 0.34983766233766234,
    "language_acc": {
        "Indonesian": 0.35795454545454547,
        "English": 0.5284090909090909,
        "Filipino": 0.30113636363636365,
        "Spanish": 0.42045454545454547,
        "Chinese": 0.24431818181818182,
        "Malay": 0.3352272727272727,
        "Vietnamese": 0.26136363636363635
    },
    "consistency_score_2": 0.417478354978355,
    "consistency_score_3": 0.21948051948051953,
    "consistency_score_4": 0.13441558441558446,
    "consistency_score_5": 0.09117965367965367,
    "consistency_score_6": 0.06655844155844155,
    "consistency_score_7": 0.05113636363636364,
    "detailed_consistency_score": {
        "2_combine": {
            "Indonesian,English": 0.3806818181818182,
            "Indonesian,Filipino": 0.4659090909090909,
            "Indonesian,Spanish": 0.4602272727272727,
            "Indonesian,Chinese": 0.39204545454545453,
            "Indonesian,Malay": 0.5568181818181818,
            "Indonesian,Vietnamese": 0.42613636363636365,
            "English,Filipino": 0.3409090909090909,
            "English,Spanish": 0.6079545454545454,
            "English,Chinese": 0.2840909090909091,
            "English,Malay": 0.3352272727272727,
            "English,Vietnamese": 0.29545454545454547,
            "Filipino,Spanish": 0.4090909090909091,
            "Filipino,Chinese": 0.39204545454545453,
            "Filipino,Malay": 0.4318181818181818,
            "Filipino,Vietnamese": 0.4431818181818182,
            "Spanish,Chinese": 0.29545454545454547,
            "Spanish,Malay": 0.4090909090909091,
            "Spanish,Vietnamese": 0.35795454545454547,
            "Chinese,Malay": 0.4943181818181818,
            "Chinese,Vietnamese": 0.5170454545454546,
            "Malay,Vietnamese": 0.4715909090909091
        },
        "3_combine": {
            "Indonesian,English,Filipino": 0.20454545454545456,
            "Indonesian,English,Spanish": 0.2840909090909091,
            "Indonesian,English,Chinese": 0.17045454545454544,
            "Indonesian,English,Malay": 0.22727272727272727,
            "Indonesian,English,Vietnamese": 0.17045454545454544,
            "Indonesian,Filipino,Spanish": 0.26136363636363635,
            "Indonesian,Filipino,Chinese": 0.23863636363636365,
            "Indonesian,Filipino,Malay": 0.2840909090909091,
            "Indonesian,Filipino,Vietnamese": 0.23863636363636365,
            "Indonesian,Spanish,Chinese": 0.1875,
            "Indonesian,Spanish,Malay": 0.26704545454545453,
            "Indonesian,Spanish,Vietnamese": 0.21022727272727273,
            "Indonesian,Chinese,Malay": 0.30113636363636365,
            "Indonesian,Chinese,Vietnamese": 0.25,
            "Indonesian,Malay,Vietnamese": 0.29545454545454547,
            "English,Filipino,Spanish": 0.24431818181818182,
            "English,Filipino,Chinese": 0.14772727272727273,
            "English,Filipino,Malay": 0.17613636363636365,
            "English,Filipino,Vietnamese": 0.1590909090909091,
            "English,Spanish,Chinese": 0.17613636363636365,
            "English,Spanish,Malay": 0.24431818181818182,
            "English,Spanish,Vietnamese": 0.2159090909090909,
            "English,Chinese,Malay": 0.1590909090909091,
            "English,Chinese,Vietnamese": 0.16477272727272727,
            "English,Malay,Vietnamese": 0.1590909090909091,
            "Filipino,Spanish,Chinese": 0.17045454545454544,
            "Filipino,Spanish,Malay": 0.2215909090909091,
            "Filipino,Spanish,Vietnamese": 0.19886363636363635,
            "Filipino,Chinese,Malay": 0.23863636363636365,
            "Filipino,Chinese,Vietnamese": 0.25,
            "Filipino,Malay,Vietnamese": 0.25,
            "Spanish,Chinese,Malay": 0.19318181818181818,
            "Spanish,Chinese,Vietnamese": 0.19318181818181818,
            "Spanish,Malay,Vietnamese": 0.2159090909090909,
            "Chinese,Malay,Vietnamese": 0.3125
        },
        "4_combine": {
            "Indonesian,English,Filipino,Spanish": 0.1534090909090909,
            "Indonesian,English,Filipino,Chinese": 0.11931818181818182,
            "Indonesian,English,Filipino,Malay": 0.13068181818181818,
            "Indonesian,English,Filipino,Vietnamese": 0.10227272727272728,
            "Indonesian,English,Spanish,Chinese": 0.125,
            "Indonesian,English,Spanish,Malay": 0.16477272727272727,
            "Indonesian,English,Spanish,Vietnamese": 0.13636363636363635,
            "Indonesian,English,Chinese,Malay": 0.13068181818181818,
            "Indonesian,English,Chinese,Vietnamese": 0.10795454545454546,
            "Indonesian,English,Malay,Vietnamese": 0.10795454545454546,
            "Indonesian,Filipino,Spanish,Chinese": 0.14204545454545456,
            "Indonesian,Filipino,Spanish,Malay": 0.17613636363636365,
            "Indonesian,Filipino,Spanish,Vietnamese": 0.13636363636363635,
            "Indonesian,Filipino,Chinese,Malay": 0.17613636363636365,
            "Indonesian,Filipino,Chinese,Vietnamese": 0.14772727272727273,
            "Indonesian,Filipino,Malay,Vietnamese": 0.1590909090909091,
            "Indonesian,Spanish,Chinese,Malay": 0.14772727272727273,
            "Indonesian,Spanish,Chinese,Vietnamese": 0.13068181818181818,
            "Indonesian,Spanish,Malay,Vietnamese": 0.14772727272727273,
            "Indonesian,Chinese,Malay,Vietnamese": 0.21022727272727273,
            "English,Filipino,Spanish,Chinese": 0.11363636363636363,
            "English,Filipino,Spanish,Malay": 0.1534090909090909,
            "English,Filipino,Spanish,Vietnamese": 0.14204545454545456,
            "English,Filipino,Chinese,Malay": 0.10227272727272728,
            "English,Filipino,Chinese,Vietnamese": 0.09659090909090909,
            "English,Filipino,Malay,Vietnamese": 0.09659090909090909,
            "English,Spanish,Chinese,Malay": 0.11931818181818182,
            "English,Spanish,Chinese,Vietnamese": 0.11363636363636363,
            "English,Spanish,Malay,Vietnamese": 0.13068181818181818,
            "English,Chinese,Malay,Vietnamese": 0.09659090909090909,
            "Filipino,Spanish,Chinese,Malay": 0.125,
            "Filipino,Spanish,Chinese,Vietnamese": 0.11931818181818182,
            "Filipino,Spanish,Malay,Vietnamese": 0.13636363636363635,
            "Filipino,Chinese,Malay,Vietnamese": 0.16477272727272727,
            "Spanish,Chinese,Malay,Vietnamese": 0.14204545454545456
        },
        "5_combine": {
            "Indonesian,English,Filipino,Spanish,Chinese": 0.09090909090909091,
            "Indonesian,English,Filipino,Spanish,Malay": 0.10795454545454546,
            "Indonesian,English,Filipino,Spanish,Vietnamese": 0.09090909090909091,
            "Indonesian,English,Filipino,Chinese,Malay": 0.09090909090909091,
            "Indonesian,English,Filipino,Chinese,Vietnamese": 0.07386363636363637,
            "Indonesian,English,Filipino,Malay,Vietnamese": 0.0625,
            "Indonesian,English,Spanish,Chinese,Malay": 0.10227272727272728,
            "Indonesian,English,Spanish,Chinese,Vietnamese": 0.08522727272727272,
            "Indonesian,English,Spanish,Malay,Vietnamese": 0.08522727272727272,
            "Indonesian,English,Chinese,Malay,Vietnamese": 0.07954545454545454,
            "Indonesian,Filipino,Spanish,Chinese,Malay": 0.11363636363636363,
            "Indonesian,Filipino,Spanish,Chinese,Vietnamese": 0.09659090909090909,
            "Indonesian,Filipino,Spanish,Malay,Vietnamese": 0.10227272727272728,
            "Indonesian,Filipino,Chinese,Malay,Vietnamese": 0.11363636363636363,
            "Indonesian,Spanish,Chinese,Malay,Vietnamese": 0.10795454545454546,
            "English,Filipino,Spanish,Chinese,Malay": 0.09090909090909091,
            "English,Filipino,Spanish,Chinese,Vietnamese": 0.08522727272727272,
            "English,Filipino,Spanish,Malay,Vietnamese": 0.09659090909090909,
            "English,Filipino,Chinese,Malay,Vietnamese": 0.0625,