{
    "overall_acc": 0.3538961038961039,
    "language_acc": {
        "Indonesian": 0.32954545454545453,
        "English": 0.5284090909090909,
        "Filipino": 0.3125,
        "Spanish": 0.4318181818181818,
        "Chinese": 0.26136363636363635,
        "Malay": 0.3522727272727273,
        "Vietnamese": 0.26136363636363635
    },
    "consistency_score_2": 0.4218073593073593,
    "consistency_score_3": 0.22532467532467537,
    "consistency_score_4": 0.1430194805194805,
    "consistency_score_5": 0.10173160173160173,
    "consistency_score_6": 0.07792207792207792,
    "consistency_score_7": 0.0625,
    "detailed_consistency_score": {
        "2_combine": {
            "Indonesian,English": 0.39204545454545453,
            "Indonesian,Filipino": 0.4602272727272727,
            "Indonesian,Spanish": 0.4431818181818182,
            "Indonesian,Chinese": 0.36363636363636365,
            "Indonesian,Malay": 0.5795454545454546,
            "Indonesian,Vietnamese": 0.42045454545454547,
            "English,Filipino": 0.32386363636363635,
            "English,Spanish": 0.6363636363636364,
            "English,Chinese": 0.32954545454545453,
            "English,Malay": 0.36363636363636365,
            "English,Vietnamese": 0.3068181818181818,
            "Filipino,Spanish": 0.4431818181818182,
            "Filipino,Chinese": 0.38636363636363635,
            "Filipino,Malay": 0.5,
            "Filipino,Vietnamese": 0.4147727272727273,
            "Spanish,Chinese": 0.32954545454545453,
            "Spanish,Malay": 0.4034090909090909,
            "Spanish,Vietnamese": 0.3352272727272727,
            "Chinese,Malay": 0.48863636363636365,
            "Chinese,Vietnamese": 0.4602272727272727,
            "Malay,Vietnamese": 0.4772727272727273
        },
        "3_combine": {
            "Indonesian,English,Filipino": 0.21022727272727273,
            "Indonesian,English,Spanish": 0.3068181818181818,
            "Indonesian,English,Chinese": 0.18181818181818182,
            "Indonesian,English,Malay": 0.2556818181818182,
            "Indonesian,English,Vietnamese": 0.17045454545454544,
            "Indonesian,Filipino,Spanish": 0.2556818181818182,
            "Indonesian,Filipino,Chinese": 0.2215909090909091,
            "Indonesian,Filipino,Malay": 0.3181818181818182,
            "Indonesian,Filipino,Vietnamese": 0.23863636363636365,
            "Indonesian,Spanish,Chinese": 0.19318181818181818,
            "Indonesian,Spanish,Malay": 0.2840909090909091,
            "Indonesian,Spanish,Vietnamese": 0.18181818181818182,
            "Indonesian,Chinese,Malay": 0.2897727272727273,
            "Indonesian,Chinese,Vietnamese": 0.21022727272727273,
            "Indonesian,Malay,Vietnamese": 0.2840909090909091,
            "English,Filipino,Spanish": 0.26136363636363635,
            "English,Filipino,Chinese": 0.16477272727272727,
            "English,Filipino,Malay": 0.20454545454545456,
            "English,Filipino,Vietnamese": 0.13636363636363635,
            "English,Spanish,Chinese": 0.23295454545454544,
            "English,Spanish,Malay": 0.2840909090909091,
            "English,Spanish,Vietnamese": 0.22727272727272727,
            "English,Chinese,Malay": 0.19318181818181818,
            "English,Chinese,Vietnamese": 0.1590909090909091,
            "English,Malay,Vietnamese": 0.17045454545454544,
            "Filipino,Spanish,Chinese": 0.20454545454545456,
            "Filipino,Spanish,Malay": 0.2556818181818182,
            "Filipino,Spanish,Vietnamese": 0.1875,
            "Filipino,Chinese,Malay": 0.2727272727272727,
            "Filipino,Chinese,Vietnamese": 0.21022727272727273,
            "Filipino,Malay,Vietnamese": 0.26136363636363635,
            "Spanish,Chinese,Malay": 0.20454545454545456,
            "Spanish,Chinese,Vietnamese": 0.16477272727272727,
            "Spanish,Malay,Vietnamese": 0.20454545454545456,
            "Chinese,Malay,Vietnamese": 0.2840909090909091
        },
        "4_combine": {
            "Indonesian,English,Filipino,Spanish": 0.17045454545454544,
            "Indonesian,English,Filipino,Chinese": 0.11931818181818182,
            "Indonesian,English,Filipino,Malay": 0.1534090909090909,
            "Indonesian,English,Filipino,Vietnamese": 0.10227272727272728,
            "Indonesian,English,Spanish,Chinese": 0.1534090909090909,
            "Indonesian,English,Spanish,Malay": 0.21022727272727273,
            "Indonesian,English,Spanish,Vietnamese": 0.14772727272727273,
            "Indonesian,English,Chinese,Malay": 0.1534090909090909,
            "Indonesian,English,Chinese,Vietnamese": 0.11363636363636363,
            "Indonesian,English,Malay,Vietnamese": 0.125,
            "Indonesian,Filipino,Spanish,Chinese": 0.14772727272727273,
            "Indonesian,Filipino,Spanish,Malay": 0.19886363636363635,
            "Indonesian,Filipino,Spanish,Vietnamese": 0.11931818181818182,
            "Indonesian,Filipino,Chinese,Malay": 0.18181818181818182,
            "Indonesian,Filipino,Chinese,Vietnamese": 0.125,
            "Indonesian,Filipino,Malay,Vietnamese": 0.16477272727272727,
            "Indonesian,Spanish,Chinese,Malay": 0.1590909090909091,
            "Indonesian,Spanish,Chinese,Vietnamese": 0.10795454545454546,
            "Indonesian,Spanish,Malay,Vietnamese": 0.14204545454545456,
            "Indonesian,Chinese,Malay,Vietnamese": 0.1875,
            "English,Filipino,Spanish,Chinese": 0.1534090909090909,
            "English,Filipino,Spanish,Malay": 0.17613636363636365,
            "English,Filipino,Spanish,Vietnamese": 0.11931818181818182,
            "English,Filipino,Chinese,Malay": 0.13068181818181818,
            "English,Filipino,Chinese,Vietnamese": 0.09090909090909091,
            "English,Filipino,Malay,Vietnamese": 0.10795454545454546,
            "English,Spanish,Chinese,Malay": 0.1534090909090909,
            "English,Spanish,Chinese,Vietnamese": 0.11931818181818182,
            "English,Spanish,Malay,Vietnamese": 0.14204545454545456,
            "English,Chinese,Malay,Vietnamese": 0.11363636363636363,
            "Filipino,Spanish,Chinese,Malay": 0.16477272727272727,
            "Filipino,Spanish,Chinese,Vietnamese": 0.11363636363636363,
            "Filipino,Spanish,Malay,Vietnamese": 0.14204545454545456,
            "Filipino,Chinese,Malay,Vietnamese": 0.16477272727272727,
            "Spanish,Chinese,Malay,Vietnamese": 0.13068181818181818
        },
        "5_combine": {
            "Indonesian,English,Filipino,Spanish,Chinese": 0.11363636363636363,
            "Indonesian,English,Filipino,Spanish,Malay": 0.13636363636363635,
            "Indonesian,English,Filipino,Spanish,Vietnamese": 0.09090909090909091,
            "Indonesian,English,Filipino,Chinese,Malay": 0.10795454545454546,
            "Indonesian,English,Filipino,Chinese,Vietnamese": 0.07386363636363637,
            "Indonesian,English,Filipino,Malay,Vietnamese": 0.07954545454545454,
            "Indonesian,English,Spanish,Chinese,Malay": 0.13068181818181818,
            "Indonesian,English,Spanish,Chinese,Vietnamese": 0.09659090909090909,
            "Indonesian,English,Spanish,Malay,Vietnamese": 0.10795454545454546,
            "Indonesian,English,Chinese,Malay,Vietnamese": 0.10227272727272728,
            "Indonesian,Filipino,Spanish,Chinese,Malay": 0.13068181818181818,
            "Indonesian,Filipino,Spanish,Chinese,Vietnamese": 0.07954545454545454,
            "Indonesian,Filipino,Spanish,Malay,Vietnamese": 0.10227272727272728,
            "Indonesian,Filipino,Chinese,Malay,Vietnamese": 0.10795454545454546,
            "Indonesian,Spanish,Chinese,Malay,Vietnamese": 0.09659090909090909,
            "English,Filipino,Spanish,Chinese,Malay": 0.11931818181818182,
            "English,Filipino,Spanish,Chinese,Vietnamese": 0.08522727272727272,
            "English,Filipino,Spanish,Malay,Vietnamese": 0.09659090909090909,
            "English,Filipino,Chinese,Malay,Vietnamese": 0.07954545454545454,