{
    "overall_acc": 0.3538961038961039,
    "language_acc": {
        "Indonesian": 0.32386363636363635,
        "English": 0.5340909090909091,
        "Filipino": 0.3181818181818182,
        "Spanish": 0.4375,
        "Chinese": 0.24431818181818182,
        "Malay": 0.3522727272727273,
        "Vietnamese": 0.26704545454545453
    },
    "consistency_score_2": 0.42153679653679665,
    "consistency_score_3": 0.2202922077922078,
    "consistency_score_4": 0.13555194805194803,
    "consistency_score_5": 0.09361471861471862,
    "consistency_score_6": 0.0706168831168831,
    "consistency_score_7": 0.056818181818181816,
    "detailed_consistency_score": {
        "2_combine": {
            "Indonesian,English": 0.38636363636363635,
            "Indonesian,Filipino": 0.48863636363636365,
            "Indonesian,Spanish": 0.44886363636363635,
            "Indonesian,Chinese": 0.3806818181818182,
            "Indonesian,Malay": 0.6022727272727273,
            "Indonesian,Vietnamese": 0.35795454545454547,
            "English,Filipino": 0.3465909090909091,
            "English,Spanish": 0.6306818181818182,
            "English,Chinese": 0.29545454545454547,
            "English,Malay": 0.3522727272727273,
            "English,Vietnamese": 0.29545454545454547,
            "Filipino,Spanish": 0.4602272727272727,
            "Filipino,Chinese": 0.42045454545454547,
            "Filipino,Malay": 0.4772727272727273,
            "Filipino,Vietnamese": 0.42613636363636365,
            "Spanish,Chinese": 0.29545454545454547,
            "Spanish,Malay": 0.3977272727272727,
            "Spanish,Vietnamese": 0.3522727272727273,
            "Chinese,Malay": 0.4772727272727273,
            "Chinese,Vietnamese": 0.5,
            "Malay,Vietnamese": 0.4602272727272727
        },
        "3_combine": {
            "Indonesian,English,Filipino": 0.22727272727272727,
            "Indonesian,English,Spanish": 0.2897727272727273,
            "Indonesian,English,Chinese": 0.18181818181818182,
            "Indonesian,English,Malay": 0.2556818181818182,
            "Indonesian,English,Vietnamese": 0.13636363636363635,
            "Indonesian,Filipino,Spanish": 0.2727272727272727,
            "Indonesian,Filipino,Chinese": 0.23863636363636365,
            "Indonesian,Filipino,Malay": 0.32954545454545453,
            "Indonesian,Filipino,Vietnamese": 0.21022727272727273,
            "Indonesian,Spanish,Chinese": 0.18181818181818182,
            "Indonesian,Spanish,Malay": 0.2897727272727273,
            "Indonesian,Spanish,Vietnamese": 0.16477272727272727,
            "Indonesian,Chinese,Malay": 0.2897727272727273,
            "Indonesian,Chinese,Vietnamese": 0.2159090909090909,
            "Indonesian,Malay,Vietnamese": 0.26704545454545453,
            "English,Filipino,Spanish": 0.2840909090909091,
            "English,Filipino,Chinese": 0.1590909090909091,
            "English,Filipino,Malay": 0.1875,
            "English,Filipino,Vietnamese": 0.14204545454545456,
            "English,Spanish,Chinese": 0.19886363636363635,
            "English,Spanish,Malay": 0.2556818181818182,
            "English,Spanish,Vietnamese": 0.2159090909090909,
            "English,Chinese,Malay": 0.17045454545454544,
            "English,Chinese,Vietnamese": 0.1534090909090909,
            "English,Malay,Vietnamese": 0.14772727272727273,
            "Filipino,Spanish,Chinese": 0.19886363636363635,
            "Filipino,Spanish,Malay": 0.25,
            "Filipino,Spanish,Vietnamese": 0.21022727272727273,
            "Filipino,Chinese,Malay": 0.26704545454545453,
            "Filipino,Chinese,Vietnamese": 0.23863636363636365,
            "Filipino,Malay,Vietnamese": 0.24431818181818182,
            "Spanish,Chinese,Malay": 0.1875,
            "Spanish,Chinese,Vietnamese": 0.17045454545454544,
            "Spanish,Malay,Vietnamese": 0.1875,
            "Chinese,Malay,Vietnamese": 0.2897727272727273
        },
        "4_combine": {
            "Indonesian,English,Filipino,Spanish": 0.18181818181818182,
            "Indonesian,English,Filipino,Chinese": 0.125,
            "Indonesian,English,Filipino,Malay": 0.1534090909090909,
            "Indonesian,English,Filipino,Vietnamese": 0.09090909090909091,
            "Indonesian,English,Spanish,Chinese": 0.13636363636363635,
            "Indonesian,English,Spanish,Malay": 0.19318181818181818,
            "Indonesian,English,Spanish,Vietnamese": 0.11931818181818182,
            "Indonesian,English,Chinese,Malay": 0.14204545454545456,
            "Indonesian,English,Chinese,Vietnamese": 0.10227272727272728,
            "Indonesian,English,Malay,Vietnamese": 0.09659090909090909,
            "Indonesian,Filipino,Spanish,Chinese": 0.14204545454545456,
            "Indonesian,Filipino,Spanish,Malay": 0.19318181818181818,
            "Indonesian,Filipino,Spanish,Vietnamese": 0.11931818181818182,
            "Indonesian,Filipino,Chinese,Malay": 0.1875,
            "Indonesian,Filipino,Chinese,Vietnamese": 0.13068181818181818,
            "Indonesian,Filipino,Malay,Vietnamese": 0.1590909090909091,
            "Indonesian,Spanish,Chinese,Malay": 0.14772727272727273,
            "Indonesian,Spanish,Chinese,Vietnamese": 0.10795454545454546,
            "Indonesian,Spanish,Malay,Vietnamese": 0.125,
            "Indonesian,Chinese,Malay,Vietnamese": 0.1875,
            "English,Filipino,Spanish,Chinese": 0.13636363636363635,
            "English,Filipino,Spanish,Malay": 0.16477272727272727,
            "English,Filipino,Spanish,Vietnamese": 0.13636363636363635,
            "English,Filipino,Chinese,Malay": 0.125,
            "English,Filipino,Chinese,Vietnamese": 0.09090909090909091,
            "English,Filipino,Malay,Vietnamese": 0.09090909090909091,
            "English,Spanish,Chinese,Malay": 0.13636363636363635,
            "English,Spanish,Chinese,Vietnamese": 0.11363636363636363,
            "English,Spanish,Malay,Vietnamese": 0.11363636363636363,
            "English,Chinese,Malay,Vietnamese": 0.09659090909090909,
            "Filipino,Spanish,Chinese,Malay": 0.1590909090909091,
            "Filipino,Spanish,Chinese,Vietnamese": 0.11931818181818182,
            "Filipino,Spanish,Malay,Vietnamese": 0.13636363636363635,
            "Filipino,Chinese,Malay,Vietnamese": 0.17045454545454544,
            "Spanish,Chinese,Malay,Vietnamese": 0.11363636363636363
        },
        "5_combine": {
            "Indonesian,English,Filipino,Spanish,Chinese": 0.10227272727272728,
            "Indonesian,English,Filipino,Spanish,Malay": 0.13068181818181818,
            "Indonesian,English,Filipino,Spanish,Vietnamese": 0.08522727272727272,
            "Indonesian,English,Filipino,Chinese,Malay": 0.10795454545454546,
            "Indonesian,English,Filipino,Chinese,Vietnamese": 0.06818181818181818,
            "Indonesian,English,Filipino,Malay,Vietnamese": 0.06818181818181818,
            "Indonesian,English,Spanish,Chinese,Malay": 0.11363636363636363,
            "Indonesian,English,Spanish,Chinese,Vietnamese": 0.08522727272727272,
            "Indonesian,English,Spanish,Malay,Vietnamese": 0.07954545454545454,
            "Indonesian,English,Chinese,Malay,Vietnamese": 0.08522727272727272,
            "Indonesian,Filipino,Spanish,Chinese,Malay": 0.125,
            "Indonesian,Filipino,Spanish,Chinese,Vietnamese": 0.07954545454545454,
            "Indonesian,Filipino,Spanish,Malay,Vietnamese": 0.09659090909090909,
            "Indonesian,Filipino,Chinese,Malay,Vietnamese": 0.11363636363636363,
            "Indonesian,Spanish,Chinese,Malay,Vietnamese": 0.09090909090909091,
            "English,Filipino,Spanish,Chinese,Malay": 0.11363636363636363,
            "English,Filipino,Spanish,Chinese,Vietnamese": 0.08522727272727272,
            "English,Filipino,Spanish,Malay,Vietnamese": 0.08522727272727272,
            "English,Filipino,Chinese,Malay,Vietnamese": 0.07386363636363637,
            "English,Spanish,Chinese,Malay,Vietnamese": 0.07954545454545454,