{
    "overall_acc": 0.5590476190476191,
    "language_acc": {
        "Filipino": 0.5466666666666666,
        "Vietnamese": 0.5066666666666667,
        "Chinese": 0.5666666666666667,
        "Spanish": 0.5866666666666667,
        "Malay": 0.46,
        "Indonesian": 0.5666666666666667,
        "English": 0.68
    },
    "consistency_score_2": 0.5968253968253968,
    "consistency_score_3": 0.43866666666666665,
    "consistency_score_4": 0.3479999999999999,
    "consistency_score_5": 0.2885714285714286,
    "consistency_score_6": 0.24571428571428572,
    "consistency_score_7": 0.21333333333333335,
    "detailed_consistency_score": {
        "2_combine": {
            "Filipino,Vietnamese": 0.5133333333333333,
            "Filipino,Chinese": 0.54,
            "Filipino,Spanish": 0.6066666666666667,
            "Filipino,Malay": 0.58,
            "Filipino,Indonesian": 0.6533333333333333,
            "Filipino,English": 0.6333333333333333,
            "Vietnamese,Chinese": 0.5066666666666667,
            "Vietnamese,Spanish": 0.5,
            "Vietnamese,Malay": 0.5666666666666667,
            "Vietnamese,Indonesian": 0.5866666666666667,
            "Vietnamese,English": 0.5533333333333333,
            "Chinese,Spanish": 0.5733333333333334,
            "Chinese,Malay": 0.5333333333333333,
            "Chinese,Indonesian": 0.6066666666666667,
            "Chinese,English": 0.6133333333333333,
            "Spanish,Malay": 0.6133333333333333,
            "Spanish,Indonesian": 0.64,
            "Spanish,English": 0.7333333333333333,
            "Malay,Indonesian": 0.7066666666666667,
            "Malay,English": 0.6,
            "Indonesian,English": 0.6733333333333333
        },
        "3_combine": {
            "Filipino,Vietnamese,Chinese": 0.36,
            "Filipino,Vietnamese,Spanish": 0.36666666666666664,
            "Filipino,Vietnamese,Malay": 0.4,
            "Filipino,Vietnamese,Indonesian": 0.4266666666666667,
            "Filipino,Vietnamese,English": 0.3933333333333333,
            "Filipino,Chinese,Spanish": 0.4,
            "Filipino,Chinese,Malay": 0.3933333333333333,
            "Filipino,Chinese,Indonesian": 0.44666666666666666,
            "Filipino,Chinese,English": 0.43333333333333335,
            "Filipino,Spanish,Malay": 0.44,
            "Filipino,Spanish,Indonesian": 0.48,
            "Filipino,Spanish,English": 0.5,
            "Filipino,Malay,Indonesian": 0.5,
            "Filipino,Malay,English": 0.44,
            "Filipino,Indonesian,English": 0.5133333333333333,
            "Vietnamese,Chinese,Spanish": 0.36,
            "Vietnamese,Chinese,Malay": 0.35333333333333333,
            "Vietnamese,Chinese,Indonesian": 0.4,
            "Vietnamese,Chinese,English": 0.4,
            "Vietnamese,Spanish,Malay": 0.3933333333333333,
            "Vietnamese,Spanish,Indonesian": 0.4066666666666667,
            "Vietnamese,Spanish,English": 0.42,
            "Vietnamese,Malay,Indonesian": 0.48,
            "Vietnamese,Malay,English": 0.4066666666666667,
            "Vietnamese,Indonesian,English": 0.44,
            "Chinese,Spanish,Malay": 0.41333333333333333,
            "Chinese,Spanish,Indonesian": 0.4533333333333333,
            "Chinese,Spanish,English": 0.5,
            "Chinese,Malay,Indonesian": 0.4533333333333333,
            "Chinese,Malay,English": 0.4266666666666667,
            "Chinese,Indonesian,English": 0.4866666666666667,
            "Spanish,Malay,Indonesian": 0.5133333333333333,
            "Spanish,Malay,English": 0.5,
            "Spanish,Indonesian,English": 0.54,
            "Malay,Indonesian,English": 0.5133333333333333
        },
        "4_combine": {
            "Filipino,Vietnamese,Chinese,Spanish": 0.2866666666666667,
            "Filipino,Vietnamese,Chinese,Malay": 0.2866666666666667,
            "Filipino,Vietnamese,Chinese,Indonesian": 0.31333333333333335,
            "Filipino,Vietnamese,Chinese,English": 0.30666666666666664,
            "Filipino,Vietnamese,Spanish,Malay": 0.31333333333333335,
            "Filipino,Vietnamese,Spanish,Indonesian": 0.3333333333333333,
            "Filipino,Vietnamese,Spanish,English": 0.32,
            "Filipino,Vietnamese,Malay,Indonesian": 0.36,
            "Filipino,Vietnamese,Malay,English": 0.31333333333333335,
            "Filipino,Vietnamese,Indonesian,English": 0.3466666666666667,
            "Filipino,Chinese,Spanish,Malay": 0.30666666666666664,
            "Filipino,Chinese,Spanish,Indonesian": 0.3466666666666667,
            "Filipino,Chinese,Spanish,English": 0.36666666666666664,
            "Filipino,Chinese,Malay,Indonesian": 0.36,
            "Filipino,Chinese,Malay,English": 0.32,
            "Filipino,Chinese,Indonesian,English": 0.37333333333333335,
            "Filipino,Spanish,Malay,Indonesian": 0.3933333333333333,
            "Filipino,Spanish,Malay,English": 0.38,
            "Filipino,Spanish,Indonesian,English": 0.41333333333333333,
            "Filipino,Malay,Indonesian,English": 0.3933333333333333,
            "Vietnamese,Chinese,Spanish,Malay": 0.29333333333333333,
            "Vietnamese,Chinese,Spanish,Indonesian": 0.31333333333333335,
            "Vietnamese,Chinese,Spanish,English": 0.3333333333333333,
            "Vietnamese,Chinese,Malay,Indonesian": 0.32666666666666666,
            "Vietnamese,Chinese,Malay,English": 0.31333333333333335,
            "Vietnamese,Chinese,Indonesian,English": 0.3466666666666667,
            "Vietnamese,Spanish,Malay,Indonesian": 0.35333333333333333,
            "Vietnamese,Spanish,Malay,English": 0.3466666666666667,
            "Vietnamese,Spanish,Indonesian,English": 0.36,
            "Vietnamese,Malay,Indonesian,English": 0.36666666666666664,
            "Chinese,Spanish,Malay,Indonesian": 0.36666666666666664,
            "Chinese,Spanish,Malay,English": 0.37333333333333335,
            "Chinese,Spanish,Indonesian,English": 0.42,
            "Chinese,Malay,Indonesian,English": 0.38666666666666666,
            "Spanish,Malay,Indonesian,English": 0.44666666666666666
        },
        "5_combine": {
            "Filipino,Vietnamese,Chinese,Spanish,Malay": 0.24,
            "Filipino,Vietnamese,Chinese,Spanish,Indonesian": 0.26,
            "Filipino,Vietnamese,Chinese,Spanish,English": 0.26666666666666666,
            "Filipino,Vietnamese,Chinese,Malay,Indonesian": 0.26666666666666666,
            "Filipino,Vietnamese,Chinese,Malay,English": 0.25333333333333335,
            "Filipino,Vietnamese,Chinese,Indonesian,English": 0.28,
            "Filipino,Vietnamese,Spanish,Malay,Indonesian": 0.29333333333333333,
            "Filipino,Vietnamese,Spanish,Malay,English": 0.2733333333333333,
            "Filipino,Vietnamese,Spanish,Indonesian,English": 0.29333333333333333,
            "Filipino,Vietnamese,Malay,Indonesian,English": 0.29333333333333333,
            "Filipino,Chinese,Spanish,Malay,Indonesian": 0.2866666666666667,
            "Filipino,Chinese,Spanish,Malay,English": 0.28,
            "Filipino,Chinese,Spanish,Indonesian,English": 0.32,
            "Filipino,Chinese,Malay,Indonesian,English": 0.3,
            "Filipino,Spanish,Malay,Indonesian,English": 0.3466666666666667,
            "Vietnamese,Chinese,Spanish,Malay,Indonesian": 0.2733333333333333,
            "Vietnamese,Chinese,Spanish,Malay,English": 0.28,
            "Vietnamese,Chinese,Spanish,Indonesian,English": 0.29333333333333333,
            "Vietnamese,Chinese,Malay,Indonesian,English": 0.29333333333333333,
            "Vietnamese,Spanish,Malay,Indonesian,English": 0.32,
            "Chinese,Spanish,Malay,Indonesian,English": 0.3466666666666667
        },
        "6_combine": {
            "Filipino,Vietnamese,Chinese,Spanish,Malay,Indonesian": 0.22666666666666666,
            "Filipino,Vietnamese,Chinese,Spanish,Malay,English": 0.22666666666666666,
            "Filipino,Vietnamese,Chinese,Spanish,Indonesian,English": 0.24,
            "Filipino,Vietnamese,Chinese,Malay,Indonesian,English": 0.24,