{
    "rouge1": 0.21060609015887038,
    "rouge2": 0.057833836582119554,
    "rougeL": 0.15643443484914793,
    "avg_rouge": 0.14162478719671262
}