{
    "rouge1": 0.22417868322315565,
    "rouge2": 0.06099633594873171,
    "rougeL": 0.1645146116712034,
    "avg_rouge": 0.14989654361436358
}