{
    "rouge1": 0.21832150041066453,
    "rouge2": 0.059156306603515486,
    "rougeL": 0.16139471401530808,
    "avg_rouge": 0.1462908403431627
}