{
    "rouge1": 0.2196654150670897,
    "rouge2": 0.06032763846133467,
    "rougeL": 0.16056995602370785,
    "avg_rouge": 0.14685433651737742
}