{
    "overall_acc": 0.8619747899159664,
    "language_acc": {
        "Spanish": 0.880672268907563,
        "English": 0.9008403361344538,
        "Chinese": 0.8478991596638655,
        "Vietnamese": 0.8184873949579832
    },
    "consistency_score_2": 0.8357142857142857,
    "consistency_score_3": 0.7651260504201681,
    "consistency_score_4": 0.7184873949579832,
    "detailed_consistency_score": {
        "2_combine": {
            "Spanish,English": 0.8915966386554622,
            "Spanish,Chinese": 0.8436974789915966,
            "Spanish,Vietnamese": 0.8117647058823529,
            "English,Chinese": 0.8546218487394958,
            "English,Vietnamese": 0.8100840336134454,
            "Chinese,Vietnamese": 0.8025210084033614
        },
        "3_combine": {
            "Spanish,English,Chinese": 0.8033613445378152,
            "Spanish,English,Vietnamese": 0.7663865546218488,
            "Spanish,Chinese,Vietnamese": 0.7428571428571429,
            "English,Chinese,Vietnamese": 0.7478991596638656
        },
        "4_combine": {
            "Spanish,English,Chinese,Vietnamese": 0.7184873949579832
        }
    },
    "AC3_2": 0.8486414340016675,
    "AC3_3": 0.8106680915896736,
    "AC3_4": 0.7837176076900385
}