{
    "overall_acc": 0.8556722689075631,
    "language_acc": {
        "Spanish": 0.8798319327731092,
        "English": 0.892436974789916,
        "Chinese": 0.8285714285714286,
        "Vietnamese": 0.8218487394957983
    },
    "consistency_score_2": 0.8245098039215687,
    "consistency_score_3": 0.7510504201680672,
    "consistency_score_4": 0.7008403361344537,
    "detailed_consistency_score": {
        "2_combine": {
            "Spanish,English": 0.8915966386554622,
            "Spanish,Chinese": 0.8159663865546218,
            "Spanish,Vietnamese": 0.8058823529411765,
            "English,Chinese": 0.8302521008403362,
            "English,Vietnamese": 0.8134453781512605,
            "Chinese,Vietnamese": 0.7899159663865546
        },
        "3_combine": {
            "Spanish,English,Chinese": 0.7798319327731092,
            "Spanish,English,Vietnamese": 0.7663865546218488,
            "Spanish,Chinese,Vietnamese": 0.7260504201680672,
            "English,Chinese,Vietnamese": 0.7319327731092437
        },
        "4_combine": {
            "Spanish,English,Chinese,Vietnamese": 0.7008403361344537
        }
    },
    "AC3_2": 0.8398020500577692,
    "AC3_3": 0.7999551153645786,
    "AC3_4": 0.77055545657774
}