{
    "overall_acc": 0.8581932773109244,
    "language_acc": {
        "Spanish": 0.8865546218487395,
        "English": 0.8899159663865546,
        "Chinese": 0.8361344537815126,
        "Vietnamese": 0.8201680672268907
    },
    "consistency_score_2": 0.8315126050420169,
    "consistency_score_3": 0.759453781512605,
    "consistency_score_4": 0.711764705882353,
    "detailed_consistency_score": {
        "2_combine": {
            "Spanish,English": 0.8865546218487395,
            "Spanish,Chinese": 0.8420168067226891,
            "Spanish,Vietnamese": 0.8176470588235294,
            "English,Chinese": 0.8344537815126051,
            "English,Vietnamese": 0.8050420168067227,
            "Chinese,Vietnamese": 0.8033613445378152
        },
        "3_combine": {
            "Spanish,English,Chinese": 0.7924369747899159,
            "Spanish,English,Vietnamese": 0.7647058823529411,
            "Spanish,Chinese,Vietnamese": 0.7436974789915967,
            "English,Chinese,Vietnamese": 0.7369747899159664
        },
        "4_combine": {
            "Spanish,English,Chinese,Vietnamese": 0.711764705882353
        }
    },
    "AC3_2": 0.8446422955105344,
    "AC3_3": 0.8058100512434309,
    "AC3_4": 0.7781503608575436
}