{
    "overall_acc": 0.8609243697478992,
    "language_acc": {
        "Spanish": 0.8815126050420168,
        "English": 0.8983193277310925,
        "Chinese": 0.8411764705882353,
        "Vietnamese": 0.8226890756302521
    },
    "consistency_score_2": 0.8336134453781513,
    "consistency_score_3": 0.7628151260504201,
    "consistency_score_4": 0.7176470588235294,
    "detailed_consistency_score": {
        "2_combine": {
            "Spanish,English": 0.8890756302521008,
            "Spanish,Chinese": 0.8369747899159664,
            "Spanish,Vietnamese": 0.8176470588235294,
            "English,Chinese": 0.8445378151260504,
            "English,Vietnamese": 0.8117647058823529,
            "Chinese,Vietnamese": 0.8016806722689076
        },
        "3_combine": {
            "Spanish,English,Chinese": 0.7941176470588235,
            "Spanish,English,Vietnamese": 0.7697478991596639,
            "Spanish,Chinese,Vietnamese": 0.7436974789915967,
            "English,Chinese,Vietnamese": 0.7436974789915967
        },
        "4_combine": {
            "Spanish,English,Chinese,Vietnamese": 0.7176470588235294
        }
    },
    "AC3_2": 0.8470488219583601,
    "AC3_3": 0.8089057798840994,
    "AC3_4": 0.782783509947437
}