{
    "accuracy": 0.44025211535140735,
    "category_acc": {
        "agronomy": 0.3727810650887574,
        "anatomy": 0.33783783783783783,
        "ancient_chinese": 0.2682926829268293,
        "arts": 0.5375,
        "astronomy": 0.2727272727272727,
        "business_ethics": 0.45933014354066987,
        "chinese_civil_service_exam": 0.325,
        "chinese_driving_rule": 0.5343511450381679,
        "chinese_food_culture": 0.4117647058823529,
        "chinese_foreign_policy": 0.4766355140186916,
        "chinese_history": 0.5077399380804953,
        "chinese_literature": 0.3382352941176471,
        "chinese_teacher_qualification": 0.5195530726256983,
        "clinical_knowledge": 0.39662447257383965,
        "college_actuarial_science": 0.3113207547169811,
        "college_education": 0.514018691588785,
        "college_engineering_hydrology": 0.46226415094339623,
        "college_law": 0.37037037037037035,
        "college_mathematics": 0.37142857142857144,
        "college_medical_statistics": 0.49056603773584906,
        "college_medicine": 0.38095238095238093,
        "computer_science": 0.5343137254901961,
        "computer_security": 0.5497076023391813,
        "conceptual_physics": 0.41496598639455784,
        "construction_project_management": 0.35251798561151076,
        "economics": 0.5723270440251572,
        "education": 0.49693251533742333,
        "electrical_engineering": 0.4941860465116279,
        "elementary_chinese": 0.3333333333333333,
        "elementary_commonsense": 0.40404040404040403,
        "elementary_information_and_technology": 0.7100840336134454,
        "elementary_mathematics": 0.29130434782608694,
        "ethnology": 0.37037037037037035,
        "food_science": 0.4195804195804196,
        "genetics": 0.375,
        "global_facts": 0.5369127516778524,
        "high_school_biology": 0.33727810650887574,
        "high_school_chemistry": 0.3787878787878788,
        "high_school_geography": 0.3474576271186441,
        "high_school_mathematics": 0.22560975609756098,
        "high_school_physics": 0.3,
        "high_school_politics": 0.4755244755244755,
        "human_sexuality": 0.5317460317460317,
        "international_law": 0.3837837837837838,
        "journalism": 0.47093023255813954,
        "jurisprudence": 0.43795620437956206,
        "legal_and_moral_basis": 0.7663551401869159,
        "logical": 0.43089430894308944,
        "machine_learning": 0.5491803278688525,
        "management": 0.5190476190476191,
        "marketing": 0.5444444444444444,
        "marxist_theory": 0.48148148148148145,
        "modern_chinese": 0.3448275862068966,
        "nutrition": 0.4206896551724138,
        "philosophy": 0.5333333333333333,
        "professional_accounting": 0.4685714285714286,
        "professional_law": 0.35545023696682465,
        "professional_medicine": 0.31648936170212766,
        "professional_psychology": 0.47844827586206895,
        "public_relations": 0.5459770114942529,
        "security_study": 0.5111111111111111,
        "sociology": 0.48672566371681414,
        "sports_science": 0.46060606060606063,
        "traditional_chinese_medicine": 0.32972972972972975,
        "virology": 0.5088757396449705,
        "world_history": 0.453416149068323,
        "world_religions": 0.54375
    }
}