{
    "accuracy": 0.38628906924538076,
    "category_acc": {
        "agronomy": 0.31952662721893493,
        "anatomy": 0.27702702702702703,
        "ancient_chinese": 0.2926829268292683,
        "arts": 0.41875,
        "astronomy": 0.2787878787878788,
        "business_ethics": 0.41626794258373206,
        "chinese_civil_service_exam": 0.38125,
        "chinese_driving_rule": 0.48854961832061067,
        "chinese_food_culture": 0.4411764705882353,
        "chinese_foreign_policy": 0.45794392523364486,
        "chinese_history": 0.4613003095975232,
        "chinese_literature": 0.35294117647058826,
        "chinese_teacher_qualification": 0.39106145251396646,
        "clinical_knowledge": 0.3080168776371308,
        "college_actuarial_science": 0.3018867924528302,
        "college_education": 0.4672897196261682,
        "college_engineering_hydrology": 0.3113207547169811,
        "college_law": 0.3611111111111111,
        "college_mathematics": 0.26666666666666666,
        "college_medical_statistics": 0.4339622641509434,
        "college_medicine": 0.3076923076923077,
        "computer_science": 0.4264705882352941,
        "computer_security": 0.5087719298245614,
        "conceptual_physics": 0.3469387755102041,
        "construction_project_management": 0.28776978417266186,
        "economics": 0.44654088050314467,
        "education": 0.4049079754601227,
        "electrical_engineering": 0.3372093023255814,
        "elementary_chinese": 0.3134920634920635,
        "elementary_commonsense": 0.3787878787878788,
        "elementary_information_and_technology": 0.6428571428571429,
        "elementary_mathematics": 0.3,
        "ethnology": 0.34814814814814815,
        "food_science": 0.34965034965034963,
        "genetics": 0.29545454545454547,
        "global_facts": 0.5100671140939598,
        "high_school_biology": 0.33136094674556216,
        "high_school_chemistry": 0.3181818181818182,
        "high_school_geography": 0.3644067796610169,
        "high_school_mathematics": 0.2865853658536585,
        "high_school_physics": 0.21818181818181817,
        "high_school_politics": 0.34965034965034963,
        "human_sexuality": 0.4444444444444444,
        "international_law": 0.3675675675675676,
        "journalism": 0.3953488372093023,
        "jurisprudence": 0.39659367396593675,
        "legal_and_moral_basis": 0.6308411214953271,
        "logical": 0.4065040650406504,
        "machine_learning": 0.3360655737704918,
        "management": 0.49523809523809526,
        "marketing": 0.45555555555555555,
        "marxist_theory": 0.455026455026455,
        "modern_chinese": 0.25862068965517243,
        "nutrition": 0.32413793103448274,
        "philosophy": 0.3904761904761905,
        "professional_accounting": 0.41714285714285715,
        "professional_law": 0.2938388625592417,
        "professional_medicine": 0.30319148936170215,
        "professional_psychology": 0.4224137931034483,
        "public_relations": 0.42528735632183906,
        "security_study": 0.4740740740740741,
        "sociology": 0.415929203539823,
        "sports_science": 0.40606060606060607,
        "traditional_chinese_medicine": 0.32972972972972975,
        "virology": 0.46153846153846156,
        "world_history": 0.40993788819875776,
        "world_religions": 0.475
    }
}