{
    "accuracy": 0.6639295013018226,
    "category_acc": {
        "History": 0.7028112449799196,
        "Geography": 0.6551020408163265,
        "Lampungic": 0.3945578231292517,
        "Social science": 0.8831385642737897,
        "Balinese": 0.4012738853503185,
        "Makassarese": 0.44623655913978494,
        "Banjarese": 0.5208333333333334,
        "Chemistry": 0.4656934306569343,
        "Biology": 0.6911242603550296,
        "Science": 0.8328173374613003,
        "Christian religion": 0.7960199004975125,
        "Art": 0.7504159733777038,
        "Islam religion": 0.8051209103840683,
        "Hindu religion": 0.6733333333333333,
        "Madurese": 0.3559322033898305,
        "Sport": 0.7094594594594594,
        "Indonesian language": 0.7023661270236613,
        "Physics": 0.5656565656565656,
        "Minangkabau culture": 0.49748743718592964,
        "Dayak language": 0.4036697247706422,
        "Sociology": 0.6532258064516129,
        "Economy": 0.6516393442622951,
        "Sundanese": 0.6041486603284356,
        "Javanese": 0.5806451612903226,
        "Civic education": 0.7811158798283262
    }
}