{
    "overall_acc": 0.699047619047619,
    "language_acc": {
        "Vietnamese": 0.62,
        "Malay": 0.68,
        "Filipino": 0.6733333333333333,
        "Indonesian": 0.7,
        "Chinese": 0.6933333333333334,
        "Spanish": 0.7266666666666667,
        "English": 0.8
    },
    "consistency_score_2": 0.7066666666666666,
    "consistency_score_3": 0.5843809523809523,
    "consistency_score_4": 0.5060952380952382,
    "consistency_score_5": 0.448888888888889,
    "consistency_score_6": 0.4038095238095238,
    "consistency_score_7": 0.36666666666666664,
    "detailed_consistency_score": {
        "2_combine": {
            "Vietnamese,Malay": 0.6533333333333333,
            "Vietnamese,Filipino": 0.6533333333333333,
            "Vietnamese,Indonesian": 0.66,
            "Vietnamese,Chinese": 0.64,
            "Vietnamese,Spanish": 0.6333333333333333,
            "Vietnamese,English": 0.6533333333333333,
            "Malay,Filipino": 0.6866666666666666,
            "Malay,Indonesian": 0.7466666666666667,
            "Malay,Chinese": 0.6733333333333333,
            "Malay,Spanish": 0.72,
            "Malay,English": 0.74,
            "Filipino,Indonesian": 0.72,
            "Filipino,Chinese": 0.68,
            "Filipino,Spanish": 0.7466666666666667,
            "Filipino,English": 0.7333333333333333,
            "Indonesian,Chinese": 0.6933333333333334,
            "Indonesian,Spanish": 0.7466666666666667,
            "Indonesian,English": 0.76,
            "Chinese,Spanish": 0.7066666666666667,
            "Chinese,English": 0.7666666666666667,
            "Spanish,English": 0.8266666666666667
        },
        "3_combine": {
            "Vietnamese,Malay,Filipino": 0.52,
            "Vietnamese,Malay,Indonesian": 0.5466666666666666,
            "Vietnamese,Malay,Chinese": 0.5066666666666667,
            "Vietnamese,Malay,Spanish": 0.5466666666666666,
            "Vietnamese,Malay,English": 0.56,
            "Vietnamese,Filipino,Indonesian": 0.54,
            "Vietnamese,Filipino,Chinese": 0.5133333333333333,
            "Vietnamese,Filipino,Spanish": 0.5466666666666666,
            "Vietnamese,Filipino,English": 0.5533333333333333,
            "Vietnamese,Indonesian,Chinese": 0.5133333333333333,
            "Vietnamese,Indonesian,Spanish": 0.5466666666666666,
            "Vietnamese,Indonesian,English": 0.5666666666666667,
            "Vietnamese,Chinese,Spanish": 0.5133333333333333,
            "Vietnamese,Chinese,English": 0.5533333333333333,
            "Vietnamese,Spanish,English": 0.5866666666666667,
            "Malay,Filipino,Indonesian": 0.6066666666666667,
            "Malay,Filipino,Chinese": 0.54,
            "Malay,Filipino,Spanish": 0.6066666666666667,
            "Malay,Filipino,English": 0.6066666666666667,
            "Malay,Indonesian,Chinese": 0.58,
            "Malay,Indonesian,Spanish": 0.6333333333333333,
            "Malay,Indonesian,English": 0.6533333333333333,
            "Malay,Chinese,Spanish": 0.5666666666666667,
            "Malay,Chinese,English": 0.6066666666666667,
            "Malay,Spanish,English": 0.66,
            "Filipino,Indonesian,Chinese": 0.5666666666666667,
            "Filipino,Indonesian,Spanish": 0.6333333333333333,
            "Filipino,Indonesian,English": 0.64,
            "Filipino,Chinese,Spanish": 0.5933333333333334,
            "Filipino,Chinese,English": 0.6133333333333333,
            "Filipino,Spanish,English": 0.68,
            "Indonesian,Chinese,Spanish": 0.5866666666666667,
            "Indonesian,Chinese,English": 0.6266666666666667,
            "Indonesian,Spanish,English": 0.68,
            "Chinese,Spanish,English": 0.66
        },
        "4_combine": {
            "Vietnamese,Malay,Filipino,Indonesian": 0.4666666666666667,
            "Vietnamese,Malay,Filipino,Chinese": 0.43333333333333335,
            "Vietnamese,Malay,Filipino,Spanish": 0.47333333333333333,
            "Vietnamese,Malay,Filipino,English": 0.48,
            "Vietnamese,Malay,Indonesian,Chinese": 0.44666666666666666,
            "Vietnamese,Malay,Indonesian,Spanish": 0.4866666666666667,
            "Vietnamese,Malay,Indonesian,English": 0.5,
            "Vietnamese,Malay,Chinese,Spanish": 0.4533333333333333,
            "Vietnamese,Malay,Chinese,English": 0.48,
            "Vietnamese,Malay,Spanish,English": 0.5133333333333333,
            "Vietnamese,Filipino,Indonesian,Chinese": 0.44,
            "Vietnamese,Filipino,Indonesian,Spanish": 0.4866666666666667,
            "Vietnamese,Filipino,Indonesian,English": 0.5,
            "Vietnamese,Filipino,Chinese,Spanish": 0.46,
            "Vietnamese,Filipino,Chinese,English": 0.4866666666666667,
            "Vietnamese,Filipino,Spanish,English": 0.52,
            "Vietnamese,Indonesian,Chinese,Spanish": 0.44666666666666666,
            "Vietnamese,Indonesian,Chinese,English": 0.4866666666666667,
            "Vietnamese,Indonesian,Spanish,English": 0.52,
            "Vietnamese,Chinese,Spanish,English": 0.5,
            "Malay,Filipino,Indonesian,Chinese": 0.4866666666666667,
            "Malay,Filipino,Indonesian,Spanish": 0.5533333333333333,
            "Malay,Filipino,Indonesian,English": 0.5533333333333333,
            "Malay,Filipino,Chinese,Spanish": 0.5,
            "Malay,Filipino,Chinese,English": 0.52,
            "Malay,Filipino,Spanish,English": 0.5666666666666667,
            "Malay,Indonesian,Chinese,Spanish": 0.5133333333333333,
            "Malay,Indonesian,Chinese,English": 0.5466666666666666,
            "Malay,Indonesian,Spanish,English": 0.5933333333333334,
            "Malay,Chinese,Spanish,English": 0.54,
            "Filipino,Indonesian,Chinese,Spanish": 0.5133333333333333,
            "Filipino,Indonesian,Chinese,English": 0.5333333333333333,
            "Filipino,Indonesian,Spanish,English": 0.6,
            "Filipino,Chinese,Spanish,English": 0.56,
            "Indonesian,Chinese,Spanish,English": 0.5533333333333333
        },
        "5_combine": {
            "Vietnamese,Malay,Filipino,Indonesian,Chinese": 0.38666666666666666,
            "Vietnamese,Malay,Filipino,Indonesian,Spanish": 0.43333333333333335,
            "Vietnamese,Malay,Filipino,Indonesian,English": 0.44,
            "Vietnamese,Malay,Filipino,Chinese,Spanish": 0.4066666666666667,
            "Vietnamese,Malay,Filipino,Chinese,English": 0.4266666666666667,
            "Vietnamese,Malay,Filipino,Spanish,English": 0.4533333333333333,
            "Vietnamese,Malay,Indonesian,Chinese,Spanish": 0.4066666666666667,
            "Vietnamese,Malay,Indonesian,Chinese,English": 0.43333333333333335,
            "Vietnamese,Malay,Indonesian,Spanish,English": 0.4666666666666667,
            "Vietnamese,Malay,Chinese,Spanish,English": 0.44,
            "Vietnamese,Filipino,Indonesian,Chinese,Spanish": 0.4066666666666667,
            "Vietnamese,Filipino,Indonesian,Chinese,English": 0.43333333333333335,
            "Vietnamese,Filipino,Indonesian,Spanish,English": 0.47333333333333333,
            "Vietnamese,Filipino,Chinese,Spanish,English": 0.4533333333333333,
            "Vietnamese,Indonesian,Chinese,Spanish,English": 0.44,
            "Malay,Filipino,Indonesian,Chinese,Spanish": 0.46,
            "Malay,Filipino,Indonesian,Chinese,English": 0.47333333333333333,
            "Malay,Filipino,Indonesian,Spanish,English": 0.5266666666666666,
            "Malay,Filipino,Chinese,Spanish,English": 0.48,
            "Malay,Indonesian,Chinese,Spanish,English": 0.49333333333333335,
            "Filipino,Indonesian,Chinese,Spanish,English": 0.49333333333333335
        },
        "6_combine": {
            "Vietnamese,Malay,Filipino,Indonesian,Chinese,Spanish": 0.36666666666666664,
            "Vietnamese,Malay,Filipino,Indonesian,Chinese,English": 0.38666666666666666,
            "Vietnamese,Malay,Filipino,Indonesian,Spanish,English": 0.42,
            "Vietnamese,Malay,Filipino,Chinese,Spanish,English": 0.4,
            "Vietnamese,Malay,Indonesian,Chinese,Spanish,English": 0.4,