{
    "overall_acc": 0.6647619047619048,
    "language_acc": {
        "Vietnamese": 0.5733333333333334,
        "Malay": 0.6333333333333333,
        "Filipino": 0.6266666666666667,
        "Indonesian": 0.6933333333333334,
        "Chinese": 0.6266666666666667,
        "Spanish": 0.72,
        "English": 0.78
    },
    "consistency_score_2": 0.6571428571428571,
    "consistency_score_3": 0.520952380952381,
    "consistency_score_4": 0.44552380952380943,
    "consistency_score_5": 0.39587301587301593,
    "consistency_score_6": 0.35999999999999993,
    "consistency_score_7": 0.3333333333333333,
    "detailed_consistency_score": {
        "2_combine": {
            "Vietnamese,Malay": 0.58,
            "Vietnamese,Filipino": 0.6333333333333333,
            "Vietnamese,Indonesian": 0.6266666666666667,
            "Vietnamese,Chinese": 0.6533333333333333,
            "Vietnamese,Spanish": 0.6133333333333333,
            "Vietnamese,English": 0.6,
            "Malay,Filipino": 0.62,
            "Malay,Indonesian": 0.6666666666666666,
            "Malay,Chinese": 0.5666666666666667,
            "Malay,Spanish": 0.68,
            "Malay,English": 0.6266666666666667,
            "Filipino,Indonesian": 0.7,
            "Filipino,Chinese": 0.6,
            "Filipino,Spanish": 0.68,
            "Filipino,English": 0.68,
            "Indonesian,Chinese": 0.64,
            "Indonesian,Spanish": 0.72,
            "Indonesian,English": 0.7466666666666667,
            "Chinese,Spanish": 0.6333333333333333,
            "Chinese,English": 0.7,
            "Spanish,English": 0.8333333333333334
        },
        "3_combine": {
            "Vietnamese,Malay,Filipino": 0.46,
            "Vietnamese,Malay,Indonesian": 0.47333333333333333,
            "Vietnamese,Malay,Chinese": 0.4533333333333333,
            "Vietnamese,Malay,Spanish": 0.49333333333333335,
            "Vietnamese,Malay,English": 0.4533333333333333,
            "Vietnamese,Filipino,Indonesian": 0.5133333333333333,
            "Vietnamese,Filipino,Chinese": 0.48,
            "Vietnamese,Filipino,Spanish": 0.5,
            "Vietnamese,Filipino,English": 0.5,
            "Vietnamese,Indonesian,Chinese": 0.5133333333333333,
            "Vietnamese,Indonesian,Spanish": 0.5066666666666667,
            "Vietnamese,Indonesian,English": 0.5333333333333333,
            "Vietnamese,Chinese,Spanish": 0.4866666666666667,
            "Vietnamese,Chinese,English": 0.5133333333333333,
            "Vietnamese,Spanish,English": 0.54,
            "Malay,Filipino,Indonesian": 0.5333333333333333,
            "Malay,Filipino,Chinese": 0.44,
            "Malay,Filipino,Spanish": 0.5133333333333333,
            "Malay,Filipino,English": 0.5066666666666667,
            "Malay,Indonesian,Chinese": 0.4666666666666667,
            "Malay,Indonesian,Spanish": 0.5733333333333334,
            "Malay,Indonesian,English": 0.56,
            "Malay,Chinese,Spanish": 0.4866666666666667,
            "Malay,Chinese,English": 0.4866666666666667,
            "Malay,Spanish,English": 0.5933333333333334,
            "Filipino,Indonesian,Chinese": 0.5066666666666667,
            "Filipino,Indonesian,Spanish": 0.5733333333333334,
            "Filipino,Indonesian,English": 0.5866666666666667,
            "Filipino,Chinese,Spanish": 0.5,
            "Filipino,Chinese,English": 0.52,
            "Filipino,Spanish,English": 0.6133333333333333,
            "Indonesian,Chinese,Spanish": 0.5266666666666666,
            "Indonesian,Chinese,English": 0.56,
            "Indonesian,Spanish,English": 0.6666666666666666,
            "Chinese,Spanish,English": 0.6
        },
        "4_combine": {
            "Vietnamese,Malay,Filipino,Indonesian": 0.41333333333333333,
            "Vietnamese,Malay,Filipino,Chinese": 0.38666666666666666,
            "Vietnamese,Malay,Filipino,Spanish": 0.4266666666666667,
            "Vietnamese,Malay,Filipino,English": 0.4,
            "Vietnamese,Malay,Indonesian,Chinese": 0.3933333333333333,
            "Vietnamese,Malay,Indonesian,Spanish": 0.44,
            "Vietnamese,Malay,Indonesian,English": 0.4266666666666667,
            "Vietnamese,Malay,Chinese,Spanish": 0.4066666666666667,
            "Vietnamese,Malay,Chinese,English": 0.4,
            "Vietnamese,Malay,Spanish,English": 0.44666666666666666,
            "Vietnamese,Filipino,Indonesian,Chinese": 0.42,
            "Vietnamese,Filipino,Indonesian,Spanish": 0.4533333333333333,
            "Vietnamese,Filipino,Indonesian,English": 0.46,
            "Vietnamese,Filipino,Chinese,Spanish": 0.41333333333333333,
            "Vietnamese,Filipino,Chinese,English": 0.43333333333333335,
            "Vietnamese,Filipino,Spanish,English": 0.4666666666666667,
            "Vietnamese,Indonesian,Chinese,Spanish": 0.42,
            "Vietnamese,Indonesian,Chinese,English": 0.46,
            "Vietnamese,Indonesian,Spanish,English": 0.48,
            "Vietnamese,Chinese,Spanish,English": 0.4666666666666667,
            "Malay,Filipino,Indonesian,Chinese": 0.3933333333333333,
            "Malay,Filipino,Indonesian,Spanish": 0.48,
            "Malay,Filipino,Indonesian,English": 0.47333333333333333,
            "Malay,Filipino,Chinese,Spanish": 0.41333333333333333,
            "Malay,Filipino,Chinese,English": 0.4,
            "Malay,Filipino,Spanish,English": 0.4866666666666667,
            "Malay,Indonesian,Chinese,Spanish": 0.44,
            "Malay,Indonesian,Chinese,English": 0.44,
            "Malay,Indonesian,Spanish,English": 0.54,
            "Malay,Chinese,Spanish,English": 0.47333333333333333,
            "Filipino,Indonesian,Chinese,Spanish": 0.4533333333333333,
            "Filipino,Indonesian,Chinese,English": 0.47333333333333333,
            "Filipino,Indonesian,Spanish,English": 0.5333333333333333,
            "Filipino,Chinese,Spanish,English": 0.47333333333333333,
            "Indonesian,Chinese,Spanish,English": 0.5066666666666667
        },
        "5_combine": {
            "Vietnamese,Malay,Filipino,Indonesian,Chinese": 0.3466666666666667,
            "Vietnamese,Malay,Filipino,Indonesian,Spanish": 0.4,
            "Vietnamese,Malay,Filipino,Indonesian,English": 0.38,
            "Vietnamese,Malay,Filipino,Chinese,Spanish": 0.36666666666666664,
            "Vietnamese,Malay,Filipino,Chinese,English": 0.35333333333333333,
            "Vietnamese,Malay,Filipino,Spanish,English": 0.4,
            "Vietnamese,Malay,Indonesian,Chinese,Spanish": 0.37333333333333335,
            "Vietnamese,Malay,Indonesian,Chinese,English": 0.37333333333333335,
            "Vietnamese,Malay,Indonesian,Spanish,English": 0.42,
            "Vietnamese,Malay,Chinese,Spanish,English": 0.3933333333333333,
            "Vietnamese,Filipino,Indonesian,Chinese,Spanish": 0.37333333333333335,
            "Vietnamese,Filipino,Indonesian,Chinese,English": 0.4,
            "Vietnamese,Filipino,Indonesian,Spanish,English": 0.4266666666666667,
            "Vietnamese,Filipino,Chinese,Spanish,English": 0.4,
            "Vietnamese,Indonesian,Chinese,Spanish,English": 0.41333333333333333,
            "Malay,Filipino,Indonesian,Chinese,Spanish": 0.38666666666666666,
            "Malay,Filipino,Indonesian,Chinese,English": 0.38,
            "Malay,Filipino,Indonesian,Spanish,English": 0.46,
            "Malay,Filipino,Chinese,Spanish,English": 0.4,
            "Malay,Indonesian,Chinese,Spanish,English": 0.43333333333333335,
            "Filipino,Indonesian,Chinese,Spanish,English": 0.43333333333333335
        },
        "6_combine": {
            "Vietnamese,Malay,Filipino,Indonesian,Chinese,Spanish": 0.34,
            "Vietnamese,Malay,Filipino,Indonesian,Chinese,English": 0.3333333333333333,
            "Vietnamese,Malay,Filipino,Indonesian,Spanish,English": 0.38,
            "Vietnamese,Malay,Filipino,Chinese,Spanish,English": 0.35333333333333333,
            "Vietnamese,Malay,Indonesian,Chinese,Spanish,English": 0.36666666666666664,