{
    "overall_acc": 0.3380952380952381,
    "language_acc": {
        "Filipino": 0.23333333333333334,
        "Vietnamese": 0.3466666666666667,
        "Chinese": 0.35333333333333333,
        "Spanish": 0.32666666666666666,
        "Malay": 0.32666666666666666,
        "Indonesian": 0.37333333333333335,
        "English": 0.4066666666666667
    },
    "consistency_score_2": 0.5336507936507936,
    "consistency_score_3": 0.3683809523809523,
    "consistency_score_4": 0.2862857142857142,
    "consistency_score_5": 0.23682539682539688,
    "consistency_score_6": 0.20380952380952383,
    "consistency_score_7": 0.18,
    "detailed_consistency_score": {
        "2_combine": {
            "Filipino,Vietnamese": 0.49333333333333335,
            "Filipino,Chinese": 0.4866666666666667,
            "Filipino,Spanish": 0.43333333333333335,
            "Filipino,Malay": 0.4866666666666667,
            "Filipino,Indonesian": 0.5066666666666667,
            "Filipino,English": 0.47333333333333333,
            "Vietnamese,Chinese": 0.5133333333333333,
            "Vietnamese,Spanish": 0.5333333333333333,
            "Vietnamese,Malay": 0.5866666666666667,
            "Vietnamese,Indonesian": 0.5733333333333334,
            "Vietnamese,English": 0.5933333333333334,
            "Chinese,Spanish": 0.52,
            "Chinese,Malay": 0.5733333333333334,
            "Chinese,Indonesian": 0.5333333333333333,
            "Chinese,English": 0.6066666666666667,
            "Spanish,Malay": 0.5066666666666667,
            "Spanish,Indonesian": 0.4866666666666667,
            "Spanish,English": 0.5666666666666667,
            "Malay,Indonesian": 0.6266666666666667,
            "Malay,English": 0.5333333333333333,
            "Indonesian,English": 0.5733333333333334
        },
        "3_combine": {
            "Filipino,Vietnamese,Chinese": 0.31333333333333335,
            "Filipino,Vietnamese,Spanish": 0.31333333333333335,
            "Filipino,Vietnamese,Malay": 0.36666666666666664,
            "Filipino,Vietnamese,Indonesian": 0.35333333333333333,
            "Filipino,Vietnamese,English": 0.3466666666666667,
            "Filipino,Chinese,Spanish": 0.2866666666666667,
            "Filipino,Chinese,Malay": 0.32666666666666666,
            "Filipino,Chinese,Indonesian": 0.32666666666666666,
            "Filipino,Chinese,English": 0.34,
            "Filipino,Spanish,Malay": 0.30666666666666664,
            "Filipino,Spanish,Indonesian": 0.26666666666666666,
            "Filipino,Spanish,English": 0.3,
            "Filipino,Malay,Indonesian": 0.38,
            "Filipino,Malay,English": 0.31333333333333335,
            "Filipino,Indonesian,English": 0.32,
            "Vietnamese,Chinese,Spanish": 0.36666666666666664,
            "Vietnamese,Chinese,Malay": 0.41333333333333333,
            "Vietnamese,Chinese,Indonesian": 0.38,
            "Vietnamese,Chinese,English": 0.41333333333333333,
            "Vietnamese,Spanish,Malay": 0.3933333333333333,
            "Vietnamese,Spanish,Indonesian": 0.36666666666666664,
            "Vietnamese,Spanish,English": 0.41333333333333333,
            "Vietnamese,Malay,Indonesian": 0.46,
            "Vietnamese,Malay,English": 0.44,
            "Vietnamese,Indonesian,English": 0.44,
            "Chinese,Spanish,Malay": 0.38,
            "Chinese,Spanish,Indonesian": 0.35333333333333333,
            "Chinese,Spanish,English": 0.4066666666666667,
            "Chinese,Malay,Indonesian": 0.4266666666666667,
            "Chinese,Malay,English": 0.4066666666666667,
            "Chinese,Indonesian,English": 0.4066666666666667,
            "Spanish,Malay,Indonesian": 0.3933333333333333,
            "Spanish,Malay,English": 0.38,
            "Spanish,Indonesian,English": 0.37333333333333335,
            "Malay,Indonesian,English": 0.42
        },
        "4_combine": {
            "Filipino,Vietnamese,Chinese,Spanish": 0.22666666666666666,
            "Filipino,Vietnamese,Chinese,Malay": 0.28,
            "Filipino,Vietnamese,Chinese,Indonesian": 0.25333333333333335,
            "Filipino,Vietnamese,Chinese,English": 0.25333333333333335,
            "Filipino,Vietnamese,Spanish,Malay": 0.26666666666666666,
            "Filipino,Vietnamese,Spanish,Indonesian": 0.23333333333333334,
            "Filipino,Vietnamese,Spanish,English": 0.24666666666666667,
            "Filipino,Vietnamese,Malay,Indonesian": 0.32,
            "Filipino,Vietnamese,Malay,English": 0.29333333333333333,
            "Filipino,Vietnamese,Indonesian,English": 0.28,
            "Filipino,Chinese,Spanish,Malay": 0.24666666666666667,
            "Filipino,Chinese,Spanish,Indonesian": 0.21333333333333335,
            "Filipino,Chinese,Spanish,English": 0.24,
            "Filipino,Chinese,Malay,Indonesian": 0.2733333333333333,
            "Filipino,Chinese,Malay,English": 0.26,
            "Filipino,Chinese,Indonesian,English": 0.25333333333333335,
            "Filipino,Spanish,Malay,Indonesian": 0.25333333333333335,
            "Filipino,Spanish,Malay,English": 0.24,
            "Filipino,Spanish,Indonesian,English": 0.20666666666666667,
            "Filipino,Malay,Indonesian,English": 0.26666666666666666,
            "Vietnamese,Chinese,Spanish,Malay": 0.32666666666666666,
            "Vietnamese,Chinese,Spanish,Indonesian": 0.29333333333333333,
            "Vietnamese,Chinese,Spanish,English": 0.31333333333333335,
            "Vietnamese,Chinese,Malay,Indonesian": 0.3466666666666667,
            "Vietnamese,Chinese,Malay,English": 0.3466666666666667,
            "Vietnamese,Chinese,Indonesian,English": 0.32666666666666666,
            "Vietnamese,Spanish,Malay,Indonesian": 0.3333333333333333,
            "Vietnamese,Spanish,Malay,English": 0.3333333333333333,
            "Vietnamese,Spanish,Indonesian,English": 0.31333333333333335,
            "Vietnamese,Malay,Indonesian,English": 0.37333333333333335,
            "Chinese,Spanish,Malay,Indonesian": 0.31333333333333335,
            "Chinese,Spanish,Malay,English": 0.3333333333333333,
            "Chinese,Spanish,Indonesian,English": 0.31333333333333335,
            "Chinese,Malay,Indonesian,English": 0.3333333333333333,
            "Spanish,Malay,Indonesian,English": 0.31333333333333335
        },
        "5_combine": {
            "Filipino,Vietnamese,Chinese,Spanish,Malay": 0.22,
            "Filipino,Vietnamese,Chinese,Spanish,Indonesian": 0.19333333333333333,
            "Filipino,Vietnamese,Chinese,Spanish,English": 0.2,
            "Filipino,Vietnamese,Chinese,Malay,Indonesian": 0.24666666666666667,
            "Filipino,Vietnamese,Chinese,Malay,English": 0.24,
            "Filipino,Vietnamese,Chinese,Indonesian,English": 0.22,
            "Filipino,Vietnamese,Spanish,Malay,Indonesian": 0.23333333333333334,
            "Filipino,Vietnamese,Spanish,Malay,English": 0.22,
            "Filipino,Vietnamese,Spanish,Indonesian,English": 0.19333333333333333,
            "Filipino,Vietnamese,Malay,Indonesian,English": 0.26,
            "Filipino,Chinese,Spanish,Malay,Indonesian": 0.20666666666666667,
            "Filipino,Chinese,Spanish,Malay,English": 0.22,
            "Filipino,Chinese,Spanish,Indonesian,English": 0.18666666666666668,
            "Filipino,Chinese,Malay,Indonesian,English": 0.22,
            "Filipino,Spanish,Malay,Indonesian,English": 0.2,
            "Vietnamese,Chinese,Spanish,Malay,Indonesian": 0.28,
            "Vietnamese,Chinese,Spanish,Malay,English": 0.29333333333333333,
            "Vietnamese,Chinese,Spanish,Indonesian,English": 0.26666666666666666,
            "Vietnamese,Chinese,Malay,Indonesian,English": 0.3,
            "Vietnamese,Spanish,Malay,Indonesian,English": 0.2866666666666667,
            "Chinese,Spanish,Malay,Indonesian,English": 0.2866666666666667
        },
        "6_combine": {
            "Filipino,Vietnamese,Chinese,Spanish,Malay,Indonesian": 0.19333333333333333,
            "Filipino,Vietnamese,Chinese,Spanish,Malay,English": 0.2,