{
    "overall_acc": 0.33714285714285713,
    "language_acc": {
        "Filipino": 0.22666666666666666,
        "Vietnamese": 0.32666666666666666,
        "Chinese": 0.35333333333333333,
        "Spanish": 0.32666666666666666,
        "Malay": 0.37333333333333335,
        "Indonesian": 0.36666666666666664,
        "English": 0.38666666666666666
    },
    "consistency_score_2": 0.4333333333333334,
    "consistency_score_3": 0.24723809523809526,
    "consistency_score_4": 0.16971428571428573,
    "consistency_score_5": 0.1304761904761905,
    "consistency_score_6": 0.10571428571428573,
    "consistency_score_7": 0.08666666666666667,
    "detailed_consistency_score": {
        "2_combine": {
            "Filipino,Vietnamese": 0.4,
            "Filipino,Chinese": 0.4,
            "Filipino,Spanish": 0.4266666666666667,
            "Filipino,Malay": 0.36666666666666664,
            "Filipino,Indonesian": 0.38666666666666666,
            "Filipino,English": 0.38666666666666666,
            "Vietnamese,Chinese": 0.4266666666666667,
            "Vietnamese,Spanish": 0.42,
            "Vietnamese,Malay": 0.5,
            "Vietnamese,Indonesian": 0.48,
            "Vietnamese,English": 0.4666666666666667,
            "Chinese,Spanish": 0.44666666666666666,
            "Chinese,Malay": 0.42,
            "Chinese,Indonesian": 0.35333333333333333,
            "Chinese,English": 0.5066666666666667,
            "Spanish,Malay": 0.4266666666666667,
            "Spanish,Indonesian": 0.43333333333333335,
            "Spanish,English": 0.3933333333333333,
            "Malay,Indonesian": 0.5133333333333333,
            "Malay,English": 0.48,
            "Indonesian,English": 0.4666666666666667
        },
        "3_combine": {
            "Filipino,Vietnamese,Chinese": 0.21333333333333335,
            "Filipino,Vietnamese,Spanish": 0.24,
            "Filipino,Vietnamese,Malay": 0.21333333333333335,
            "Filipino,Vietnamese,Indonesian": 0.24666666666666667,
            "Filipino,Vietnamese,English": 0.21333333333333335,
            "Filipino,Chinese,Spanish": 0.24,
            "Filipino,Chinese,Malay": 0.2,
            "Filipino,Chinese,Indonesian": 0.2,
            "Filipino,Chinese,English": 0.23333333333333334,
            "Filipino,Spanish,Malay": 0.23333333333333334,
            "Filipino,Spanish,Indonesian": 0.24666666666666667,
            "Filipino,Spanish,English": 0.22666666666666666,
            "Filipino,Malay,Indonesian": 0.23333333333333334,
            "Filipino,Malay,English": 0.2,
            "Filipino,Indonesian,English": 0.22,
            "Vietnamese,Chinese,Spanish": 0.2733333333333333,
            "Vietnamese,Chinese,Malay": 0.26666666666666666,
            "Vietnamese,Chinese,Indonesian": 0.24666666666666667,
            "Vietnamese,Chinese,English": 0.2866666666666667,
            "Vietnamese,Spanish,Malay": 0.26666666666666666,
            "Vietnamese,Spanish,Indonesian": 0.26,
            "Vietnamese,Spanish,English": 0.23333333333333334,
            "Vietnamese,Malay,Indonesian": 0.30666666666666664,
            "Vietnamese,Malay,English": 0.3,
            "Vietnamese,Indonesian,English": 0.2866666666666667,
            "Chinese,Spanish,Malay": 0.25333333333333335,
            "Chinese,Spanish,Indonesian": 0.22,
            "Chinese,Spanish,English": 0.2733333333333333,
            "Chinese,Malay,Indonesian": 0.25333333333333335,
            "Chinese,Malay,English": 0.2733333333333333,
            "Chinese,Indonesian,English": 0.25333333333333335,
            "Spanish,Malay,Indonesian": 0.28,
            "Spanish,Malay,English": 0.22666666666666666,
            "Spanish,Indonesian,English": 0.23333333333333334,
            "Malay,Indonesian,English": 0.3
        },
        "4_combine": {
            "Filipino,Vietnamese,Chinese,Spanish": 0.18,
            "Filipino,Vietnamese,Chinese,Malay": 0.14,
            "Filipino,Vietnamese,Chinese,Indonesian": 0.13333333333333333,
            "Filipino,Vietnamese,Chinese,English": 0.15333333333333332,
            "Filipino,Vietnamese,Spanish,Malay": 0.16,
            "Filipino,Vietnamese,Spanish,Indonesian": 0.16666666666666666,
            "Filipino,Vietnamese,Spanish,English": 0.15333333333333332,
            "Filipino,Vietnamese,Malay,Indonesian": 0.15333333333333332,
            "Filipino,Vietnamese,Malay,English": 0.14666666666666667,
            "Filipino,Vietnamese,Indonesian,English": 0.16666666666666666,
            "Filipino,Chinese,Spanish,Malay": 0.16,
            "Filipino,Chinese,Spanish,Indonesian": 0.15333333333333332,
            "Filipino,Chinese,Spanish,English": 0.16666666666666666,
            "Filipino,Chinese,Malay,Indonesian": 0.14,
            "Filipino,Chinese,Malay,English": 0.14666666666666667,
            "Filipino,Chinese,Indonesian,English": 0.16,
            "Filipino,Spanish,Malay,Indonesian": 0.18,
            "Filipino,Spanish,Malay,English": 0.14666666666666667,
            "Filipino,Spanish,Indonesian,English": 0.14666666666666667,
            "Filipino,Malay,Indonesian,English": 0.15333333333333332,
            "Vietnamese,Chinese,Spanish,Malay": 0.19333333333333333,
            "Vietnamese,Chinese,Spanish,Indonesian": 0.18,
            "Vietnamese,Chinese,Spanish,English": 0.2,
            "Vietnamese,Chinese,Malay,Indonesian": 0.18,
            "Vietnamese,Chinese,Malay,English": 0.2,
            "Vietnamese,Chinese,Indonesian,English": 0.2,
            "Vietnamese,Spanish,Malay,Indonesian": 0.18,
            "Vietnamese,Spanish,Malay,English": 0.18,
            "Vietnamese,Spanish,Indonesian,English": 0.18666666666666668,
            "Vietnamese,Malay,Indonesian,English": 0.20666666666666667,
            "Chinese,Spanish,Malay,Indonesian": 0.17333333333333334,
            "Chinese,Spanish,Malay,English": 0.19333333333333333,
            "Chinese,Spanish,Indonesian,English": 0.18666666666666668,
            "Chinese,Malay,Indonesian,English": 0.19333333333333333,
            "Spanish,Malay,Indonesian,English": 0.18
        },
        "5_combine": {
            "Filipino,Vietnamese,Chinese,Spanish,Malay": 0.12666666666666668,
            "Filipino,Vietnamese,Chinese,Spanish,Indonesian": 0.12,
            "Filipino,Vietnamese,Chinese,Spanish,English": 0.13333333333333333,
            "Filipino,Vietnamese,Chinese,Malay,Indonesian": 0.1,
            "Filipino,Vietnamese,Chinese,Malay,English": 0.11333333333333333,
            "Filipino,Vietnamese,Chinese,Indonesian,English": 0.12,
            "Filipino,Vietnamese,Spanish,Malay,Indonesian": 0.12,
            "Filipino,Vietnamese,Spanish,Malay,English": 0.12666666666666668,
            "Filipino,Vietnamese,Spanish,Indonesian,English": 0.12666666666666668,
            "Filipino,Vietnamese,Malay,Indonesian,English": 0.12,
            "Filipino,Chinese,Spanish,Malay,Indonesian": 0.12,
            "Filipino,Chinese,Spanish,Malay,English": 0.12666666666666668,
            "Filipino,Chinese,Spanish,Indonesian,English": 0.12666666666666668,
            "Filipino,Chinese,Malay,Indonesian,English": 0.12,
            "Filipino,Spanish,Malay,Indonesian,English": 0.12666666666666668,
            "Vietnamese,Chinese,Spanish,Malay,Indonesian": 0.14,
            "Vietnamese,Chinese,Spanish,Malay,English": 0.16,
            "Vietnamese,Chinese,Spanish,Indonesian,English": 0.16,
            "Vietnamese,Chinese,Malay,Indonesian,English": 0.15333333333333332,
            "Vietnamese,Spanish,Malay,Indonesian,English": 0.14666666666666667,
            "Chinese,Spanish,Malay,Indonesian,English": 0.15333333333333332
        },
        "6_combine": {
            "Filipino,Vietnamese,Chinese,Spanish,Malay,Indonesian": 0.09333333333333334,
            "Filipino,Vietnamese,Chinese,Spanish,Malay,English": 0.10666666666666667,
            "Filipino,Vietnamese,Chinese,Spanish,Indonesian,English": 0.10666666666666667,
            "Filipino,Vietnamese,Chinese,Malay,Indonesian,English": 0.09333333333333334,