{
    "overall_acc": 0.9304621848739496,
    "language_acc": {
        "Spanish": 0.9260504201680673,
        "English": 0.9436974789915966,
        "Chinese": 0.9193277310924369,
        "Vietnamese": 0.9327731092436975
    },
    "consistency_score_2": 0.9184873949579831,
    "consistency_score_3": 0.8808823529411764,
    "consistency_score_4": 0.8546218487394958,
    "detailed_consistency_score": {
        "2_combine": {
            "Spanish,English": 0.9252100840336135,
            "Spanish,Chinese": 0.9109243697478991,
            "Spanish,Vietnamese": 0.9226890756302522,
            "English,Chinese": 0.9168067226890756,
            "English,Vietnamese": 0.9277310924369748,
            "Chinese,Vietnamese": 0.907563025210084
        },
        "3_combine": {
            "Spanish,English,Chinese": 0.8798319327731092,
            "Spanish,English,Vietnamese": 0.8907563025210085,
            "Spanish,Chinese,Vietnamese": 0.8739495798319328,
            "English,Chinese,Vietnamese": 0.8789915966386554
        },
        "4_combine": {
            "Spanish,English,Chinese,Vietnamese": 0.8546218487394958
        }
    },
    "AC3_2": 0.9244360122824432,
    "AC3_3": 0.904993723257036,
    "AC3_4": 0.8909309563034448
}