{
    "overall_acc": 0.9184873949579831,
    "language_acc": {
        "Spanish": 0.9210084033613445,
        "English": 0.9403361344537815,
        "Chinese": 0.9117647058823529,
        "Vietnamese": 0.9008403361344538
    },
    "consistency_score_2": 0.9015406162464986,
    "consistency_score_3": 0.8565126050420169,
    "consistency_score_4": 0.8243697478991596,
    "detailed_consistency_score": {
        "2_combine": {
            "Spanish,English": 0.9218487394957983,
            "Spanish,Chinese": 0.8941176470588236,
            "Spanish,Vietnamese": 0.8907563025210085,
            "English,Chinese": 0.9109243697478991,
            "English,Vietnamese": 0.9092436974789916,
            "Chinese,Vietnamese": 0.8823529411764706
        },
        "3_combine": {
            "Spanish,English,Chinese": 0.8672268907563025,
            "Spanish,English,Vietnamese": 0.8630252100840337,
            "Spanish,Chinese,Vietnamese": 0.8394957983193277,
            "English,Chinese,Vietnamese": 0.8563025210084033
        },
        "4_combine": {
            "Spanish,English,Chinese,Vietnamese": 0.8243697478991596
        }
    },
    "AC3_2": 0.9099351075059162,
    "AC3_3": 0.8864180634472081,
    "AC3_4": 0.868887304148585
}