{
    "overall_acc": 0.9336134453781513,
    "language_acc": {
        "Spanish": 0.9310924369747899,
        "English": 0.9470588235294117,
        "Chinese": 0.9252100840336135,
        "Vietnamese": 0.9310924369747899
    },
    "consistency_score_2": 0.922689075630252,
    "consistency_score_3": 0.8876050420168067,
    "consistency_score_4": 0.865546218487395,
    "detailed_consistency_score": {
        "2_combine": {
            "Spanish,English": 0.9361344537815126,
            "Spanish,Chinese": 0.9168067226890756,
            "Spanish,Vietnamese": 0.9310924369747899,
            "English,Chinese": 0.9218487394957983,
            "English,Vietnamese": 0.9277310924369748,
            "Chinese,Vietnamese": 0.9025210084033614
        },
        "3_combine": {
            "Spanish,English,Chinese": 0.8890756302521008,
            "Spanish,English,Vietnamese": 0.9,
            "Spanish,Chinese,Vietnamese": 0.880672268907563,
            "English,Chinese,Vietnamese": 0.880672268907563
        },
        "4_combine": {
            "Spanish,English,Chinese,Vietnamese": 0.865546218487395
        }
    },
    "AC3_2": 0.9281191154096758,
    "AC3_3": 0.9100281016278929,
    "AC3_4": 0.8982922453863125
}