{
    "overall_acc": 0.9144957983193277,
    "language_acc": {
        "Spanish": 0.9235294117647059,
        "English": 0.9252100840336135,
        "Chinese": 0.8991596638655462,
        "Vietnamese": 0.9100840336134454
    },
    "consistency_score_2": 0.8931372549019608,
    "consistency_score_3": 0.8481092436974791,
    "consistency_score_4": 0.8176470588235294,
    "detailed_consistency_score": {
        "2_combine": {
            "Spanish,English": 0.9159663865546218,
            "Spanish,Chinese": 0.8857142857142857,
            "Spanish,Vietnamese": 0.8991596638655462,
            "English,Chinese": 0.888235294117647,
            "English,Vietnamese": 0.9058823529411765,
            "Chinese,Vietnamese": 0.8638655462184874
        },
        "3_combine": {
            "Spanish,English,Chinese": 0.853781512605042,
            "Spanish,English,Vietnamese": 0.8680672268907563,
            "Spanish,Chinese,Vietnamese": 0.8319327731092437,
            "English,Chinese,Vietnamese": 0.838655462184874
        },
        "4_combine": {
            "Spanish,English,Chinese,Vietnamese": 0.8176470588235294
        }
    },
    "AC3_2": 0.9036903429372387,
    "AC3_3": 0.8800523331598746,
    "AC3_4": 0.863363892505359
}