{
    "overall_acc": 0.926470588235294,
    "language_acc": {
        "Spanish": 0.9294117647058824,
        "English": 0.9436974789915966,
        "Chinese": 0.9176470588235294,
        "Vietnamese": 0.915126050420168
    },
    "consistency_score_2": 0.9120448179271708,
    "consistency_score_3": 0.8716386554621849,
    "consistency_score_4": 0.8436974789915966,
    "detailed_consistency_score": {
        "2_combine": {
            "Spanish,English": 0.926890756302521,
            "Spanish,Chinese": 0.9016806722689076,
            "Spanish,Vietnamese": 0.9134453781512605,
            "English,Chinese": 0.9226890756302522,
            "English,Vietnamese": 0.9176470588235294,
            "Chinese,Vietnamese": 0.8899159663865546
        },
        "3_combine": {
            "Spanish,English,Chinese": 0.8798319327731092,
            "Spanish,English,Vietnamese": 0.8815126050420168,
            "Spanish,Chinese,Vietnamese": 0.8563025210084033,
            "English,Chinese,Vietnamese": 0.8689075630252101
        },
        "4_combine": {
            "Spanish,English,Chinese,Vietnamese": 0.8436974789915966
        }
    },
    "AC3_2": 0.9192011076803658,
    "AC3_3": 0.8982185933811098,
    "AC3_4": 0.8831487970906128
}