{
    "overall_acc": 0.8930672268907563,
    "language_acc": {
        "Spanish": 0.9235294117647059,
        "English": 0.9142857142857143,
        "Chinese": 0.8739495798319328,
        "Vietnamese": 0.8605042016806723
    },
    "consistency_score_2": 0.8663865546218488,
    "consistency_score_3": 0.8067226890756303,
    "consistency_score_4": 0.7680672268907563,
    "detailed_consistency_score": {
        "2_combine": {
            "Spanish,English": 0.8983193277310925,
            "Spanish,Chinese": 0.8596638655462185,
            "Spanish,Vietnamese": 0.8563025210084033,
            "English,Chinese": 0.8672268907563025,
            "English,Vietnamese": 0.8663865546218488,
            "Chinese,Vietnamese": 0.8504201680672269
        },
        "3_combine": {
            "Spanish,English,Chinese": 0.819327731092437,
            "Spanish,English,Vietnamese": 0.8168067226890756,
            "Spanish,Chinese,Vietnamese": 0.7907563025210084,
            "English,Chinese,Vietnamese": 0.8
        },
        "4_combine": {
            "Spanish,English,Chinese,Vietnamese": 0.7680672268907563
        }
    },
    "AC3_2": 0.8795245954598574,
    "AC3_3": 0.8477019283299347,
    "AC3_4": 0.8258641156737193
}