{
    "overall_acc": 0.915126050420168,
    "language_acc": {
        "Spanish": 0.9218487394957983,
        "English": 0.926890756302521,
        "Chinese": 0.9008403361344538,
        "Vietnamese": 0.9109243697478991
    },
    "consistency_score_2": 0.8948179271708684,
    "consistency_score_3": 0.8510504201680673,
    "consistency_score_4": 0.8218487394957983,
    "detailed_consistency_score": {
        "2_combine": {
            "Spanish,English": 0.9184873949579831,
            "Spanish,Chinese": 0.8857142857142857,
            "Spanish,Vietnamese": 0.9016806722689076,
            "English,Chinese": 0.8899159663865546,
            "English,Vietnamese": 0.907563025210084,
            "Chinese,Vietnamese": 0.865546218487395
        },
        "3_combine": {
            "Spanish,English,Chinese": 0.8563025210084033,
            "Spanish,English,Vietnamese": 0.8714285714285714,
            "Spanish,Chinese,Vietnamese": 0.8344537815126051,
            "English,Chinese,Vietnamese": 0.8420168067226891
        },
        "4_combine": {
            "Spanish,English,Chinese,Vietnamese": 0.8218487394957983
        }
    },
    "AC3_2": 0.9048580570782975,
    "AC3_3": 0.8819259260240758,
    "AC3_4": 0.8659828517265586
}