{
    "rouge1": 0.24435282003325978,
    "rouge2": 0.04255758734157635,
    "rougeL": 0.19604228754586672,
    "avg_rouge": 0.1609842316402343
}