{
    "rouge1": 0.2486376312204472,
    "rouge2": 0.04400225966041297,
    "rougeL": 0.20042931696444927,
    "avg_rouge": 0.16435640261510315
}