{
    "rouge1": 0.24714128996622692,
    "rouge2": 0.0434332879310033,
    "rougeL": 0.19917356862208666,
    "avg_rouge": 0.1632493821731056
}