{
    "rouge1": 0.24330497216085947,
    "rouge2": 0.04101968290978953,
    "rougeL": 0.19525287677223835,
    "avg_rouge": 0.15985917728096247
}