{
    "rouge1": 0.24907880798174054,
    "rouge2": 0.04460441985657421,
    "rougeL": 0.199450203107373,
    "avg_rouge": 0.16437781031522924
}