{
    "accuracy": 0.34328059282996193,
    "category_acc": {
        "History": 0.3293172690763052,
        "Geography": 0.2693877551020408,
        "Lampungic": 0.35374149659863946,
        "Social science": 0.4340567612687813,
        "Balinese": 0.3099787685774947,
        "Makassarese": 0.3279569892473118,
        "Banjarese": 0.2569444444444444,
        "Chemistry": 0.23941605839416058,
        "Biology": 0.30177514792899407,
        "Science": 0.35810113519091846,
        "Christian religion": 0.4079601990049751,
        "Art": 0.34608985024958405,
        "Islam religion": 0.3627311522048364,
        "Hindu religion": 0.29333333333333333,
        "Madurese": 0.3050847457627119,
        "Sport": 0.40540540540540543,
        "Indonesian language": 0.39632627646326274,
        "Physics": 0.30707070707070705,
        "Minangkabau culture": 0.2562814070351759,
        "Dayak language": 0.27522935779816515,
        "Sociology": 0.3548387096774194,
        "Economy": 0.33401639344262296,
        "Sundanese": 0.33189282627484873,
        "Javanese": 0.28024193548387094,
        "Civic education": 0.3977110157367668
    }
}