{
    "accuracy": 0.3396755457640697,
    "category_acc": {
        "History": 0.3273092369477912,
        "Geography": 0.25510204081632654,
        "Lampungic": 0.3333333333333333,
        "Social science": 0.44741235392320533,
        "Balinese": 0.3227176220806794,
        "Makassarese": 0.3118279569892473,
        "Banjarese": 0.2569444444444444,
        "Chemistry": 0.23795620437956205,
        "Biology": 0.3136094674556213,
        "Science": 0.34674922600619196,
        "Christian religion": 0.40298507462686567,
        "Art": 0.34775374376039936,
        "Islam religion": 0.3613086770981508,
        "Hindu religion": 0.32,
        "Madurese": 0.29491525423728815,
        "Sport": 0.3783783783783784,
        "Indonesian language": 0.3894769613947696,
        "Physics": 0.28888888888888886,
        "Minangkabau culture": 0.2663316582914573,
        "Dayak language": 0.25688073394495414,
        "Sociology": 0.3487903225806452,
        "Economy": 0.33401639344262296,
        "Sundanese": 0.33016421780466726,
        "Javanese": 0.2721774193548387,
        "Civic education": 0.39198855507868385
    }
}