{
    "accuracy": 0.3384738634087723,
    "category_acc": {
        "History": 0.3232931726907631,
        "Geography": 0.2795918367346939,
        "Lampungic": 0.2925170068027211,
        "Social science": 0.4323873121869783,
        "Balinese": 0.3227176220806794,
        "Makassarese": 0.2903225806451613,
        "Banjarese": 0.2569444444444444,
        "Chemistry": 0.24233576642335766,
        "Biology": 0.293491124260355,
        "Science": 0.34881320949432404,
        "Christian religion": 0.3880597014925373,
        "Art": 0.3527454242928453,
        "Islam religion": 0.35135135135135137,
        "Hindu religion": 0.3333333333333333,
        "Madurese": 0.3050847457627119,
        "Sport": 0.3716216216216216,
        "Indonesian language": 0.3891656288916563,
        "Physics": 0.29494949494949496,
        "Minangkabau culture": 0.2663316582914573,
        "Dayak language": 0.26605504587155965,
        "Sociology": 0.3487903225806452,
        "Economy": 0.32786885245901637,
        "Sundanese": 0.3353500432152118,
        "Javanese": 0.27923387096774194,
        "Civic education": 0.38197424892703863
    }
}