{
    "overall_acc": 0.7214285714285714,
    "language_acc": {
        "Spanish": 0.8546218487394958,
        "English": 0.9495798319327731,
        "Chinese": 0.3521008403361345,
        "Vietnamese": 0.7294117647058823
    },
    "consistency_score_2": 0.5616246498599441,
    "consistency_score_3": 0.3859243697478991,
    "consistency_score_4": 0.2605042016806723,
    "detailed_consistency_score": {
        "2_combine": {
            "Spanish,English": 0.8630252100840337,
            "Spanish,Chinese": 0.35042016806722687,
            "Spanish,Vietnamese": 0.7218487394957983,
            "English,Chinese": 0.35042016806722687,
            "English,Vietnamese": 0.7260504201680672,
            "Chinese,Vietnamese": 0.35798319327731093
        },
        "3_combine": {
            "Spanish,English,Chinese": 0.3142857142857143,
            "Spanish,English,Vietnamese": 0.6756302521008404,
            "Spanish,Chinese,Vietnamese": 0.2773109243697479,
            "English,Chinese,Vietnamese": 0.27647058823529413
        },
        "4_combine": {
            "Spanish,English,Chinese,Vietnamese": 0.2605042016806723
        }
    },
    "AC3_2": 0.6315748436203689,
    "AC3_3": 0.5028511802673522,
    "AC3_4": 0.38278623383839344
}