{
    "overall_acc": 0.7016806722689075,
    "language_acc": {
        "Spanish": 0.8428571428571429,
        "English": 0.9394957983193277,
        "Chinese": 0.3302521008403361,
        "Vietnamese": 0.6941176470588235
    },
    "consistency_score_2": 0.5323529411764707,
    "consistency_score_3": 0.34936974789915964,
    "consistency_score_4": 0.22941176470588234,
    "detailed_consistency_score": {
        "2_combine": {
            "Spanish,English": 0.8403361344537815,
            "Spanish,Chinese": 0.32857142857142857,
            "Spanish,Vietnamese": 0.6865546218487395,
            "English,Chinese": 0.32521008403361346,
            "English,Vietnamese": 0.6865546218487395,
            "Chinese,Vietnamese": 0.326890756302521
        },
        "3_combine": {
            "Spanish,English,Chinese": 0.2815126050420168,
            "Spanish,English,Vietnamese": 0.6277310924369748,
            "Spanish,Chinese,Vietnamese": 0.24369747899159663,
            "English,Chinese,Vietnamese": 0.2445378151260504
        },
        "4_combine": {
            "Spanish,English,Chinese,Vietnamese": 0.22941176470588234
        }
    },
    "AC3_2": 0.605399667478831,
    "AC3_3": 0.46647809629109394,
    "AC3_4": 0.34577404965494263
}