{
    "rouge1": 0.3058212189179107,
    "rouge2": 0.11173668321767392,
    "rougeL": 0.2398256417068377,
    "avg_rouge": 0.2191278479474741
}