{
    "rouge1": 0.2568407137049432,
    "rouge2": 0.08122523878099604,
    "rougeL": 0.19502090677295342,
    "avg_rouge": 0.17769561975296422
}