{
    "accuracy": 0.5370039327851269,
    "category_acc": {
        "high_school_european_history": 0.75,
        "business_ethics": 0.6464646464646465,
        "clinical_knowledge": 0.5757575757575758,
        "medical_genetics": 0.6565656565656566,
        "high_school_us_history": 0.7044334975369458,
        "high_school_physics": 0.34,
        "high_school_world_history": 0.7330508474576272,
        "virology": 0.3939393939393939,
        "high_school_microeconomics": 0.5864978902953587,
        "econometrics": 0.415929203539823,
        "college_computer_science": 0.46464646464646464,
        "high_school_biology": 0.6699029126213593,
        "abstract_algebra": 0.32323232323232326,
        "professional_accounting": 0.3701067615658363,
        "philosophy": 0.5806451612903226,
        "professional_medicine": 0.5424354243542435,
        "nutrition": 0.5344262295081967,
        "global_facts": 0.3838383838383838,
        "machine_learning": 0.3963963963963964,
        "security_studies": 0.5860655737704918,
        "public_relations": 0.5779816513761468,
        "professional_psychology": 0.486088379705401,
        "prehistory": 0.5479876160990712,
        "anatomy": 0.4552238805970149,
        "human_sexuality": 0.6615384615384615,
        "college_medicine": 0.5406976744186046,
        "high_school_government_and_politics": 0.6510416666666666,
        "college_chemistry": 0.35353535353535354,
        "logical_fallacies": 0.6172839506172839,
        "high_school_geography": 0.6649746192893401,
        "elementary_mathematics": 0.6180371352785146,
        "human_aging": 0.536036036036036,
        "college_mathematics": 0.29292929292929293,
        "high_school_psychology": 0.7242647058823529,
        "formal_logic": 0.368,
        "high_school_statistics": 0.413953488372093,
        "international_law": 0.625,
        "high_school_mathematics": 0.241635687732342,
        "high_school_computer_science": 0.6262626262626263,
        "conceptual_physics": 0.5042735042735043,
        "miscellaneous": 0.7416879795396419,
        "high_school_chemistry": 0.4405940594059406,
        "marketing": 0.7896995708154506,
        "professional_law": 0.4005218525766471,
        "management": 0.696078431372549,
        "college_physics": 0.33663366336633666,
        "jurisprudence": 0.6822429906542056,
        "world_religions": 0.7058823529411765,
        "sociology": 0.65,
        "us_foreign_policy": 0.6868686868686869,
        "high_school_macroeconomics": 0.5115681233933161,
        "computer_security": 0.6666666666666666,
        "moral_scenarios": 0.3870246085011186,
        "moral_disputes": 0.48985507246376814,
        "electrical_engineering": 0.5277777777777778,
        "astronomy": 0.5629139072847682,
        "college_biology": 0.5734265734265734
    }
}