{
    "accuracy": 0.2664998212370397,
    "category_acc": {
        "high_school_european_history": 0.27439024390243905,
        "business_ethics": 0.29292929292929293,
        "clinical_knowledge": 0.25,
        "medical_genetics": 0.2222222222222222,
        "high_school_us_history": 0.33497536945812806,
        "high_school_physics": 0.2866666666666667,
        "high_school_world_history": 0.23728813559322035,
        "virology": 0.296969696969697,
        "high_school_microeconomics": 0.28270042194092826,
        "econometrics": 0.2920353982300885,
        "college_computer_science": 0.25252525252525254,
        "high_school_biology": 0.2588996763754045,
        "abstract_algebra": 0.24242424242424243,
        "professional_accounting": 0.27402135231316727,
        "philosophy": 0.27419354838709675,
        "professional_medicine": 0.25830258302583026,
        "nutrition": 0.26229508196721313,
        "global_facts": 0.26262626262626265,
        "machine_learning": 0.23423423423423423,
        "security_studies": 0.2336065573770492,
        "public_relations": 0.26605504587155965,
        "professional_psychology": 0.25040916530278234,
        "prehistory": 0.2631578947368421,
        "anatomy": 0.35074626865671643,
        "human_sexuality": 0.3230769230769231,
        "college_medicine": 0.27325581395348836,
        "high_school_government_and_politics": 0.296875,
        "college_chemistry": 0.24242424242424243,
        "logical_fallacies": 0.3333333333333333,
        "high_school_geography": 0.23857868020304568,
        "elementary_mathematics": 0.23342175066312998,
        "human_aging": 0.24324324324324326,
        "college_mathematics": 0.32323232323232326,
        "high_school_psychology": 0.2536764705882353,
        "formal_logic": 0.256,
        "high_school_statistics": 0.2837209302325581,
        "international_law": 0.2833333333333333,
        "high_school_mathematics": 0.25650557620817843,
        "high_school_computer_science": 0.31313131313131315,
        "conceptual_physics": 0.2564102564102564,
        "miscellaneous": 0.2544757033248082,
        "high_school_chemistry": 0.28217821782178215,
        "marketing": 0.2446351931330472,
        "professional_law": 0.26614481409001955,
        "management": 0.3235294117647059,
        "college_physics": 0.21782178217821782,
        "jurisprudence": 0.2336448598130841,
        "world_religions": 0.18235294117647058,
        "sociology": 0.28,
        "us_foreign_policy": 0.2828282828282828,
        "high_school_macroeconomics": 0.2879177377892031,
        "computer_security": 0.24242424242424243,
        "moral_scenarios": 0.25838926174496646,
        "moral_disputes": 0.2985507246376812,
        "electrical_engineering": 0.25,
        "astronomy": 0.36423841059602646,
        "college_biology": 0.26573426573426573
    }
}