{
    "accuracy": 0.5432248838040757,
    "category_acc": {
        "high_school_european_history": 0.75,
        "business_ethics": 0.7373737373737373,
        "clinical_knowledge": 0.6022727272727273,
        "medical_genetics": 0.5252525252525253,
        "high_school_us_history": 0.7832512315270936,
        "high_school_physics": 0.26,
        "high_school_world_history": 0.7627118644067796,
        "virology": 0.4666666666666667,
        "high_school_microeconomics": 0.5738396624472574,
        "econometrics": 0.36283185840707965,
        "college_computer_science": 0.45454545454545453,
        "high_school_biology": 0.6634304207119741,
        "abstract_algebra": 0.1919191919191919,
        "professional_accounting": 0.4234875444839858,
        "philosophy": 0.5709677419354838,
        "professional_medicine": 0.5535055350553506,
        "nutrition": 0.6295081967213115,
        "global_facts": 0.31313131313131315,
        "machine_learning": 0.38738738738738737,
        "security_studies": 0.6762295081967213,
        "public_relations": 0.5321100917431193,
        "professional_psychology": 0.55810147299509,
        "prehistory": 0.6068111455108359,
        "anatomy": 0.47761194029850745,
        "human_sexuality": 0.6538461538461539,
        "college_medicine": 0.47674418604651164,
        "high_school_government_and_politics": 0.8333333333333334,
        "college_chemistry": 0.3838383838383838,
        "logical_fallacies": 0.6728395061728395,
        "high_school_geography": 0.7360406091370558,
        "elementary_mathematics": 0.3740053050397878,
        "human_aging": 0.5900900900900901,
        "college_mathematics": 0.32323232323232326,
        "high_school_psychology": 0.7886029411764706,
        "formal_logic": 0.32,
        "high_school_statistics": 0.4,
        "international_law": 0.7083333333333334,
        "high_school_mathematics": 0.25650557620817843,
        "high_school_computer_science": 0.46464646464646464,
        "conceptual_physics": 0.4230769230769231,
        "miscellaneous": 0.7212276214833759,
        "high_school_chemistry": 0.40594059405940597,
        "marketing": 0.8283261802575107,
        "professional_law": 0.43313763861709065,
        "management": 0.7941176470588235,
        "college_physics": 0.40594059405940597,
        "jurisprudence": 0.6822429906542056,
        "world_religions": 0.7235294117647059,
        "sociology": 0.69,
        "us_foreign_policy": 0.7575757575757576,
        "high_school_macroeconomics": 0.5295629820051414,
        "computer_security": 0.6666666666666666,
        "moral_scenarios": 0.23825503355704697,
        "moral_disputes": 0.6608695652173913,
        "electrical_engineering": 0.5,
        "astronomy": 0.5761589403973509,
        "college_biology": 0.48951048951048953
    }
}