{
    "accuracy": 0.5386485520200215,
    "category_acc": {
        "high_school_european_history": 0.7439024390243902,
        "business_ethics": 0.7272727272727273,
        "clinical_knowledge": 0.6022727272727273,
        "medical_genetics": 0.5252525252525253,
        "high_school_us_history": 0.7684729064039408,
        "high_school_physics": 0.26,
        "high_school_world_history": 0.7627118644067796,
        "virology": 0.47878787878787876,
        "high_school_microeconomics": 0.5738396624472574,
        "econometrics": 0.34513274336283184,
        "college_computer_science": 0.45454545454545453,
        "high_school_biology": 0.6601941747572816,
        "abstract_algebra": 0.1919191919191919,
        "professional_accounting": 0.4234875444839858,
        "philosophy": 0.5709677419354838,
        "professional_medicine": 0.5682656826568265,
        "nutrition": 0.6032786885245902,
        "global_facts": 0.2727272727272727,
        "machine_learning": 0.40540540540540543,
        "security_studies": 0.6639344262295082,
        "public_relations": 0.5412844036697247,
        "professional_psychology": 0.5482815057283142,
        "prehistory": 0.5913312693498453,
        "anatomy": 0.4925373134328358,
        "human_sexuality": 0.6384615384615384,
        "college_medicine": 0.48255813953488375,
        "high_school_government_and_politics": 0.8333333333333334,
        "college_chemistry": 0.3838383838383838,
        "logical_fallacies": 0.6604938271604939,
        "high_school_geography": 0.7055837563451777,
        "elementary_mathematics": 0.3687002652519894,
        "human_aging": 0.5900900900900901,
        "college_mathematics": 0.31313131313131315,
        "high_school_psychology": 0.7738970588235294,
        "formal_logic": 0.312,
        "high_school_statistics": 0.386046511627907,
        "international_law": 0.7,
        "high_school_mathematics": 0.24907063197026022,
        "high_school_computer_science": 0.43434343434343436,
        "conceptual_physics": 0.452991452991453,
        "miscellaneous": 0.7199488491048593,
        "high_school_chemistry": 0.39603960396039606,
        "marketing": 0.8326180257510729,
        "professional_law": 0.4298760600130463,
        "management": 0.803921568627451,
        "college_physics": 0.40594059405940597,
        "jurisprudence": 0.6448598130841121,
        "world_religions": 0.6882352941176471,
        "sociology": 0.69,
        "us_foreign_policy": 0.7474747474747475,
        "high_school_macroeconomics": 0.5398457583547558,
        "computer_security": 0.6464646464646465,
        "moral_scenarios": 0.23825503355704697,
        "moral_disputes": 0.6521739130434783,
        "electrical_engineering": 0.4861111111111111,
        "astronomy": 0.5695364238410596,
        "college_biology": 0.5104895104895105
    }
}