{
    "overall_acc": 0.275974025974026,
    "language_acc": {
        "Indonesian": 0.25,
        "English": 0.42045454545454547,
        "Filipino": 0.26704545454545453,
        "Spanish": 0.2897727272727273,
        "Chinese": 0.23295454545454544,
        "Malay": 0.24431818181818182,
        "Vietnamese": 0.22727272727272727
    },
    "consistency_score_2": 0.3533549783549783,
    "consistency_score_3": 0.15454545454545449,
    "consistency_score_4": 0.07581168831168832,
    "consistency_score_5": 0.03923160173160173,
    "consistency_score_6": 0.022727272727272724,
    "consistency_score_7": 0.017045454545454544,
    "detailed_consistency_score": {
        "2_combine": {
            "Indonesian,English": 0.26704545454545453,
            "Indonesian,Filipino": 0.4943181818181818,
            "Indonesian,Spanish": 0.4318181818181818,
            "Indonesian,Chinese": 0.26704545454545453,
            "Indonesian,Malay": 0.5397727272727273,
            "Indonesian,Vietnamese": 0.4375,
            "English,Filipino": 0.3522727272727273,
            "English,Spanish": 0.3693181818181818,
            "English,Chinese": 0.25,
            "English,Malay": 0.29545454545454547,
            "English,Vietnamese": 0.24431818181818182,
            "Filipino,Spanish": 0.4431818181818182,
            "Filipino,Chinese": 0.26136363636363635,
            "Filipino,Malay": 0.4772727272727273,
            "Filipino,Vietnamese": 0.45454545454545453,
            "Spanish,Chinese": 0.2556818181818182,
            "Spanish,Malay": 0.3693181818181818,
            "Spanish,Vietnamese": 0.3181818181818182,
            "Chinese,Malay": 0.24431818181818182,
            "Chinese,Vietnamese": 0.18181818181818182,
            "Malay,Vietnamese": 0.4659090909090909
        },
        "3_combine": {
            "Indonesian,English,Filipino": 0.1590909090909091,
            "Indonesian,English,Spanish": 0.1590909090909091,
            "Indonesian,English,Chinese": 0.07386363636363637,
            "Indonesian,English,Malay": 0.14772727272727273,
            "Indonesian,English,Vietnamese": 0.10795454545454546,
            "Indonesian,Filipino,Spanish": 0.2727272727272727,
            "Indonesian,Filipino,Chinese": 0.13636363636363635,
            "Indonesian,Filipino,Malay": 0.3125,
            "Indonesian,Filipino,Vietnamese": 0.2727272727272727,
            "Indonesian,Spanish,Chinese": 0.11931818181818182,
            "Indonesian,Spanish,Malay": 0.24431818181818182,
            "Indonesian,Spanish,Vietnamese": 0.19318181818181818,
            "Indonesian,Chinese,Malay": 0.1534090909090909,
            "Indonesian,Chinese,Vietnamese": 0.07386363636363637,
            "Indonesian,Malay,Vietnamese": 0.2840909090909091,
            "English,Filipino,Spanish": 0.19886363636363635,
            "English,Filipino,Chinese": 0.10227272727272728,
            "English,Filipino,Malay": 0.17613636363636365,
            "English,Filipino,Vietnamese": 0.13636363636363635,
            "English,Spanish,Chinese": 0.08522727272727272,
            "English,Spanish,Malay": 0.14204545454545456,
            "English,Spanish,Vietnamese": 0.10227272727272728,
            "English,Chinese,Malay": 0.09659090909090909,
            "English,Chinese,Vietnamese": 0.05113636363636364,
            "English,Malay,Vietnamese": 0.13068181818181818,
            "Filipino,Spanish,Chinese": 0.11363636363636363,
            "Filipino,Spanish,Malay": 0.2215909090909091,
            "Filipino,Spanish,Vietnamese": 0.20454545454545456,
            "Filipino,Chinese,Malay": 0.13068181818181818,
            "Filipino,Chinese,Vietnamese": 0.09090909090909091,
            "Filipino,Malay,Vietnamese": 0.2784090909090909,
            "Spanish,Chinese,Malay": 0.10227272727272728,
            "Spanish,Chinese,Vietnamese": 0.07954545454545454,
            "Spanish,Malay,Vietnamese": 0.17613636363636365,
            "Chinese,Malay,Vietnamese": 0.07954545454545454
        },
        "4_combine": {
            "Indonesian,English,Filipino,Spanish": 0.10795454545454546,
            "Indonesian,English,Filipino,Chinese": 0.045454545454545456,
            "Indonesian,English,Filipino,Malay": 0.09090909090909091,
            "Indonesian,English,Filipino,Vietnamese": 0.07954545454545454,
            "Indonesian,English,Spanish,Chinese": 0.045454545454545456,
            "Indonesian,English,Spanish,Malay": 0.07954545454545454,
            "Indonesian,English,Spanish,Vietnamese": 0.06818181818181818,
            "Indonesian,English,Chinese,Malay": 0.05113636363636364,
            "Indonesian,English,Chinese,Vietnamese": 0.017045454545454544,
            "Indonesian,English,Malay,Vietnamese": 0.06818181818181818,
            "Indonesian,Filipino,Spanish,Chinese": 0.07386363636363637,
            "Indonesian,Filipino,Spanish,Malay": 0.17045454545454544,
            "Indonesian,Filipino,Spanish,Vietnamese": 0.14772727272727273,
            "Indonesian,Filipino,Chinese,Malay": 0.09090909090909091,
            "Indonesian,Filipino,Chinese,Vietnamese": 0.056818181818181816,
            "Indonesian,Filipino,Malay,Vietnamese": 0.19318181818181818,
            "Indonesian,Spanish,Chinese,Malay": 0.09090909090909091,
            "Indonesian,Spanish,Chinese,Vietnamese": 0.05113636363636364,
            "Indonesian,Spanish,Malay,Vietnamese": 0.13068181818181818,
            "Indonesian,Chinese,Malay,Vietnamese": 0.0625,
            "English,Filipino,Spanish,Chinese": 0.045454545454545456,
            "English,Filipino,Spanish,Malay": 0.10227272727272728,
            "English,Filipino,Spanish,Vietnamese": 0.09090909090909091,
            "English,Filipino,Chinese,Malay": 0.0625,
            "English,Filipino,Chinese,Vietnamese": 0.03409090909090909,
            "English,Filipino,Malay,Vietnamese": 0.08522727272727272,
            "English,Spanish,Chinese,Malay": 0.045454545454545456,
            "English,Spanish,Chinese,Vietnamese": 0.022727272727272728,
            "English,Spanish,Malay,Vietnamese": 0.056818181818181816,
            "English,Chinese,Malay,Vietnamese": 0.028409090909090908,
            "Filipino,Spanish,Chinese,Malay": 0.0625,
            "Filipino,Spanish,Chinese,Vietnamese": 0.056818181818181816,
            "Filipino,Spanish,Malay,Vietnamese": 0.13068181818181818,
            "Filipino,Chinese,Malay,Vietnamese": 0.0625,
            "Spanish,Chinese,Malay,Vietnamese": 0.045454545454545456
        },
        "5_combine": {
            "Indonesian,English,Filipino,Spanish,Chinese": 0.028409090909090908,
            "Indonesian,English,Filipino,Spanish,Malay": 0.056818181818181816,
            "Indonesian,English,Filipino,Spanish,Vietnamese": 0.0625,
            "Indonesian,English,Filipino,Chinese,Malay": 0.03409090909090909,
            "Indonesian,English,Filipino,Chinese,Vietnamese": 0.017045454545454544,
            "Indonesian,English,Filipino,Malay,Vietnamese": 0.045454545454545456,
            "Indonesian,English,Spanish,Chinese,Malay": 0.03409090909090909,
            "Indonesian,English,Spanish,Chinese,Vietnamese": 0.017045454545454544,
            "Indonesian,English,Spanish,Malay,Vietnamese": 0.03409090909090909,
            "Indonesian,English,Chinese,Malay,Vietnamese": 0.017045454545454544,
            "Indonesian,Filipino,Spanish,Chinese,Malay": 0.056818181818181816,
            "Indonesian,Filipino,Spanish,Chinese,Vietnamese": 0.03977272727272727,
            "Indonesian,Filipino,Spanish,Malay,Vietnamese": 0.10227272727272728,
            "Indonesian,Filipino,Chinese,Malay,Vietnamese": 0.05113636363636364,
            "Indonesian,Spanish,Chinese,Malay,Vietnamese": 0.045454545454545456,
            "English,Filipino,Spanish,Chinese,Malay": 0.028409090909090908,
            "English,Filipino,Spanish,Chinese,Vietnamese": 0.022727272727272728,
            "English,Filipino,Spanish,Malay,Vietnamese": 0.056818181818181816,
            "English,Filipino,Chinese,Malay,Vietnamese": 0.022727272727272728,