{
    "overall_acc": 0.27272727272727276,
    "language_acc": {
        "Indonesian": 0.2215909090909091,
        "English": 0.4034090909090909,
        "Filipino": 0.26136363636363635,
        "Spanish": 0.30113636363636365,
        "Chinese": 0.23295454545454544,
        "Malay": 0.23863636363636365,
        "Vietnamese": 0.25
    },
    "consistency_score_2": 0.3566017316017316,
    "consistency_score_3": 0.15584415584415584,
    "consistency_score_4": 0.07483766233766233,
    "consistency_score_5": 0.036525974025974024,
    "consistency_score_6": 0.01704545454545454,
    "consistency_score_7": 0.005681818181818182,
    "detailed_consistency_score": {
        "2_combine": {
            "Indonesian,English": 0.29545454545454547,
            "Indonesian,Filipino": 0.4772727272727273,
            "Indonesian,Spanish": 0.4318181818181818,
            "Indonesian,Chinese": 0.17613636363636365,
            "Indonesian,Malay": 0.5738636363636364,
            "Indonesian,Vietnamese": 0.5,
            "English,Filipino": 0.3465909090909091,
            "English,Spanish": 0.4147727272727273,
            "English,Chinese": 0.22727272727272727,
            "English,Malay": 0.2784090909090909,
            "English,Vietnamese": 0.23863636363636365,
            "Filipino,Spanish": 0.4147727272727273,
            "Filipino,Chinese": 0.24431818181818182,
            "Filipino,Malay": 0.48863636363636365,
            "Filipino,Vietnamese": 0.5340909090909091,
            "Spanish,Chinese": 0.2556818181818182,
            "Spanish,Malay": 0.36363636363636365,
            "Spanish,Vietnamese": 0.3125,
            "Chinese,Malay": 0.17613636363636365,
            "Chinese,Vietnamese": 0.19886363636363635,
            "Malay,Vietnamese": 0.5397727272727273
        },
        "3_combine": {
            "Indonesian,English,Filipino": 0.18181818181818182,
            "Indonesian,English,Spanish": 0.18181818181818182,
            "Indonesian,English,Chinese": 0.03977272727272727,
            "Indonesian,English,Malay": 0.17613636363636365,
            "Indonesian,English,Vietnamese": 0.13636363636363635,
            "Indonesian,Filipino,Spanish": 0.24431818181818182,
            "Indonesian,Filipino,Chinese": 0.08522727272727272,
            "Indonesian,Filipino,Malay": 0.32954545454545453,
            "Indonesian,Filipino,Vietnamese": 0.3125,
            "Indonesian,Spanish,Chinese": 0.07954545454545454,
            "Indonesian,Spanish,Malay": 0.2556818181818182,
            "Indonesian,Spanish,Vietnamese": 0.20454545454545456,
            "Indonesian,Chinese,Malay": 0.06818181818181818,
            "Indonesian,Chinese,Vietnamese": 0.07386363636363637,
            "Indonesian,Malay,Vietnamese": 0.3522727272727273,
            "English,Filipino,Spanish": 0.19318181818181818,
            "English,Filipino,Chinese": 0.07954545454545454,
            "English,Filipino,Malay": 0.17045454545454544,
            "English,Filipino,Vietnamese": 0.16477272727272727,
            "English,Spanish,Chinese": 0.09090909090909091,
            "English,Spanish,Malay": 0.1590909090909091,
            "English,Spanish,Vietnamese": 0.125,
            "English,Chinese,Malay": 0.056818181818181816,
            "English,Chinese,Vietnamese": 0.045454545454545456,
            "English,Malay,Vietnamese": 0.13636363636363635,
            "Filipino,Spanish,Chinese": 0.125,
            "Filipino,Spanish,Malay": 0.2159090909090909,
            "Filipino,Spanish,Vietnamese": 0.21022727272727273,
            "Filipino,Chinese,Malay": 0.09090909090909091,
            "Filipino,Chinese,Vietnamese": 0.10795454545454546,
            "Filipino,Malay,Vietnamese": 0.3409090909090909,
            "Spanish,Chinese,Malay": 0.0625,
            "Spanish,Chinese,Vietnamese": 0.07954545454545454,
            "Spanish,Malay,Vietnamese": 0.19886363636363635,
            "Chinese,Malay,Vietnamese": 0.07954545454545454
        },
        "4_combine": {
            "Indonesian,English,Filipino,Spanish": 0.125,
            "Indonesian,English,Filipino,Chinese": 0.028409090909090908,
            "Indonesian,English,Filipino,Malay": 0.11363636363636363,
            "Indonesian,English,Filipino,Vietnamese": 0.10795454545454546,
            "Indonesian,English,Spanish,Chinese": 0.022727272727272728,
            "Indonesian,English,Spanish,Malay": 0.10795454545454546,
            "Indonesian,English,Spanish,Vietnamese": 0.08522727272727272,
            "Indonesian,English,Chinese,Malay": 0.011363636363636364,
            "Indonesian,English,Chinese,Vietnamese": 0.017045454545454544,
            "Indonesian,English,Malay,Vietnamese": 0.09090909090909091,
            "Indonesian,Filipino,Spanish,Chinese": 0.05113636363636364,
            "Indonesian,Filipino,Spanish,Malay": 0.17045454545454544,
            "Indonesian,Filipino,Spanish,Vietnamese": 0.14772727272727273,
            "Indonesian,Filipino,Chinese,Malay": 0.05113636363636364,
            "Indonesian,Filipino,Chinese,Vietnamese": 0.05113636363636364,
            "Indonesian,Filipino,Malay,Vietnamese": 0.23863636363636365,
            "Indonesian,Spanish,Chinese,Malay": 0.03409090909090909,
            "Indonesian,Spanish,Chinese,Vietnamese": 0.03977272727272727,
            "Indonesian,Spanish,Malay,Vietnamese": 0.1590909090909091,
            "Indonesian,Chinese,Malay,Vietnamese": 0.03977272727272727,
            "English,Filipino,Spanish,Chinese": 0.045454545454545456,
            "English,Filipino,Spanish,Malay": 0.11363636363636363,
            "English,Filipino,Spanish,Vietnamese": 0.10795454545454546,
            "English,Filipino,Chinese,Malay": 0.03409090909090909,
            "English,Filipino,Chinese,Vietnamese": 0.03409090909090909,
            "English,Filipino,Malay,Vietnamese": 0.11363636363636363,
            "English,Spanish,Chinese,Malay": 0.022727272727272728,
            "English,Spanish,Chinese,Vietnamese": 0.028409090909090908,
            "English,Spanish,Malay,Vietnamese": 0.08522727272727272,
            "English,Chinese,Malay,Vietnamese": 0.017045454545454544,
            "Filipino,Spanish,Chinese,Malay": 0.03977272727272727,
            "Filipino,Spanish,Chinese,Vietnamese": 0.056818181818181816,
            "Filipino,Spanish,Malay,Vietnamese": 0.13636363636363635,
            "Filipino,Chinese,Malay,Vietnamese": 0.056818181818181816,
            "Spanish,Chinese,Malay,Vietnamese": 0.03409090909090909
        },
        "5_combine": {
            "Indonesian,English,Filipino,Spanish,Chinese": 0.017045454545454544,
            "Indonesian,English,Filipino,Spanish,Malay": 0.07954545454545454,
            "Indonesian,English,Filipino,Spanish,Vietnamese": 0.07954545454545454,
            "Indonesian,English,Filipino,Chinese,Malay": 0.011363636363636364,
            "Indonesian,English,Filipino,Chinese,Vietnamese": 0.017045454545454544,
            "Indonesian,English,Filipino,Malay,Vietnamese": 0.07386363636363637,
            "Indonesian,English,Spanish,Chinese,Malay": 0.005681818181818182,
            "Indonesian,English,Spanish,Chinese,Vietnamese": 0.017045454545454544,
            "Indonesian,English,Spanish,Malay,Vietnamese": 0.056818181818181816,
            "Indonesian,English,Chinese,Malay,Vietnamese": 0.005681818181818182,
            "Indonesian,Filipino,Spanish,Chinese,Malay": 0.028409090909090908,
            "Indonesian,Filipino,Spanish,Chinese,Vietnamese": 0.03409090909090909,
            "Indonesian,Filipino,Spanish,Malay,Vietnamese": 0.11363636363636363,
            "Indonesian,Filipino,Chinese,Malay,Vietnamese": 0.03409090909090909,
            "Indonesian,Spanish,Chinese,Malay,Vietnamese": 0.028409090909090908,
            "English,Filipino,Spanish,Chinese,Malay": 0.017045454545454544,
            "English,Filipino,Spanish,Chinese,Vietnamese": 0.022727272727272728,
            "English,Filipino,Spanish,Malay,Vietnamese": 0.07954545454545454,
            "English,Filipino,Chinese,Malay,Vietnamese": 0.011363636363636364,