{
    "overall_acc": 0.2775974025974026,
    "language_acc": {
        "Indonesian": 0.22727272727272727,
        "English": 0.4147727272727273,
        "Filipino": 0.2556818181818182,
        "Spanish": 0.2840909090909091,
        "Chinese": 0.2897727272727273,
        "Malay": 0.24431818181818182,
        "Vietnamese": 0.22727272727272727
    },
    "consistency_score_2": 0.35633116883116883,
    "consistency_score_3": 0.15665584415584413,
    "consistency_score_4": 0.07499999999999998,
    "consistency_score_5": 0.03733766233766234,
    "consistency_score_6": 0.01948051948051948,
    "consistency_score_7": 0.011363636363636364,
    "detailed_consistency_score": {
        "2_combine": {
            "Indonesian,English": 0.29545454545454547,
            "Indonesian,Filipino": 0.48295454545454547,
            "Indonesian,Spanish": 0.45454545454545453,
            "Indonesian,Chinese": 0.19886363636363635,
            "Indonesian,Malay": 0.6079545454545454,
            "Indonesian,Vietnamese": 0.48295454545454547,
            "English,Filipino": 0.36363636363636365,
            "English,Spanish": 0.375,
            "English,Chinese": 0.24431818181818182,
            "English,Malay": 0.26704545454545453,
            "English,Vietnamese": 0.24431818181818182,
            "Filipino,Spanish": 0.4090909090909091,
            "Filipino,Chinese": 0.19318181818181818,
            "Filipino,Malay": 0.48295454545454547,
            "Filipino,Vietnamese": 0.5738636363636364,
            "Spanish,Chinese": 0.2159090909090909,
            "Spanish,Malay": 0.375,
            "Spanish,Vietnamese": 0.3352272727272727,
            "Chinese,Malay": 0.18181818181818182,
            "Chinese,Vietnamese": 0.19318181818181818,
            "Malay,Vietnamese": 0.5056818181818182
        },
        "3_combine": {
            "Indonesian,English,Filipino": 0.18181818181818182,
            "Indonesian,English,Spanish": 0.18181818181818182,
            "Indonesian,English,Chinese": 0.056818181818181816,
            "Indonesian,English,Malay": 0.17045454545454544,
            "Indonesian,English,Vietnamese": 0.125,
            "Indonesian,Filipino,Spanish": 0.25,
            "Indonesian,Filipino,Chinese": 0.08522727272727272,
            "Indonesian,Filipino,Malay": 0.3409090909090909,
            "Indonesian,Filipino,Vietnamese": 0.3181818181818182,
            "Indonesian,Spanish,Chinese": 0.09090909090909091,
            "Indonesian,Spanish,Malay": 0.2784090909090909,
            "Indonesian,Spanish,Vietnamese": 0.20454545454545456,
            "Indonesian,Chinese,Malay": 0.10795454545454546,
            "Indonesian,Chinese,Vietnamese": 0.09090909090909091,
            "Indonesian,Malay,Vietnamese": 0.3409090909090909,
            "English,Filipino,Spanish": 0.17613636363636365,
            "English,Filipino,Chinese": 0.09090909090909091,
            "English,Filipino,Malay": 0.16477272727272727,
            "English,Filipino,Vietnamese": 0.17045454545454544,
            "English,Spanish,Chinese": 0.08522727272727272,
            "English,Spanish,Malay": 0.13636363636363635,
            "English,Spanish,Vietnamese": 0.11931818181818182,
            "English,Chinese,Malay": 0.0625,
            "English,Chinese,Vietnamese": 0.05113636363636364,
            "English,Malay,Vietnamese": 0.11931818181818182,
            "Filipino,Spanish,Chinese": 0.08522727272727272,
            "Filipino,Spanish,Malay": 0.2159090909090909,
            "Filipino,Spanish,Vietnamese": 0.23863636363636365,
            "Filipino,Chinese,Malay": 0.07386363636363637,
            "Filipino,Chinese,Vietnamese": 0.10227272727272728,
            "Filipino,Malay,Vietnamese": 0.3409090909090909,
            "Spanish,Chinese,Malay": 0.06818181818181818,
            "Spanish,Chinese,Vietnamese": 0.08522727272727272,
            "Spanish,Malay,Vietnamese": 0.19318181818181818,
            "Chinese,Malay,Vietnamese": 0.07954545454545454
        },
        "4_combine": {
            "Indonesian,English,Filipino,Spanish": 0.11363636363636363,
            "Indonesian,English,Filipino,Chinese": 0.03977272727272727,
            "Indonesian,English,Filipino,Malay": 0.11931818181818182,
            "Indonesian,English,Filipino,Vietnamese": 0.10795454545454546,
            "Indonesian,English,Spanish,Chinese": 0.03409090909090909,
            "Indonesian,English,Spanish,Malay": 0.10227272727272728,
            "Indonesian,English,Spanish,Vietnamese": 0.08522727272727272,
            "Indonesian,English,Chinese,Malay": 0.028409090909090908,
            "Indonesian,English,Chinese,Vietnamese": 0.022727272727272728,
            "Indonesian,English,Malay,Vietnamese": 0.07954545454545454,
            "Indonesian,Filipino,Spanish,Chinese": 0.045454545454545456,
            "Indonesian,Filipino,Spanish,Malay": 0.17045454545454544,
            "Indonesian,Filipino,Spanish,Vietnamese": 0.1590909090909091,
            "Indonesian,Filipino,Chinese,Malay": 0.05113636363636364,
            "Indonesian,Filipino,Chinese,Vietnamese": 0.056818181818181816,
            "Indonesian,Filipino,Malay,Vietnamese": 0.23863636363636365,
            "Indonesian,Spanish,Chinese,Malay": 0.045454545454545456,
            "Indonesian,Spanish,Chinese,Vietnamese": 0.045454545454545456,
            "Indonesian,Spanish,Malay,Vietnamese": 0.1534090909090909,
            "Indonesian,Chinese,Malay,Vietnamese": 0.056818181818181816,
            "English,Filipino,Spanish,Chinese": 0.045454545454545456,
            "English,Filipino,Spanish,Malay": 0.09659090909090909,
            "English,Filipino,Spanish,Vietnamese": 0.10227272727272728,
            "English,Filipino,Chinese,Malay": 0.03977272727272727,
            "English,Filipino,Chinese,Vietnamese": 0.03409090909090909,
            "English,Filipino,Malay,Vietnamese": 0.10227272727272728,
            "English,Spanish,Chinese,Malay": 0.017045454545454544,
            "English,Spanish,Chinese,Vietnamese": 0.03409090909090909,
            "English,Spanish,Malay,Vietnamese": 0.06818181818181818,
            "English,Chinese,Malay,Vietnamese": 0.017045454545454544,
            "Filipino,Spanish,Chinese,Malay": 0.028409090909090908,
            "Filipino,Spanish,Chinese,Vietnamese": 0.056818181818181816,
            "Filipino,Spanish,Malay,Vietnamese": 0.1534090909090909,
            "Filipino,Chinese,Malay,Vietnamese": 0.03977272727272727,
            "Spanish,Chinese,Malay,Vietnamese": 0.03409090909090909
        },
        "5_combine": {
            "Indonesian,English,Filipino,Spanish,Chinese": 0.022727272727272728,
            "Indonesian,English,Filipino,Spanish,Malay": 0.07386363636363637,
            "Indonesian,English,Filipino,Spanish,Vietnamese": 0.07954545454545454,
            "Indonesian,English,Filipino,Chinese,Malay": 0.022727272727272728,
            "Indonesian,English,Filipino,Chinese,Vietnamese": 0.022727272727272728,
            "Indonesian,English,Filipino,Malay,Vietnamese": 0.07386363636363637,
            "Indonesian,English,Spanish,Chinese,Malay": 0.011363636363636364,
            "Indonesian,English,Spanish,Chinese,Vietnamese": 0.022727272727272728,
            "Indonesian,English,Spanish,Malay,Vietnamese": 0.05113636363636364,
            "Indonesian,English,Chinese,Malay,Vietnamese": 0.011363636363636364,
            "Indonesian,Filipino,Spanish,Chinese,Malay": 0.022727272727272728,
            "Indonesian,Filipino,Spanish,Chinese,Vietnamese": 0.03409090909090909,
            "Indonesian,Filipino,Spanish,Malay,Vietnamese": 0.11931818181818182,
            "Indonesian,Filipino,Chinese,Malay,Vietnamese": 0.03409090909090909,
            "Indonesian,Spanish,Chinese,Malay,Vietnamese": 0.028409090909090908,
            "English,Filipino,Spanish,Chinese,Malay": 0.017045454545454544,
            "English,Filipino,Spanish,Chinese,Vietnamese": 0.028409090909090908,
            "English,Filipino,Spanish,Malay,Vietnamese": 0.06818181818181818,