{
    "overall_acc": 0.32711038961038963,
    "language_acc": {
        "Indonesian": 0.30113636363636365,
        "English": 0.39204545454545453,
        "Filipino": 0.3068181818181818,
        "Spanish": 0.3068181818181818,
        "Chinese": 0.375,
        "Malay": 0.3181818181818182,
        "Vietnamese": 0.2897727272727273
    },
    "consistency_score_2": 0.49323593073593064,
    "consistency_score_3": 0.3066558441558441,
    "consistency_score_4": 0.20925324675324675,
    "consistency_score_5": 0.14989177489177488,
    "consistency_score_6": 0.10957792207792207,
    "consistency_score_7": 0.07954545454545454,
    "detailed_consistency_score": {
        "2_combine": {
            "Indonesian,English": 0.5681818181818182,
            "Indonesian,Filipino": 0.32386363636363635,
            "Indonesian,Spanish": 0.5227272727272727,
            "Indonesian,Chinese": 0.44886363636363635,
            "Indonesian,Malay": 0.6022727272727273,
            "Indonesian,Vietnamese": 0.5909090909090909,
            "English,Filipino": 0.32386363636363635,
            "English,Spanish": 0.5568181818181818,
            "English,Chinese": 0.5340909090909091,
            "English,Malay": 0.5625,
            "English,Vietnamese": 0.5568181818181818,
            "Filipino,Spanish": 0.4715909090909091,
            "Filipino,Chinese": 0.3522727272727273,
            "Filipino,Malay": 0.42613636363636365,
            "Filipino,Vietnamese": 0.32954545454545453,
            "Spanish,Chinese": 0.5056818181818182,
            "Spanish,Malay": 0.5795454545454546,
            "Spanish,Vietnamese": 0.5625,
            "Chinese,Malay": 0.4943181818181818,
            "Chinese,Vietnamese": 0.5,
            "Malay,Vietnamese": 0.5454545454545454
        },
        "3_combine": {
            "Indonesian,English,Filipino": 0.20454545454545456,
            "Indonesian,English,Spanish": 0.36363636363636365,
            "Indonesian,English,Chinese": 0.32954545454545453,
            "Indonesian,English,Malay": 0.4147727272727273,
            "Indonesian,English,Vietnamese": 0.4090909090909091,
            "Indonesian,Filipino,Spanish": 0.24431818181818182,
            "Indonesian,Filipino,Chinese": 0.16477272727272727,
            "Indonesian,Filipino,Malay": 0.25,
            "Indonesian,Filipino,Vietnamese": 0.19318181818181818,
            "Indonesian,Spanish,Chinese": 0.30113636363636365,
            "Indonesian,Spanish,Malay": 0.38636363636363635,
            "Indonesian,Spanish,Vietnamese": 0.3806818181818182,
            "Indonesian,Chinese,Malay": 0.3352272727272727,
            "Indonesian,Chinese,Vietnamese": 0.3409090909090909,
            "Indonesian,Malay,Vietnamese": 0.42045454545454547,
            "English,Filipino,Spanish": 0.23863636363636365,
            "English,Filipino,Chinese": 0.19318181818181818,
            "English,Filipino,Malay": 0.23295454545454544,
            "English,Filipino,Vietnamese": 0.19318181818181818,
            "English,Spanish,Chinese": 0.3522727272727273,
            "English,Spanish,Malay": 0.3977272727272727,
            "English,Spanish,Vietnamese": 0.3977272727272727,
            "English,Chinese,Malay": 0.35795454545454547,
            "English,Chinese,Vietnamese": 0.3522727272727273,
            "English,Malay,Vietnamese": 0.3977272727272727,
            "Filipino,Spanish,Chinese": 0.23863636363636365,
            "Filipino,Spanish,Malay": 0.3181818181818182,
            "Filipino,Spanish,Vietnamese": 0.24431818181818182,
            "Filipino,Chinese,Malay": 0.2215909090909091,
            "Filipino,Chinese,Vietnamese": 0.19318181818181818,
            "Filipino,Malay,Vietnamese": 0.23295454545454544,
            "Spanish,Chinese,Malay": 0.3522727272727273,
            "Spanish,Chinese,Vietnamese": 0.3465909090909091,
            "Spanish,Malay,Vietnamese": 0.3977272727272727,
            "Chinese,Malay,Vietnamese": 0.3352272727272727
        },
        "4_combine": {
            "Indonesian,English,Filipino,Spanish": 0.1590909090909091,
            "Indonesian,English,Filipino,Chinese": 0.11931818181818182,
            "Indonesian,English,Filipino,Malay": 0.17045454545454544,
            "Indonesian,English,Filipino,Vietnamese": 0.14204545454545456,
            "Indonesian,English,Spanish,Chinese": 0.24431818181818182,
            "Indonesian,English,Spanish,Malay": 0.2840909090909091,
            "Indonesian,English,Spanish,Vietnamese": 0.29545454545454547,
            "Indonesian,English,Chinese,Malay": 0.26136363636363635,
            "Indonesian,English,Chinese,Vietnamese": 0.2727272727272727,
            "Indonesian,English,Malay,Vietnamese": 0.32386363636363635,
            "Indonesian,Filipino,Spanish,Chinese": 0.125,
            "Indonesian,Filipino,Spanish,Malay": 0.21022727272727273,
            "Indonesian,Filipino,Spanish,Vietnamese": 0.1590909090909091,
            "Indonesian,Filipino,Chinese,Malay": 0.13068181818181818,
            "Indonesian,Filipino,Chinese,Vietnamese": 0.125,
            "Indonesian,Filipino,Malay,Vietnamese": 0.17045454545454544,
            "Indonesian,Spanish,Chinese,Malay": 0.24431818181818182,
            "Indonesian,Spanish,Chinese,Vietnamese": 0.2556818181818182,
            "Indonesian,Spanish,Malay,Vietnamese": 0.3125,
            "Indonesian,Chinese,Malay,Vietnamese": 0.2727272727272727,
            "English,Filipino,Spanish,Chinese": 0.1534090909090909,
            "English,Filipino,Spanish,Malay": 0.19886363636363635,
            "English,Filipino,Spanish,Vietnamese": 0.17045454545454544,
            "English,Filipino,Chinese,Malay": 0.1534090909090909,
            "English,Filipino,Chinese,Vietnamese": 0.13068181818181818,
            "English,Filipino,Malay,Vietnamese": 0.1590909090909091,
            "English,Spanish,Chinese,Malay": 0.2727272727272727,
            "English,Spanish,Chinese,Vietnamese": 0.26704545454545453,
            "English,Spanish,Malay,Vietnamese": 0.32386363636363635,
            "English,Chinese,Malay,Vietnamese": 0.26704545454545453,
            "Filipino,Spanish,Chinese,Malay": 0.1875,
            "Filipino,Spanish,Chinese,Vietnamese": 0.1534090909090909,
            "Filipino,Spanish,Malay,Vietnamese": 0.19318181818181818,
            "Filipino,Chinese,Malay,Vietnamese": 0.14772727272727273,
            "Spanish,Chinese,Malay,Vietnamese": 0.26704545454545453
        },
        "5_combine": {
            "Indonesian,English,Filipino,Spanish,Chinese": 0.09659090909090909,
            "Indonesian,English,Filipino,Spanish,Malay": 0.14204545454545456,
            "Indonesian,English,Filipino,Spanish,Vietnamese": 0.125,
            "Indonesian,English,Filipino,Chinese,Malay": 0.10227272727272728,
            "Indonesian,English,Filipino,Chinese,Vietnamese": 0.09659090909090909,
            "Indonesian,English,Filipino,Malay,Vietnamese": 0.13068181818181818,
            "Indonesian,English,Spanish,Chinese,Malay": 0.19886363636363635,
            "Indonesian,English,Spanish,Chinese,Vietnamese": 0.21022727272727273,
            "Indonesian,English,Spanish,Malay,Vietnamese": 0.2556818181818182,
            "Indonesian,English,Chinese,Malay,Vietnamese": 0.2215909090909091,
            "Indonesian,Filipino,Spanish,Chinese,Malay": 0.11363636363636363,
            "Indonesian,Filipino,Spanish,Chinese,Vietnamese": 0.10227272727272728,
            "Indonesian,Filipino,Spanish,Malay,Vietnamese": 0.1534090909090909,
            "Indonesian,Filipino,Chinese,Malay,Vietnamese": 0.10795454545454546,
            "Indonesian,Spanish,Chinese,Malay,Vietnamese": 0.2159090909090909,
            "English,Filipino,Spanish,Chinese,Malay": 0.13636363636363635,
            "English,Filipino,Spanish,Chinese,Vietnamese": 0.11363636363636363,
            "English,Filipino,Spanish,Malay,Vietnamese": 0.1534090909090909,
            "English,Filipino,Chinese,Malay,Vietnamese": 0.11363636363636363,
            "English,Spanish,Chinese,Malay,Vietnamese": 0.22727272727272727,