{
    "overall_acc": 0.31818181818181823,
    "language_acc": {
        "Indonesian": 0.32386363636363635,
        "English": 0.32954545454545453,
        "Filipino": 0.2897727272727273,
        "Spanish": 0.3068181818181818,
        "Chinese": 0.36363636363636365,
        "Malay": 0.3465909090909091,
        "Vietnamese": 0.26704545454545453
    },
    "consistency_score_2": 0.47781385281385286,
    "consistency_score_3": 0.2883116883116883,
    "consistency_score_4": 0.18863636363636363,
    "consistency_score_5": 0.12662337662337664,
    "consistency_score_6": 0.08360389610389611,
    "consistency_score_7": 0.05113636363636364,
    "detailed_consistency_score": {
        "2_combine": {
            "Indonesian,English": 0.5454545454545454,
            "Indonesian,Filipino": 0.3125,
            "Indonesian,Spanish": 0.5227272727272727,
            "Indonesian,Chinese": 0.45454545454545453,
            "Indonesian,Malay": 0.5454545454545454,
            "Indonesian,Vietnamese": 0.5340909090909091,
            "English,Filipino": 0.2840909090909091,
            "English,Spanish": 0.5397727272727273,
            "English,Chinese": 0.5113636363636364,
            "English,Malay": 0.5738636363636364,
            "English,Vietnamese": 0.5397727272727273,
            "Filipino,Spanish": 0.48863636363636365,
            "Filipino,Chinese": 0.3068181818181818,
            "Filipino,Malay": 0.4034090909090909,
            "Filipino,Vietnamese": 0.3522727272727273,
            "Spanish,Chinese": 0.44886363636363635,
            "Spanish,Malay": 0.5511363636363636,
            "Spanish,Vietnamese": 0.5511363636363636,
            "Chinese,Malay": 0.5,
            "Chinese,Vietnamese": 0.48295454545454547,
            "Malay,Vietnamese": 0.5852272727272727
        },
        "3_combine": {
            "Indonesian,English,Filipino": 0.16477272727272727,
            "Indonesian,English,Spanish": 0.36363636363636365,
            "Indonesian,English,Chinese": 0.32386363636363635,
            "Indonesian,English,Malay": 0.3806818181818182,
            "Indonesian,English,Vietnamese": 0.36363636363636365,
            "Indonesian,Filipino,Spanish": 0.22727272727272727,
            "Indonesian,Filipino,Chinese": 0.1534090909090909,
            "Indonesian,Filipino,Malay": 0.20454545454545456,
            "Indonesian,Filipino,Vietnamese": 0.18181818181818182,
            "Indonesian,Spanish,Chinese": 0.29545454545454547,
            "Indonesian,Spanish,Malay": 0.3693181818181818,
            "Indonesian,Spanish,Vietnamese": 0.36363636363636365,
            "Indonesian,Chinese,Malay": 0.3125,
            "Indonesian,Chinese,Vietnamese": 0.3125,
            "Indonesian,Malay,Vietnamese": 0.4034090909090909,
            "English,Filipino,Spanish": 0.22727272727272727,
            "English,Filipino,Chinese": 0.1534090909090909,
            "English,Filipino,Malay": 0.20454545454545456,
            "English,Filipino,Vietnamese": 0.18181818181818182,
            "English,Spanish,Chinese": 0.30113636363636365,
            "English,Spanish,Malay": 0.375,
            "English,Spanish,Vietnamese": 0.375,
            "English,Chinese,Malay": 0.3465909090909091,
            "English,Chinese,Vietnamese": 0.3352272727272727,
            "English,Malay,Vietnamese": 0.3977272727272727,
            "Filipino,Spanish,Chinese": 0.22727272727272727,
            "Filipino,Spanish,Malay": 0.2897727272727273,
            "Filipino,Spanish,Vietnamese": 0.24431818181818182,
            "Filipino,Chinese,Malay": 0.20454545454545456,
            "Filipino,Chinese,Vietnamese": 0.17613636363636365,
            "Filipino,Malay,Vietnamese": 0.24431818181818182,
            "Spanish,Chinese,Malay": 0.3125,
            "Spanish,Chinese,Vietnamese": 0.32386363636363635,
            "Spanish,Malay,Vietnamese": 0.38636363636363635,
            "Chinese,Malay,Vietnamese": 0.36363636363636365
        },
        "4_combine": {
            "Indonesian,English,Filipino,Spanish": 0.13636363636363635,
            "Indonesian,English,Filipino,Chinese": 0.09090909090909091,
            "Indonesian,English,Filipino,Malay": 0.11931818181818182,
            "Indonesian,English,Filipino,Vietnamese": 0.11931818181818182,
            "Indonesian,English,Spanish,Chinese": 0.22727272727272727,
            "Indonesian,English,Spanish,Malay": 0.2840909090909091,
            "Indonesian,English,Spanish,Vietnamese": 0.2784090909090909,
            "Indonesian,English,Chinese,Malay": 0.24431818181818182,
            "Indonesian,English,Chinese,Vietnamese": 0.24431818181818182,
            "Indonesian,English,Malay,Vietnamese": 0.29545454545454547,
            "Indonesian,Filipino,Spanish,Chinese": 0.13068181818181818,
            "Indonesian,Filipino,Spanish,Malay": 0.17045454545454544,
            "Indonesian,Filipino,Spanish,Vietnamese": 0.14204545454545456,
            "Indonesian,Filipino,Chinese,Malay": 0.11363636363636363,
            "Indonesian,Filipino,Chinese,Vietnamese": 0.10227272727272728,
            "Indonesian,Filipino,Malay,Vietnamese": 0.1590909090909091,
            "Indonesian,Spanish,Chinese,Malay": 0.22727272727272727,
            "Indonesian,Spanish,Chinese,Vietnamese": 0.22727272727272727,
            "Indonesian,Spanish,Malay,Vietnamese": 0.29545454545454547,
            "Indonesian,Chinese,Malay,Vietnamese": 0.26704545454545453,
            "English,Filipino,Spanish,Chinese": 0.13068181818181818,
            "English,Filipino,Spanish,Malay": 0.17045454545454544,
            "English,Filipino,Spanish,Vietnamese": 0.1590909090909091,
            "English,Filipino,Chinese,Malay": 0.11931818181818182,
            "English,Filipino,Chinese,Vietnamese": 0.10227272727272728,
            "English,Filipino,Malay,Vietnamese": 0.14204545454545456,
            "English,Spanish,Chinese,Malay": 0.22727272727272727,
            "English,Spanish,Chinese,Vietnamese": 0.23863636363636365,
            "English,Spanish,Malay,Vietnamese": 0.2840909090909091,
            "English,Chinese,Malay,Vietnamese": 0.26704545454545453,
            "Filipino,Spanish,Chinese,Malay": 0.16477272727272727,
            "Filipino,Spanish,Chinese,Vietnamese": 0.14772727272727273,
            "Filipino,Spanish,Malay,Vietnamese": 0.18181818181818182,
            "Filipino,Chinese,Malay,Vietnamese": 0.13636363636363635,
            "Spanish,Chinese,Malay,Vietnamese": 0.2556818181818182
        },
        "5_combine": {
            "Indonesian,English,Filipino,Spanish,Chinese": 0.07954545454545454,
            "Indonesian,English,Filipino,Spanish,Malay": 0.10795454545454546,
            "Indonesian,English,Filipino,Spanish,Vietnamese": 0.10227272727272728,
            "Indonesian,English,Filipino,Chinese,Malay": 0.06818181818181818,
            "Indonesian,English,Filipino,Chinese,Vietnamese": 0.06818181818181818,
            "Indonesian,English,Filipino,Malay,Vietnamese": 0.09659090909090909,
            "Indonesian,English,Spanish,Chinese,Malay": 0.17613636363636365,
            "Indonesian,English,Spanish,Chinese,Vietnamese": 0.1875,
            "Indonesian,English,Spanish,Malay,Vietnamese": 0.23295454545454544,
            "Indonesian,English,Chinese,Malay,Vietnamese": 0.21022727272727273,
            "Indonesian,Filipino,Spanish,Chinese,Malay": 0.10227272727272728,
            "Indonesian,Filipino,Spanish,Chinese,Vietnamese": 0.09090909090909091,
            "Indonesian,Filipino,Spanish,Malay,Vietnamese": 0.125,
            "Indonesian,Filipino,Chinese,Malay,Vietnamese": 0.09090909090909091,
            "Indonesian,Spanish,Chinese,Malay,Vietnamese": 0.19886363636363635,
            "English,Filipino,Spanish,Chinese,Malay": 0.10795454545454546,
            "English,Filipino,Spanish,Chinese,Vietnamese": 0.09659090909090909,
            "English,Filipino,Spanish,Malay,Vietnamese": 0.125,
            "English,Filipino,Chinese,Malay,Vietnamese": 0.08522727272727272,
            "English,Spanish,Chinese,Malay,Vietnamese": 0.19318181818181818,