{
    "accuracy": 0.4439601494396015,
    "category_acc": {
        "computer_network": 0.375,
        "operating_system": 0.5416666666666666,
        "computer_architecture": 0.38461538461538464,
        "college_programming": 0.4523809523809524,
        "college_physics": 0.4166666666666667,
        "college_chemistry": 0.27586206896551724,
        "advanced_mathematics": 0.375,
        "probability_and_statistics": 0.391304347826087,
        "discrete_mathematics": 0.3333333333333333,
        "electrical_engineer": 0.35714285714285715,
        "metrology_engineer": 0.4827586206896552,
        "high_school_mathematics": 0.30434782608695654,
        "high_school_physics": 0.4166666666666667,
        "high_school_chemistry": 0.375,
        "high_school_biology": 0.5416666666666666,
        "middle_school_mathematics": 0.25,
        "middle_school_biology": 0.7307692307692307,
        "middle_school_physics": 0.5833333333333334,
        "middle_school_chemistry": 0.44,
        "veterinary_medicine": 0.5714285714285714,
        "college_economics": 0.4,
        "business_administration": 0.34210526315789475,
        "marxism": 0.4583333333333333,
        "mao_zedong_thought": 0.6206896551724138,
        "education_science": 0.5294117647058824,
        "teacher_qualification": 0.5714285714285714,
        "high_school_politics": 0.4583333333333333,
        "high_school_geography": 0.4583333333333333,
        "middle_school_politics": 0.5384615384615384,
        "middle_school_geography": 0.47058823529411764,
        "modern_chinese_history": 0.42857142857142855,
        "ideological_and_moral_cultivation": 0.625,
        "logic": 0.4444444444444444,
        "law": 0.3793103448275862,
        "chinese_language_and_literature": 0.42857142857142855,
        "art_studies": 0.5,
        "professional_tour_guide": 0.4117647058823529,
        "legal_professional": 0.32142857142857145,
        "high_school_chinese": 0.20833333333333334,
        "high_school_history": 0.68,
        "middle_school_history": 0.5555555555555556,
        "civil_servant": 0.4423076923076923,
        "sports_science": 0.375,
        "plant_protection": 0.5925925925925926,
        "basic_medicine": 0.3333333333333333,
        "clinical_medicine": 0.3333333333333333,
        "urban_and_rural_planner": 0.5098039215686274,
        "accountant": 0.4444444444444444,
        "fire_engineer": 0.25,
        "environmental_impact_assessment_engineer": 0.4444444444444444,
        "tax_accountant": 0.3888888888888889,
        "physician": 0.5
    }
}