{
    "accuracy": 0.398505603985056,
    "category_acc": {
        "computer_network": 0.25,
        "operating_system": 0.5833333333333334,
        "computer_architecture": 0.6153846153846154,
        "college_programming": 0.5,
        "college_physics": 0.4166666666666667,
        "college_chemistry": 0.3793103448275862,
        "advanced_mathematics": 0.16666666666666666,
        "probability_and_statistics": 0.08695652173913043,
        "discrete_mathematics": 0.2857142857142857,
        "electrical_engineer": 0.2857142857142857,
        "metrology_engineer": 0.3793103448275862,
        "high_school_mathematics": 0.30434782608695654,
        "high_school_physics": 0.25,
        "high_school_chemistry": 0.4583333333333333,
        "high_school_biology": 0.375,
        "middle_school_mathematics": 0.16666666666666666,
        "middle_school_biology": 0.5384615384615384,
        "middle_school_physics": 0.4166666666666667,
        "middle_school_chemistry": 0.44,
        "veterinary_medicine": 0.4642857142857143,
        "college_economics": 0.4,
        "business_administration": 0.2894736842105263,
        "marxism": 0.4583333333333333,
        "mao_zedong_thought": 0.3793103448275862,
        "education_science": 0.5588235294117647,
        "teacher_qualification": 0.673469387755102,
        "high_school_politics": 0.5833333333333334,
        "high_school_geography": 0.4583333333333333,
        "middle_school_politics": 0.5,
        "middle_school_geography": 0.5294117647058824,
        "modern_chinese_history": 0.2857142857142857,
        "ideological_and_moral_cultivation": 0.4166666666666667,
        "logic": 0.5555555555555556,
        "law": 0.3103448275862069,
        "chinese_language_and_literature": 0.2857142857142857,
        "art_studies": 0.5263157894736842,
        "professional_tour_guide": 0.38235294117647056,
        "legal_professional": 0.2857142857142857,
        "high_school_chinese": 0.125,
        "high_school_history": 0.52,
        "middle_school_history": 0.4074074074074074,
        "civil_servant": 0.34615384615384615,
        "sports_science": 0.375,
        "plant_protection": 0.5925925925925926,
        "basic_medicine": 0.125,
        "clinical_medicine": 0.4444444444444444,
        "urban_and_rural_planner": 0.47058823529411764,
        "accountant": 0.4074074074074074,
        "fire_engineer": 0.3611111111111111,
        "environmental_impact_assessment_engineer": 0.4444444444444444,
        "tax_accountant": 0.2222222222222222,
        "physician": 0.42592592592592593
    }
}