{
    "accuracy": 0.24113759262968154,
    "category_acc": {
        "History": 0.19477911646586346,
        "Geography": 0.20816326530612245,
        "Lampungic": 0.2857142857142857,
        "Social science": 0.2654424040066778,
        "Balinese": 0.25690021231422505,
        "Makassarese": 0.20967741935483872,
        "Banjarese": 0.2222222222222222,
        "Chemistry": 0.1678832116788321,
        "Biology": 0.22248520710059172,
        "Science": 0.24251805985552116,
        "Christian religion": 0.29850746268656714,
        "Art": 0.23627287853577372,
        "Islam religion": 0.21763869132290184,
        "Hindu religion": 0.21333333333333335,
        "Madurese": 0.2135593220338983,
        "Sport": 0.1891891891891892,
        "Indonesian language": 0.2602739726027397,
        "Physics": 0.2383838383838384,
        "Minangkabau culture": 0.23618090452261306,
        "Dayak language": 0.29357798165137616,
        "Sociology": 0.20161290322580644,
        "Economy": 0.23975409836065573,
        "Sundanese": 0.26879861711322384,
        "Javanese": 0.25806451612903225,
        "Civic education": 0.2675250357653791
    }
}