{
    "accuracy": 0.2373990253020896,
    "category_acc": {
        "History": 0.20883534136546184,
        "Geography": 0.20816326530612245,
        "Lampungic": 0.29931972789115646,
        "Social science": 0.24707846410684475,
        "Balinese": 0.25690021231422505,
        "Makassarese": 0.16666666666666666,
        "Banjarese": 0.2222222222222222,
        "Chemistry": 0.16934306569343066,
        "Biology": 0.22011834319526627,
        "Science": 0.23426212590299278,
        "Christian religion": 0.2935323383084577,
        "Art": 0.23294509151414308,
        "Islam religion": 0.23044096728307253,
        "Hindu religion": 0.21333333333333335,
        "Madurese": 0.21016949152542372,
        "Sport": 0.21621621621621623,
        "Indonesian language": 0.2559153175591532,
        "Physics": 0.2202020202020202,
        "Minangkabau culture": 0.25125628140703515,
        "Dayak language": 0.22935779816513763,
        "Sociology": 0.2056451612903226,
        "Economy": 0.22950819672131148,
        "Sundanese": 0.24632670700086431,
        "Javanese": 0.2721774193548387,
        "Civic education": 0.26180257510729615
    }
}