{
    "accuracy": 0.24240603511582884,
    "category_acc": {
        "History": 0.1927710843373494,
        "Geography": 0.21224489795918366,
        "Lampungic": 0.272108843537415,
        "Social science": 0.2637729549248748,
        "Balinese": 0.25477707006369427,
        "Makassarese": 0.1827956989247312,
        "Banjarese": 0.2152777777777778,
        "Chemistry": 0.17956204379562044,
        "Biology": 0.23076923076923078,
        "Science": 0.22910216718266255,
        "Christian religion": 0.27860696517412936,
        "Art": 0.24625623960066556,
        "Islam religion": 0.23897581792318634,
        "Hindu religion": 0.25333333333333335,
        "Madurese": 0.2033898305084746,
        "Sport": 0.18243243243243243,
        "Indonesian language": 0.2636986301369863,
        "Physics": 0.21414141414141413,
        "Minangkabau culture": 0.24623115577889448,
        "Dayak language": 0.27522935779816515,
        "Sociology": 0.20766129032258066,
        "Economy": 0.23770491803278687,
        "Sundanese": 0.2662057044079516,
        "Javanese": 0.2651209677419355,
        "Civic education": 0.2703862660944206
    }
}