{
    "accuracy": 0.5636753664640687,
    "category_acc": {
        "high_school_european_history": 0.7073170731707317,
        "business_ethics": 0.6161616161616161,
        "clinical_knowledge": 0.6590909090909091,
        "medical_genetics": 0.6363636363636364,
        "high_school_us_history": 0.7586206896551724,
        "high_school_physics": 0.37333333333333335,
        "high_school_world_history": 0.7372881355932204,
        "virology": 0.48484848484848486,
        "high_school_microeconomics": 0.6033755274261603,
        "econometrics": 0.3805309734513274,
        "college_computer_science": 0.41414141414141414,
        "high_school_biology": 0.6699029126213593,
        "abstract_algebra": 0.2727272727272727,
        "professional_accounting": 0.4483985765124555,
        "philosophy": 0.603225806451613,
        "professional_medicine": 0.6162361623616236,
        "nutrition": 0.5836065573770491,
        "global_facts": 0.40404040404040403,
        "machine_learning": 0.3963963963963964,
        "security_studies": 0.6188524590163934,
        "public_relations": 0.5963302752293578,
        "professional_psychology": 0.5695581014729951,
        "prehistory": 0.6377708978328174,
        "anatomy": 0.5223880597014925,
        "human_sexuality": 0.5923076923076923,
        "college_medicine": 0.5755813953488372,
        "high_school_government_and_politics": 0.8229166666666666,
        "college_chemistry": 0.41414141414141414,
        "logical_fallacies": 0.6790123456790124,
        "high_school_geography": 0.6649746192893401,
        "elementary_mathematics": 0.44562334217506633,
        "human_aging": 0.6576576576576577,
        "college_mathematics": 0.32323232323232326,
        "high_school_psychology": 0.7628676470588235,
        "formal_logic": 0.4,
        "high_school_statistics": 0.4744186046511628,
        "international_law": 0.725,
        "high_school_mathematics": 0.2788104089219331,
        "high_school_computer_science": 0.6262626262626263,
        "conceptual_physics": 0.5213675213675214,
        "miscellaneous": 0.7774936061381074,
        "high_school_chemistry": 0.4405940594059406,
        "marketing": 0.8540772532188842,
        "professional_law": 0.41030658838878015,
        "management": 0.7352941176470589,
        "college_physics": 0.44554455445544555,
        "jurisprudence": 0.6728971962616822,
        "world_religions": 0.788235294117647,
        "sociology": 0.74,
        "us_foreign_policy": 0.7373737373737373,
        "high_school_macroeconomics": 0.4961439588688946,
        "computer_security": 0.6767676767676768,
        "moral_scenarios": 0.31208053691275167,
        "moral_disputes": 0.6144927536231884,
        "electrical_engineering": 0.5208333333333334,
        "astronomy": 0.6357615894039735,
        "college_biology": 0.6503496503496503
    }
}