{
    "overall_acc": 0.5714285714285714,
    "language_acc": {
        "Filipino": 0.5133333333333333,
        "Vietnamese": 0.5133333333333333,
        "Chinese": 0.5466666666666666,
        "Spanish": 0.62,
        "Malay": 0.5266666666666666,
        "Indonesian": 0.58,
        "English": 0.7
    },
    "consistency_score_2": 0.559047619047619,
    "consistency_score_3": 0.4116190476190476,
    "consistency_score_4": 0.33638095238095234,
    "consistency_score_5": 0.28888888888888886,
    "consistency_score_6": 0.2561904761904762,
    "consistency_score_7": 0.23333333333333334,
    "detailed_consistency_score": {
        "2_combine": {
            "Filipino,Vietnamese": 0.4666666666666667,
            "Filipino,Chinese": 0.47333333333333333,
            "Filipino,Spanish": 0.5466666666666666,
            "Filipino,Malay": 0.52,
            "Filipino,Indonesian": 0.56,
            "Filipino,English": 0.5733333333333334,
            "Vietnamese,Chinese": 0.58,
            "Vietnamese,Spanish": 0.5533333333333333,
            "Vietnamese,Malay": 0.58,
            "Vietnamese,Indonesian": 0.5266666666666666,
            "Vietnamese,English": 0.6,
            "Chinese,Spanish": 0.5866666666666667,
            "Chinese,Malay": 0.5266666666666666,
            "Chinese,Indonesian": 0.5666666666666667,
            "Chinese,English": 0.5733333333333334,
            "Spanish,Malay": 0.5733333333333334,
            "Spanish,Indonesian": 0.5466666666666666,
            "Spanish,English": 0.6733333333333333,
            "Malay,Indonesian": 0.5466666666666666,
            "Malay,English": 0.5333333333333333,
            "Indonesian,English": 0.6333333333333333
        },
        "3_combine": {
            "Filipino,Vietnamese,Chinese": 0.35333333333333333,
            "Filipino,Vietnamese,Spanish": 0.36666666666666664,
            "Filipino,Vietnamese,Malay": 0.38,
            "Filipino,Vietnamese,Indonesian": 0.36666666666666664,
            "Filipino,Vietnamese,English": 0.38,
            "Filipino,Chinese,Spanish": 0.38,
            "Filipino,Chinese,Malay": 0.3466666666666667,
            "Filipino,Chinese,Indonesian": 0.38,
            "Filipino,Chinese,English": 0.3933333333333333,
            "Filipino,Spanish,Malay": 0.4066666666666667,
            "Filipino,Spanish,Indonesian": 0.4,
            "Filipino,Spanish,English": 0.46,
            "Filipino,Malay,Indonesian": 0.4,
            "Filipino,Malay,English": 0.3933333333333333,
            "Filipino,Indonesian,English": 0.43333333333333335,
            "Vietnamese,Chinese,Spanish": 0.42,
            "Vietnamese,Chinese,Malay": 0.42,
            "Vietnamese,Chinese,Indonesian": 0.41333333333333333,
            "Vietnamese,Chinese,English": 0.4533333333333333,
            "Vietnamese,Spanish,Malay": 0.43333333333333335,
            "Vietnamese,Spanish,Indonesian": 0.3933333333333333,
            "Vietnamese,Spanish,English": 0.4533333333333333,
            "Vietnamese,Malay,Indonesian": 0.3933333333333333,
            "Vietnamese,Malay,English": 0.43333333333333335,
            "Vietnamese,Indonesian,English": 0.44666666666666666,
            "Chinese,Spanish,Malay": 0.4066666666666667,
            "Chinese,Spanish,Indonesian": 0.4066666666666667,
            "Chinese,Spanish,English": 0.47333333333333333,
            "Chinese,Malay,Indonesian": 0.37333333333333335,
            "Chinese,Malay,English": 0.4,
            "Chinese,Indonesian,English": 0.4533333333333333,
            "Spanish,Malay,Indonesian": 0.41333333333333333,
            "Spanish,Malay,English": 0.46,
            "Spanish,Indonesian,English": 0.4866666666666667,
            "Malay,Indonesian,English": 0.43333333333333335
        },
        "4_combine": {
            "Filipino,Vietnamese,Chinese,Spanish": 0.29333333333333333,
            "Filipino,Vietnamese,Chinese,Malay": 0.3,
            "Filipino,Vietnamese,Chinese,Indonesian": 0.30666666666666664,
            "Filipino,Vietnamese,Chinese,English": 0.31333333333333335,
            "Filipino,Vietnamese,Spanish,Malay": 0.3333333333333333,
            "Filipino,Vietnamese,Spanish,Indonesian": 0.30666666666666664,
            "Filipino,Vietnamese,Spanish,English": 0.32,
            "Filipino,Vietnamese,Malay,Indonesian": 0.3,
            "Filipino,Vietnamese,Malay,English": 0.31333333333333335,
            "Filipino,Vietnamese,Indonesian,English": 0.32,
            "Filipino,Chinese,Spanish,Malay": 0.30666666666666664,
            "Filipino,Chinese,Spanish,Indonesian": 0.31333333333333335,
            "Filipino,Chinese,Spanish,English": 0.3466666666666667,
            "Filipino,Chinese,Malay,Indonesian": 0.2866666666666667,
            "Filipino,Chinese,Malay,English": 0.3,
            "Filipino,Chinese,Indonesian,English": 0.3333333333333333,
            "Filipino,Spanish,Malay,Indonesian": 0.34,
            "Filipino,Spanish,Malay,English": 0.36666666666666664,
            "Filipino,Spanish,Indonesian,English": 0.37333333333333335,
            "Filipino,Malay,Indonesian,English": 0.34,
            "Vietnamese,Chinese,Spanish,Malay": 0.3466666666666667,
            "Vietnamese,Chinese,Spanish,Indonesian": 0.34,
            "Vietnamese,Chinese,Spanish,English": 0.38,
            "Vietnamese,Chinese,Malay,Indonesian": 0.32,
            "Vietnamese,Chinese,Malay,English": 0.36,
            "Vietnamese,Chinese,Indonesian,English": 0.38,
            "Vietnamese,Spanish,Malay,Indonesian": 0.34,
            "Vietnamese,Spanish,Malay,English": 0.38666666666666666,
            "Vietnamese,Spanish,Indonesian,English": 0.37333333333333335,
            "Vietnamese,Malay,Indonesian,English": 0.34,
            "Chinese,Spanish,Malay,Indonesian": 0.32666666666666666,
            "Chinese,Spanish,Malay,English": 0.36,
            "Chinese,Spanish,Indonesian,English": 0.38,
            "Chinese,Malay,Indonesian,English": 0.3333333333333333,
            "Spanish,Malay,Indonesian,English": 0.3933333333333333
        },
        "5_combine": {
            "Filipino,Vietnamese,Chinese,Spanish,Malay": 0.26666666666666666,
            "Filipino,Vietnamese,Chinese,Spanish,Indonesian": 0.26666666666666666,
            "Filipino,Vietnamese,Chinese,Spanish,English": 0.2733333333333333,
            "Filipino,Vietnamese,Chinese,Malay,Indonesian": 0.25333333333333335,
            "Filipino,Vietnamese,Chinese,Malay,English": 0.26666666666666666,
            "Filipino,Vietnamese,Chinese,Indonesian,English": 0.28,
            "Filipino,Vietnamese,Spanish,Malay,Indonesian": 0.28,
            "Filipino,Vietnamese,Spanish,Malay,English": 0.3,
            "Filipino,Vietnamese,Spanish,Indonesian,English": 0.2866666666666667,
            "Filipino,Vietnamese,Malay,Indonesian,English": 0.26666666666666666,
            "Filipino,Chinese,Spanish,Malay,Indonesian": 0.26666666666666666,
            "Filipino,Chinese,Spanish,Malay,English": 0.2866666666666667,
            "Filipino,Chinese,Spanish,Indonesian,English": 0.3,
            "Filipino,Chinese,Malay,Indonesian,English": 0.26,
            "Filipino,Spanish,Malay,Indonesian,English": 0.32666666666666666,
            "Vietnamese,Chinese,Spanish,Malay,Indonesian": 0.29333333333333333,
            "Vietnamese,Chinese,Spanish,Malay,English": 0.32666666666666666,
            "Vietnamese,Chinese,Spanish,Indonesian,English": 0.32666666666666666,
            "Vietnamese,Chinese,Malay,Indonesian,English": 0.3,
            "Vietnamese,Spanish,Malay,Indonesian,English": 0.32666666666666666,
            "Chinese,Spanish,Malay,Indonesian,English": 0.31333333333333335
        },
        "6_combine": {
            "Filipino,Vietnamese,Chinese,Spanish,Malay,Indonesian": 0.24,
            "Filipino,Vietnamese,Chinese,Spanish,Malay,English": 0.25333333333333335,
            "Filipino,Vietnamese,Chinese,Spanish,Indonesian,English": 0.25333333333333335,
            "Filipino,Vietnamese,Chinese,Malay,Indonesian,English": 0.23333333333333334,