{
    "overall_acc": 0.4852941176470588,
    "language_acc": {
        "Spanish": 0.5714285714285714,
        "English": 0.6621848739495798,
        "Chinese": 0.31596638655462184,
        "Vietnamese": 0.3915966386554622
    },
    "consistency_score_2": 0.4644257703081232,
    "consistency_score_3": 0.2743697478991597,
    "consistency_score_4": 0.16974789915966387,
    "detailed_consistency_score": {
        "2_combine": {
            "Spanish,English": 0.6714285714285714,
            "Spanish,Chinese": 0.3773109243697479,
            "Spanish,Vietnamese": 0.5310924369747899,
            "English,Chinese": 0.3815126050420168,
            "English,Vietnamese": 0.5,
            "Chinese,Vietnamese": 0.32521008403361346
        },
        "3_combine": {
            "Spanish,English,Chinese": 0.2781512605042017,
            "Spanish,English,Vietnamese": 0.39663865546218485,
            "Spanish,Chinese,Vietnamese": 0.21008403361344538,
            "English,Chinese,Vietnamese": 0.21260504201680672
        },
        "4_combine": {
            "Spanish,English,Chinese,Vietnamese": 0.16974789915966387
        }
    },
    "AC3_2": 0.47463067215696914,
    "AC3_3": 0.3505498437851925,
    "AC3_4": 0.2515186959582823
}