{
    "overall_acc": 0.4915966386554622,
    "language_acc": {
        "Spanish": 0.565546218487395,
        "English": 0.6823529411764706,
        "Chinese": 0.3134453781512605,
        "Vietnamese": 0.4050420168067227
    },
    "consistency_score_2": 0.457703081232493,
    "consistency_score_3": 0.2619747899159664,
    "consistency_score_4": 0.17058823529411765,
    "detailed_consistency_score": {
        "2_combine": {
            "Spanish,English": 0.673109243697479,
            "Spanish,Chinese": 0.3420168067226891,
            "Spanish,Vietnamese": 0.5092436974789916,
            "English,Chinese": 0.3596638655462185,
            "English,Vietnamese": 0.48403361344537815,
            "Chinese,Vietnamese": 0.37815126050420167
        },
        "3_combine": {
            "Spanish,English,Chinese": 0.2529411764705882,
            "Spanish,English,Vietnamese": 0.37899159663865545,
            "Spanish,Chinese,Vietnamese": 0.20756302521008405,
            "English,Chinese,Vietnamese": 0.20840336134453782
        },
        "4_combine": {
            "Spanish,English,Chinese,Vietnamese": 0.17058823529411765
        }
    },
    "AC3_2": 0.4740447963873758,
    "AC3_3": 0.34180151007639403,
    "AC3_4": 0.253284562517737
}