{
    "accuracy": 0.28708340528406145,
    "category_acc": {
        "agronomy": 0.27218934911242604,
        "anatomy": 0.25,
        "ancient_chinese": 0.29878048780487804,
        "arts": 0.3375,
        "astronomy": 0.28484848484848485,
        "business_ethics": 0.23444976076555024,
        "chinese_civil_service_exam": 0.25,
        "chinese_driving_rule": 0.3282442748091603,
        "chinese_food_culture": 0.3161764705882353,
        "chinese_foreign_policy": 0.29906542056074764,
        "chinese_history": 0.29102167182662536,
        "chinese_literature": 0.29411764705882354,
        "chinese_teacher_qualification": 0.30726256983240224,
        "clinical_knowledge": 0.25738396624472576,
        "college_actuarial_science": 0.27358490566037735,
        "college_education": 0.32710280373831774,
        "college_engineering_hydrology": 0.22641509433962265,
        "college_law": 0.23148148148148148,
        "college_mathematics": 0.19047619047619047,
        "college_medical_statistics": 0.3490566037735849,
        "college_medicine": 0.2783882783882784,
        "computer_science": 0.25980392156862747,
        "computer_security": 0.3157894736842105,
        "conceptual_physics": 0.30612244897959184,
        "construction_project_management": 0.2949640287769784,
        "economics": 0.2893081761006289,
        "education": 0.31901840490797545,
        "electrical_engineering": 0.32558139534883723,
        "elementary_chinese": 0.2896825396825397,
        "elementary_commonsense": 0.24242424242424243,
        "elementary_information_and_technology": 0.33613445378151263,
        "elementary_mathematics": 0.2391304347826087,
        "ethnology": 0.3333333333333333,
        "food_science": 0.2937062937062937,
        "genetics": 0.2556818181818182,
        "global_facts": 0.35570469798657717,
        "high_school_biology": 0.28994082840236685,
        "high_school_chemistry": 0.24242424242424243,
        "high_school_geography": 0.2627118644067797,
        "high_school_mathematics": 0.24390243902439024,
        "high_school_physics": 0.20909090909090908,
        "high_school_politics": 0.3146853146853147,
        "human_sexuality": 0.29365079365079366,
        "international_law": 0.2594594594594595,
        "journalism": 0.29651162790697677,
        "jurisprudence": 0.2846715328467153,
        "legal_and_moral_basis": 0.40654205607476634,
        "logical": 0.2682926829268293,
        "machine_learning": 0.27049180327868855,
        "management": 0.29523809523809524,
        "marketing": 0.29444444444444445,
        "marxist_theory": 0.32275132275132273,
        "modern_chinese": 0.25862068965517243,
        "nutrition": 0.2620689655172414,
        "philosophy": 0.3142857142857143,
        "professional_accounting": 0.2742857142857143,
        "professional_law": 0.2890995260663507,
        "professional_medicine": 0.24202127659574468,
        "professional_psychology": 0.31896551724137934,
        "public_relations": 0.2471264367816092,
        "security_study": 0.37037037037037035,
        "sociology": 0.2610619469026549,
        "sports_science": 0.3333333333333333,
        "traditional_chinese_medicine": 0.25405405405405407,
        "virology": 0.3136094674556213,
        "world_history": 0.30434782608695654,
        "world_religions": 0.3
    }
}