{
    "overall_acc": 0.42666666666666664,
    "language_acc": {
        "Filipino": 0.4,
        "Vietnamese": 0.38666666666666666,
        "Chinese": 0.4066666666666667,
        "Spanish": 0.41333333333333333,
        "Malay": 0.4266666666666667,
        "Indonesian": 0.4,
        "English": 0.5533333333333333
    },
    "consistency_score_2": 0.46571428571428575,
    "consistency_score_3": 0.2918095238095238,
    "consistency_score_4": 0.21733333333333335,
    "consistency_score_5": 0.17650793650793653,
    "consistency_score_6": 0.14857142857142858,
    "consistency_score_7": 0.12666666666666668,
    "detailed_consistency_score": {
        "2_combine": {
            "Filipino,Vietnamese": 0.46,
            "Filipino,Chinese": 0.38,
            "Filipino,Spanish": 0.4533333333333333,
            "Filipino,Malay": 0.4666666666666667,
            "Filipino,Indonesian": 0.4666666666666667,
            "Filipino,English": 0.4533333333333333,
            "Vietnamese,Chinese": 0.42,
            "Vietnamese,Spanish": 0.5133333333333333,
            "Vietnamese,Malay": 0.4533333333333333,
            "Vietnamese,Indonesian": 0.49333333333333335,
            "Vietnamese,English": 0.4266666666666667,
            "Chinese,Spanish": 0.47333333333333333,
            "Chinese,Malay": 0.4,
            "Chinese,Indonesian": 0.52,
            "Chinese,English": 0.47333333333333333,
            "Spanish,Malay": 0.47333333333333333,
            "Spanish,Indonesian": 0.5333333333333333,
            "Spanish,English": 0.5,
            "Malay,Indonesian": 0.5066666666666667,
            "Malay,English": 0.4666666666666667,
            "Indonesian,English": 0.44666666666666666
        },
        "3_combine": {
            "Filipino,Vietnamese,Chinese": 0.25333333333333335,
            "Filipino,Vietnamese,Spanish": 0.30666666666666664,
            "Filipino,Vietnamese,Malay": 0.3,
            "Filipino,Vietnamese,Indonesian": 0.32,
            "Filipino,Vietnamese,English": 0.26666666666666666,
            "Filipino,Chinese,Spanish": 0.25333333333333335,
            "Filipino,Chinese,Malay": 0.23333333333333334,
            "Filipino,Chinese,Indonesian": 0.26,
            "Filipino,Chinese,English": 0.26,
            "Filipino,Spanish,Malay": 0.2733333333333333,
            "Filipino,Spanish,Indonesian": 0.31333333333333335,
            "Filipino,Spanish,English": 0.3,
            "Filipino,Malay,Indonesian": 0.30666666666666664,
            "Filipino,Malay,English": 0.30666666666666664,
            "Filipino,Indonesian,English": 0.2866666666666667,
            "Vietnamese,Chinese,Spanish": 0.2866666666666667,
            "Vietnamese,Chinese,Malay": 0.25333333333333335,
            "Vietnamese,Chinese,Indonesian": 0.3,
            "Vietnamese,Chinese,English": 0.28,
            "Vietnamese,Spanish,Malay": 0.2733333333333333,
            "Vietnamese,Spanish,Indonesian": 0.35333333333333333,
            "Vietnamese,Spanish,English": 0.3,
            "Vietnamese,Malay,Indonesian": 0.32,
            "Vietnamese,Malay,English": 0.2733333333333333,
            "Vietnamese,Indonesian,English": 0.2866666666666667,
            "Chinese,Spanish,Malay": 0.26666666666666666,
            "Chinese,Spanish,Indonesian": 0.32,
            "Chinese,Spanish,English": 0.3,
            "Chinese,Malay,Indonesian": 0.2866666666666667,
            "Chinese,Malay,English": 0.28,
            "Chinese,Indonesian,English": 0.30666666666666664,
            "Spanish,Malay,Indonesian": 0.32666666666666666,
            "Spanish,Malay,English": 0.31333333333333335,
            "Spanish,Indonesian,English": 0.32666666666666666,
            "Malay,Indonesian,English": 0.32
        },
        "4_combine": {
            "Filipino,Vietnamese,Chinese,Spanish": 0.2,
            "Filipino,Vietnamese,Chinese,Malay": 0.18,
            "Filipino,Vietnamese,Chinese,Indonesian": 0.2,
            "Filipino,Vietnamese,Chinese,English": 0.20666666666666667,
            "Filipino,Vietnamese,Spanish,Malay": 0.20666666666666667,
            "Filipino,Vietnamese,Spanish,Indonesian": 0.24,
            "Filipino,Vietnamese,Spanish,English": 0.20666666666666667,
            "Filipino,Vietnamese,Malay,Indonesian": 0.23333333333333334,
            "Filipino,Vietnamese,Malay,English": 0.22666666666666666,
            "Filipino,Vietnamese,Indonesian,English": 0.22,
            "Filipino,Chinese,Spanish,Malay": 0.18,
            "Filipino,Chinese,Spanish,Indonesian": 0.2,
            "Filipino,Chinese,Spanish,English": 0.21333333333333335,
            "Filipino,Chinese,Malay,Indonesian": 0.18666666666666668,
            "Filipino,Chinese,Malay,English": 0.2,
            "Filipino,Chinese,Indonesian,English": 0.21333333333333335,
            "Filipino,Spanish,Malay,Indonesian": 0.22,
            "Filipino,Spanish,Malay,English": 0.24,
            "Filipino,Spanish,Indonesian,English": 0.22666666666666666,
            "Filipino,Malay,Indonesian,English": 0.23333333333333334,
            "Vietnamese,Chinese,Spanish,Malay": 0.20666666666666667,
            "Vietnamese,Chinese,Spanish,Indonesian": 0.22666666666666666,
            "Vietnamese,Chinese,Spanish,English": 0.22666666666666666,
            "Vietnamese,Chinese,Malay,Indonesian": 0.22,
            "Vietnamese,Chinese,Malay,English": 0.20666666666666667,
            "Vietnamese,Chinese,Indonesian,English": 0.22,
            "Vietnamese,Spanish,Malay,Indonesian": 0.24,
            "Vietnamese,Spanish,Malay,English": 0.21333333333333335,
            "Vietnamese,Spanish,Indonesian,English": 0.24666666666666667,
            "Vietnamese,Malay,Indonesian,English": 0.22666666666666666,
            "Chinese,Spanish,Malay,Indonesian": 0.22,
            "Chinese,Spanish,Malay,English": 0.21333333333333335,
            "Chinese,Spanish,Indonesian,English": 0.23333333333333334,
            "Chinese,Malay,Indonesian,English": 0.22666666666666666,
            "Spanish,Malay,Indonesian,English": 0.24666666666666667
        },
        "5_combine": {
            "Filipino,Vietnamese,Chinese,Spanish,Malay": 0.15333333333333332,
            "Filipino,Vietnamese,Chinese,Spanish,Indonesian": 0.16,
            "Filipino,Vietnamese,Chinese,Spanish,English": 0.17333333333333334,
            "Filipino,Vietnamese,Chinese,Malay,Indonesian": 0.15333333333333332,
            "Filipino,Vietnamese,Chinese,Malay,English": 0.17333333333333334,
            "Filipino,Vietnamese,Chinese,Indonesian,English": 0.17333333333333334,
            "Filipino,Vietnamese,Spanish,Malay,Indonesian": 0.18,
            "Filipino,Vietnamese,Spanish,Malay,English": 0.17333333333333334,
            "Filipino,Vietnamese,Spanish,Indonesian,English": 0.18,
            "Filipino,Vietnamese,Malay,Indonesian,English": 0.18666666666666668,
            "Filipino,Chinese,Spanish,Malay,Indonesian": 0.16,
            "Filipino,Chinese,Spanish,Malay,English": 0.17333333333333334,
            "Filipino,Chinese,Spanish,Indonesian,English": 0.18,
            "Filipino,Chinese,Malay,Indonesian,English": 0.17333333333333334,
            "Filipino,Spanish,Malay,Indonesian,English": 0.19333333333333333,
            "Vietnamese,Chinese,Spanish,Malay,Indonesian": 0.18666666666666668,
            "Vietnamese,Chinese,Spanish,Malay,English": 0.18,
            "Vietnamese,Chinese,Spanish,Indonesian,English": 0.19333333333333333,
            "Vietnamese,Chinese,Malay,Indonesian,English": 0.18,
            "Vietnamese,Spanish,Malay,Indonesian,English": 0.19333333333333333,
            "Chinese,Spanish,Malay,Indonesian,English": 0.18666666666666668
        },
        "6_combine": {
            "Filipino,Vietnamese,Chinese,Spanish,Malay,Indonesian": 0.13333333333333333,
            "Filipino,Vietnamese,Chinese,Spanish,Malay,English": 0.14666666666666667,
            "Filipino,Vietnamese,Chinese,Spanish,Indonesian,English": 0.14666666666666667,
            "Filipino,Vietnamese,Chinese,Malay,Indonesian,English": 0.14666666666666667,