{
    "overall_acc": 0.8542857142857143,
    "language_acc": {
        "Chinese": 0.8533333333333334,
        "Indonesian": 0.8533333333333334,
        "Spanish": 0.8533333333333334,
        "Vietnamese": 0.84,
        "Malay": 0.84,
        "English": 0.8933333333333333,
        "Filipino": 0.8466666666666667
    },
    "consistency_score_2": 0.8720634920634922,
    "consistency_score_3": 0.8161904761904762,
    "consistency_score_4": 0.7800000000000002,
    "consistency_score_5": 0.7523809523809523,
    "consistency_score_6": 0.7285714285714286,
    "consistency_score_7": 0.7066666666666667,
    "detailed_consistency_score": {
        "2_combine": {
            "Chinese,Indonesian": 0.88,
            "Chinese,Spanish": 0.8933333333333333,
            "Chinese,Vietnamese": 0.8733333333333333,
            "Chinese,Malay": 0.8666666666666667,
            "Chinese,English": 0.8933333333333333,
            "Chinese,Filipino": 0.8466666666666667,
            "Indonesian,Spanish": 0.8866666666666667,
            "Indonesian,Vietnamese": 0.8466666666666667,
            "Indonesian,Malay": 0.9,
            "Indonesian,English": 0.9066666666666666,
            "Indonesian,Filipino": 0.84,
            "Spanish,Vietnamese": 0.8533333333333334,
            "Spanish,Malay": 0.86,
            "Spanish,English": 0.9,
            "Spanish,Filipino": 0.8533333333333334,
            "Vietnamese,Malay": 0.8666666666666667,
            "Vietnamese,English": 0.88,
            "Vietnamese,Filipino": 0.84,
            "Malay,English": 0.8866666666666667,
            "Malay,Filipino": 0.8666666666666667,
            "English,Filipino": 0.8733333333333333
        },
        "3_combine": {
            "Chinese,Indonesian,Spanish": 0.84,
            "Chinese,Indonesian,Vietnamese": 0.8066666666666666,
            "Chinese,Indonesian,Malay": 0.8266666666666667,
            "Chinese,Indonesian,English": 0.8466666666666667,
            "Chinese,Indonesian,Filipino": 0.7933333333333333,
            "Chinese,Spanish,Vietnamese": 0.82,
            "Chinese,Spanish,Malay": 0.8133333333333334,
            "Chinese,Spanish,English": 0.8533333333333334,
            "Chinese,Spanish,Filipino": 0.8066666666666666,
            "Chinese,Vietnamese,Malay": 0.8066666666666666,
            "Chinese,Vietnamese,English": 0.8333333333333334,
            "Chinese,Vietnamese,Filipino": 0.7866666666666666,
            "Chinese,Malay,English": 0.8266666666666667,
            "Chinese,Malay,Filipino": 0.8066666666666666,
            "Chinese,English,Filipino": 0.8133333333333334,
            "Indonesian,Spanish,Vietnamese": 0.8066666666666666,
            "Indonesian,Spanish,Malay": 0.8333333333333334,
            "Indonesian,Spanish,English": 0.8533333333333334,
            "Indonesian,Spanish,Filipino": 0.8066666666666666,
            "Indonesian,Vietnamese,Malay": 0.8133333333333334,
            "Indonesian,Vietnamese,English": 0.8266666666666667,
            "Indonesian,Vietnamese,Filipino": 0.7733333333333333,
            "Indonesian,Malay,English": 0.86,
            "Indonesian,Malay,Filipino": 0.8133333333333334,
            "Indonesian,English,Filipino": 0.8133333333333334,
            "Spanish,Vietnamese,Malay": 0.8,
            "Spanish,Vietnamese,English": 0.82,
            "Spanish,Vietnamese,Filipino": 0.78,
            "Spanish,Malay,English": 0.8266666666666667,
            "Spanish,Malay,Filipino": 0.8066666666666666,
            "Spanish,English,Filipino": 0.82,
            "Vietnamese,Malay,English": 0.82,
            "Vietnamese,Malay,Filipino": 0.7933333333333333,
            "Vietnamese,English,Filipino": 0.8,
            "Malay,English,Filipino": 0.82
        },
        "4_combine": {
            "Chinese,Indonesian,Spanish,Vietnamese": 0.78,
            "Chinese,Indonesian,Spanish,Malay": 0.8,
            "Chinese,Indonesian,Spanish,English": 0.82,
            "Chinese,Indonesian,Spanish,Filipino": 0.78,
            "Chinese,Indonesian,Vietnamese,Malay": 0.7733333333333333,
            "Chinese,Indonesian,Vietnamese,English": 0.7933333333333333,
            "Chinese,Indonesian,Vietnamese,Filipino": 0.74,
            "Chinese,Indonesian,Malay,English": 0.8133333333333334,
            "Chinese,Indonesian,Malay,Filipino": 0.7733333333333333,
            "Chinese,Indonesian,English,Filipino": 0.78,
            "Chinese,Spanish,Vietnamese,Malay": 0.7666666666666667,
            "Chinese,Spanish,Vietnamese,English": 0.7933333333333333,
            "Chinese,Spanish,Vietnamese,Filipino": 0.7533333333333333,
            "Chinese,Spanish,Malay,English": 0.8,
            "Chinese,Spanish,Malay,Filipino": 0.7733333333333333,
            "Chinese,Spanish,English,Filipino": 0.7866666666666666,
            "Chinese,Vietnamese,Malay,English": 0.78,
            "Chinese,Vietnamese,Malay,Filipino": 0.7533333333333333,
            "Chinese,Vietnamese,English,Filipino": 0.7666666666666667,
            "Chinese,Malay,English,Filipino": 0.78,
            "Indonesian,Spanish,Vietnamese,Malay": 0.78,
            "Indonesian,Spanish,Vietnamese,English": 0.7933333333333333,
            "Indonesian,Spanish,Vietnamese,Filipino": 0.7533333333333333,
            "Indonesian,Spanish,Malay,English": 0.82,
            "Indonesian,Spanish,Malay,Filipino": 0.7866666666666666,
            "Indonesian,Spanish,English,Filipino": 0.7933333333333333,
            "Indonesian,Vietnamese,Malay,English": 0.8,
            "Indonesian,Vietnamese,Malay,Filipino": 0.76,
            "Indonesian,Vietnamese,English,Filipino": 0.76,
            "Indonesian,Malay,English,Filipino": 0.8,
            "Spanish,Vietnamese,Malay,English": 0.78,
            "Spanish,Vietnamese,Malay,Filipino": 0.7533333333333333,
            "Spanish,Vietnamese,English,Filipino": 0.7666666666666667,
            "Spanish,Malay,English,Filipino": 0.7866666666666666,
            "Vietnamese,Malay,English,Filipino": 0.76
        },
        "5_combine": {
            "Chinese,Indonesian,Spanish,Vietnamese,Malay": 0.7533333333333333,
            "Chinese,Indonesian,Spanish,Vietnamese,English": 0.7666666666666667,
            "Chinese,Indonesian,Spanish,Vietnamese,Filipino": 0.7266666666666667,
            "Chinese,Indonesian,Spanish,Malay,English": 0.7933333333333333,
            "Chinese,Indonesian,Spanish,Malay,Filipino": 0.76,
            "Chinese,Indonesian,Spanish,English,Filipino": 0.7666666666666667,
            "Chinese,Indonesian,Vietnamese,Malay,English": 0.7666666666666667,
            "Chinese,Indonesian,Vietnamese,Malay,Filipino": 0.7266666666666667,
            "Chinese,Indonesian,Vietnamese,English,Filipino": 0.7333333333333333,
            "Chinese,Indonesian,Malay,English,Filipino": 0.7666666666666667,
            "Chinese,Spanish,Vietnamese,Malay,English": 0.7533333333333333,
            "Chinese,Spanish,Vietnamese,Malay,Filipino": 0.7266666666666667,
            "Chinese,Spanish,Vietnamese,English,Filipino": 0.74,
            "Chinese,Spanish,Malay,English,Filipino": 0.76,
            "Chinese,Vietnamese,Malay,English,Filipino": 0.7333333333333333,
            "Indonesian,Spanish,Vietnamese,Malay,English": 0.7733333333333333,
            "Indonesian,Spanish,Vietnamese,Malay,Filipino": 0.74,
            "Indonesian,Spanish,Vietnamese,English,Filipino": 0.7466666666666667,
            "Indonesian,Spanish,Malay,English,Filipino": 0.78,
            "Indonesian,Vietnamese,Malay,English,Filipino": 0.7466666666666667,
            "Spanish,Vietnamese,Malay,English,Filipino": 0.74
        },
        "6_combine": {
            "Chinese,Indonesian,Spanish,Vietnamese,Malay,English": 0.7466666666666667,
            "Chinese,Indonesian,Spanish,Vietnamese,Malay,Filipino": 0.7133333333333334,
            "Chinese,Indonesian,Spanish,Vietnamese,English,Filipino": 0.72,
            "Chinese,Indonesian,Spanish,Malay,English,Filipino": 0.7533333333333333,
            "Chinese,Indonesian,Vietnamese,Malay,English,Filipino": 0.72,