{
    "accuracy": 0.5308544869503039,
    "category_acc": {
        "high_school_european_history": 0.7560975609756098,
        "business_ethics": 0.6363636363636364,
        "clinical_knowledge": 0.5909090909090909,
        "medical_genetics": 0.5858585858585859,
        "high_school_us_history": 0.7586206896551724,
        "high_school_physics": 0.24,
        "high_school_world_history": 0.7245762711864406,
        "virology": 0.4727272727272727,
        "high_school_microeconomics": 0.5991561181434599,
        "econometrics": 0.25663716814159293,
        "college_computer_science": 0.40404040404040403,
        "high_school_biology": 0.6699029126213593,
        "abstract_algebra": 0.2222222222222222,
        "professional_accounting": 0.398576512455516,
        "philosophy": 0.567741935483871,
        "professional_medicine": 0.5202952029520295,
        "nutrition": 0.5672131147540984,
        "global_facts": 0.31313131313131315,
        "machine_learning": 0.35135135135135137,
        "security_studies": 0.6680327868852459,
        "public_relations": 0.6146788990825688,
        "professional_psychology": 0.5482815057283142,
        "prehistory": 0.56656346749226,
        "anatomy": 0.44029850746268656,
        "human_sexuality": 0.6,
        "college_medicine": 0.5406976744186046,
        "high_school_government_and_politics": 0.7708333333333334,
        "college_chemistry": 0.37373737373737376,
        "logical_fallacies": 0.6604938271604939,
        "high_school_geography": 0.7258883248730964,
        "elementary_mathematics": 0.3209549071618037,
        "human_aging": 0.5585585585585585,
        "college_mathematics": 0.31313131313131315,
        "high_school_psychology": 0.7830882352941176,
        "formal_logic": 0.392,
        "high_school_statistics": 0.4,
        "international_law": 0.6583333333333333,
        "high_school_mathematics": 0.2788104089219331,
        "high_school_computer_science": 0.45454545454545453,
        "conceptual_physics": 0.42735042735042733,
        "miscellaneous": 0.7237851662404092,
        "high_school_chemistry": 0.3465346534653465,
        "marketing": 0.8326180257510729,
        "professional_law": 0.39856490541422046,
        "management": 0.7647058823529411,
        "college_physics": 0.40594059405940597,
        "jurisprudence": 0.6635514018691588,
        "world_religions": 0.7176470588235294,
        "sociology": 0.695,
        "us_foreign_policy": 0.7575757575757576,
        "high_school_macroeconomics": 0.570694087403599,
        "computer_security": 0.6363636363636364,
        "moral_scenarios": 0.23825503355704697,
        "moral_disputes": 0.6405797101449275,
        "electrical_engineering": 0.5763888888888888,
        "astronomy": 0.5761589403973509,
        "college_biology": 0.46853146853146854
    }
}