{
    "accuracy": 0.5327851269217018,
    "category_acc": {
        "high_school_european_history": 0.7439024390243902,
        "business_ethics": 0.6363636363636364,
        "clinical_knowledge": 0.5909090909090909,
        "medical_genetics": 0.5757575757575758,
        "high_school_us_history": 0.7635467980295566,
        "high_school_physics": 0.26,
        "high_school_world_history": 0.7288135593220338,
        "virology": 0.4727272727272727,
        "high_school_microeconomics": 0.6075949367088608,
        "econometrics": 0.25663716814159293,
        "college_computer_science": 0.40404040404040403,
        "high_school_biology": 0.6666666666666666,
        "abstract_algebra": 0.21212121212121213,
        "professional_accounting": 0.398576512455516,
        "philosophy": 0.5870967741935483,
        "professional_medicine": 0.5239852398523985,
        "nutrition": 0.5737704918032787,
        "global_facts": 0.29292929292929293,
        "machine_learning": 0.34234234234234234,
        "security_studies": 0.6680327868852459,
        "public_relations": 0.6238532110091743,
        "professional_psychology": 0.5384615384615384,
        "prehistory": 0.5603715170278638,
        "anatomy": 0.43283582089552236,
        "human_sexuality": 0.6,
        "college_medicine": 0.5465116279069767,
        "high_school_government_and_politics": 0.796875,
        "college_chemistry": 0.41414141414141414,
        "logical_fallacies": 0.6728395061728395,
        "high_school_geography": 0.7157360406091371,
        "elementary_mathematics": 0.35013262599469497,
        "human_aging": 0.5630630630630631,
        "college_mathematics": 0.3434343434343434,
        "high_school_psychology": 0.7904411764705882,
        "formal_logic": 0.384,
        "high_school_statistics": 0.3767441860465116,
        "international_law": 0.6666666666666666,
        "high_school_mathematics": 0.2788104089219331,
        "high_school_computer_science": 0.42424242424242425,
        "conceptual_physics": 0.4230769230769231,
        "miscellaneous": 0.7225063938618926,
        "high_school_chemistry": 0.35148514851485146,
        "marketing": 0.8412017167381974,
        "professional_law": 0.4044357469015003,
        "management": 0.7549019607843137,
        "college_physics": 0.40594059405940597,
        "jurisprudence": 0.6822429906542056,
        "world_religions": 0.6823529411764706,
        "sociology": 0.705,
        "us_foreign_policy": 0.7373737373737373,
        "high_school_macroeconomics": 0.5681233933161953,
        "computer_security": 0.6565656565656566,
        "moral_scenarios": 0.23825503355704697,
        "moral_disputes": 0.6492753623188405,
        "electrical_engineering": 0.5486111111111112,
        "astronomy": 0.5761589403973509,
        "college_biology": 0.4755244755244755
    }
}