{
    "rouge1": 0.231174254019962,
    "rouge2": 0.05141656735407145,
    "rougeL": 0.17718216315628108,
    "avg_rouge": 0.15325766151010486
}