{
    "rouge1": 0.23975589624985819,
    "rouge2": 0.05768403212847386,
    "rougeL": 0.18170612624260932,
    "avg_rouge": 0.1597153515403138
}