{
    "rouge1": 0.23479967755059908,
    "rouge2": 0.05581131133227013,
    "rougeL": 0.17651361233518814,
    "avg_rouge": 0.1557082004060191
}