{
    "overall_acc": 0.9065126050420168,
    "language_acc": {
        "Spanish": 0.9235294117647059,
        "English": 0.9327731092436975,
        "Chinese": 0.8831932773109243,
        "Vietnamese": 0.8865546218487395
    },
    "consistency_score_2": 0.8787114845938375,
    "consistency_score_3": 0.8262605042016806,
    "consistency_score_4": 0.7873949579831933,
    "detailed_consistency_score": {
        "2_combine": {
            "Spanish,English": 0.9285714285714286,
            "Spanish,Chinese": 0.8621848739495799,
            "Spanish,Vietnamese": 0.8815126050420168,
            "English,Chinese": 0.8756302521008403,
            "English,Vietnamese": 0.8831932773109243,
            "Chinese,Vietnamese": 0.8411764705882353
        },
        "3_combine": {
            "Spanish,English,Chinese": 0.8394957983193277,
            "Spanish,English,Vietnamese": 0.8504201680672269,
            "Spanish,Chinese,Vietnamese": 0.8050420168067227,
            "English,Chinese,Vietnamese": 0.8100840336134454
        },
        "4_combine": {
            "Spanish,English,Chinese,Vietnamese": 0.7873949579831933
        }
    },
    "AC3_2": 0.8923955727007459,
    "AC3_3": 0.8645281463201974,
    "AC3_4": 0.8427655323073051
}