{
    "overall_acc": 0.894327731092437,
    "language_acc": {
        "Spanish": 0.9310924369747899,
        "English": 0.9378151260504202,
        "Chinese": 0.8680672268907563,
        "Vietnamese": 0.8403361344537815
    },
    "consistency_score_2": 0.8602240896358543,
    "consistency_score_3": 0.7997899159663865,
    "consistency_score_4": 0.7571428571428571,
    "detailed_consistency_score": {
        "2_combine": {
            "Spanish,English": 0.938655462184874,
            "Spanish,Chinese": 0.8672268907563025,
            "Spanish,Vietnamese": 0.8378151260504202,
            "English,Chinese": 0.8764705882352941,
            "English,Vietnamese": 0.8285714285714286,
            "Chinese,Vietnamese": 0.8126050420168067
        },
        "3_combine": {
            "Spanish,English,Chinese": 0.8445378151260504,
            "Spanish,English,Vietnamese": 0.8092436974789916,
            "Spanish,Chinese,Vietnamese": 0.773109243697479,
            "English,Chinese,Vietnamese": 0.7722689075630252
        },
        "4_combine": {
            "Spanish,English,Chinese,Vietnamese": 0.7571428571428571
        }
    },
    "AC3_2": 0.8769444700150355,
    "AC3_3": 0.8444210496200236,
    "AC3_4": 0.8200374361180445
}