{
    "overall_acc": 0.9155462184873949,
    "language_acc": {
        "Spanish": 0.9184873949579831,
        "English": 0.9369747899159664,
        "Chinese": 0.907563025210084,
        "Vietnamese": 0.8991596638655462
    },
    "consistency_score_2": 0.9030812324929972,
    "consistency_score_3": 0.859873949579832,
    "consistency_score_4": 0.8319327731092437,
    "detailed_consistency_score": {
        "2_combine": {
            "Spanish,English": 0.9294117647058824,
            "Spanish,Chinese": 0.8840336134453781,
            "Spanish,Vietnamese": 0.9100840336134454,
            "English,Chinese": 0.9016806722689076,
            "English,Vietnamese": 0.9067226890756303,
            "Chinese,Vietnamese": 0.8865546218487395
        },
        "3_combine": {
            "Spanish,English,Chinese": 0.8621848739495799,
            "Spanish,English,Vietnamese": 0.8764705882352941,
            "Spanish,Chinese,Vietnamese": 0.846218487394958,
            "English,Chinese,Vietnamese": 0.8546218487394958
        },
        "4_combine": {
            "Spanish,English,Chinese,Vietnamese": 0.8319327731092437
        }
    },
    "AC3_2": 0.9092710075444148,
    "AC3_3": 0.8868372197509976,
    "AC3_4": 0.8717391259924525
}