{
    "overall_acc": 0.8815126050420169,
    "language_acc": {
        "Spanish": 0.9117647058823529,
        "English": 0.9336134453781513,
        "Chinese": 0.8411764705882353,
        "Vietnamese": 0.8394957983193277
    },
    "consistency_score_2": 0.8327731092436975,
    "consistency_score_3": 0.7602941176470589,
    "consistency_score_4": 0.7058823529411765,
    "detailed_consistency_score": {
        "2_combine": {
            "Spanish,English": 0.915126050420168,
            "Spanish,Chinese": 0.8319327731092437,
            "Spanish,Vietnamese": 0.8168067226890756,
            "English,Chinese": 0.8403361344537815,
            "English,Vietnamese": 0.83109243697479,
            "Chinese,Vietnamese": 0.761344537815126
        },
        "3_combine": {
            "Spanish,English,Chinese": 0.8008403361344538,
            "Spanish,English,Vietnamese": 0.7890756302521008,
            "Spanish,Chinese,Vietnamese": 0.7201680672268908,
            "English,Chinese,Vietnamese": 0.7310924369747899
        },
        "4_combine": {
            "Spanish,English,Chinese,Vietnamese": 0.7058823529411765
        }
    },
    "AC3_2": 0.856449991711451,
    "AC3_3": 0.816428436968074,
    "AC3_4": 0.7839815650488589
}