{
    "rouge1": 0.15589644830480023,
    "rouge2": 0.05455147589607714,
    "rougeL": 0.11609765547693254,
    "avg_rouge": 0.10884852655926998
}