{
    "rouge1": 0.15749480681429107,
    "rouge2": 0.0562182055296114,
    "rougeL": 0.1173178398082738,
    "avg_rouge": 0.11034361738405875
}