{
    "rouge1": 0.14920395636285244,
    "rouge2": 0.05130151404400551,
    "rougeL": 0.11051783653694662,
    "avg_rouge": 0.10367443564793487
}