{
    "accuracy": 0.2487480573303402,
    "category_acc": {
        "agronomy": 0.23668639053254437,
        "anatomy": 0.25675675675675674,
        "ancient_chinese": 0.23780487804878048,
        "arts": 0.25,
        "astronomy": 0.2727272727272727,
        "business_ethics": 0.2631578947368421,
        "chinese_civil_service_exam": 0.26875,
        "chinese_driving_rule": 0.21374045801526717,
        "chinese_food_culture": 0.2426470588235294,
        "chinese_foreign_policy": 0.22429906542056074,
        "chinese_history": 0.2476780185758514,
        "chinese_literature": 0.25,
        "chinese_teacher_qualification": 0.2569832402234637,
        "clinical_knowledge": 0.24472573839662448,
        "college_actuarial_science": 0.2830188679245283,
        "college_education": 0.14953271028037382,
        "college_engineering_hydrology": 0.27358490566037735,
        "college_law": 0.32407407407407407,
        "college_mathematics": 0.2857142857142857,
        "college_medical_statistics": 0.20754716981132076,
        "college_medicine": 0.2271062271062271,
        "computer_science": 0.24019607843137256,
        "computer_security": 0.24561403508771928,
        "conceptual_physics": 0.23129251700680273,
        "construction_project_management": 0.2446043165467626,
        "economics": 0.2578616352201258,
        "education": 0.25153374233128833,
        "electrical_engineering": 0.25,
        "elementary_chinese": 0.20634920634920634,
        "elementary_commonsense": 0.2727272727272727,
        "elementary_information_and_technology": 0.226890756302521,
        "elementary_mathematics": 0.24347826086956523,
        "ethnology": 0.2518518518518518,
        "food_science": 0.26573426573426573,
        "genetics": 0.2727272727272727,
        "global_facts": 0.26174496644295303,
        "high_school_biology": 0.2781065088757396,
        "high_school_chemistry": 0.19696969696969696,
        "high_school_geography": 0.23728813559322035,
        "high_school_mathematics": 0.25609756097560976,
        "high_school_physics": 0.2636363636363636,
        "high_school_politics": 0.24475524475524477,
        "human_sexuality": 0.2698412698412698,
        "international_law": 0.25405405405405407,
        "journalism": 0.2558139534883721,
        "jurisprudence": 0.26034063260340634,
        "legal_and_moral_basis": 0.2336448598130841,
        "logical": 0.23577235772357724,
        "machine_learning": 0.2540983606557377,
        "management": 0.24761904761904763,
        "marketing": 0.2388888888888889,
        "marxist_theory": 0.23809523809523808,
        "modern_chinese": 0.25,
        "nutrition": 0.27586206896551724,
        "philosophy": 0.24761904761904763,
        "professional_accounting": 0.25142857142857145,
        "professional_law": 0.2559241706161137,
        "professional_medicine": 0.25,
        "professional_psychology": 0.2543103448275862,
        "public_relations": 0.23563218390804597,
        "security_study": 0.2222222222222222,
        "sociology": 0.25663716814159293,
        "sports_science": 0.2727272727272727,
        "traditional_chinese_medicine": 0.24864864864864866,
        "virology": 0.23076923076923078,
        "world_history": 0.2546583850931677,
        "world_religions": 0.26875
    }
}