{
    "accuracy": 0.27542738732515976,
    "category_acc": {
        "agronomy": 0.28402366863905326,
        "anatomy": 0.22297297297297297,
        "ancient_chinese": 0.23780487804878048,
        "arts": 0.30625,
        "astronomy": 0.2606060606060606,
        "business_ethics": 0.2966507177033493,
        "chinese_civil_service_exam": 0.2875,
        "chinese_driving_rule": 0.3053435114503817,
        "chinese_food_culture": 0.3088235294117647,
        "chinese_foreign_policy": 0.2616822429906542,
        "chinese_history": 0.25696594427244585,
        "chinese_literature": 0.28431372549019607,
        "chinese_teacher_qualification": 0.27932960893854747,
        "clinical_knowledge": 0.25738396624472576,
        "college_actuarial_science": 0.2358490566037736,
        "college_education": 0.3364485981308411,
        "college_engineering_hydrology": 0.20754716981132076,
        "college_law": 0.2222222222222222,
        "college_mathematics": 0.3142857142857143,
        "college_medical_statistics": 0.330188679245283,
        "college_medicine": 0.26373626373626374,
        "computer_science": 0.29901960784313725,
        "computer_security": 0.32748538011695905,
        "conceptual_physics": 0.23809523809523808,
        "construction_project_management": 0.28776978417266186,
        "economics": 0.3081761006289308,
        "education": 0.26380368098159507,
        "electrical_engineering": 0.25,
        "elementary_chinese": 0.25793650793650796,
        "elementary_commonsense": 0.3383838383838384,
        "elementary_information_and_technology": 0.31092436974789917,
        "elementary_mathematics": 0.24347826086956523,
        "ethnology": 0.25925925925925924,
        "food_science": 0.2517482517482518,
        "genetics": 0.26704545454545453,
        "global_facts": 0.2550335570469799,
        "high_school_biology": 0.22485207100591717,
        "high_school_chemistry": 0.25,
        "high_school_geography": 0.19491525423728814,
        "high_school_mathematics": 0.3048780487804878,
        "high_school_physics": 0.2636363636363636,
        "high_school_politics": 0.23076923076923078,
        "human_sexuality": 0.3333333333333333,
        "international_law": 0.31891891891891894,
        "journalism": 0.3023255813953488,
        "jurisprudence": 0.26763990267639903,
        "legal_and_moral_basis": 0.3317757009345794,
        "logical": 0.3252032520325203,
        "machine_learning": 0.2786885245901639,
        "management": 0.28095238095238095,
        "marketing": 0.25,
        "marxist_theory": 0.25396825396825395,
        "modern_chinese": 0.2413793103448276,
        "nutrition": 0.32413793103448274,
        "philosophy": 0.21904761904761905,
        "professional_accounting": 0.25142857142857145,
        "professional_law": 0.33649289099526064,
        "professional_medicine": 0.2526595744680851,
        "professional_psychology": 0.23275862068965517,
        "public_relations": 0.27586206896551724,
        "security_study": 0.3111111111111111,
        "sociology": 0.252212389380531,
        "sports_science": 0.2909090909090909,
        "traditional_chinese_medicine": 0.2648648648648649,
        "virology": 0.24260355029585798,
        "world_history": 0.2795031055900621,
        "world_religions": 0.3625
    }
}