{
    "accuracy": 0.2725781384907615,
    "category_acc": {
        "agronomy": 0.2781065088757396,
        "anatomy": 0.28378378378378377,
        "ancient_chinese": 0.23170731707317074,
        "arts": 0.3,
        "astronomy": 0.2606060606060606,
        "business_ethics": 0.291866028708134,
        "chinese_civil_service_exam": 0.31875,
        "chinese_driving_rule": 0.2900763358778626,
        "chinese_food_culture": 0.25735294117647056,
        "chinese_foreign_policy": 0.24299065420560748,
        "chinese_history": 0.2755417956656347,
        "chinese_literature": 0.27450980392156865,
        "chinese_teacher_qualification": 0.29608938547486036,
        "clinical_knowledge": 0.25738396624472576,
        "college_actuarial_science": 0.2641509433962264,
        "college_education": 0.24299065420560748,
        "college_engineering_hydrology": 0.22641509433962265,
        "college_law": 0.25925925925925924,
        "college_mathematics": 0.3142857142857143,
        "college_medical_statistics": 0.29245283018867924,
        "college_medicine": 0.2600732600732601,
        "computer_science": 0.30392156862745096,
        "computer_security": 0.29239766081871343,
        "conceptual_physics": 0.2585034013605442,
        "construction_project_management": 0.31654676258992803,
        "economics": 0.27044025157232704,
        "education": 0.26380368098159507,
        "electrical_engineering": 0.25,
        "elementary_chinese": 0.2698412698412698,
        "elementary_commonsense": 0.30303030303030304,
        "elementary_information_and_technology": 0.3487394957983193,
        "elementary_mathematics": 0.26956521739130435,
        "ethnology": 0.22962962962962963,
        "food_science": 0.26573426573426573,
        "genetics": 0.26704545454545453,
        "global_facts": 0.2348993288590604,
        "high_school_biology": 0.1893491124260355,
        "high_school_chemistry": 0.2878787878787879,
        "high_school_geography": 0.2457627118644068,
        "high_school_mathematics": 0.3170731707317073,
        "high_school_physics": 0.2545454545454545,
        "high_school_politics": 0.25874125874125875,
        "human_sexuality": 0.2857142857142857,
        "international_law": 0.2972972972972973,
        "journalism": 0.29651162790697677,
        "jurisprudence": 0.26277372262773724,
        "legal_and_moral_basis": 0.3598130841121495,
        "logical": 0.2601626016260163,
        "machine_learning": 0.28688524590163933,
        "management": 0.2714285714285714,
        "marketing": 0.26666666666666666,
        "marxist_theory": 0.25925925925925924,
        "modern_chinese": 0.22413793103448276,
        "nutrition": 0.2896551724137931,
        "philosophy": 0.24761904761904763,
        "professional_accounting": 0.21142857142857144,
        "professional_law": 0.3127962085308057,
        "professional_medicine": 0.2473404255319149,
        "professional_psychology": 0.27586206896551724,
        "public_relations": 0.25862068965517243,
        "security_study": 0.28888888888888886,
        "sociology": 0.26991150442477874,
        "sports_science": 0.26666666666666666,
        "traditional_chinese_medicine": 0.22702702702702704,
        "virology": 0.2485207100591716,
        "world_history": 0.2670807453416149,
        "world_religions": 0.29375
    }
}