{
    "accuracy": 0.27654981868416506,
    "category_acc": {
        "agronomy": 0.26627218934911245,
        "anatomy": 0.2635135135135135,
        "ancient_chinese": 0.25,
        "arts": 0.325,
        "astronomy": 0.24848484848484848,
        "business_ethics": 0.2966507177033493,
        "chinese_civil_service_exam": 0.30625,
        "chinese_driving_rule": 0.3511450381679389,
        "chinese_food_culture": 0.29411764705882354,
        "chinese_foreign_policy": 0.2803738317757009,
        "chinese_history": 0.2631578947368421,
        "chinese_literature": 0.3088235294117647,
        "chinese_teacher_qualification": 0.2681564245810056,
        "clinical_knowledge": 0.27848101265822783,
        "college_actuarial_science": 0.20754716981132076,
        "college_education": 0.2897196261682243,
        "college_engineering_hydrology": 0.20754716981132076,
        "college_law": 0.24074074074074073,
        "college_mathematics": 0.29523809523809524,
        "college_medical_statistics": 0.2641509433962264,
        "college_medicine": 0.2600732600732601,
        "computer_science": 0.28431372549019607,
        "computer_security": 0.29239766081871343,
        "conceptual_physics": 0.2925170068027211,
        "construction_project_management": 0.2949640287769784,
        "economics": 0.3018867924528302,
        "education": 0.32515337423312884,
        "electrical_engineering": 0.23255813953488372,
        "elementary_chinese": 0.26587301587301587,
        "elementary_commonsense": 0.32323232323232326,
        "elementary_information_and_technology": 0.3277310924369748,
        "elementary_mathematics": 0.2826086956521739,
        "ethnology": 0.28888888888888886,
        "food_science": 0.26573426573426573,
        "genetics": 0.26704545454545453,
        "global_facts": 0.24161073825503357,
        "high_school_biology": 0.20710059171597633,
        "high_school_chemistry": 0.24242424242424243,
        "high_school_geography": 0.211864406779661,
        "high_school_mathematics": 0.31097560975609756,
        "high_school_physics": 0.2727272727272727,
        "high_school_politics": 0.22377622377622378,
        "human_sexuality": 0.31746031746031744,
        "international_law": 0.33513513513513515,
        "journalism": 0.3081395348837209,
        "jurisprudence": 0.2749391727493917,
        "legal_and_moral_basis": 0.3130841121495327,
        "logical": 0.2926829268292683,
        "machine_learning": 0.2786885245901639,
        "management": 0.24285714285714285,
        "marketing": 0.26666666666666666,
        "marxist_theory": 0.2751322751322751,
        "modern_chinese": 0.1810344827586207,
        "nutrition": 0.31724137931034485,
        "philosophy": 0.26666666666666666,
        "professional_accounting": 0.22857142857142856,
        "professional_law": 0.2938388625592417,
        "professional_medicine": 0.25,
        "professional_psychology": 0.2672413793103448,
        "public_relations": 0.28735632183908044,
        "security_study": 0.3111111111111111,
        "sociology": 0.27876106194690264,
        "sports_science": 0.26666666666666666,
        "traditional_chinese_medicine": 0.2648648648648649,
        "virology": 0.27218934911242604,
        "world_history": 0.2670807453416149,
        "world_religions": 0.29375
    }
}