{
    "accuracy": 0.24883804075795496,
    "category_acc": {
        "high_school_european_history": 0.2621951219512195,
        "business_ethics": 0.29292929292929293,
        "clinical_knowledge": 0.21212121212121213,
        "medical_genetics": 0.23232323232323232,
        "high_school_us_history": 0.28078817733990147,
        "high_school_physics": 0.24666666666666667,
        "high_school_world_history": 0.2457627118644068,
        "virology": 0.24848484848484848,
        "high_school_microeconomics": 0.25316455696202533,
        "econometrics": 0.20353982300884957,
        "college_computer_science": 0.29292929292929293,
        "high_school_biology": 0.2297734627831715,
        "abstract_algebra": 0.23232323232323232,
        "professional_accounting": 0.2846975088967972,
        "philosophy": 0.25483870967741934,
        "professional_medicine": 0.22509225092250923,
        "nutrition": 0.25245901639344265,
        "global_facts": 0.2727272727272727,
        "machine_learning": 0.23423423423423423,
        "security_studies": 0.21721311475409835,
        "public_relations": 0.22018348623853212,
        "professional_psychology": 0.27495908346972175,
        "prehistory": 0.2260061919504644,
        "anatomy": 0.22388059701492538,
        "human_sexuality": 0.26153846153846155,
        "college_medicine": 0.22674418604651161,
        "high_school_government_and_politics": 0.2916666666666667,
        "college_chemistry": 0.26262626262626265,
        "logical_fallacies": 0.24074074074074073,
        "high_school_geography": 0.23857868020304568,
        "elementary_mathematics": 0.21220159151193635,
        "human_aging": 0.2747747747747748,
        "college_mathematics": 0.20202020202020202,
        "high_school_psychology": 0.23897058823529413,
        "formal_logic": 0.264,
        "high_school_statistics": 0.32558139534883723,
        "international_law": 0.26666666666666666,
        "high_school_mathematics": 0.24907063197026022,
        "high_school_computer_science": 0.30303030303030304,
        "conceptual_physics": 0.24358974358974358,
        "miscellaneous": 0.22506393861892582,
        "high_school_chemistry": 0.2524752475247525,
        "marketing": 0.33476394849785407,
        "professional_law": 0.23222439660795824,
        "management": 0.2647058823529412,
        "college_physics": 0.16831683168316833,
        "jurisprudence": 0.205607476635514,
        "world_religions": 0.3235294117647059,
        "sociology": 0.24,
        "us_foreign_policy": 0.3333333333333333,
        "high_school_macroeconomics": 0.2390745501285347,
        "computer_security": 0.2222222222222222,
        "moral_scenarios": 0.2483221476510067,
        "moral_disputes": 0.23478260869565218,
        "electrical_engineering": 0.2708333333333333,
        "astronomy": 0.33112582781456956,
        "college_biology": 0.2867132867132867
    }
}