{
    "overall_acc": 0.957983193277311,
    "language_acc": {
        "Spanish": 0.9571428571428572,
        "English": 0.9647058823529412,
        "Chinese": 0.9478991596638655,
        "Vietnamese": 0.9621848739495799
    },
    "consistency_score_2": 0.9557422969187676,
    "consistency_score_3": 0.9348739495798319,
    "consistency_score_4": 0.9193277310924369,
    "detailed_consistency_score": {
        "2_combine": {
            "Spanish,English": 0.9621848739495799,
            "Spanish,Chinese": 0.9445378151260504,
            "Spanish,Vietnamese": 0.9621848739495799,
            "English,Chinese": 0.9487394957983193,
            "English,Vietnamese": 0.9647058823529412,
            "Chinese,Vietnamese": 0.9521008403361344
        },
        "3_combine": {
            "Spanish,English,Chinese": 0.9285714285714286,
            "Spanish,English,Vietnamese": 0.9453781512605042,
            "Spanish,Chinese,Vietnamese": 0.9302521008403362,
            "English,Chinese,Vietnamese": 0.9352941176470588
        },
        "4_combine": {
            "Spanish,English,Chinese,Vietnamese": 0.9193277310924369
        }
    },
    "AC3_2": 0.9568614330478293,
    "AC3_3": 0.9462875049631115,
    "AC3_4": 0.9382574873675487
}