{
    "overall_acc": 0.7676470588235293,
    "language_acc": {
        "Spanish": 0.9319327731092437,
        "English": 0.9705882352941176,
        "Chinese": 0.37563025210084033,
        "Vietnamese": 0.7924369747899159
    },
    "consistency_score_2": 0.6124649859943977,
    "consistency_score_3": 0.44621848739495795,
    "consistency_score_4": 0.32184873949579834,
    "detailed_consistency_score": {
        "2_combine": {
            "Spanish,English": 0.9361344537815126,
            "Spanish,Chinese": 0.38487394957983195,
            "Spanish,Vietnamese": 0.7798319327731092,
            "English,Chinese": 0.3764705882352941,
            "English,Vietnamese": 0.788235294117647,
            "Chinese,Vietnamese": 0.4092436974789916
        },
        "3_combine": {
            "Spanish,English,Chinese": 0.3638655462184874,
            "Spanish,English,Vietnamese": 0.761344537815126,
            "Spanish,Chinese,Vietnamese": 0.3302521008403361,
            "English,Chinese,Vietnamese": 0.32941176470588235
        },
        "4_combine": {
            "Spanish,English,Chinese,Vietnamese": 0.32184873949579834
        }
    },
    "AC3_2": 0.6813315583503264,
    "AC3_3": 0.564376030739652,
    "AC3_4": 0.45354234246421293
}