{
    "overall_acc": 0.7495798319327731,
    "language_acc": {
        "Spanish": 0.9159663865546218,
        "English": 0.9647058823529412,
        "Chinese": 0.3621848739495798,
        "Vietnamese": 0.7554621848739496
    },
    "consistency_score_2": 0.6012605042016806,
    "consistency_score_3": 0.4315126050420168,
    "consistency_score_4": 0.3100840336134454,
    "detailed_consistency_score": {
        "2_combine": {
            "Spanish,English": 0.9176470588235294,
            "Spanish,Chinese": 0.38235294117647056,
            "Spanish,Vietnamese": 0.7554621848739496,
            "English,Chinese": 0.3680672268907563,
            "English,Vietnamese": 0.7554621848739496,
            "Chinese,Vietnamese": 0.42857142857142855
        },
        "3_combine": {
            "Spanish,English,Chinese": 0.35294117647058826,
            "Spanish,English,Vietnamese": 0.7285714285714285,
            "Spanish,Chinese,Vietnamese": 0.32521008403361346,
            "English,Chinese,Vietnamese": 0.31932773109243695
        },
        "4_combine": {
            "Spanish,English,Chinese,Vietnamese": 0.3100840336134454
        }
    },
    "AC3_2": 0.667277598392779,
    "AC3_3": 0.5477185964637349,
    "AC3_4": 0.43869144798904225
}