{
    "overall_acc": 0.7565126050420168,
    "language_acc": {
        "Spanish": 0.9218487394957983,
        "English": 0.965546218487395,
        "Chinese": 0.36722689075630255,
        "Vietnamese": 0.7714285714285715
    },
    "consistency_score_2": 0.6046218487394958,
    "consistency_score_3": 0.4373949579831933,
    "consistency_score_4": 0.31512605042016806,
    "detailed_consistency_score": {
        "2_combine": {
            "Spanish,English": 0.9277310924369748,
            "Spanish,Chinese": 0.3840336134453782,
            "Spanish,Vietnamese": 0.7638655462184873,
            "English,Chinese": 0.37058823529411766,
            "English,Vietnamese": 0.7714285714285715,
            "Chinese,Vietnamese": 0.41008403361344536
        },
        "3_combine": {
            "Spanish,English,Chinese": 0.3596638655462185,
            "Spanish,English,Vietnamese": 0.7453781512605042,
            "Spanish,Chinese,Vietnamese": 0.3235294117647059,
            "English,Chinese,Vietnamese": 0.32100840336134456
        },
        "4_combine": {
            "Spanish,English,Chinese,Vietnamese": 0.31512605042016806
        }
    },
    "AC3_2": 0.6720923837477901,
    "AC3_3": 0.5543055581789739,
    "AC3_4": 0.44492017543898615
}