{
    "overall_acc": 0.7485294117647059,
    "language_acc": {
        "Spanish": 0.9168067226890756,
        "English": 0.9638655462184874,
        "Chinese": 0.35798319327731093,
        "Vietnamese": 0.7554621848739496
    },
    "consistency_score_2": 0.59593837535014,
    "consistency_score_3": 0.42626050420168066,
    "consistency_score_4": 0.3042016806722689,
    "detailed_consistency_score": {
        "2_combine": {
            "Spanish,English": 0.9201680672268907,
            "Spanish,Chinese": 0.3739495798319328,
            "Spanish,Vietnamese": 0.7546218487394958,
            "English,Chinese": 0.3621848739495798,
            "English,Vietnamese": 0.7563025210084033,
            "Chinese,Vietnamese": 0.4084033613445378
        },
        "3_combine": {
            "Spanish,English,Chinese": 0.346218487394958,
            "Spanish,English,Vietnamese": 0.7277310924369748,
            "Spanish,Chinese,Vietnamese": 0.3176470588235294,
            "English,Chinese,Vietnamese": 0.3134453781512605
        },
        "4_combine": {
            "Spanish,English,Chinese,Vietnamese": 0.3042016806722689
        }
    },
    "AC3_2": 0.6635746959366482,
    "AC3_3": 0.5431924808087655,
    "AC3_4": 0.4325965229025488
}