{
    "accuracy": 0.2683686176836862,
    "category_acc": {
        "computer_network": 0.3333333333333333,
        "operating_system": 0.375,
        "computer_architecture": 0.19230769230769232,
        "college_programming": 0.30952380952380953,
        "college_physics": 0.125,
        "college_chemistry": 0.2413793103448276,
        "advanced_mathematics": 0.2916666666666667,
        "probability_and_statistics": 0.21739130434782608,
        "discrete_mathematics": 0.23809523809523808,
        "electrical_engineer": 0.23809523809523808,
        "metrology_engineer": 0.1724137931034483,
        "high_school_mathematics": 0.391304347826087,
        "high_school_physics": 0.2916666666666667,
        "high_school_chemistry": 0.25,
        "high_school_biology": 0.2916666666666667,
        "middle_school_mathematics": 0.16666666666666666,
        "middle_school_biology": 0.34615384615384615,
        "middle_school_physics": 0.2916666666666667,
        "middle_school_chemistry": 0.28,
        "veterinary_medicine": 0.14285714285714285,
        "college_economics": 0.21666666666666667,
        "business_administration": 0.15789473684210525,
        "marxism": 0.2916666666666667,
        "mao_zedong_thought": 0.1724137931034483,
        "education_science": 0.2647058823529412,
        "teacher_qualification": 0.24489795918367346,
        "high_school_politics": 0.08333333333333333,
        "high_school_geography": 0.25,
        "middle_school_politics": 0.38461538461538464,
        "middle_school_geography": 0.4117647058823529,
        "modern_chinese_history": 0.42857142857142855,
        "ideological_and_moral_cultivation": 0.16666666666666666,
        "logic": 0.3333333333333333,
        "law": 0.3448275862068966,
        "chinese_language_and_literature": 0.32142857142857145,
        "art_studies": 0.18421052631578946,
        "professional_tour_guide": 0.2647058823529412,
        "legal_professional": 0.35714285714285715,
        "high_school_chinese": 0.25,
        "high_school_history": 0.12,
        "middle_school_history": 0.2962962962962963,
        "civil_servant": 0.25,
        "sports_science": 0.375,
        "plant_protection": 0.2222222222222222,
        "basic_medicine": 0.3333333333333333,
        "clinical_medicine": 0.3333333333333333,
        "urban_and_rural_planner": 0.3137254901960784,
        "accountant": 0.2962962962962963,
        "fire_engineer": 0.25,
        "environmental_impact_assessment_engineer": 0.3055555555555556,
        "tax_accountant": 0.3148148148148148,
        "physician": 0.2962962962962963
    }
}