{
    "accuracy": 0.26214196762141967,
    "category_acc": {
        "computer_network": 0.20833333333333334,
        "operating_system": 0.4583333333333333,
        "computer_architecture": 0.23076923076923078,
        "college_programming": 0.3333333333333333,
        "college_physics": 0.125,
        "college_chemistry": 0.20689655172413793,
        "advanced_mathematics": 0.3333333333333333,
        "probability_and_statistics": 0.2608695652173913,
        "discrete_mathematics": 0.2857142857142857,
        "electrical_engineer": 0.19047619047619047,
        "metrology_engineer": 0.1724137931034483,
        "high_school_mathematics": 0.34782608695652173,
        "high_school_physics": 0.2916666666666667,
        "high_school_chemistry": 0.2916666666666667,
        "high_school_biology": 0.2916666666666667,
        "middle_school_mathematics": 0.16666666666666666,
        "middle_school_biology": 0.34615384615384615,
        "middle_school_physics": 0.2916666666666667,
        "middle_school_chemistry": 0.24,
        "veterinary_medicine": 0.10714285714285714,
        "college_economics": 0.21666666666666667,
        "business_administration": 0.15789473684210525,
        "marxism": 0.2916666666666667,
        "mao_zedong_thought": 0.1724137931034483,
        "education_science": 0.23529411764705882,
        "teacher_qualification": 0.22448979591836735,
        "high_school_politics": 0.08333333333333333,
        "high_school_geography": 0.25,
        "middle_school_politics": 0.38461538461538464,
        "middle_school_geography": 0.4117647058823529,
        "modern_chinese_history": 0.4642857142857143,
        "ideological_and_moral_cultivation": 0.16666666666666666,
        "logic": 0.3333333333333333,
        "law": 0.3448275862068966,
        "chinese_language_and_literature": 0.32142857142857145,
        "art_studies": 0.18421052631578946,
        "professional_tour_guide": 0.2647058823529412,
        "legal_professional": 0.32142857142857145,
        "high_school_chinese": 0.2916666666666667,
        "high_school_history": 0.08,
        "middle_school_history": 0.2962962962962963,
        "civil_servant": 0.25,
        "sports_science": 0.2916666666666667,
        "plant_protection": 0.18518518518518517,
        "basic_medicine": 0.3333333333333333,
        "clinical_medicine": 0.3333333333333333,
        "urban_and_rural_planner": 0.27450980392156865,
        "accountant": 0.3148148148148148,
        "fire_engineer": 0.2777777777777778,
        "environmental_impact_assessment_engineer": 0.25,
        "tax_accountant": 0.3148148148148148,
        "physician": 0.25925925925925924
    }
}