{
    "accuracy": 0.6494396014943961,
    "category_acc": {
        "computer_network": 0.7083333333333334,
        "operating_system": 0.7916666666666666,
        "computer_architecture": 0.6923076923076923,
        "college_programming": 0.6904761904761905,
        "college_physics": 0.5,
        "college_chemistry": 0.4827586206896552,
        "advanced_mathematics": 0.625,
        "probability_and_statistics": 0.5652173913043478,
        "discrete_mathematics": 0.38095238095238093,
        "electrical_engineer": 0.5476190476190477,
        "metrology_engineer": 0.5517241379310345,
        "high_school_mathematics": 0.34782608695652173,
        "high_school_physics": 0.5416666666666666,
        "high_school_chemistry": 0.4583333333333333,
        "high_school_biology": 0.625,
        "middle_school_mathematics": 0.5416666666666666,
        "middle_school_biology": 0.9230769230769231,
        "middle_school_physics": 0.75,
        "middle_school_chemistry": 0.88,
        "veterinary_medicine": 0.75,
        "college_economics": 0.6166666666666667,
        "business_administration": 0.6052631578947368,
        "marxism": 0.7916666666666666,
        "mao_zedong_thought": 0.7586206896551724,
        "education_science": 0.5882352941176471,
        "teacher_qualification": 0.8367346938775511,
        "high_school_politics": 0.875,
        "high_school_geography": 0.75,
        "middle_school_politics": 0.8846153846153846,
        "middle_school_geography": 0.8823529411764706,
        "modern_chinese_history": 0.7142857142857143,
        "ideological_and_moral_cultivation": 0.8333333333333334,
        "logic": 0.5925925925925926,
        "law": 0.5862068965517241,
        "chinese_language_and_literature": 0.6428571428571429,
        "art_studies": 0.7368421052631579,
        "professional_tour_guide": 0.6470588235294118,
        "legal_professional": 0.5357142857142857,
        "high_school_chinese": 0.3333333333333333,
        "high_school_history": 0.72,
        "middle_school_history": 0.8518518518518519,
        "civil_servant": 0.5769230769230769,
        "sports_science": 0.5833333333333334,
        "plant_protection": 0.8148148148148148,
        "basic_medicine": 0.6666666666666666,
        "clinical_medicine": 0.5185185185185185,
        "urban_and_rural_planner": 0.5490196078431373,
        "accountant": 0.6851851851851852,
        "fire_engineer": 0.5,
        "environmental_impact_assessment_engineer": 0.6388888888888888,
        "tax_accountant": 0.5555555555555556,
        "physician": 0.7037037037037037
    }
}