{
    "accuracy": 0.8836988430322915,
    "category_acc": {
        "agronomy": 0.8520710059171598,
        "anatomy": 0.9121621621621622,
        "ancient_chinese": 0.6646341463414634,
        "arts": 0.9875,
        "astronomy": 0.6484848484848484,
        "business_ethics": 0.7033492822966507,
        "chinese_civil_service_exam": 0.8875,
        "chinese_driving_rule": 1.0,
        "chinese_food_culture": 0.8970588235294118,
        "chinese_foreign_policy": 0.9813084112149533,
        "chinese_history": 0.9721362229102167,
        "chinese_literature": 0.8676470588235294,
        "chinese_teacher_qualification": 0.9497206703910615,
        "clinical_knowledge": 0.9029535864978903,
        "college_actuarial_science": 0.4056603773584906,
        "college_education": 0.9719626168224299,
        "college_engineering_hydrology": 0.9528301886792453,
        "college_law": 0.9259259259259259,
        "college_mathematics": 0.5523809523809524,
        "college_medical_statistics": 0.8490566037735849,
        "college_medicine": 0.945054945054945,
        "computer_science": 0.9215686274509803,
        "computer_security": 0.9532163742690059,
        "conceptual_physics": 0.9387755102040817,
        "construction_project_management": 0.8489208633093526,
        "economics": 0.9245283018867925,
        "education": 0.8343558282208589,
        "electrical_engineering": 0.9011627906976745,
        "elementary_chinese": 0.8611111111111112,
        "elementary_commonsense": 0.8686868686868687,
        "elementary_information_and_technology": 0.9453781512605042,
        "elementary_mathematics": 0.717391304347826,
        "ethnology": 0.9481481481481482,
        "food_science": 0.7692307692307693,
        "genetics": 0.7784090909090909,
        "global_facts": 0.912751677852349,
        "high_school_biology": 0.9763313609467456,
        "high_school_chemistry": 0.9242424242424242,
        "high_school_geography": 0.9745762711864406,
        "high_school_mathematics": 0.75,
        "high_school_physics": 0.8545454545454545,
        "high_school_politics": 0.9090909090909091,
        "human_sexuality": 0.8412698412698413,
        "international_law": 0.8540540540540541,
        "journalism": 0.8430232558139535,
        "jurisprudence": 0.9391727493917275,
        "legal_and_moral_basis": 0.985981308411215,
        "logical": 0.9186991869918699,
        "machine_learning": 0.819672131147541,
        "management": 0.9285714285714286,
        "marketing": 0.9444444444444444,
        "marxist_theory": 0.9735449735449735,
        "modern_chinese": 0.7931034482758621,
        "nutrition": 0.8758620689655172,
        "philosophy": 0.9142857142857143,
        "professional_accounting": 0.9657142857142857,
        "professional_law": 0.8388625592417062,
        "professional_medicine": 0.875,
        "professional_psychology": 0.9137931034482759,
        "public_relations": 0.8103448275862069,
        "security_study": 0.9481481481481482,
        "sociology": 0.9203539823008849,
        "sports_science": 0.9030303030303031,
        "traditional_chinese_medicine": 0.9351351351351351,
        "virology": 0.9289940828402367,
        "world_history": 0.968944099378882,
        "world_religions": 0.875
    }
}