{
    "overall_acc": 0.9142857142857143,
    "language_acc": {
        "Spanish": 0.9117647058823529,
        "English": 0.9302521008403362,
        "Chinese": 0.9058823529411765,
        "Vietnamese": 0.9092436974789916
    },
    "consistency_score_2": 0.9068627450980392,
    "consistency_score_3": 0.8649159663865547,
    "consistency_score_4": 0.8369747899159664,
    "detailed_consistency_score": {
        "2_combine": {
            "Spanish,English": 0.9294117647058824,
            "Spanish,Chinese": 0.8907563025210085,
            "Spanish,Vietnamese": 0.9042016806722689,
            "English,Chinese": 0.9092436974789916,
            "English,Vietnamese": 0.9159663865546218,
            "Chinese,Vietnamese": 0.8915966386554622
        },
        "3_combine": {
            "Spanish,English,Chinese": 0.8680672268907563,
            "Spanish,English,Vietnamese": 0.880672268907563,
            "Spanish,Chinese,Vietnamese": 0.8487394957983193,
            "English,Chinese,Vietnamese": 0.8621848739495799
        },
        "4_combine": {
            "Spanish,English,Chinese,Vietnamese": 0.8369747899159664
        }
    },
    "AC3_2": 0.9105591016957517,
    "AC3_3": 0.8889158780263842,
    "AC3_4": 0.8739237729141776
}