{
    "overall_acc": 0.3928571428571429,
    "language_acc": {
        "Spanish": 0.3915966386554622,
        "English": 0.39915966386554624,
        "Chinese": 0.3815126050420168,
        "Vietnamese": 0.39915966386554624
    },
    "consistency_score_2": 0.38837535014005603,
    "consistency_score_3": 0.22584033613445376,
    "consistency_score_4": 0.17478991596638654,
    "detailed_consistency_score": {
        "2_combine": {
            "Spanish,English": 0.40336134453781514,
            "Spanish,Chinese": 0.39663865546218485,
            "Spanish,Vietnamese": 0.3739495798319328,
            "English,Chinese": 0.3831932773109244,
            "English,Vietnamese": 0.3840336134453782,
            "Chinese,Vietnamese": 0.38907563025210085
        },
        "3_combine": {
            "Spanish,English,Chinese": 0.22605042016806723,
            "Spanish,English,Vietnamese": 0.2218487394957983,
            "Spanish,Chinese,Vietnamese": 0.226890756302521,
            "English,Chinese,Vietnamese": 0.22857142857142856
        },
        "4_combine": {
            "Spanish,English,Chinese,Vietnamese": 0.17478991596638654
        }
    },
    "AC3_2": 0.3906033908223061,
    "AC3_3": 0.28680572394103143,
    "AC3_4": 0.2419371893409044
}