{
    "overall_acc": 0.38193277310924373,
    "language_acc": {
        "Spanish": 0.3840336134453782,
        "English": 0.4092436974789916,
        "Chinese": 0.35714285714285715,
        "Vietnamese": 0.3773109243697479
    },
    "consistency_score_2": 0.39481792717086833,
    "consistency_score_3": 0.2361344537815126,
    "consistency_score_4": 0.1865546218487395,
    "detailed_consistency_score": {
        "2_combine": {
            "Spanish,English": 0.3941176470588235,
            "Spanish,Chinese": 0.4042016806722689,
            "Spanish,Vietnamese": 0.3915966386554622,
            "English,Chinese": 0.3899159663865546,
            "English,Vietnamese": 0.4,
            "Chinese,Vietnamese": 0.38907563025210085
        },
        "3_combine": {
            "Spanish,English,Chinese": 0.246218487394958,
            "Spanish,English,Vietnamese": 0.23445378151260504,
            "Spanish,Chinese,Vietnamese": 0.23277310924369748,
            "English,Chinese,Vietnamese": 0.23109243697478993
        },
        "4_combine": {
            "Spanish,English,Chinese,Vietnamese": 0.1865546218487395
        }
    },
    "AC3_2": 0.3882684771930567,
    "AC3_3": 0.29183714269567146,
    "AC3_4": 0.25066984660853586
}