{
    "overall_acc": 0.31523809523809526,
    "language_acc": {
        "Filipino": 0.30666666666666664,
        "Vietnamese": 0.25333333333333335,
        "Chinese": 0.26,
        "Spanish": 0.3466666666666667,
        "Malay": 0.26,
        "Indonesian": 0.28,
        "English": 0.5
    },
    "consistency_score_2": 0.5269841269841271,
    "consistency_score_3": 0.3487619047619048,
    "consistency_score_4": 0.25904761904761914,
    "consistency_score_5": 0.206984126984127,
    "consistency_score_6": 0.1742857142857143,
    "consistency_score_7": 0.15333333333333332,
    "detailed_consistency_score": {
        "2_combine": {
            "Filipino,Vietnamese": 0.5,
            "Filipino,Chinese": 0.54,
            "Filipino,Spanish": 0.48,
            "Filipino,Malay": 0.6066666666666667,
            "Filipino,Indonesian": 0.5866666666666667,
            "Filipino,English": 0.47333333333333333,
            "Vietnamese,Chinese": 0.6266666666666667,
            "Vietnamese,Spanish": 0.48,
            "Vietnamese,Malay": 0.6066666666666667,
            "Vietnamese,Indonesian": 0.5066666666666667,
            "Vietnamese,English": 0.4533333333333333,
            "Chinese,Spanish": 0.4666666666666667,
            "Chinese,Malay": 0.6333333333333333,
            "Chinese,Indonesian": 0.5466666666666666,
            "Chinese,English": 0.46,
            "Spanish,Malay": 0.42,
            "Spanish,Indonesian": 0.48,
            "Spanish,English": 0.56,
            "Malay,Indonesian": 0.6733333333333333,
            "Malay,English": 0.4866666666666667,
            "Indonesian,English": 0.48
        },
        "3_combine": {
            "Filipino,Vietnamese,Chinese": 0.3933333333333333,
            "Filipino,Vietnamese,Spanish": 0.30666666666666664,
            "Filipino,Vietnamese,Malay": 0.4,
            "Filipino,Vietnamese,Indonesian": 0.3466666666666667,
            "Filipino,Vietnamese,English": 0.3,
            "Filipino,Chinese,Spanish": 0.32,
            "Filipino,Chinese,Malay": 0.43333333333333335,
            "Filipino,Chinese,Indonesian": 0.3933333333333333,
            "Filipino,Chinese,English": 0.30666666666666664,
            "Filipino,Spanish,Malay": 0.3333333333333333,
            "Filipino,Spanish,Indonesian": 0.34,
            "Filipino,Spanish,English": 0.3333333333333333,
            "Filipino,Malay,Indonesian": 0.4666666666666667,
            "Filipino,Malay,English": 0.34,
            "Filipino,Indonesian,English": 0.3333333333333333,
            "Vietnamese,Chinese,Spanish": 0.3466666666666667,
            "Vietnamese,Chinese,Malay": 0.48,
            "Vietnamese,Chinese,Indonesian": 0.38,
            "Vietnamese,Chinese,English": 0.32666666666666666,
            "Vietnamese,Spanish,Malay": 0.31333333333333335,
            "Vietnamese,Spanish,Indonesian": 0.2866666666666667,
            "Vietnamese,Spanish,English": 0.30666666666666664,
            "Vietnamese,Malay,Indonesian": 0.4266666666666667,
            "Vietnamese,Malay,English": 0.34,
            "Vietnamese,Indonesian,English": 0.29333333333333333,
            "Chinese,Spanish,Malay": 0.3333333333333333,
            "Chinese,Spanish,Indonesian": 0.30666666666666664,
            "Chinese,Spanish,English": 0.32666666666666666,
            "Chinese,Malay,Indonesian": 0.46,
            "Chinese,Malay,English": 0.3466666666666667,
            "Chinese,Indonesian,English": 0.31333333333333335,
            "Spanish,Malay,Indonesian": 0.31333333333333335,
            "Spanish,Malay,English": 0.3,
            "Spanish,Indonesian,English": 0.29333333333333333,
            "Malay,Indonesian,English": 0.36666666666666664
        },
        "4_combine": {
            "Filipino,Vietnamese,Chinese,Spanish": 0.26666666666666666,
            "Filipino,Vietnamese,Chinese,Malay": 0.3333333333333333,
            "Filipino,Vietnamese,Chinese,Indonesian": 0.29333333333333333,
            "Filipino,Vietnamese,Chinese,English": 0.25333333333333335,
            "Filipino,Vietnamese,Spanish,Malay": 0.25333333333333335,
            "Filipino,Vietnamese,Spanish,Indonesian": 0.24,
            "Filipino,Vietnamese,Spanish,English": 0.23333333333333334,
            "Filipino,Vietnamese,Malay,Indonesian": 0.31333333333333335,
            "Filipino,Vietnamese,Malay,English": 0.26,
            "Filipino,Vietnamese,Indonesian,English": 0.23333333333333334,
            "Filipino,Chinese,Spanish,Malay": 0.2733333333333333,
            "Filipino,Chinese,Spanish,Indonesian": 0.26,
            "Filipino,Chinese,Spanish,English": 0.24,
            "Filipino,Chinese,Malay,Indonesian": 0.3466666666666667,
            "Filipino,Chinese,Malay,English": 0.26666666666666666,
            "Filipino,Chinese,Indonesian,English": 0.24666666666666667,
            "Filipino,Spanish,Malay,Indonesian": 0.26666666666666666,
            "Filipino,Spanish,Malay,English": 0.24666666666666667,
            "Filipino,Spanish,Indonesian,English": 0.24,
            "Filipino,Malay,Indonesian,English": 0.26,
            "Vietnamese,Chinese,Spanish,Malay": 0.28,
            "Vietnamese,Chinese,Spanish,Indonesian": 0.24666666666666667,
            "Vietnamese,Chinese,Spanish,English": 0.24,
            "Vietnamese,Chinese,Malay,Indonesian": 0.34,
            "Vietnamese,Chinese,Malay,English": 0.28,
            "Vietnamese,Chinese,Indonesian,English": 0.24,
            "Vietnamese,Spanish,Malay,Indonesian": 0.23333333333333334,
            "Vietnamese,Spanish,Malay,English": 0.22,
            "Vietnamese,Spanish,Indonesian,English": 0.19333333333333333,
            "Vietnamese,Malay,Indonesian,English": 0.26,
            "Chinese,Spanish,Malay,Indonesian": 0.26,
            "Chinese,Spanish,Malay,English": 0.24,
            "Chinese,Spanish,Indonesian,English": 0.22,
            "Chinese,Malay,Indonesian,English": 0.2733333333333333,
            "Spanish,Malay,Indonesian,English": 0.21333333333333335
        },
        "5_combine": {
            "Filipino,Vietnamese,Chinese,Spanish,Malay": 0.23333333333333334,
            "Filipino,Vietnamese,Chinese,Spanish,Indonesian": 0.22666666666666666,
            "Filipino,Vietnamese,Chinese,Spanish,English": 0.20666666666666667,
            "Filipino,Vietnamese,Chinese,Malay,Indonesian": 0.26666666666666666,
            "Filipino,Vietnamese,Chinese,Malay,English": 0.22666666666666666,
            "Filipino,Vietnamese,Chinese,Indonesian,English": 0.20666666666666667,
            "Filipino,Vietnamese,Spanish,Malay,Indonesian": 0.20666666666666667,
            "Filipino,Vietnamese,Spanish,Malay,English": 0.19333333333333333,
            "Filipino,Vietnamese,Spanish,Indonesian,English": 0.18,
            "Filipino,Vietnamese,Malay,Indonesian,English": 0.20666666666666667,
            "Filipino,Chinese,Spanish,Malay,Indonesian": 0.22666666666666666,
            "Filipino,Chinese,Spanish,Malay,English": 0.20666666666666667,
            "Filipino,Chinese,Spanish,Indonesian,English": 0.19333333333333333,
            "Filipino,Chinese,Malay,Indonesian,English": 0.21333333333333335,
            "Filipino,Spanish,Malay,Indonesian,English": 0.18666666666666668,
            "Vietnamese,Chinese,Spanish,Malay,Indonesian": 0.22,
            "Vietnamese,Chinese,Spanish,Malay,English": 0.2,
            "Vietnamese,Chinese,Spanish,Indonesian,English": 0.18,
            "Vietnamese,Chinese,Malay,Indonesian,English": 0.22,
            "Vietnamese,Spanish,Malay,Indonesian,English": 0.16,
            "Chinese,Spanish,Malay,Indonesian,English": 0.18666666666666668
        },
        "6_combine": {
            "Filipino,Vietnamese,Chinese,Spanish,Malay,Indonesian": 0.2,
            "Filipino,Vietnamese,Chinese,Spanish,Malay,English": 0.18,
            "Filipino,Vietnamese,Chinese,Spanish,Indonesian,English": 0.17333333333333334,
            "Filipino,Vietnamese,Chinese,Malay,Indonesian,English": 0.18666666666666668,
            "Filipino,Vietnamese,Spanish,Malay,Indonesian,English": 0.15333333333333332,