{
    "accuracy": 0.6007150518412585,
    "category_acc": {
        "high_school_european_history": 0.7439024390243902,
        "business_ethics": 0.5656565656565656,
        "clinical_knowledge": 0.6704545454545454,
        "medical_genetics": 0.6363636363636364,
        "high_school_us_history": 0.8029556650246306,
        "high_school_physics": 0.36666666666666664,
        "high_school_world_history": 0.7966101694915254,
        "virology": 0.4727272727272727,
        "high_school_microeconomics": 0.6497890295358649,
        "econometrics": 0.415929203539823,
        "college_computer_science": 0.5151515151515151,
        "high_school_biology": 0.7572815533980582,
        "abstract_algebra": 0.23232323232323232,
        "professional_accounting": 0.45195729537366547,
        "philosophy": 0.6419354838709678,
        "professional_medicine": 0.6568265682656826,
        "nutrition": 0.6622950819672131,
        "global_facts": 0.26262626262626265,
        "machine_learning": 0.36936936936936937,
        "security_studies": 0.7090163934426229,
        "public_relations": 0.6146788990825688,
        "professional_psychology": 0.6202945990180033,
        "prehistory": 0.6873065015479877,
        "anatomy": 0.5597014925373134,
        "human_sexuality": 0.6461538461538462,
        "college_medicine": 0.622093023255814,
        "high_school_government_and_politics": 0.8541666666666666,
        "college_chemistry": 0.5050505050505051,
        "logical_fallacies": 0.7345679012345679,
        "high_school_geography": 0.7868020304568528,
        "elementary_mathematics": 0.5994694960212201,
        "human_aging": 0.6486486486486487,
        "college_mathematics": 0.30303030303030304,
        "high_school_psychology": 0.8106617647058824,
        "formal_logic": 0.432,
        "high_school_statistics": 0.42790697674418604,
        "international_law": 0.7833333333333333,
        "high_school_mathematics": 0.275092936802974,
        "high_school_computer_science": 0.6868686868686869,
        "conceptual_physics": 0.5299145299145299,
        "miscellaneous": 0.8081841432225064,
        "high_school_chemistry": 0.42574257425742573,
        "marketing": 0.8412017167381974,
        "professional_law": 0.4435746901500326,
        "management": 0.7745098039215687,
        "college_physics": 0.3465346534653465,
        "jurisprudence": 0.7383177570093458,
        "world_religions": 0.8235294117647058,
        "sociology": 0.815,
        "us_foreign_policy": 0.8383838383838383,
        "high_school_macroeconomics": 0.6143958868894601,
        "computer_security": 0.6666666666666666,
        "moral_scenarios": 0.3187919463087248,
        "moral_disputes": 0.663768115942029,
        "electrical_engineering": 0.5416666666666666,
        "astronomy": 0.6490066225165563,
        "college_biology": 0.7482517482517482
    }
}