{
    "accuracy": 0.6010010725777619,
    "category_acc": {
        "high_school_european_history": 0.725609756097561,
        "business_ethics": 0.5656565656565656,
        "clinical_knowledge": 0.6742424242424242,
        "medical_genetics": 0.6565656565656566,
        "high_school_us_history": 0.8078817733990148,
        "high_school_physics": 0.32,
        "high_school_world_history": 0.809322033898305,
        "virology": 0.4666666666666667,
        "high_school_microeconomics": 0.6540084388185654,
        "econometrics": 0.4247787610619469,
        "college_computer_science": 0.48484848484848486,
        "high_school_biology": 0.7637540453074434,
        "abstract_algebra": 0.2222222222222222,
        "professional_accounting": 0.41637010676156583,
        "philosophy": 0.6516129032258065,
        "professional_medicine": 0.6014760147601476,
        "nutrition": 0.6524590163934426,
        "global_facts": 0.31313131313131315,
        "machine_learning": 0.43243243243243246,
        "security_studies": 0.6844262295081968,
        "public_relations": 0.5871559633027523,
        "professional_psychology": 0.6121112929623568,
        "prehistory": 0.6996904024767802,
        "anatomy": 0.5597014925373134,
        "human_sexuality": 0.6461538461538462,
        "college_medicine": 0.6162790697674418,
        "high_school_government_and_politics": 0.8489583333333334,
        "college_chemistry": 0.48484848484848486,
        "logical_fallacies": 0.7345679012345679,
        "high_school_geography": 0.7969543147208121,
        "elementary_mathematics": 0.5862068965517241,
        "human_aging": 0.6621621621621622,
        "college_mathematics": 0.3333333333333333,
        "high_school_psychology": 0.8198529411764706,
        "formal_logic": 0.4,
        "high_school_statistics": 0.4232558139534884,
        "international_law": 0.7833333333333333,
        "high_school_mathematics": 0.275092936802974,
        "high_school_computer_science": 0.6565656565656566,
        "conceptual_physics": 0.5256410256410257,
        "miscellaneous": 0.8107416879795396,
        "high_school_chemistry": 0.44554455445544555,
        "marketing": 0.8454935622317596,
        "professional_law": 0.44031311154598823,
        "management": 0.803921568627451,
        "college_physics": 0.37623762376237624,
        "jurisprudence": 0.7383177570093458,
        "world_religions": 0.8058823529411765,
        "sociology": 0.815,
        "us_foreign_policy": 0.8080808080808081,
        "high_school_macroeconomics": 0.6426735218508998,
        "computer_security": 0.7070707070707071,
        "moral_scenarios": 0.3434004474272931,
        "moral_disputes": 0.663768115942029,
        "electrical_engineering": 0.5763888888888888,
        "astronomy": 0.6291390728476821,
        "college_biology": 0.7132867132867133
    }
}