{
    "accuracy": 0.5982838755809796,
    "category_acc": {
        "high_school_european_history": 0.7073170731707317,
        "business_ethics": 0.5454545454545454,
        "clinical_knowledge": 0.6553030303030303,
        "medical_genetics": 0.6464646464646465,
        "high_school_us_history": 0.7635467980295566,
        "high_school_physics": 0.36666666666666664,
        "high_school_world_history": 0.8050847457627118,
        "virology": 0.48484848484848486,
        "high_school_microeconomics": 0.6497890295358649,
        "econometrics": 0.36283185840707965,
        "college_computer_science": 0.5353535353535354,
        "high_school_biology": 0.7411003236245954,
        "abstract_algebra": 0.2727272727272727,
        "professional_accounting": 0.4092526690391459,
        "philosophy": 0.6483870967741936,
        "professional_medicine": 0.5756457564575646,
        "nutrition": 0.6557377049180327,
        "global_facts": 0.3939393939393939,
        "machine_learning": 0.3963963963963964,
        "security_studies": 0.7049180327868853,
        "public_relations": 0.5871559633027523,
        "professional_psychology": 0.6235679214402619,
        "prehistory": 0.6873065015479877,
        "anatomy": 0.5373134328358209,
        "human_sexuality": 0.6615384615384615,
        "college_medicine": 0.6337209302325582,
        "high_school_government_and_politics": 0.859375,
        "college_chemistry": 0.47474747474747475,
        "logical_fallacies": 0.7283950617283951,
        "high_school_geography": 0.7918781725888325,
        "elementary_mathematics": 0.583554376657825,
        "human_aging": 0.6441441441441441,
        "college_mathematics": 0.3434343434343434,
        "high_school_psychology": 0.8180147058823529,
        "formal_logic": 0.376,
        "high_school_statistics": 0.4604651162790698,
        "international_law": 0.7833333333333333,
        "high_school_mathematics": 0.2788104089219331,
        "high_school_computer_science": 0.6767676767676768,
        "conceptual_physics": 0.5213675213675214,
        "miscellaneous": 0.8107416879795396,
        "high_school_chemistry": 0.44554455445544555,
        "marketing": 0.8326180257510729,
        "professional_law": 0.4409654272667971,
        "management": 0.7745098039215687,
        "college_physics": 0.40594059405940597,
        "jurisprudence": 0.7102803738317757,
        "world_religions": 0.8352941176470589,
        "sociology": 0.825,
        "us_foreign_policy": 0.8383838383838383,
        "high_school_macroeconomics": 0.6195372750642674,
        "computer_security": 0.6666666666666666,
        "moral_scenarios": 0.3232662192393736,
        "moral_disputes": 0.663768115942029,
        "electrical_engineering": 0.5486111111111112,
        "astronomy": 0.6490066225165563,
        "college_biology": 0.7062937062937062
    }
}