{
    "accuracy": 0.6034322488380408,
    "category_acc": {
        "high_school_european_history": 0.7378048780487805,
        "business_ethics": 0.5757575757575758,
        "clinical_knowledge": 0.6818181818181818,
        "medical_genetics": 0.6363636363636364,
        "high_school_us_history": 0.7980295566502463,
        "high_school_physics": 0.35333333333333333,
        "high_school_world_history": 0.8050847457627118,
        "virology": 0.4727272727272727,
        "high_school_microeconomics": 0.6455696202531646,
        "econometrics": 0.39823008849557523,
        "college_computer_science": 0.48484848484848486,
        "high_school_biology": 0.7475728155339806,
        "abstract_algebra": 0.25252525252525254,
        "professional_accounting": 0.4306049822064057,
        "philosophy": 0.6709677419354839,
        "professional_medicine": 0.6273062730627307,
        "nutrition": 0.6622950819672131,
        "global_facts": 0.3838383838383838,
        "machine_learning": 0.43243243243243246,
        "security_studies": 0.7172131147540983,
        "public_relations": 0.6146788990825688,
        "professional_psychology": 0.6219312602291326,
        "prehistory": 0.6811145510835913,
        "anatomy": 0.5373134328358209,
        "human_sexuality": 0.6538461538461539,
        "college_medicine": 0.6104651162790697,
        "high_school_government_and_politics": 0.859375,
        "college_chemistry": 0.42424242424242425,
        "logical_fallacies": 0.7222222222222222,
        "high_school_geography": 0.7868020304568528,
        "elementary_mathematics": 0.5888594164456233,
        "human_aging": 0.6576576576576577,
        "college_mathematics": 0.41414141414141414,
        "high_school_psychology": 0.8180147058823529,
        "formal_logic": 0.4,
        "high_school_statistics": 0.4558139534883721,
        "international_law": 0.7916666666666666,
        "high_school_mathematics": 0.2862453531598513,
        "high_school_computer_science": 0.6868686868686869,
        "conceptual_physics": 0.5213675213675214,
        "miscellaneous": 0.8158567774936062,
        "high_school_chemistry": 0.4504950495049505,
        "marketing": 0.8412017167381974,
        "professional_law": 0.441617742987606,
        "management": 0.7941176470588235,
        "college_physics": 0.3564356435643564,
        "jurisprudence": 0.7663551401869159,
        "world_religions": 0.8058823529411765,
        "sociology": 0.805,
        "us_foreign_policy": 0.8484848484848485,
        "high_school_macroeconomics": 0.6401028277634961,
        "computer_security": 0.6666666666666666,
        "moral_scenarios": 0.32997762863534674,
        "moral_disputes": 0.6608695652173913,
        "electrical_engineering": 0.5486111111111112,
        "astronomy": 0.6357615894039735,
        "college_biology": 0.7202797202797203
    }
}