{
    "overall_acc": 0.24095238095238095,
    "language_acc": {
        "Filipino": 0.22666666666666666,
        "Vietnamese": 0.18,
        "Chinese": 0.28,
        "Spanish": 0.24666666666666667,
        "Malay": 0.21333333333333335,
        "Indonesian": 0.2733333333333333,
        "English": 0.26666666666666666
    },
    "consistency_score_2": 0.25968253968253974,
    "consistency_score_3": 0.06914285714285713,
    "consistency_score_4": 0.01923809523809524,
    "consistency_score_5": 0.005079365079365079,
    "consistency_score_6": 0.0009523809523809525,
    "consistency_score_7": 0.0,
    "detailed_consistency_score": {
        "2_combine": {
            "Filipino,Vietnamese": 0.24666666666666667,
            "Filipino,Chinese": 0.26666666666666666,
            "Filipino,Spanish": 0.30666666666666664,
            "Filipino,Malay": 0.26,
            "Filipino,Indonesian": 0.20666666666666667,
            "Filipino,English": 0.26,
            "Vietnamese,Chinese": 0.25333333333333335,
            "Vietnamese,Spanish": 0.22666666666666666,
            "Vietnamese,Malay": 0.22666666666666666,
            "Vietnamese,Indonesian": 0.2866666666666667,
            "Vietnamese,English": 0.2733333333333333,
            "Chinese,Spanish": 0.22666666666666666,
            "Chinese,Malay": 0.22,
            "Chinese,Indonesian": 0.23333333333333334,
            "Chinese,English": 0.26,
            "Spanish,Malay": 0.2733333333333333,
            "Spanish,Indonesian": 0.24,
            "Spanish,English": 0.3,
            "Malay,Indonesian": 0.32666666666666666,
            "Malay,English": 0.24,
            "Indonesian,English": 0.32
        },
        "3_combine": {
            "Filipino,Vietnamese,Chinese": 0.08666666666666667,
            "Filipino,Vietnamese,Spanish": 0.07333333333333333,
            "Filipino,Vietnamese,Malay": 0.06666666666666667,
            "Filipino,Vietnamese,Indonesian": 0.04666666666666667,
            "Filipino,Vietnamese,English": 0.08,
            "Filipino,Chinese,Spanish": 0.06,
            "Filipino,Chinese,Malay": 0.07333333333333333,
            "Filipino,Chinese,Indonesian": 0.04666666666666667,
            "Filipino,Chinese,English": 0.07333333333333333,
            "Filipino,Spanish,Malay": 0.06666666666666667,
            "Filipino,Spanish,Indonesian": 0.05333333333333334,
            "Filipino,Spanish,English": 0.1,
            "Filipino,Malay,Indonesian": 0.07333333333333333,
            "Filipino,Malay,English": 0.06666666666666667,
            "Filipino,Indonesian,English": 0.08,
            "Vietnamese,Chinese,Spanish": 0.05333333333333334,
            "Vietnamese,Chinese,Malay": 0.05333333333333334,
            "Vietnamese,Chinese,Indonesian": 0.05333333333333334,
            "Vietnamese,Chinese,English": 0.08666666666666667,
            "Vietnamese,Spanish,Malay": 0.05333333333333334,
            "Vietnamese,Spanish,Indonesian": 0.06666666666666667,
            "Vietnamese,Spanish,English": 0.06,
            "Vietnamese,Malay,Indonesian": 0.06666666666666667,
            "Vietnamese,Malay,English": 0.04666666666666667,
            "Vietnamese,Indonesian,English": 0.09333333333333334,
            "Chinese,Spanish,Malay": 0.04666666666666667,
            "Chinese,Spanish,Indonesian": 0.07333333333333333,
            "Chinese,Spanish,English": 0.08,
            "Chinese,Malay,Indonesian": 0.05333333333333334,
            "Chinese,Malay,English": 0.06,
            "Chinese,Indonesian,English": 0.08,
            "Spanish,Malay,Indonesian": 0.09333333333333334,
            "Spanish,Malay,English": 0.06,
            "Spanish,Indonesian,English": 0.09333333333333334,
            "Malay,Indonesian,English": 0.1
        },
        "4_combine": {
            "Filipino,Vietnamese,Chinese,Spanish": 0.02666666666666667,
            "Filipino,Vietnamese,Chinese,Malay": 0.02,
            "Filipino,Vietnamese,Chinese,Indonesian": 0.013333333333333334,
            "Filipino,Vietnamese,Chinese,English": 0.04,
            "Filipino,Vietnamese,Spanish,Malay": 0.013333333333333334,
            "Filipino,Vietnamese,Spanish,Indonesian": 0.02,
            "Filipino,Vietnamese,Spanish,English": 0.02666666666666667,
            "Filipino,Vietnamese,Malay,Indonesian": 0.013333333333333334,
            "Filipino,Vietnamese,Malay,English": 0.013333333333333334,
            "Filipino,Vietnamese,Indonesian,English": 0.02,
            "Filipino,Chinese,Spanish,Malay": 0.013333333333333334,
            "Filipino,Chinese,Spanish,Indonesian": 0.02,
            "Filipino,Chinese,Spanish,English": 0.02,
            "Filipino,Chinese,Malay,Indonesian": 0.013333333333333334,
            "Filipino,Chinese,Malay,English": 0.02,
            "Filipino,Chinese,Indonesian,English": 0.02666666666666667,
            "Filipino,Spanish,Malay,Indonesian": 0.02,
            "Filipino,Spanish,Malay,English": 0.013333333333333334,
            "Filipino,Spanish,Indonesian,English": 0.02666666666666667,
            "Filipino,Malay,Indonesian,English": 0.02666666666666667,
            "Vietnamese,Chinese,Spanish,Malay": 0.006666666666666667,
            "Vietnamese,Chinese,Spanish,Indonesian": 0.013333333333333334,
            "Vietnamese,Chinese,Spanish,English": 0.02666666666666667,
            "Vietnamese,Chinese,Malay,Indonesian": 0.013333333333333334,
            "Vietnamese,Chinese,Malay,English": 0.02,
            "Vietnamese,Chinese,Indonesian,English": 0.03333333333333333,
            "Vietnamese,Spanish,Malay,Indonesian": 0.02,
            "Vietnamese,Spanish,Malay,English": 0.006666666666666667,
            "Vietnamese,Spanish,Indonesian,English": 0.02666666666666667,
            "Vietnamese,Malay,Indonesian,English": 0.006666666666666667,
            "Chinese,Spanish,Malay,Indonesian": 0.006666666666666667,
            "Chinese,Spanish,Malay,English": 0.006666666666666667,
            "Chinese,Spanish,Indonesian,English": 0.04666666666666667,
            "Chinese,Malay,Indonesian,English": 0.013333333333333334,
            "Spanish,Malay,Indonesian,English": 0.02
        },
        "5_combine": {
            "Filipino,Vietnamese,Chinese,Spanish,Malay": 0.0,
            "Filipino,Vietnamese,Chinese,Spanish,Indonesian": 0.006666666666666667,
            "Filipino,Vietnamese,Chinese,Spanish,English": 0.013333333333333334,
            "Filipino,Vietnamese,Chinese,Malay,Indonesian": 0.0,
            "Filipino,Vietnamese,Chinese,Malay,English": 0.006666666666666667,
            "Filipino,Vietnamese,Chinese,Indonesian,English": 0.013333333333333334,
            "Filipino,Vietnamese,Spanish,Malay,Indonesian": 0.006666666666666667,
            "Filipino,Vietnamese,Spanish,Malay,English": 0.0,
            "Filipino,Vietnamese,Spanish,Indonesian,English": 0.006666666666666667,
            "Filipino,Vietnamese,Malay,Indonesian,English": 0.0,
            "Filipino,Chinese,Spanish,Malay,Indonesian": 0.0,
            "Filipino,Chinese,Spanish,Malay,English": 0.0,
            "Filipino,Chinese,Spanish,Indonesian,English": 0.013333333333333334,
            "Filipino,Chinese,Malay,Indonesian,English": 0.006666666666666667,
            "Filipino,Spanish,Malay,Indonesian,English": 0.013333333333333334,
            "Vietnamese,Chinese,Spanish,Malay,Indonesian": 0.0,
            "Vietnamese,Chinese,Spanish,Malay,English": 0.0,
            "Vietnamese,Chinese,Spanish,Indonesian,English": 0.013333333333333334,
            "Vietnamese,Chinese,Malay,Indonesian,English": 0.006666666666666667,
            "Vietnamese,Spanish,Malay,Indonesian,English": 0.0,
            "Chinese,Spanish,Malay,Indonesian,English": 0.0
        },
        "6_combine": {
            "Filipino,Vietnamese,Chinese,Spanish,Malay,Indonesian": 0.0,
            "Filipino,Vietnamese,Chinese,Spanish,Malay,English": 0.0,
            "Filipino,Vietnamese,Chinese,Spanish,Indonesian,English": 0.006666666666666667,
            "Filipino,Vietnamese,Chinese,Malay,Indonesian,English": 0.0,