{
    "overall_acc": 0.2638095238095238,
    "language_acc": {
        "Filipino": 0.21333333333333335,
        "Vietnamese": 0.30666666666666664,
        "Chinese": 0.20666666666666667,
        "Spanish": 0.25333333333333335,
        "Malay": 0.31333333333333335,
        "Indonesian": 0.2733333333333333,
        "English": 0.28
    },
    "consistency_score_2": 0.26031746031746034,
    "consistency_score_3": 0.07180952380952384,
    "consistency_score_4": 0.021904761904761906,
    "consistency_score_5": 0.006349206349206349,
    "consistency_score_6": 0.0009523809523809525,
    "consistency_score_7": 0.0,
    "detailed_consistency_score": {
        "2_combine": {
            "Filipino,Vietnamese": 0.26,
            "Filipino,Chinese": 0.2866666666666667,
            "Filipino,Spanish": 0.26,
            "Filipino,Malay": 0.2733333333333333,
            "Filipino,Indonesian": 0.29333333333333333,
            "Filipino,English": 0.21333333333333335,
            "Vietnamese,Chinese": 0.21333333333333335,
            "Vietnamese,Spanish": 0.2733333333333333,
            "Vietnamese,Malay": 0.35333333333333333,
            "Vietnamese,Indonesian": 0.25333333333333335,
            "Vietnamese,English": 0.2733333333333333,
            "Chinese,Spanish": 0.29333333333333333,
            "Chinese,Malay": 0.20666666666666667,
            "Chinese,Indonesian": 0.24666666666666667,
            "Chinese,English": 0.2,
            "Spanish,Malay": 0.2733333333333333,
            "Spanish,Indonesian": 0.25333333333333335,
            "Spanish,English": 0.32666666666666666,
            "Malay,Indonesian": 0.26,
            "Malay,English": 0.21333333333333335,
            "Indonesian,English": 0.24
        },
        "3_combine": {
            "Filipino,Vietnamese,Chinese": 0.05333333333333334,
            "Filipino,Vietnamese,Spanish": 0.1,
            "Filipino,Vietnamese,Malay": 0.10666666666666667,
            "Filipino,Vietnamese,Indonesian": 0.06,
            "Filipino,Vietnamese,English": 0.06666666666666667,
            "Filipino,Chinese,Spanish": 0.10666666666666667,
            "Filipino,Chinese,Malay": 0.03333333333333333,
            "Filipino,Chinese,Indonesian": 0.09333333333333334,
            "Filipino,Chinese,English": 0.06666666666666667,
            "Filipino,Spanish,Malay": 0.06,
            "Filipino,Spanish,Indonesian": 0.07333333333333333,
            "Filipino,Spanish,English": 0.08666666666666667,
            "Filipino,Malay,Indonesian": 0.1,
            "Filipino,Malay,English": 0.05333333333333334,
            "Filipino,Indonesian,English": 0.08,
            "Vietnamese,Chinese,Spanish": 0.07333333333333333,
            "Vietnamese,Chinese,Malay": 0.05333333333333334,
            "Vietnamese,Chinese,Indonesian": 0.05333333333333334,
            "Vietnamese,Chinese,English": 0.04,
            "Vietnamese,Spanish,Malay": 0.10666666666666667,
            "Vietnamese,Spanish,Indonesian": 0.04666666666666667,
            "Vietnamese,Spanish,English": 0.11333333333333333,
            "Vietnamese,Malay,Indonesian": 0.12,
            "Vietnamese,Malay,English": 0.08666666666666667,
            "Vietnamese,Indonesian,English": 0.06,
            "Chinese,Spanish,Malay": 0.06666666666666667,
            "Chinese,Spanish,Indonesian": 0.08666666666666667,
            "Chinese,Spanish,English": 0.07333333333333333,
            "Chinese,Malay,Indonesian": 0.06,
            "Chinese,Malay,English": 0.006666666666666667,
            "Chinese,Indonesian,English": 0.06,
            "Spanish,Malay,Indonesian": 0.08666666666666667,
            "Spanish,Malay,English": 0.06,
            "Spanish,Indonesian,English": 0.07333333333333333,
            "Malay,Indonesian,English": 0.04666666666666667
        },
        "4_combine": {
            "Filipino,Vietnamese,Chinese,Spanish": 0.03333333333333333,
            "Filipino,Vietnamese,Chinese,Malay": 0.006666666666666667,
            "Filipino,Vietnamese,Chinese,Indonesian": 0.013333333333333334,
            "Filipino,Vietnamese,Chinese,English": 0.006666666666666667,
            "Filipino,Vietnamese,Spanish,Malay": 0.03333333333333333,
            "Filipino,Vietnamese,Spanish,Indonesian": 0.006666666666666667,
            "Filipino,Vietnamese,Spanish,English": 0.03333333333333333,
            "Filipino,Vietnamese,Malay,Indonesian": 0.04666666666666667,
            "Filipino,Vietnamese,Malay,English": 0.03333333333333333,
            "Filipino,Vietnamese,Indonesian,English": 0.006666666666666667,
            "Filipino,Chinese,Spanish,Malay": 0.013333333333333334,
            "Filipino,Chinese,Spanish,Indonesian": 0.04,
            "Filipino,Chinese,Spanish,English": 0.04,
            "Filipino,Chinese,Malay,Indonesian": 0.02,
            "Filipino,Chinese,Malay,English": 0.0,
            "Filipino,Chinese,Indonesian,English": 0.03333333333333333,
            "Filipino,Spanish,Malay,Indonesian": 0.02,
            "Filipino,Spanish,Malay,English": 0.02666666666666667,
            "Filipino,Spanish,Indonesian,English": 0.03333333333333333,
            "Filipino,Malay,Indonesian,English": 0.02,
            "Vietnamese,Chinese,Spanish,Malay": 0.02666666666666667,
            "Vietnamese,Chinese,Spanish,Indonesian": 0.02,
            "Vietnamese,Chinese,Spanish,English": 0.02,
            "Vietnamese,Chinese,Malay,Indonesian": 0.02,
            "Vietnamese,Chinese,Malay,English": 0.0,
            "Vietnamese,Chinese,Indonesian,English": 0.006666666666666667,
            "Vietnamese,Spanish,Malay,Indonesian": 0.04,
            "Vietnamese,Spanish,Malay,English": 0.04,
            "Vietnamese,Spanish,Indonesian,English": 0.013333333333333334,
            "Vietnamese,Malay,Indonesian,English": 0.02666666666666667,
            "Chinese,Spanish,Malay,Indonesian": 0.04,
            "Chinese,Spanish,Malay,English": 0.0,
            "Chinese,Spanish,Indonesian,English": 0.02666666666666667,
            "Chinese,Malay,Indonesian,English": 0.0,
            "Spanish,Malay,Indonesian,English": 0.02
        },
        "5_combine": {
            "Filipino,Vietnamese,Chinese,Spanish,Malay": 0.006666666666666667,
            "Filipino,Vietnamese,Chinese,Spanish,Indonesian": 0.006666666666666667,
            "Filipino,Vietnamese,Chinese,Spanish,English": 0.006666666666666667,
            "Filipino,Vietnamese,Chinese,Malay,Indonesian": 0.006666666666666667,
            "Filipino,Vietnamese,Chinese,Malay,English": 0.0,
            "Filipino,Vietnamese,Chinese,Indonesian,English": 0.0,
            "Filipino,Vietnamese,Spanish,Malay,Indonesian": 0.006666666666666667,
            "Filipino,Vietnamese,Spanish,Malay,English": 0.02,
            "Filipino,Vietnamese,Spanish,Indonesian,English": 0.0,
            "Filipino,Vietnamese,Malay,Indonesian,English": 0.006666666666666667,
            "Filipino,Chinese,Spanish,Malay,Indonesian": 0.013333333333333334,
            "Filipino,Chinese,Spanish,Malay,English": 0.0,
            "Filipino,Chinese,Spanish,Indonesian,English": 0.02,
            "Filipino,Chinese,Malay,Indonesian,English": 0.0,
            "Filipino,Spanish,Malay,Indonesian,English": 0.006666666666666667,
            "Vietnamese,Chinese,Spanish,Malay,Indonesian": 0.02,
            "Vietnamese,Chinese,Spanish,Malay,English": 0.0,
            "Vietnamese,Chinese,Spanish,Indonesian,English": 0.0,
            "Vietnamese,Chinese,Malay,Indonesian,English": 0.0,
            "Vietnamese,Spanish,Malay,Indonesian,English": 0.013333333333333334,
            "Chinese,Spanish,Malay,Indonesian,English": 0.0
        },
        "6_combine": {
            "Filipino,Vietnamese,Chinese,Spanish,Malay,Indonesian": 0.006666666666666667,
            "Filipino,Vietnamese,Chinese,Spanish,Malay,English": 0.0,
            "Filipino,Vietnamese,Chinese,Spanish,Indonesian,English": 0.0,
            "Filipino,Vietnamese,Chinese,Malay,Indonesian,English": 0.0,
            "Filipino,Vietnamese,Spanish,Malay,Indonesian,English": 0.0,