{
    "overall_acc": 0.7779411764705882,
    "language_acc": {
        "Spanish": 0.9613445378151261,
        "English": 0.9705882352941176,
        "Chinese": 0.3487394957983193,
        "Vietnamese": 0.83109243697479
    },
    "consistency_score_2": 0.6147058823529411,
    "consistency_score_3": 0.4432773109243697,
    "consistency_score_4": 0.3058823529411765,
    "detailed_consistency_score": {
        "2_combine": {
            "Spanish,English": 0.9747899159663865,
            "Spanish,Chinese": 0.3453781512605042,
            "Spanish,Vietnamese": 0.8243697478991596,
            "English,Chinese": 0.34369747899159664,
            "English,Vietnamese": 0.826890756302521,
            "Chinese,Vietnamese": 0.373109243697479
        },
        "3_combine": {
            "Spanish,English,Chinese": 0.3378151260504202,
            "Spanish,English,Vietnamese": 0.8168067226890756,
            "Spanish,Chinese,Vietnamese": 0.3092436974789916,
            "English,Chinese,Vietnamese": 0.3092436974789916
        },
        "4_combine": {
            "Spanish,English,Chinese,Vietnamese": 0.3058823529411765
        }
    },
    "AC3_2": 0.6867569413756202,
    "AC3_3": 0.564753443047834,
    "AC3_4": 0.4391092664612012
}