{
    "overall_acc": 0.7771008403361345,
    "language_acc": {
        "Spanish": 0.9613445378151261,
        "English": 0.9697478991596639,
        "Chinese": 0.3445378151260504,
        "Vietnamese": 0.8327731092436975
    },
    "consistency_score_2": 0.6126050420168068,
    "consistency_score_3": 0.44054621848739495,
    "consistency_score_4": 0.3025210084033613,
    "detailed_consistency_score": {
        "2_combine": {
            "Spanish,English": 0.973109243697479,
            "Spanish,Chinese": 0.33949579831932775,
            "Spanish,Vietnamese": 0.8243697478991596,
            "English,Chinese": 0.33865546218487397,
            "English,Vietnamese": 0.8294117647058824,
            "Chinese,Vietnamese": 0.37058823529411766
        },
        "3_combine": {
            "Spanish,English,Chinese": 0.3319327731092437,
            "Spanish,English,Vietnamese": 0.8184873949579832,
            "Spanish,Chinese,Vietnamese": 0.3050420168067227,
            "English,Chinese,Vietnamese": 0.3067226890756303
        },
        "4_combine": {
            "Spanish,English,Chinese,Vietnamese": 0.3025210084033613
        }
    },
    "AC3_2": 0.6851174755123539,
    "AC3_3": 0.5623120987063642,
    "AC3_4": 0.43550309787133057
}