{
    "rouge1": 0.23125728609443794,
    "rouge2": 0.0640530946503918,
    "rougeL": 0.17086375161470452,
    "avg_rouge": 0.15539137745317808
}