{
    "rouge1": 0.23171463702568543,
    "rouge2": 0.06482582508272836,
    "rougeL": 0.17113911650235575,
    "avg_rouge": 0.15589319287025652
}