{
    "rouge1": 0.23218474445664966,
    "rouge2": 0.06416276534806573,
    "rougeL": 0.17133699125529367,
    "avg_rouge": 0.15589483368666968
}