{
    "rouge1": 0.23232726794331263,
    "rouge2": 0.06413743246594411,
    "rougeL": 0.17150409279989268,
    "avg_rouge": 0.15598959773638313
}