{
    "rouge1": 0.23040880796958316,
    "rouge2": 0.06366423137632587,
    "rougeL": 0.16981402032766788,
    "avg_rouge": 0.1546290198911923
}