{
    "rouge1": 0.22079406450584757,
    "rouge2": 0.08256077131086058,
    "rougeL": 0.1773810197063271,
    "avg_rouge": 0.16024528517434508
}