{
    "rouge1": 0.22311189627879652,
    "rouge2": 0.08051561232432305,
    "rougeL": 0.17507550912142414,
    "avg_rouge": 0.1595676725748479
}