{
    "rouge1": 0.22027271695407136,
    "rouge2": 0.08217846617891715,
    "rougeL": 0.17684600215667332,
    "avg_rouge": 0.15976572842988726
}