{
    "accuracy": 0.2465753424657534,
    "category_acc": {
        "computer_network": 0.125,
        "operating_system": 0.25,
        "computer_architecture": 0.23076923076923078,
        "college_programming": 0.30952380952380953,
        "college_physics": 0.25,
        "college_chemistry": 0.3103448275862069,
        "advanced_mathematics": 0.3333333333333333,
        "probability_and_statistics": 0.17391304347826086,
        "discrete_mathematics": 0.23809523809523808,
        "electrical_engineer": 0.19047619047619047,
        "metrology_engineer": 0.2413793103448276,
        "high_school_mathematics": 0.30434782608695654,
        "high_school_physics": 0.25,
        "high_school_chemistry": 0.08333333333333333,
        "high_school_biology": 0.4166666666666667,
        "middle_school_mathematics": 0.2916666666666667,
        "middle_school_biology": 0.15384615384615385,
        "middle_school_physics": 0.375,
        "middle_school_chemistry": 0.36,
        "veterinary_medicine": 0.32142857142857145,
        "college_economics": 0.18333333333333332,
        "business_administration": 0.3157894736842105,
        "marxism": 0.125,
        "mao_zedong_thought": 0.1724137931034483,
        "education_science": 0.23529411764705882,
        "teacher_qualification": 0.14285714285714285,
        "high_school_politics": 0.2916666666666667,
        "high_school_geography": 0.25,
        "middle_school_politics": 0.23076923076923078,
        "middle_school_geography": 0.17647058823529413,
        "modern_chinese_history": 0.25,
        "ideological_and_moral_cultivation": 0.2916666666666667,
        "logic": 0.18518518518518517,
        "law": 0.2413793103448276,
        "chinese_language_and_literature": 0.42857142857142855,
        "art_studies": 0.23684210526315788,
        "professional_tour_guide": 0.20588235294117646,
        "legal_professional": 0.21428571428571427,
        "high_school_chinese": 0.375,
        "high_school_history": 0.2,
        "middle_school_history": 0.2222222222222222,
        "civil_servant": 0.25,
        "sports_science": 0.375,
        "plant_protection": 0.2962962962962963,
        "basic_medicine": 0.25,
        "clinical_medicine": 0.2962962962962963,
        "urban_and_rural_planner": 0.23529411764705882,
        "accountant": 0.2037037037037037,
        "fire_engineer": 0.19444444444444445,
        "environmental_impact_assessment_engineer": 0.1388888888888889,
        "tax_accountant": 0.37037037037037035,
        "physician": 0.2037037037037037
    }
}