{
    "accuracy": 0.273972602739726,
    "category_acc": {
        "computer_network": 0.20833333333333334,
        "operating_system": 0.4166666666666667,
        "computer_architecture": 0.3076923076923077,
        "college_programming": 0.19047619047619047,
        "college_physics": 0.20833333333333334,
        "college_chemistry": 0.27586206896551724,
        "advanced_mathematics": 0.2916666666666667,
        "probability_and_statistics": 0.17391304347826086,
        "discrete_mathematics": 0.2857142857142857,
        "electrical_engineer": 0.2857142857142857,
        "metrology_engineer": 0.20689655172413793,
        "high_school_mathematics": 0.30434782608695654,
        "high_school_physics": 0.20833333333333334,
        "high_school_chemistry": 0.375,
        "high_school_biology": 0.25,
        "middle_school_mathematics": 0.4166666666666667,
        "middle_school_biology": 0.34615384615384615,
        "middle_school_physics": 0.25,
        "middle_school_chemistry": 0.28,
        "veterinary_medicine": 0.2857142857142857,
        "college_economics": 0.2833333333333333,
        "business_administration": 0.23684210526315788,
        "marxism": 0.2916666666666667,
        "mao_zedong_thought": 0.2413793103448276,
        "education_science": 0.4117647058823529,
        "teacher_qualification": 0.20408163265306123,
        "high_school_politics": 0.16666666666666666,
        "high_school_geography": 0.20833333333333334,
        "middle_school_politics": 0.19230769230769232,
        "middle_school_geography": 0.4117647058823529,
        "modern_chinese_history": 0.5,
        "ideological_and_moral_cultivation": 0.25,
        "logic": 0.37037037037037035,
        "law": 0.1724137931034483,
        "chinese_language_and_literature": 0.21428571428571427,
        "art_studies": 0.15789473684210525,
        "professional_tour_guide": 0.23529411764705882,
        "legal_professional": 0.2857142857142857,
        "high_school_chinese": 0.25,
        "high_school_history": 0.28,
        "middle_school_history": 0.2962962962962963,
        "civil_servant": 0.19230769230769232,
        "sports_science": 0.25,
        "plant_protection": 0.2962962962962963,
        "basic_medicine": 0.4583333333333333,
        "clinical_medicine": 0.25925925925925924,
        "urban_and_rural_planner": 0.27450980392156865,
        "accountant": 0.25925925925925924,
        "fire_engineer": 0.25,
        "environmental_impact_assessment_engineer": 0.3611111111111111,
        "tax_accountant": 0.25925925925925924,
        "physician": 0.35185185185185186
    }
}