{
    "overall_acc": 0.6359243697478991,
    "language_acc": {
        "Spanish": 0.6226890756302521,
        "English": 0.6672268907563025,
        "Chinese": 0.634453781512605,
        "Vietnamese": 0.619327731092437
    },
    "consistency_score_2": 0.7540616246498599,
    "consistency_score_3": 0.6506302521008404,
    "consistency_score_4": 0.5907563025210084,
    "detailed_consistency_score": {
        "2_combine": {
            "Spanish,English": 0.7941176470588235,
            "Spanish,Chinese": 0.7453781512605042,
            "Spanish,Vietnamese": 0.7411764705882353,
            "English,Chinese": 0.7588235294117647,
            "English,Vietnamese": 0.7571428571428571,
            "Chinese,Vietnamese": 0.7277310924369748
        },
        "3_combine": {
            "Spanish,English,Chinese": 0.6672268907563025,
            "Spanish,English,Vietnamese": 0.6647058823529411,
            "Spanish,Chinese,Vietnamese": 0.6285714285714286,
            "English,Chinese,Vietnamese": 0.6420168067226891
        },
        "4_combine": {
            "Spanish,English,Chinese,Vietnamese": 0.5907563025210084
        }
    },
    "AC3_2": 0.6899726548393105,
    "AC3_3": 0.643193263538917,
    "AC3_4": 0.612508760947188
}