{
    "overall_acc": 0.49188311688311676,
    "language_acc": {
        "Indonesian": 0.4659090909090909,
        "English": 0.5397727272727273,
        "Filipino": 0.4034090909090909,
        "Spanish": 0.5340909090909091,
        "Chinese": 0.5738636363636364,
        "Malay": 0.44886363636363635,
        "Vietnamese": 0.4772727272727273
    },
    "consistency_score_2": 0.6531385281385281,
    "consistency_score_3": 0.5118506493506493,
    "consistency_score_4": 0.4295454545454545,
    "consistency_score_5": 0.37418831168831174,
    "consistency_score_6": 0.3336038961038961,
    "consistency_score_7": 0.30113636363636365,
    "detailed_consistency_score": {
        "2_combine": {
            "Indonesian,English": 0.6420454545454546,
            "Indonesian,Filipino": 0.6079545454545454,
            "Indonesian,Spanish": 0.6818181818181818,
            "Indonesian,Chinese": 0.6193181818181818,
            "Indonesian,Malay": 0.7386363636363636,
            "Indonesian,Vietnamese": 0.6875,
            "English,Filipino": 0.6079545454545454,
            "English,Spanish": 0.7556818181818182,
            "English,Chinese": 0.7102272727272727,
            "English,Malay": 0.6306818181818182,
            "English,Vietnamese": 0.6818181818181818,
            "Filipino,Spanish": 0.5909090909090909,
            "Filipino,Chinese": 0.5170454545454546,
            "Filipino,Malay": 0.6818181818181818,
            "Filipino,Vietnamese": 0.5738636363636364,
            "Spanish,Chinese": 0.6761363636363636,
            "Spanish,Malay": 0.6761363636363636,
            "Spanish,Vietnamese": 0.6988636363636364,
            "Chinese,Malay": 0.6193181818181818,
            "Chinese,Vietnamese": 0.6420454545454546,
            "Malay,Vietnamese": 0.6761363636363636
        },
        "3_combine": {
            "Indonesian,English,Filipino": 0.48295454545454547,
            "Indonesian,English,Spanish": 0.5511363636363636,
            "Indonesian,English,Chinese": 0.5,
            "Indonesian,English,Malay": 0.5340909090909091,
            "Indonesian,English,Vietnamese": 0.5340909090909091,
            "Indonesian,Filipino,Spanish": 0.48295454545454547,
            "Indonesian,Filipino,Chinese": 0.4147727272727273,
            "Indonesian,Filipino,Malay": 0.5454545454545454,
            "Indonesian,Filipino,Vietnamese": 0.4943181818181818,
            "Indonesian,Spanish,Chinese": 0.5113636363636364,
            "Indonesian,Spanish,Malay": 0.5795454545454546,
            "Indonesian,Spanish,Vietnamese": 0.5568181818181818,
            "Indonesian,Chinese,Malay": 0.5227272727272727,
            "Indonesian,Chinese,Vietnamese": 0.5056818181818182,
            "Indonesian,Malay,Vietnamese": 0.5909090909090909,
            "English,Filipino,Spanish": 0.5170454545454546,
            "English,Filipino,Chinese": 0.4431818181818182,
            "English,Filipino,Malay": 0.5056818181818182,
            "English,Filipino,Vietnamese": 0.4772727272727273,
            "English,Spanish,Chinese": 0.5738636363636364,
            "English,Spanish,Malay": 0.5397727272727273,
            "English,Spanish,Vietnamese": 0.5852272727272727,
            "English,Chinese,Malay": 0.4943181818181818,
            "English,Chinese,Vietnamese": 0.5397727272727273,
            "English,Malay,Vietnamese": 0.5340909090909091,
            "Filipino,Spanish,Chinese": 0.4375,
            "Filipino,Spanish,Malay": 0.5056818181818182,
            "Filipino,Spanish,Vietnamese": 0.4715909090909091,
            "Filipino,Chinese,Malay": 0.45454545454545453,
            "Filipino,Chinese,Vietnamese": 0.4147727272727273,
            "Filipino,Malay,Vietnamese": 0.5113636363636364,
            "Spanish,Chinese,Malay": 0.5113636363636364,
            "Spanish,Chinese,Vietnamese": 0.5340909090909091,
            "Spanish,Malay,Vietnamese": 0.5511363636363636,
            "Chinese,Malay,Vietnamese": 0.5056818181818182
        },
        "4_combine": {
            "Indonesian,English,Filipino,Spanish": 0.42613636363636365,
            "Indonesian,English,Filipino,Chinese": 0.375,
            "Indonesian,English,Filipino,Malay": 0.44886363636363635,
            "Indonesian,English,Filipino,Vietnamese": 0.42613636363636365,
            "Indonesian,English,Spanish,Chinese": 0.4375,
            "Indonesian,English,Spanish,Malay": 0.4715909090909091,
            "Indonesian,English,Spanish,Vietnamese": 0.4715909090909091,
            "Indonesian,English,Chinese,Malay": 0.4318181818181818,
            "Indonesian,English,Chinese,Vietnamese": 0.4318181818181818,
            "Indonesian,English,Malay,Vietnamese": 0.4715909090909091,
            "Indonesian,Filipino,Spanish,Chinese": 0.3693181818181818,
            "Indonesian,Filipino,Spanish,Malay": 0.45454545454545453,
            "Indonesian,Filipino,Spanish,Vietnamese": 0.4318181818181818,
            "Indonesian,Filipino,Chinese,Malay": 0.3977272727272727,
            "Indonesian,Filipino,Chinese,Vietnamese": 0.3693181818181818,
            "Indonesian,Filipino,Malay,Vietnamese": 0.4659090909090909,
            "Indonesian,Spanish,Chinese,Malay": 0.44886363636363635,
            "Indonesian,Spanish,Chinese,Vietnamese": 0.4431818181818182,
            "Indonesian,Spanish,Malay,Vietnamese": 0.4943181818181818,
            "Indonesian,Chinese,Malay,Vietnamese": 0.44886363636363635,
            "English,Filipino,Spanish,Chinese": 0.3977272727272727,
            "English,Filipino,Spanish,Malay": 0.4375,
            "English,Filipino,Spanish,Vietnamese": 0.4147727272727273,
            "English,Filipino,Chinese,Malay": 0.3977272727272727,
            "English,Filipino,Chinese,Vietnamese": 0.375,
            "English,Filipino,Malay,Vietnamese": 0.42613636363636365,
            "English,Spanish,Chinese,Malay": 0.4431818181818182,
            "English,Spanish,Chinese,Vietnamese": 0.4772727272727273,
            "English,Spanish,Malay,Vietnamese": 0.4772727272727273,
            "English,Chinese,Malay,Vietnamese": 0.4375,
            "Filipino,Spanish,Chinese,Malay": 0.39204545454545453,
            "Filipino,Spanish,Chinese,Vietnamese": 0.375,
            "Filipino,Spanish,Malay,Vietnamese": 0.4375,
            "Filipino,Chinese,Malay,Vietnamese": 0.39204545454545453,
            "Spanish,Chinese,Malay,Vietnamese": 0.4375
        },
        "5_combine": {
            "Indonesian,English,Filipino,Spanish,Chinese": 0.3409090909090909,
            "Indonesian,English,Filipino,Spanish,Malay": 0.3977272727272727,
            "Indonesian,English,Filipino,Spanish,Vietnamese": 0.3806818181818182,
            "Indonesian,English,Filipino,Chinese,Malay": 0.35795454545454547,
            "Indonesian,English,Filipino,Chinese,Vietnamese": 0.3409090909090909,
            "Indonesian,English,Filipino,Malay,Vietnamese": 0.3977272727272727,
            "Indonesian,English,Spanish,Chinese,Malay": 0.39204545454545453,
            "Indonesian,English,Spanish,Chinese,Vietnamese": 0.39204545454545453,
            "Indonesian,English,Spanish,Malay,Vietnamese": 0.42613636363636365,
            "Indonesian,English,Chinese,Malay,Vietnamese": 0.39204545454545453,
            "Indonesian,Filipino,Spanish,Chinese,Malay": 0.3522727272727273,
            "Indonesian,Filipino,Spanish,Chinese,Vietnamese": 0.3409090909090909,
            "Indonesian,Filipino,Spanish,Malay,Vietnamese": 0.4090909090909091,
            "Indonesian,Filipino,Chinese,Malay,Vietnamese": 0.35795454545454547,
            "Indonesian,Spanish,Chinese,Malay,Vietnamese": 0.3977272727272727,
            "English,Filipino,Spanish,Chinese,Malay": 0.35795454545454547,
            "English,Filipino,Spanish,Chinese,Vietnamese": 0.3409090909090909,
            "English,Filipino,Spanish,Malay,Vietnamese": 0.3806818181818182,
            "English,Filipino,Chinese,Malay,Vietnamese": 0.3522727272727273,
            "English,Spanish,Chinese,Malay,Vietnamese": 0.3977272727272727,