{
    "overall_acc": 0.4813311688311689,
    "language_acc": {
        "Indonesian": 0.4431818181818182,
        "English": 0.5681818181818182,
        "Filipino": 0.4090909090909091,
        "Spanish": 0.5397727272727273,
        "Chinese": 0.5056818181818182,
        "Malay": 0.4318181818181818,
        "Vietnamese": 0.4715909090909091
    },
    "consistency_score_2": 0.5827922077922079,
    "consistency_score_3": 0.4183441558441558,
    "consistency_score_4": 0.32987012987012987,
    "consistency_score_5": 0.2740800865800866,
    "consistency_score_6": 0.2362012987012987,
    "consistency_score_7": 0.21022727272727273,
    "detailed_consistency_score": {
        "2_combine": {
            "Indonesian,English": 0.5511363636363636,
            "Indonesian,Filipino": 0.5397727272727273,
            "Indonesian,Spanish": 0.6477272727272727,
            "Indonesian,Chinese": 0.5340909090909091,
            "Indonesian,Malay": 0.6761363636363636,
            "Indonesian,Vietnamese": 0.5852272727272727,
            "English,Filipino": 0.48863636363636365,
            "English,Spanish": 0.7556818181818182,
            "English,Chinese": 0.5965909090909091,
            "English,Malay": 0.5738636363636364,
            "English,Vietnamese": 0.6363636363636364,
            "Filipino,Spanish": 0.5284090909090909,
            "Filipino,Chinese": 0.4772727272727273,
            "Filipino,Malay": 0.6136363636363636,
            "Filipino,Vietnamese": 0.5227272727272727,
            "Spanish,Chinese": 0.5738636363636364,
            "Spanish,Malay": 0.6534090909090909,
            "Spanish,Vietnamese": 0.625,
            "Chinese,Malay": 0.5,
            "Chinese,Vietnamese": 0.6079545454545454,
            "Malay,Vietnamese": 0.5511363636363636
        },
        "3_combine": {
            "Indonesian,English,Filipino": 0.36363636363636365,
            "Indonesian,English,Spanish": 0.5113636363636364,
            "Indonesian,English,Chinese": 0.38636363636363635,
            "Indonesian,English,Malay": 0.44886363636363635,
            "Indonesian,English,Vietnamese": 0.4375,
            "Indonesian,Filipino,Spanish": 0.4090909090909091,
            "Indonesian,Filipino,Chinese": 0.32386363636363635,
            "Indonesian,Filipino,Malay": 0.45454545454545453,
            "Indonesian,Filipino,Vietnamese": 0.375,
            "Indonesian,Spanish,Chinese": 0.42045454545454547,
            "Indonesian,Spanish,Malay": 0.5284090909090909,
            "Indonesian,Spanish,Vietnamese": 0.4659090909090909,
            "Indonesian,Chinese,Malay": 0.39204545454545453,
            "Indonesian,Chinese,Vietnamese": 0.4034090909090909,
            "Indonesian,Malay,Vietnamese": 0.4375,
            "English,Filipino,Spanish": 0.4318181818181818,
            "English,Filipino,Chinese": 0.3465909090909091,
            "English,Filipino,Malay": 0.38636363636363635,
            "English,Filipino,Vietnamese": 0.3806818181818182,
            "English,Spanish,Chinese": 0.4943181818181818,
            "English,Spanish,Malay": 0.5227272727272727,
            "English,Spanish,Vietnamese": 0.5340909090909091,
            "English,Chinese,Malay": 0.375,
            "English,Chinese,Vietnamese": 0.45454545454545453,
            "English,Malay,Vietnamese": 0.42613636363636365,
            "Filipino,Spanish,Chinese": 0.3465909090909091,
            "Filipino,Spanish,Malay": 0.4318181818181818,
            "Filipino,Spanish,Vietnamese": 0.3806818181818182,
            "Filipino,Chinese,Malay": 0.3465909090909091,
            "Filipino,Chinese,Vietnamese": 0.3522727272727273,
            "Filipino,Malay,Vietnamese": 0.39204545454545453,
            "Spanish,Chinese,Malay": 0.4090909090909091,
            "Spanish,Chinese,Vietnamese": 0.4375,
            "Spanish,Malay,Vietnamese": 0.45454545454545453,
            "Chinese,Malay,Vietnamese": 0.3806818181818182
        },
        "4_combine": {
            "Indonesian,English,Filipino,Spanish": 0.3465909090909091,
            "Indonesian,English,Filipino,Chinese": 0.26704545454545453,
            "Indonesian,English,Filipino,Malay": 0.32386363636363635,
            "Indonesian,English,Filipino,Vietnamese": 0.30113636363636365,
            "Indonesian,English,Spanish,Chinese": 0.36363636363636365,
            "Indonesian,English,Spanish,Malay": 0.42613636363636365,
            "Indonesian,English,Spanish,Vietnamese": 0.4147727272727273,
            "Indonesian,English,Chinese,Malay": 0.3125,
            "Indonesian,English,Chinese,Vietnamese": 0.32954545454545453,
            "Indonesian,English,Malay,Vietnamese": 0.35795454545454547,
            "Indonesian,Filipino,Spanish,Chinese": 0.2727272727272727,
            "Indonesian,Filipino,Spanish,Malay": 0.375,
            "Indonesian,Filipino,Spanish,Vietnamese": 0.3125,
            "Indonesian,Filipino,Chinese,Malay": 0.2784090909090909,
            "Indonesian,Filipino,Chinese,Vietnamese": 0.2784090909090909,
            "Indonesian,Filipino,Malay,Vietnamese": 0.3181818181818182,
            "Indonesian,Spanish,Chinese,Malay": 0.3465909090909091,
            "Indonesian,Spanish,Chinese,Vietnamese": 0.3522727272727273,
            "Indonesian,Spanish,Malay,Vietnamese": 0.38636363636363635,
            "Indonesian,Chinese,Malay,Vietnamese": 0.3181818181818182,
            "English,Filipino,Spanish,Chinese": 0.3125,
            "English,Filipino,Spanish,Malay": 0.35795454545454547,
            "English,Filipino,Spanish,Vietnamese": 0.3352272727272727,
            "English,Filipino,Chinese,Malay": 0.2784090909090909,
            "English,Filipino,Chinese,Vietnamese": 0.2840909090909091,
            "English,Filipino,Malay,Vietnamese": 0.3125,
            "English,Spanish,Chinese,Malay": 0.35795454545454547,
            "English,Spanish,Chinese,Vietnamese": 0.3977272727272727,
            "English,Spanish,Malay,Vietnamese": 0.39204545454545453,
            "English,Chinese,Malay,Vietnamese": 0.3181818181818182,
            "Filipino,Spanish,Chinese,Malay": 0.2840909090909091,
            "Filipino,Spanish,Chinese,Vietnamese": 0.2840909090909091,
            "Filipino,Spanish,Malay,Vietnamese": 0.32386363636363635,
            "Filipino,Chinese,Malay,Vietnamese": 0.2897727272727273,
            "Spanish,Chinese,Malay,Vietnamese": 0.3352272727272727
        },
        "5_combine": {
            "Indonesian,English,Filipino,Spanish,Chinese": 0.2556818181818182,
            "Indonesian,English,Filipino,Spanish,Malay": 0.3125,
            "Indonesian,English,Filipino,Spanish,Vietnamese": 0.2840909090909091,
            "Indonesian,English,Filipino,Chinese,Malay": 0.23863636363636365,
            "Indonesian,English,Filipino,Chinese,Vietnamese": 0.23863636363636365,
            "Indonesian,English,Filipino,Malay,Vietnamese": 0.26704545454545453,
            "Indonesian,English,Spanish,Chinese,Malay": 0.3068181818181818,
            "Indonesian,English,Spanish,Chinese,Vietnamese": 0.3181818181818182,
            "Indonesian,English,Spanish,Malay,Vietnamese": 0.3409090909090909,
            "Indonesian,English,Chinese,Malay,Vietnamese": 0.2727272727272727,
            "Indonesian,Filipino,Spanish,Chinese,Malay": 0.25,
            "Indonesian,Filipino,Spanish,Chinese,Vietnamese": 0.24431818181818182,
            "Indonesian,Filipino,Spanish,Malay,Vietnamese": 0.2840909090909091,
            "Indonesian,Filipino,Chinese,Malay,Vietnamese": 0.24431818181818182,
            "Indonesian,Spanish,Chinese,Malay,Vietnamese": 0.29545454545454547,
            "English,Filipino,Spanish,Chinese,Malay": 0.26136363636363635,
            "English,Filipino,Spanish,Chinese,Vietnamese": 0.26136363636363635,
            "English,Filipino,Spanish,Malay,Vietnamese": 0.2840909090909091,
            "English,Filipino,Chinese,Malay,Vietnamese": 0.24431818181818182,
            "English,Spanish,Chinese,Malay,Vietnamese": 0.30113636363636365,
            "Filipino,Spanish,Chinese,Malay,Vietnamese": 0.25
        },