{
    "overall_acc": 0.45454545454545453,
    "language_acc": {
        "Indonesian": 0.4375,
        "English": 0.5056818181818182,
        "Filipino": 0.4147727272727273,
        "Spanish": 0.48863636363636365,
        "Chinese": 0.42613636363636365,
        "Malay": 0.44886363636363635,
        "Vietnamese": 0.4602272727272727
    },
    "consistency_score_2": 0.5454545454545455,
    "consistency_score_3": 0.3748376623376623,
    "consistency_score_4": 0.2870129870129871,
    "consistency_score_5": 0.23376623376623382,
    "consistency_score_6": 0.19724025974025977,
    "consistency_score_7": 0.17045454545454544,
    "detailed_consistency_score": {
        "2_combine": {
            "Indonesian,English": 0.5113636363636364,
            "Indonesian,Filipino": 0.5625,
            "Indonesian,Spanish": 0.5852272727272727,
            "Indonesian,Chinese": 0.5113636363636364,
            "Indonesian,Malay": 0.6420454545454546,
            "Indonesian,Vietnamese": 0.5681818181818182,
            "English,Filipino": 0.4375,
            "English,Spanish": 0.6534090909090909,
            "English,Chinese": 0.5,
            "English,Malay": 0.5113636363636364,
            "English,Vietnamese": 0.5170454545454546,
            "Filipino,Spanish": 0.5113636363636364,
            "Filipino,Chinese": 0.4602272727272727,
            "Filipino,Malay": 0.6079545454545454,
            "Filipino,Vietnamese": 0.5227272727272727,
            "Spanish,Chinese": 0.5227272727272727,
            "Spanish,Malay": 0.6136363636363636,
            "Spanish,Vietnamese": 0.6022727272727273,
            "Chinese,Malay": 0.5284090909090909,
            "Chinese,Vietnamese": 0.5,
            "Malay,Vietnamese": 0.5852272727272727
        },
        "3_combine": {
            "Indonesian,English,Filipino": 0.3352272727272727,
            "Indonesian,English,Spanish": 0.4090909090909091,
            "Indonesian,English,Chinese": 0.32386363636363635,
            "Indonesian,English,Malay": 0.39204545454545453,
            "Indonesian,English,Vietnamese": 0.3522727272727273,
            "Indonesian,Filipino,Spanish": 0.3977272727272727,
            "Indonesian,Filipino,Chinese": 0.32386363636363635,
            "Indonesian,Filipino,Malay": 0.4602272727272727,
            "Indonesian,Filipino,Vietnamese": 0.38636363636363635,
            "Indonesian,Spanish,Chinese": 0.35795454545454547,
            "Indonesian,Spanish,Malay": 0.4772727272727273,
            "Indonesian,Spanish,Vietnamese": 0.42045454545454547,
            "Indonesian,Chinese,Malay": 0.3977272727272727,
            "Indonesian,Chinese,Vietnamese": 0.3465909090909091,
            "Indonesian,Malay,Vietnamese": 0.4602272727272727,
            "English,Filipino,Spanish": 0.35795454545454547,
            "English,Filipino,Chinese": 0.29545454545454547,
            "English,Filipino,Malay": 0.32954545454545453,
            "English,Filipino,Vietnamese": 0.3125,
            "English,Spanish,Chinese": 0.375,
            "English,Spanish,Malay": 0.4318181818181818,
            "English,Spanish,Vietnamese": 0.42613636363636365,
            "English,Chinese,Malay": 0.32386363636363635,
            "English,Chinese,Vietnamese": 0.3068181818181818,
            "English,Malay,Vietnamese": 0.36363636363636365,
            "Filipino,Spanish,Chinese": 0.32954545454545453,
            "Filipino,Spanish,Malay": 0.42045454545454547,
            "Filipino,Spanish,Vietnamese": 0.375,
            "Filipino,Chinese,Malay": 0.3522727272727273,
            "Filipino,Chinese,Vietnamese": 0.3181818181818182,
            "Filipino,Malay,Vietnamese": 0.4090909090909091,
            "Spanish,Chinese,Malay": 0.3806818181818182,
            "Spanish,Chinese,Vietnamese": 0.36363636363636365,
            "Spanish,Malay,Vietnamese": 0.4431818181818182,
            "Chinese,Malay,Vietnamese": 0.36363636363636365
        },
        "4_combine": {
            "Indonesian,English,Filipino,Spanish": 0.2897727272727273,
            "Indonesian,English,Filipino,Chinese": 0.23863636363636365,
            "Indonesian,English,Filipino,Malay": 0.30113636363636365,
            "Indonesian,English,Filipino,Vietnamese": 0.2556818181818182,
            "Indonesian,English,Spanish,Chinese": 0.2727272727272727,
            "Indonesian,English,Spanish,Malay": 0.3522727272727273,
            "Indonesian,English,Spanish,Vietnamese": 0.3181818181818182,
            "Indonesian,English,Chinese,Malay": 0.2727272727272727,
            "Indonesian,English,Chinese,Vietnamese": 0.23295454545454544,
            "Indonesian,English,Malay,Vietnamese": 0.3181818181818182,
            "Indonesian,Filipino,Spanish,Chinese": 0.25,
            "Indonesian,Filipino,Spanish,Malay": 0.36363636363636365,
            "Indonesian,Filipino,Spanish,Vietnamese": 0.3125,
            "Indonesian,Filipino,Chinese,Malay": 0.2897727272727273,
            "Indonesian,Filipino,Chinese,Vietnamese": 0.25,
            "Indonesian,Filipino,Malay,Vietnamese": 0.35795454545454547,
            "Indonesian,Spanish,Chinese,Malay": 0.30113636363636365,
            "Indonesian,Spanish,Chinese,Vietnamese": 0.26704545454545453,
            "Indonesian,Spanish,Malay,Vietnamese": 0.3806818181818182,
            "Indonesian,Chinese,Malay,Vietnamese": 0.3068181818181818,
            "English,Filipino,Spanish,Chinese": 0.24431818181818182,
            "English,Filipino,Spanish,Malay": 0.29545454545454547,
            "English,Filipino,Spanish,Vietnamese": 0.2727272727272727,
            "English,Filipino,Chinese,Malay": 0.22727272727272727,
            "English,Filipino,Chinese,Vietnamese": 0.2215909090909091,
            "English,Filipino,Malay,Vietnamese": 0.2727272727272727,
            "English,Spanish,Chinese,Malay": 0.2897727272727273,
            "English,Spanish,Chinese,Vietnamese": 0.26136363636363635,
            "English,Spanish,Malay,Vietnamese": 0.32954545454545453,
            "English,Chinese,Malay,Vietnamese": 0.2556818181818182,
            "Filipino,Spanish,Chinese,Malay": 0.2727272727272727,
            "Filipino,Spanish,Chinese,Vietnamese": 0.2556818181818182,
            "Filipino,Spanish,Malay,Vietnamese": 0.3409090909090909,
            "Filipino,Chinese,Malay,Vietnamese": 0.2727272727272727,
            "Spanish,Chinese,Malay,Vietnamese": 0.30113636363636365
        },
        "5_combine": {
            "Indonesian,English,Filipino,Spanish,Chinese": 0.20454545454545456,
            "Indonesian,English,Filipino,Spanish,Malay": 0.2727272727272727,
            "Indonesian,English,Filipino,Spanish,Vietnamese": 0.23863636363636365,
            "Indonesian,English,Filipino,Chinese,Malay": 0.2159090909090909,
            "Indonesian,English,Filipino,Chinese,Vietnamese": 0.1875,
            "Indonesian,English,Filipino,Malay,Vietnamese": 0.2556818181818182,
            "Indonesian,English,Spanish,Chinese,Malay": 0.24431818181818182,
            "Indonesian,English,Spanish,Chinese,Vietnamese": 0.21022727272727273,
            "Indonesian,English,Spanish,Malay,Vietnamese": 0.29545454545454547,
            "Indonesian,English,Chinese,Malay,Vietnamese": 0.22727272727272727,
            "Indonesian,Filipino,Spanish,Chinese,Malay": 0.23295454545454544,
            "Indonesian,Filipino,Spanish,Chinese,Vietnamese": 0.20454545454545456,
            "Indonesian,Filipino,Spanish,Malay,Vietnamese": 0.3068181818181818,
            "Indonesian,Filipino,Chinese,Malay,Vietnamese": 0.24431818181818182,
            "Indonesian,Spanish,Chinese,Malay,Vietnamese": 0.25,
            "English,Filipino,Spanish,Chinese,Malay": 0.20454545454545456,
            "English,Filipino,Spanish,Chinese,Vietnamese": 0.19318181818181818,
            "English,Filipino,Spanish,Malay,Vietnamese": 0.2556818181818182,
            "English,Filipino,Chinese,Malay,Vietnamese": 0.19886363636363635,
            "English,Spanish,Chinese,Malay,Vietnamese": 0.23295454545454544,