{
    "overall_acc": 0.4957983193277311,
    "language_acc": {
        "Spanish": 0.46554621848739497,
        "English": 0.5092436974789916,
        "Chinese": 0.5016806722689076,
        "Vietnamese": 0.5067226890756302
    },
    "consistency_score_2": 0.6123249299719888,
    "consistency_score_3": 0.4619747899159664,
    "consistency_score_4": 0.37815126050420167,
    "detailed_consistency_score": {
        "2_combine": {
            "Spanish,English": 0.607563025210084,
            "Spanish,Chinese": 0.5873949579831933,
            "Spanish,Vietnamese": 0.6310924369747899,
            "English,Chinese": 0.6327731092436975,
            "English,Vietnamese": 0.6235294117647059,
            "Chinese,Vietnamese": 0.5915966386554622
        },
        "3_combine": {
            "Spanish,English,Chinese": 0.45966386554621846,
            "Spanish,English,Vietnamese": 0.4722689075630252,
            "Spanish,Chinese,Vietnamese": 0.44789915966386556,
            "English,Chinese,Vietnamese": 0.4680672268907563
        },
        "4_combine": {
            "Spanish,English,Chinese,Vietnamese": 0.37815126050420167
        }
    },
    "AC3_2": 0.5479348462854469,
    "AC3_3": 0.47828931962616705,
    "AC3_4": 0.42905623783067337
}