{
    "rouge1": 0.33875794104002055,
    "rouge2": 0.11643146803543704,
    "rougeL": 0.25730453513515394,
    "avg_rouge": 0.23749798140353717
}