{
    "rouge1": 0.3486625789053131,
    "rouge2": 0.1312013920008153,
    "rougeL": 0.26913111205422957,
    "avg_rouge": 0.24966502765345266
}