{
    "rouge1": 0.34210585871053295,
    "rouge2": 0.1238699268921856,
    "rougeL": 0.2625347098391768,
    "avg_rouge": 0.24283683181396512
}