{
    "rouge1": 0.3535027948060569,
    "rouge2": 0.12435379690458442,
    "rougeL": 0.2673734873874034,
    "avg_rouge": 0.24841002636601492
}