{
    "rouge1": 0.3683250571772577,
    "rouge2": 0.1288145261489626,
    "rougeL": 0.28486316877157086,
    "avg_rouge": 0.2606675840325971
}