{
    "rouge1": 0.3653246607541355,
    "rouge2": 0.12170542663447692,
    "rougeL": 0.27838259186096737,
    "avg_rouge": 0.2551375597498599
}