{
    "rouge1": 0.355401233230698,
    "rouge2": 0.13136484574034482,
    "rougeL": 0.27391593655739904,
    "avg_rouge": 0.253560671842814
}