{
    "rouge1": 0.3536462719638873,
    "rouge2": 0.12849295704954358,
    "rougeL": 0.27132344139721254,
    "avg_rouge": 0.2511542234702145
}