{
    "rouge1": 0.34898757078815607,
    "rouge2": 0.12631055775356542,
    "rougeL": 0.266283553995538,
    "avg_rouge": 0.24719389417908647
}