{
    "overall_acc": 0.2857142857142857,
    "language_acc": {
        "Indonesian": 0.3068181818181818,
        "English": 0.3068181818181818,
        "Filipino": 0.25,
        "Spanish": 0.2840909090909091,
        "Chinese": 0.29545454545454547,
        "Malay": 0.2840909090909091,
        "Vietnamese": 0.2727272727272727
    },
    "consistency_score_2": 0.49269480519480524,
    "consistency_score_3": 0.3073051948051948,
    "consistency_score_4": 0.20990259740259737,
    "consistency_score_5": 0.15070346320346323,
    "consistency_score_6": 0.11201298701298701,
    "consistency_score_7": 0.08522727272727272,
    "detailed_consistency_score": {
        "2_combine": {
            "Indonesian,English": 0.4602272727272727,
            "Indonesian,Filipino": 0.6704545454545454,
            "Indonesian,Spanish": 0.5454545454545454,
            "Indonesian,Chinese": 0.4090909090909091,
            "Indonesian,Malay": 0.7159090909090909,
            "Indonesian,Vietnamese": 0.5,
            "English,Filipino": 0.4659090909090909,
            "English,Spanish": 0.5454545454545454,
            "English,Chinese": 0.32386363636363635,
            "English,Malay": 0.4659090909090909,
            "English,Vietnamese": 0.4034090909090909,
            "Filipino,Spanish": 0.5909090909090909,
            "Filipino,Chinese": 0.3352272727272727,
            "Filipino,Malay": 0.6988636363636364,
            "Filipino,Vietnamese": 0.48295454545454547,
            "Spanish,Chinese": 0.3125,
            "Spanish,Malay": 0.6136363636363636,
            "Spanish,Vietnamese": 0.4431818181818182,
            "Chinese,Malay": 0.42045454545454547,
            "Chinese,Vietnamese": 0.42045454545454547,
            "Malay,Vietnamese": 0.5227272727272727
        },
        "3_combine": {
            "Indonesian,English,Filipino": 0.3522727272727273,
            "Indonesian,English,Spanish": 0.3409090909090909,
            "Indonesian,English,Chinese": 0.20454545454545456,
            "Indonesian,English,Malay": 0.38636363636363635,
            "Indonesian,English,Vietnamese": 0.26136363636363635,
            "Indonesian,Filipino,Spanish": 0.42613636363636365,
            "Indonesian,Filipino,Chinese": 0.2784090909090909,
            "Indonesian,Filipino,Malay": 0.5568181818181818,
            "Indonesian,Filipino,Vietnamese": 0.35795454545454547,
            "Indonesian,Spanish,Chinese": 0.22727272727272727,
            "Indonesian,Spanish,Malay": 0.4715909090909091,
            "Indonesian,Spanish,Vietnamese": 0.3068181818181818,
            "Indonesian,Chinese,Malay": 0.32386363636363635,
            "Indonesian,Chinese,Vietnamese": 0.24431818181818182,
            "Indonesian,Malay,Vietnamese": 0.3977272727272727,
            "English,Filipino,Spanish": 0.36363636363636365,
            "English,Filipino,Chinese": 0.17613636363636365,
            "English,Filipino,Malay": 0.375,
            "English,Filipino,Vietnamese": 0.2727272727272727,
            "English,Spanish,Chinese": 0.18181818181818182,
            "English,Spanish,Malay": 0.3806818181818182,
            "English,Spanish,Vietnamese": 0.26704545454545453,
            "English,Chinese,Malay": 0.19886363636363635,
            "English,Chinese,Vietnamese": 0.17613636363636365,
            "English,Malay,Vietnamese": 0.2556818181818182,
            "Filipino,Spanish,Chinese": 0.21022727272727273,
            "Filipino,Spanish,Malay": 0.48863636363636365,
            "Filipino,Spanish,Vietnamese": 0.32386363636363635,
            "Filipino,Chinese,Malay": 0.2840909090909091,
            "Filipino,Chinese,Vietnamese": 0.2159090909090909,
            "Filipino,Malay,Vietnamese": 0.3977272727272727,
            "Spanish,Chinese,Malay": 0.2556818181818182,
            "Spanish,Chinese,Vietnamese": 0.19318181818181818,
            "Spanish,Malay,Vietnamese": 0.3409090909090909,
            "Chinese,Malay,Vietnamese": 0.26136363636363635
        },
        "4_combine": {
            "Indonesian,English,Filipino,Spanish": 0.2897727272727273,
            "Indonesian,English,Filipino,Chinese": 0.1534090909090909,
            "Indonesian,English,Filipino,Malay": 0.32386363636363635,
            "Indonesian,English,Filipino,Vietnamese": 0.2159090909090909,
            "Indonesian,English,Spanish,Chinese": 0.14772727272727273,
            "Indonesian,English,Spanish,Malay": 0.3125,
            "Indonesian,English,Spanish,Vietnamese": 0.19318181818181818,
            "Indonesian,English,Chinese,Malay": 0.17613636363636365,
            "Indonesian,English,Chinese,Vietnamese": 0.13068181818181818,
            "Indonesian,English,Malay,Vietnamese": 0.2215909090909091,
            "Indonesian,Filipino,Spanish,Chinese": 0.17045454545454544,
            "Indonesian,Filipino,Spanish,Malay": 0.39204545454545453,
            "Indonesian,Filipino,Spanish,Vietnamese": 0.24431818181818182,
            "Indonesian,Filipino,Chinese,Malay": 0.23863636363636365,
            "Indonesian,Filipino,Chinese,Vietnamese": 0.17613636363636365,
            "Indonesian,Filipino,Malay,Vietnamese": 0.3181818181818182,
            "Indonesian,Spanish,Chinese,Malay": 0.20454545454545456,
            "Indonesian,Spanish,Chinese,Vietnamese": 0.14772727272727273,
            "Indonesian,Spanish,Malay,Vietnamese": 0.2784090909090909,
            "Indonesian,Chinese,Malay,Vietnamese": 0.21022727272727273,
            "English,Filipino,Spanish,Chinese": 0.13636363636363635,
            "English,Filipino,Spanish,Malay": 0.32954545454545453,
            "English,Filipino,Spanish,Vietnamese": 0.21022727272727273,
            "English,Filipino,Chinese,Malay": 0.1534090909090909,
            "English,Filipino,Chinese,Vietnamese": 0.13068181818181818,
            "English,Filipino,Malay,Vietnamese": 0.22727272727272727,
            "English,Spanish,Chinese,Malay": 0.1590909090909091,
            "English,Spanish,Chinese,Vietnamese": 0.11363636363636363,
            "English,Spanish,Malay,Vietnamese": 0.21022727272727273,
            "English,Chinese,Malay,Vietnamese": 0.13636363636363635,
            "Filipino,Spanish,Chinese,Malay": 0.19318181818181818,
            "Filipino,Spanish,Chinese,Vietnamese": 0.14772727272727273,
            "Filipino,Spanish,Malay,Vietnamese": 0.2840909090909091,
            "Filipino,Chinese,Malay,Vietnamese": 0.19318181818181818,
            "Spanish,Chinese,Malay,Vietnamese": 0.17613636363636365
        },
        "5_combine": {
            "Indonesian,English,Filipino,Spanish,Chinese": 0.11931818181818182,
            "Indonesian,English,Filipino,Spanish,Malay": 0.2840909090909091,
            "Indonesian,English,Filipino,Spanish,Vietnamese": 0.17045454545454544,
            "Indonesian,English,Filipino,Chinese,Malay": 0.13636363636363635,
            "Indonesian,English,Filipino,Chinese,Vietnamese": 0.11363636363636363,
            "Indonesian,English,Filipino,Malay,Vietnamese": 0.19886363636363635,
            "Indonesian,English,Spanish,Chinese,Malay": 0.13636363636363635,
            "Indonesian,English,Spanish,Chinese,Vietnamese": 0.09659090909090909,
            "Indonesian,English,Spanish,Malay,Vietnamese": 0.18181818181818182,
            "Indonesian,English,Chinese,Malay,Vietnamese": 0.11931818181818182,
            "Indonesian,Filipino,Spanish,Chinese,Malay": 0.1590909090909091,
            "Indonesian,Filipino,Spanish,Chinese,Vietnamese": 0.11931818181818182,
            "Indonesian,Filipino,Spanish,Malay,Vietnamese": 0.23295454545454544,
            "Indonesian,Filipino,Chinese,Malay,Vietnamese": 0.16477272727272727,
            "Indonesian,Spanish,Chinese,Malay,Vietnamese": 0.14204545454545456,
            "English,Filipino,Spanish,Chinese,Malay": 0.13068181818181818,
            "English,Filipino,Spanish,Chinese,Vietnamese": 0.09659090909090909,
            "English,Filipino,Spanish,Malay,Vietnamese": 0.19318181818181818,
            "English,Filipino,Chinese,Malay,Vietnamese": 0.11931818181818182,