{
    "overall_acc": 0.2792207792207792,
    "language_acc": {
        "Indonesian": 0.2897727272727273,
        "English": 0.29545454545454547,
        "Filipino": 0.25,
        "Spanish": 0.2784090909090909,
        "Chinese": 0.2897727272727273,
        "Malay": 0.2840909090909091,
        "Vietnamese": 0.26704545454545453
    },
    "consistency_score_2": 0.38771645021645024,
    "consistency_score_3": 0.18490259740259737,
    "consistency_score_4": 0.09724025974025972,
    "consistency_score_5": 0.054653679653679677,
    "consistency_score_6": 0.03327922077922078,
    "consistency_score_7": 0.022727272727272728,
    "detailed_consistency_score": {
        "2_combine": {
            "Indonesian,English": 0.38636363636363635,
            "Indonesian,Filipino": 0.5454545454545454,
            "Indonesian,Spanish": 0.4147727272727273,
            "Indonesian,Chinese": 0.2784090909090909,
            "Indonesian,Malay": 0.6136363636363636,
            "Indonesian,Vietnamese": 0.375,
            "English,Filipino": 0.44886363636363635,
            "English,Spanish": 0.5,
            "English,Chinese": 0.2784090909090909,
            "English,Malay": 0.4318181818181818,
            "English,Vietnamese": 0.36363636363636365,
            "Filipino,Spanish": 0.45454545454545453,
            "Filipino,Chinese": 0.19318181818181818,
            "Filipino,Malay": 0.5511363636363636,
            "Filipino,Vietnamese": 0.38636363636363635,
            "Spanish,Chinese": 0.24431818181818182,
            "Spanish,Malay": 0.4772727272727273,
            "Spanish,Vietnamese": 0.32386363636363635,
            "Chinese,Malay": 0.3068181818181818,
            "Chinese,Vietnamese": 0.22727272727272727,
            "Malay,Vietnamese": 0.3409090909090909
        },
        "3_combine": {
            "Indonesian,English,Filipino": 0.26704545454545453,
            "Indonesian,English,Spanish": 0.23295454545454544,
            "Indonesian,English,Chinese": 0.11363636363636363,
            "Indonesian,English,Malay": 0.2727272727272727,
            "Indonesian,English,Vietnamese": 0.17613636363636365,
            "Indonesian,Filipino,Spanish": 0.2784090909090909,
            "Indonesian,Filipino,Chinese": 0.125,
            "Indonesian,Filipino,Malay": 0.39204545454545453,
            "Indonesian,Filipino,Vietnamese": 0.22727272727272727,
            "Indonesian,Spanish,Chinese": 0.10227272727272728,
            "Indonesian,Spanish,Malay": 0.3181818181818182,
            "Indonesian,Spanish,Vietnamese": 0.16477272727272727,
            "Indonesian,Chinese,Malay": 0.1875,
            "Indonesian,Chinese,Vietnamese": 0.09090909090909091,
            "Indonesian,Malay,Vietnamese": 0.2556818181818182,
            "English,Filipino,Spanish": 0.2556818181818182,
            "English,Filipino,Chinese": 0.11363636363636363,
            "English,Filipino,Malay": 0.26704545454545453,
            "English,Filipino,Vietnamese": 0.19886363636363635,
            "English,Spanish,Chinese": 0.125,
            "English,Spanish,Malay": 0.26704545454545453,
            "English,Spanish,Vietnamese": 0.18181818181818182,
            "English,Chinese,Malay": 0.1534090909090909,
            "English,Chinese,Vietnamese": 0.09090909090909091,
            "English,Malay,Vietnamese": 0.17045454545454544,
            "Filipino,Spanish,Chinese": 0.09090909090909091,
            "Filipino,Spanish,Malay": 0.30113636363636365,
            "Filipino,Spanish,Vietnamese": 0.17045454545454544,
            "Filipino,Chinese,Malay": 0.125,
            "Filipino,Chinese,Vietnamese": 0.07386363636363637,
            "Filipino,Malay,Vietnamese": 0.20454545454545456,
            "Spanish,Chinese,Malay": 0.125,
            "Spanish,Chinese,Vietnamese": 0.07954545454545454,
            "Spanish,Malay,Vietnamese": 0.1875,
            "Chinese,Malay,Vietnamese": 0.08522727272727272
        },
        "4_combine": {
            "Indonesian,English,Filipino,Spanish": 0.16477272727272727,
            "Indonesian,English,Filipino,Chinese": 0.07386363636363637,
            "Indonesian,English,Filipino,Malay": 0.19318181818181818,
            "Indonesian,English,Filipino,Vietnamese": 0.13068181818181818,
            "Indonesian,English,Spanish,Chinese": 0.056818181818181816,
            "Indonesian,English,Spanish,Malay": 0.17045454545454544,
            "Indonesian,English,Spanish,Vietnamese": 0.10227272727272728,
            "Indonesian,English,Chinese,Malay": 0.09659090909090909,
            "Indonesian,English,Chinese,Vietnamese": 0.045454545454545456,
            "Indonesian,English,Malay,Vietnamese": 0.125,
            "Indonesian,Filipino,Spanish,Chinese": 0.07386363636363637,
            "Indonesian,Filipino,Spanish,Malay": 0.20454545454545456,
            "Indonesian,Filipino,Spanish,Vietnamese": 0.11931818181818182,
            "Indonesian,Filipino,Chinese,Malay": 0.10227272727272728,
            "Indonesian,Filipino,Chinese,Vietnamese": 0.045454545454545456,
            "Indonesian,Filipino,Malay,Vietnamese": 0.17045454545454544,
            "Indonesian,Spanish,Chinese,Malay": 0.08522727272727272,
            "Indonesian,Spanish,Chinese,Vietnamese": 0.03409090909090909,
            "Indonesian,Spanish,Malay,Vietnamese": 0.14204545454545456,
            "Indonesian,Chinese,Malay,Vietnamese": 0.06818181818181818,
            "English,Filipino,Spanish,Chinese": 0.056818181818181816,
            "English,Filipino,Spanish,Malay": 0.17045454545454544,
            "English,Filipino,Spanish,Vietnamese": 0.10227272727272728,
            "English,Filipino,Chinese,Malay": 0.07954545454545454,
            "English,Filipino,Chinese,Vietnamese": 0.05113636363636364,
            "English,Filipino,Malay,Vietnamese": 0.10795454545454546,
            "English,Spanish,Chinese,Malay": 0.09090909090909091,
            "English,Spanish,Chinese,Vietnamese": 0.05113636363636364,
            "English,Spanish,Malay,Vietnamese": 0.11363636363636363,
            "English,Chinese,Malay,Vietnamese": 0.045454545454545456,
            "Filipino,Spanish,Chinese,Malay": 0.07386363636363637,
            "Filipino,Spanish,Chinese,Vietnamese": 0.03977272727272727,
            "Filipino,Spanish,Malay,Vietnamese": 0.125,
            "Filipino,Chinese,Malay,Vietnamese": 0.045454545454545456,
            "Spanish,Chinese,Malay,Vietnamese": 0.045454545454545456
        },
        "5_combine": {
            "Indonesian,English,Filipino,Spanish,Chinese": 0.045454545454545456,
            "Indonesian,English,Filipino,Spanish,Malay": 0.11363636363636363,
            "Indonesian,English,Filipino,Spanish,Vietnamese": 0.07954545454545454,
            "Indonesian,English,Filipino,Chinese,Malay": 0.06818181818181818,
            "Indonesian,English,Filipino,Chinese,Vietnamese": 0.03409090909090909,
            "Indonesian,English,Filipino,Malay,Vietnamese": 0.09090909090909091,
            "Indonesian,English,Spanish,Chinese,Malay": 0.056818181818181816,
            "Indonesian,English,Spanish,Chinese,Vietnamese": 0.022727272727272728,
            "Indonesian,English,Spanish,Malay,Vietnamese": 0.07954545454545454,
            "Indonesian,English,Chinese,Malay,Vietnamese": 0.03409090909090909,
            "Indonesian,Filipino,Spanish,Chinese,Malay": 0.0625,
            "Indonesian,Filipino,Spanish,Chinese,Vietnamese": 0.028409090909090908,
            "Indonesian,Filipino,Spanish,Malay,Vietnamese": 0.09659090909090909,
            "Indonesian,Filipino,Chinese,Malay,Vietnamese": 0.03977272727272727,
            "Indonesian,Spanish,Chinese,Malay,Vietnamese": 0.03409090909090909,
            "English,Filipino,Spanish,Chinese,Malay": 0.056818181818181816,
            "English,Filipino,Spanish,Chinese,Vietnamese": 0.028409090909090908,
            "English,Filipino,Spanish,Malay,Vietnamese": 0.07386363636363637,
            "English,Filipino,Chinese,Malay,Vietnamese": 0.03409090909090909,
            "English,Spanish,Chinese,Malay,Vietnamese": 0.03409090909090909,