{
    "overall_acc": 0.28490259740259744,
    "language_acc": {
        "Indonesian": 0.2727272727272727,
        "English": 0.32386363636363635,
        "Filipino": 0.2556818181818182,
        "Spanish": 0.32954545454545453,
        "Chinese": 0.2727272727272727,
        "Malay": 0.2897727272727273,
        "Vietnamese": 0.25
    },
    "consistency_score_2": 0.39772727272727276,
    "consistency_score_3": 0.19155844155844154,
    "consistency_score_4": 0.09805194805194804,
    "consistency_score_5": 0.05032467532467533,
    "consistency_score_6": 0.024350649350649345,
    "consistency_score_7": 0.011363636363636364,
    "detailed_consistency_score": {
        "2_combine": {
            "Indonesian,English": 0.3693181818181818,
            "Indonesian,Filipino": 0.5738636363636364,
            "Indonesian,Spanish": 0.4034090909090909,
            "Indonesian,Chinese": 0.26136363636363635,
            "Indonesian,Malay": 0.6875,
            "Indonesian,Vietnamese": 0.4318181818181818,
            "English,Filipino": 0.4147727272727273,
            "English,Spanish": 0.5,
            "English,Chinese": 0.30113636363636365,
            "English,Malay": 0.4318181818181818,
            "English,Vietnamese": 0.32386363636363635,
            "Filipino,Spanish": 0.5,
            "Filipino,Chinese": 0.17045454545454544,
            "Filipino,Malay": 0.625,
            "Filipino,Vietnamese": 0.4090909090909091,
            "Spanish,Chinese": 0.23295454545454544,
            "Spanish,Malay": 0.4602272727272727,
            "Spanish,Vietnamese": 0.3465909090909091,
            "Chinese,Malay": 0.24431818181818182,
            "Chinese,Vietnamese": 0.2215909090909091,
            "Malay,Vietnamese": 0.4431818181818182
        },
        "3_combine": {
            "Indonesian,English,Filipino": 0.23863636363636365,
            "Indonesian,English,Spanish": 0.2159090909090909,
            "Indonesian,English,Chinese": 0.10795454545454546,
            "Indonesian,English,Malay": 0.29545454545454547,
            "Indonesian,English,Vietnamese": 0.17045454545454544,
            "Indonesian,Filipino,Spanish": 0.2897727272727273,
            "Indonesian,Filipino,Chinese": 0.09659090909090909,
            "Indonesian,Filipino,Malay": 0.4659090909090909,
            "Indonesian,Filipino,Vietnamese": 0.2840909090909091,
            "Indonesian,Spanish,Chinese": 0.10795454545454546,
            "Indonesian,Spanish,Malay": 0.32386363636363635,
            "Indonesian,Spanish,Vietnamese": 0.18181818181818182,
            "Indonesian,Chinese,Malay": 0.16477272727272727,
            "Indonesian,Chinese,Vietnamese": 0.09090909090909091,
            "Indonesian,Malay,Vietnamese": 0.3352272727272727,
            "English,Filipino,Spanish": 0.26704545454545453,
            "English,Filipino,Chinese": 0.09090909090909091,
            "English,Filipino,Malay": 0.2784090909090909,
            "English,Filipino,Vietnamese": 0.18181818181818182,
            "English,Spanish,Chinese": 0.125,
            "English,Spanish,Malay": 0.26136363636363635,
            "English,Spanish,Vietnamese": 0.1875,
            "English,Chinese,Malay": 0.125,
            "English,Chinese,Vietnamese": 0.07386363636363637,
            "English,Malay,Vietnamese": 0.18181818181818182,
            "Filipino,Spanish,Chinese": 0.08522727272727272,
            "Filipino,Spanish,Malay": 0.3465909090909091,
            "Filipino,Spanish,Vietnamese": 0.21022727272727273,
            "Filipino,Chinese,Malay": 0.09659090909090909,
            "Filipino,Chinese,Vietnamese": 0.05113636363636364,
            "Filipino,Malay,Vietnamese": 0.29545454545454547,
            "Spanish,Chinese,Malay": 0.10795454545454546,
            "Spanish,Chinese,Vietnamese": 0.07386363636363637,
            "Spanish,Malay,Vietnamese": 0.21022727272727273,
            "Chinese,Malay,Vietnamese": 0.08522727272727272
        },
        "4_combine": {
            "Indonesian,English,Filipino,Spanish": 0.1534090909090909,
            "Indonesian,English,Filipino,Chinese": 0.05113636363636364,
            "Indonesian,English,Filipino,Malay": 0.20454545454545456,
            "Indonesian,English,Filipino,Vietnamese": 0.13068181818181818,
            "Indonesian,English,Spanish,Chinese": 0.0625,
            "Indonesian,English,Spanish,Malay": 0.18181818181818182,
            "Indonesian,English,Spanish,Vietnamese": 0.09659090909090909,
            "Indonesian,English,Chinese,Malay": 0.09090909090909091,
            "Indonesian,English,Chinese,Vietnamese": 0.045454545454545456,
            "Indonesian,English,Malay,Vietnamese": 0.13636363636363635,
            "Indonesian,Filipino,Spanish,Chinese": 0.056818181818181816,
            "Indonesian,Filipino,Spanish,Malay": 0.24431818181818182,
            "Indonesian,Filipino,Spanish,Vietnamese": 0.1534090909090909,
            "Indonesian,Filipino,Chinese,Malay": 0.07386363636363637,
            "Indonesian,Filipino,Chinese,Vietnamese": 0.028409090909090908,
            "Indonesian,Filipino,Malay,Vietnamese": 0.24431818181818182,
            "Indonesian,Spanish,Chinese,Malay": 0.08522727272727272,
            "Indonesian,Spanish,Chinese,Vietnamese": 0.028409090909090908,
            "Indonesian,Spanish,Malay,Vietnamese": 0.1590909090909091,
            "Indonesian,Chinese,Malay,Vietnamese": 0.0625,
            "English,Filipino,Spanish,Chinese": 0.045454545454545456,
            "English,Filipino,Spanish,Malay": 0.19318181818181818,
            "English,Filipino,Spanish,Vietnamese": 0.11363636363636363,
            "English,Filipino,Chinese,Malay": 0.045454545454545456,
            "English,Filipino,Chinese,Vietnamese": 0.028409090909090908,
            "English,Filipino,Malay,Vietnamese": 0.13636363636363635,
            "English,Spanish,Chinese,Malay": 0.06818181818181818,
            "English,Spanish,Chinese,Vietnamese": 0.03977272727272727,
            "English,Spanish,Malay,Vietnamese": 0.10795454545454546,
            "English,Chinese,Malay,Vietnamese": 0.03977272727272727,
            "Filipino,Spanish,Chinese,Malay": 0.056818181818181816,
            "Filipino,Spanish,Chinese,Vietnamese": 0.028409090909090908,
            "Filipino,Spanish,Malay,Vietnamese": 0.17613636363636365,
            "Filipino,Chinese,Malay,Vietnamese": 0.028409090909090908,
            "Spanish,Chinese,Malay,Vietnamese": 0.03409090909090909
        },
        "5_combine": {
            "Indonesian,English,Filipino,Spanish,Chinese": 0.03409090909090909,
            "Indonesian,English,Filipino,Spanish,Malay": 0.13636363636363635,
            "Indonesian,English,Filipino,Spanish,Vietnamese": 0.08522727272727272,
            "Indonesian,English,Filipino,Chinese,Malay": 0.03977272727272727,
            "Indonesian,English,Filipino,Chinese,Vietnamese": 0.022727272727272728,
            "Indonesian,English,Filipino,Malay,Vietnamese": 0.10795454545454546,
            "Indonesian,English,Spanish,Chinese,Malay": 0.056818181818181816,
            "Indonesian,English,Spanish,Chinese,Vietnamese": 0.022727272727272728,
            "Indonesian,English,Spanish,Malay,Vietnamese": 0.07954545454545454,
            "Indonesian,English,Chinese,Malay,Vietnamese": 0.03409090909090909,
            "Indonesian,Filipino,Spanish,Chinese,Malay": 0.045454545454545456,
            "Indonesian,Filipino,Spanish,Chinese,Vietnamese": 0.017045454545454544,
            "Indonesian,Filipino,Spanish,Malay,Vietnamese": 0.13636363636363635,
            "Indonesian,Filipino,Chinese,Malay,Vietnamese": 0.022727272727272728,
            "Indonesian,Spanish,Chinese,Malay,Vietnamese": 0.022727272727272728,
            "English,Filipino,Spanish,Chinese,Malay": 0.028409090909090908,
            "English,Filipino,Spanish,Chinese,Vietnamese": 0.017045454545454544,
            "English,Filipino,Spanish,Malay,Vietnamese": 0.09090909090909091,
            "English,Filipino,Chinese,Malay,Vietnamese": 0.017045454545454544,