{
    "overall_acc": 0.2930194805194805,
    "language_acc": {
        "Indonesian": 0.3181818181818182,
        "English": 0.35795454545454547,
        "Filipino": 0.25,
        "Spanish": 0.2897727272727273,
        "Chinese": 0.2727272727272727,
        "Malay": 0.26704545454545453,
        "Vietnamese": 0.29545454545454547
    },
    "consistency_score_2": 0.35633116883116883,
    "consistency_score_3": 0.16201298701298697,
    "consistency_score_4": 0.08798701298701296,
    "consistency_score_5": 0.05330086580086579,
    "consistency_score_6": 0.034090909090909095,
    "consistency_score_7": 0.022727272727272728,
    "detailed_consistency_score": {
        "2_combine": {
            "Indonesian,English": 0.3977272727272727,
            "Indonesian,Filipino": 0.42613636363636365,
            "Indonesian,Spanish": 0.4090909090909091,
            "Indonesian,Chinese": 0.19318181818181818,
            "Indonesian,Malay": 0.5568181818181818,
            "Indonesian,Vietnamese": 0.32386363636363635,
            "English,Filipino": 0.45454545454545453,
            "English,Spanish": 0.5511363636363636,
            "English,Chinese": 0.2840909090909091,
            "English,Malay": 0.375,
            "English,Vietnamese": 0.36363636363636365,
            "Filipino,Spanish": 0.4375,
            "Filipino,Chinese": 0.125,
            "Filipino,Malay": 0.4659090909090909,
            "Filipino,Vietnamese": 0.3125,
            "Spanish,Chinese": 0.1590909090909091,
            "Spanish,Malay": 0.4318181818181818,
            "Spanish,Vietnamese": 0.3522727272727273,
            "Chinese,Malay": 0.14204545454545456,
            "Chinese,Vietnamese": 0.4147727272727273,
            "Malay,Vietnamese": 0.3068181818181818
        },
        "3_combine": {
            "Indonesian,English,Filipino": 0.22727272727272727,
            "Indonesian,English,Spanish": 0.26704545454545453,
            "Indonesian,English,Chinese": 0.09659090909090909,
            "Indonesian,English,Malay": 0.25,
            "Indonesian,English,Vietnamese": 0.17613636363636365,
            "Indonesian,Filipino,Spanish": 0.23863636363636365,
            "Indonesian,Filipino,Chinese": 0.056818181818181816,
            "Indonesian,Filipino,Malay": 0.2897727272727273,
            "Indonesian,Filipino,Vietnamese": 0.18181818181818182,
            "Indonesian,Spanish,Chinese": 0.0625,
            "Indonesian,Spanish,Malay": 0.29545454545454547,
            "Indonesian,Spanish,Vietnamese": 0.17613636363636365,
            "Indonesian,Chinese,Malay": 0.09659090909090909,
            "Indonesian,Chinese,Vietnamese": 0.09090909090909091,
            "Indonesian,Malay,Vietnamese": 0.21022727272727273,
            "English,Filipino,Spanish": 0.2897727272727273,
            "English,Filipino,Chinese": 0.08522727272727272,
            "English,Filipino,Malay": 0.22727272727272727,
            "English,Filipino,Vietnamese": 0.1875,
            "English,Spanish,Chinese": 0.11931818181818182,
            "English,Spanish,Malay": 0.25,
            "English,Spanish,Vietnamese": 0.21022727272727273,
            "English,Chinese,Malay": 0.08522727272727272,
            "English,Chinese,Vietnamese": 0.14772727272727273,
            "English,Malay,Vietnamese": 0.1590909090909091,
            "Filipino,Spanish,Chinese": 0.056818181818181816,
            "Filipino,Spanish,Malay": 0.24431818181818182,
            "Filipino,Spanish,Vietnamese": 0.19318181818181818,
            "Filipino,Chinese,Malay": 0.056818181818181816,
            "Filipino,Chinese,Vietnamese": 0.0625,
            "Filipino,Malay,Vietnamese": 0.17613636363636365,
            "Spanish,Chinese,Malay": 0.056818181818181816,
            "Spanish,Chinese,Vietnamese": 0.08522727272727272,
            "Spanish,Malay,Vietnamese": 0.17613636363636365,
            "Chinese,Malay,Vietnamese": 0.08522727272727272
        },
        "4_combine": {
            "Indonesian,English,Filipino,Spanish": 0.17613636363636365,
            "Indonesian,English,Filipino,Chinese": 0.05113636363636364,
            "Indonesian,English,Filipino,Malay": 0.1590909090909091,
            "Indonesian,English,Filipino,Vietnamese": 0.125,
            "Indonesian,English,Spanish,Chinese": 0.05113636363636364,
            "Indonesian,English,Spanish,Malay": 0.19318181818181818,
            "Indonesian,English,Spanish,Vietnamese": 0.125,
            "Indonesian,English,Chinese,Malay": 0.06818181818181818,
            "Indonesian,English,Chinese,Vietnamese": 0.05113636363636364,
            "Indonesian,English,Malay,Vietnamese": 0.13068181818181818,
            "Indonesian,Filipino,Spanish,Chinese": 0.03409090909090909,
            "Indonesian,Filipino,Spanish,Malay": 0.1875,
            "Indonesian,Filipino,Spanish,Vietnamese": 0.13636363636363635,
            "Indonesian,Filipino,Chinese,Malay": 0.045454545454545456,
            "Indonesian,Filipino,Chinese,Vietnamese": 0.03409090909090909,
            "Indonesian,Filipino,Malay,Vietnamese": 0.14204545454545456,
            "Indonesian,Spanish,Chinese,Malay": 0.045454545454545456,
            "Indonesian,Spanish,Chinese,Vietnamese": 0.03977272727272727,
            "Indonesian,Spanish,Malay,Vietnamese": 0.13636363636363635,
            "Indonesian,Chinese,Malay,Vietnamese": 0.0625,
            "English,Filipino,Spanish,Chinese": 0.05113636363636364,
            "English,Filipino,Spanish,Malay": 0.16477272727272727,
            "English,Filipino,Spanish,Vietnamese": 0.13636363636363635,
            "English,Filipino,Chinese,Malay": 0.045454545454545456,
            "English,Filipino,Chinese,Vietnamese": 0.03977272727272727,
            "English,Filipino,Malay,Vietnamese": 0.10795454545454546,
            "English,Spanish,Chinese,Malay": 0.056818181818181816,
            "English,Spanish,Chinese,Vietnamese": 0.06818181818181818,
            "English,Spanish,Malay,Vietnamese": 0.10227272727272728,
            "English,Chinese,Malay,Vietnamese": 0.05113636363636364,
            "Filipino,Spanish,Chinese,Malay": 0.03409090909090909,
            "Filipino,Spanish,Chinese,Vietnamese": 0.028409090909090908,
            "Filipino,Spanish,Malay,Vietnamese": 0.11931818181818182,
            "Filipino,Chinese,Malay,Vietnamese": 0.03977272727272727,
            "Spanish,Chinese,Malay,Vietnamese": 0.03977272727272727
        },
        "5_combine": {
            "Indonesian,English,Filipino,Spanish,Chinese": 0.03409090909090909,
            "Indonesian,English,Filipino,Spanish,Malay": 0.13636363636363635,
            "Indonesian,English,Filipino,Spanish,Vietnamese": 0.10227272727272728,
            "Indonesian,English,Filipino,Chinese,Malay": 0.03977272727272727,
            "Indonesian,English,Filipino,Chinese,Vietnamese": 0.028409090909090908,
            "Indonesian,English,Filipino,Malay,Vietnamese": 0.09659090909090909,
            "Indonesian,English,Spanish,Chinese,Malay": 0.045454545454545456,
            "Indonesian,English,Spanish,Chinese,Vietnamese": 0.03409090909090909,
            "Indonesian,English,Spanish,Malay,Vietnamese": 0.09659090909090909,
            "Indonesian,English,Chinese,Malay,Vietnamese": 0.045454545454545456,
            "Indonesian,Filipino,Spanish,Chinese,Malay": 0.028409090909090908,
            "Indonesian,Filipino,Spanish,Chinese,Vietnamese": 0.022727272727272728,
            "Indonesian,Filipino,Spanish,Malay,Vietnamese": 0.10795454545454546,
            "Indonesian,Filipino,Chinese,Malay,Vietnamese": 0.03409090909090909,
            "Indonesian,Spanish,Chinese,Malay,Vietnamese": 0.03409090909090909,
            "English,Filipino,Spanish,Chinese,Malay": 0.03409090909090909,
            "English,Filipino,Spanish,Chinese,Vietnamese": 0.028409090909090908,
            "English,Filipino,Spanish,Malay,Vietnamese": 0.07954545454545454,
            "English,Filipino,Chinese,Malay,Vietnamese": 0.028409090909090908,
            "English,Spanish,Chinese,Malay,Vietnamese": 0.03977272727272727,