{
    "overall_acc": 0.27435064935064934,
    "language_acc": {
        "Indonesian": 0.26704545454545453,
        "English": 0.2897727272727273,
        "Filipino": 0.2727272727272727,
        "Spanish": 0.2897727272727273,
        "Chinese": 0.23863636363636365,
        "Malay": 0.2727272727272727,
        "Vietnamese": 0.2897727272727273
    },
    "consistency_score_2": 0.3890692640692641,
    "consistency_score_3": 0.1931818181818182,
    "consistency_score_4": 0.1099025974025974,
    "consistency_score_5": 0.06737012987012989,
    "consistency_score_6": 0.04301948051948052,
    "consistency_score_7": 0.028409090909090908,
    "detailed_consistency_score": {
        "2_combine": {
            "Indonesian,English": 0.39204545454545453,
            "Indonesian,Filipino": 0.4772727272727273,
            "Indonesian,Spanish": 0.3977272727272727,
            "Indonesian,Chinese": 0.26136363636363635,
            "Indonesian,Malay": 0.5568181818181818,
            "Indonesian,Vietnamese": 0.32954545454545453,
            "English,Filipino": 0.4318181818181818,
            "English,Spanish": 0.5397727272727273,
            "English,Chinese": 0.26136363636363635,
            "English,Malay": 0.4318181818181818,
            "English,Vietnamese": 0.3522727272727273,
            "Filipino,Spanish": 0.4772727272727273,
            "Filipino,Chinese": 0.32954545454545453,
            "Filipino,Malay": 0.48295454545454547,
            "Filipino,Vietnamese": 0.38636363636363635,
            "Spanish,Chinese": 0.30113636363636365,
            "Spanish,Malay": 0.42045454545454547,
            "Spanish,Vietnamese": 0.32954545454545453,
            "Chinese,Malay": 0.3125,
            "Chinese,Vietnamese": 0.35795454545454547,
            "Malay,Vietnamese": 0.3409090909090909
        },
        "3_combine": {
            "Indonesian,English,Filipino": 0.25,
            "Indonesian,English,Spanish": 0.23863636363636365,
            "Indonesian,English,Chinese": 0.11363636363636363,
            "Indonesian,English,Malay": 0.2727272727272727,
            "Indonesian,English,Vietnamese": 0.13636363636363635,
            "Indonesian,Filipino,Spanish": 0.25,
            "Indonesian,Filipino,Chinese": 0.1534090909090909,
            "Indonesian,Filipino,Malay": 0.32954545454545453,
            "Indonesian,Filipino,Vietnamese": 0.17613636363636365,
            "Indonesian,Spanish,Chinese": 0.125,
            "Indonesian,Spanish,Malay": 0.2897727272727273,
            "Indonesian,Spanish,Vietnamese": 0.13636363636363635,
            "Indonesian,Chinese,Malay": 0.17613636363636365,
            "Indonesian,Chinese,Vietnamese": 0.13068181818181818,
            "Indonesian,Malay,Vietnamese": 0.21022727272727273,
            "English,Filipino,Spanish": 0.29545454545454547,
            "English,Filipino,Chinese": 0.14772727272727273,
            "English,Filipino,Malay": 0.2727272727272727,
            "English,Filipino,Vietnamese": 0.18181818181818182,
            "English,Spanish,Chinese": 0.16477272727272727,
            "English,Spanish,Malay": 0.26704545454545453,
            "English,Spanish,Vietnamese": 0.19886363636363635,
            "English,Chinese,Malay": 0.13636363636363635,
            "English,Chinese,Vietnamese": 0.1534090909090909,
            "English,Malay,Vietnamese": 0.17613636363636365,
            "Filipino,Spanish,Chinese": 0.1534090909090909,
            "Filipino,Spanish,Malay": 0.2840909090909091,
            "Filipino,Spanish,Vietnamese": 0.18181818181818182,
            "Filipino,Chinese,Malay": 0.17045454545454544,
            "Filipino,Chinese,Vietnamese": 0.18181818181818182,
            "Filipino,Malay,Vietnamese": 0.19886363636363635,
            "Spanish,Chinese,Malay": 0.1534090909090909,
            "Spanish,Chinese,Vietnamese": 0.14772727272727273,
            "Spanish,Malay,Vietnamese": 0.1590909090909091,
            "Chinese,Malay,Vietnamese": 0.14772727272727273
        },
        "4_combine": {
            "Indonesian,English,Filipino,Spanish": 0.1590909090909091,
            "Indonesian,English,Filipino,Chinese": 0.09090909090909091,
            "Indonesian,English,Filipino,Malay": 0.19886363636363635,
            "Indonesian,English,Filipino,Vietnamese": 0.09090909090909091,
            "Indonesian,English,Spanish,Chinese": 0.08522727272727272,
            "Indonesian,English,Spanish,Malay": 0.18181818181818182,
            "Indonesian,English,Spanish,Vietnamese": 0.08522727272727272,
            "Indonesian,English,Chinese,Malay": 0.07954545454545454,
            "Indonesian,English,Chinese,Vietnamese": 0.0625,
            "Indonesian,English,Malay,Vietnamese": 0.09659090909090909,
            "Indonesian,Filipino,Spanish,Chinese": 0.08522727272727272,
            "Indonesian,Filipino,Spanish,Malay": 0.19886363636363635,
            "Indonesian,Filipino,Spanish,Vietnamese": 0.09659090909090909,
            "Indonesian,Filipino,Chinese,Malay": 0.10227272727272728,
            "Indonesian,Filipino,Chinese,Vietnamese": 0.08522727272727272,
            "Indonesian,Filipino,Malay,Vietnamese": 0.13636363636363635,
            "Indonesian,Spanish,Chinese,Malay": 0.10227272727272728,
            "Indonesian,Spanish,Chinese,Vietnamese": 0.07386363636363637,
            "Indonesian,Spanish,Malay,Vietnamese": 0.11931818181818182,
            "Indonesian,Chinese,Malay,Vietnamese": 0.09090909090909091,
            "English,Filipino,Spanish,Chinese": 0.10795454545454546,
            "English,Filipino,Spanish,Malay": 0.1875,
            "English,Filipino,Spanish,Vietnamese": 0.125,
            "English,Filipino,Chinese,Malay": 0.09090909090909091,
            "English,Filipino,Chinese,Vietnamese": 0.09659090909090909,
            "English,Filipino,Malay,Vietnamese": 0.11363636363636363,
            "English,Spanish,Chinese,Malay": 0.10227272727272728,
            "English,Spanish,Chinese,Vietnamese": 0.10795454545454546,
            "English,Spanish,Malay,Vietnamese": 0.10795454545454546,
            "English,Chinese,Malay,Vietnamese": 0.07954545454545454,
            "Filipino,Spanish,Chinese,Malay": 0.10795454545454546,
            "Filipino,Spanish,Chinese,Vietnamese": 0.09090909090909091,
            "Filipino,Spanish,Malay,Vietnamese": 0.11363636363636363,
            "Filipino,Chinese,Malay,Vietnamese": 0.10795454545454546,
            "Spanish,Chinese,Malay,Vietnamese": 0.08522727272727272
        },
        "5_combine": {
            "Indonesian,English,Filipino,Spanish,Chinese": 0.0625,
            "Indonesian,English,Filipino,Spanish,Malay": 0.13068181818181818,
            "Indonesian,English,Filipino,Spanish,Vietnamese": 0.0625,
            "Indonesian,English,Filipino,Chinese,Malay": 0.0625,
            "Indonesian,English,Filipino,Chinese,Vietnamese": 0.05113636363636364,
            "Indonesian,English,Filipino,Malay,Vietnamese": 0.06818181818181818,
            "Indonesian,English,Spanish,Chinese,Malay": 0.06818181818181818,
            "Indonesian,English,Spanish,Chinese,Vietnamese": 0.05113636363636364,
            "Indonesian,English,Spanish,Malay,Vietnamese": 0.06818181818181818,
            "Indonesian,English,Chinese,Malay,Vietnamese": 0.03977272727272727,
            "Indonesian,Filipino,Spanish,Chinese,Malay": 0.07386363636363637,
            "Indonesian,Filipino,Spanish,Chinese,Vietnamese": 0.056818181818181816,
            "Indonesian,Filipino,Spanish,Malay,Vietnamese": 0.08522727272727272,
            "Indonesian,Filipino,Chinese,Malay,Vietnamese": 0.06818181818181818,
            "Indonesian,Spanish,Chinese,Malay,Vietnamese": 0.056818181818181816,
            "English,Filipino,Spanish,Chinese,Malay": 0.07386363636363637,
            "English,Filipino,Spanish,Chinese,Vietnamese": 0.07386363636363637,
            "English,Filipino,Spanish,Malay,Vietnamese": 0.07954545454545454,
            "English,Filipino,Chinese,Malay,Vietnamese": 0.056818181818181816,
            "English,Spanish,Chinese,Malay,Vietnamese": 0.0625,