{
    "accuracy": 0.6171612441902038,
    "category_acc": {
        "high_school_european_history": 0.7317073170731707,
        "business_ethics": 0.6565656565656566,
        "clinical_knowledge": 0.6590909090909091,
        "medical_genetics": 0.7575757575757576,
        "high_school_us_history": 0.7931034482758621,
        "high_school_physics": 0.34,
        "high_school_world_history": 0.8008474576271186,
        "virology": 0.49696969696969695,
        "high_school_microeconomics": 0.7088607594936709,
        "econometrics": 0.3893805309734513,
        "college_computer_science": 0.3939393939393939,
        "high_school_biology": 0.7249190938511327,
        "abstract_algebra": 0.30303030303030304,
        "professional_accounting": 0.5480427046263345,
        "philosophy": 0.6774193548387096,
        "professional_medicine": 0.6678966789667896,
        "nutrition": 0.7114754098360656,
        "global_facts": 0.5050505050505051,
        "machine_learning": 0.35135135135135137,
        "security_studies": 0.6721311475409836,
        "public_relations": 0.6513761467889908,
        "professional_psychology": 0.630114566284779,
        "prehistory": 0.7120743034055728,
        "anatomy": 0.6119402985074627,
        "human_sexuality": 0.6923076923076923,
        "college_medicine": 0.6046511627906976,
        "high_school_government_and_politics": 0.8229166666666666,
        "college_chemistry": 0.3939393939393939,
        "logical_fallacies": 0.7654320987654321,
        "high_school_geography": 0.7309644670050761,
        "elementary_mathematics": 0.6816976127320955,
        "human_aging": 0.6486486486486487,
        "college_mathematics": 0.35353535353535354,
        "high_school_psychology": 0.7886029411764706,
        "formal_logic": 0.488,
        "high_school_statistics": 0.4744186046511628,
        "international_law": 0.775,
        "high_school_mathematics": 0.38661710037174724,
        "high_school_computer_science": 0.6767676767676768,
        "conceptual_physics": 0.594017094017094,
        "miscellaneous": 0.7877237851662404,
        "high_school_chemistry": 0.5,
        "marketing": 0.8283261802575107,
        "professional_law": 0.47619047619047616,
        "management": 0.803921568627451,
        "college_physics": 0.4158415841584158,
        "jurisprudence": 0.7476635514018691,
        "world_religions": 0.8,
        "sociology": 0.8,
        "us_foreign_policy": 0.8383838383838383,
        "high_school_macroeconomics": 0.5732647814910026,
        "computer_security": 0.6161616161616161,
        "moral_scenarios": 0.3434004474272931,
        "moral_disputes": 0.6695652173913044,
        "electrical_engineering": 0.6180555555555556,
        "astronomy": 0.7218543046357616,
        "college_biology": 0.6503496503496503
    }
}