{
    "accuracy": 0.5823382195209152,
    "category_acc": {
        "high_school_european_history": 0.7134146341463414,
        "business_ethics": 0.6161616161616161,
        "clinical_knowledge": 0.6401515151515151,
        "medical_genetics": 0.7373737373737373,
        "high_school_us_history": 0.7783251231527094,
        "high_school_physics": 0.32666666666666666,
        "high_school_world_history": 0.7923728813559322,
        "virology": 0.4909090909090909,
        "high_school_microeconomics": 0.6118143459915611,
        "econometrics": 0.35398230088495575,
        "college_computer_science": 0.36363636363636365,
        "high_school_biology": 0.6472491909385113,
        "abstract_algebra": 0.29292929292929293,
        "professional_accounting": 0.4483985765124555,
        "philosophy": 0.6580645161290323,
        "professional_medicine": 0.6457564575645757,
        "nutrition": 0.6786885245901639,
        "global_facts": 0.494949494949495,
        "machine_learning": 0.36936936936936937,
        "security_studies": 0.5983606557377049,
        "public_relations": 0.5504587155963303,
        "professional_psychology": 0.6104746317512275,
        "prehistory": 0.6687306501547987,
        "anatomy": 0.5895522388059702,
        "human_sexuality": 0.5923076923076923,
        "college_medicine": 0.5348837209302325,
        "high_school_government_and_politics": 0.796875,
        "college_chemistry": 0.31313131313131315,
        "logical_fallacies": 0.7345679012345679,
        "high_school_geography": 0.6700507614213198,
        "elementary_mathematics": 0.726790450928382,
        "human_aging": 0.6396396396396397,
        "college_mathematics": 0.21212121212121213,
        "high_school_psychology": 0.7408088235294118,
        "formal_logic": 0.4,
        "high_school_statistics": 0.40930232558139534,
        "international_law": 0.7083333333333334,
        "high_school_mathematics": 0.2936802973977695,
        "high_school_computer_science": 0.6666666666666666,
        "conceptual_physics": 0.5470085470085471,
        "miscellaneous": 0.7902813299232737,
        "high_school_chemistry": 0.41089108910891087,
        "marketing": 0.8111587982832618,
        "professional_law": 0.44879321591650356,
        "management": 0.7549019607843137,
        "college_physics": 0.3564356435643564,
        "jurisprudence": 0.6915887850467289,
        "world_religions": 0.8176470588235294,
        "sociology": 0.775,
        "us_foreign_policy": 0.8282828282828283,
        "high_school_macroeconomics": 0.5475578406169666,
        "computer_security": 0.6666666666666666,
        "moral_scenarios": 0.30648769574944074,
        "moral_disputes": 0.6347826086956522,
        "electrical_engineering": 0.6111111111111112,
        "astronomy": 0.6357615894039735,
        "college_biology": 0.6013986013986014
    }
}