{
    "rouge1": 0.5310040504588704,
    "rouge2": 0.2889554535263174,
    "rougeL": 0.4448795824256869,
    "avg_rouge": 0.4216130288036249
}