{
    "rouge1": 0.5289238690020692,
    "rouge2": 0.286647554142563,
    "rougeL": 0.4426701857145179,
    "avg_rouge": 0.4194138696197167
}