{
    "rouge1": 0.5301678345319392,
    "rouge2": 0.2888796755768626,
    "rougeL": 0.44474721577330006,
    "avg_rouge": 0.42126490862736726
}