{
    "rouge1": 0.5286747119788637,
    "rouge2": 0.28676322097611173,
    "rougeL": 0.44334451795455654,
    "avg_rouge": 0.4195941503031773
}