{
    "accuracy": 0.2532377827663616,
    "category_acc": {
        "agronomy": 0.26627218934911245,
        "anatomy": 0.33783783783783783,
        "ancient_chinese": 0.2682926829268293,
        "arts": 0.26875,
        "astronomy": 0.23636363636363636,
        "business_ethics": 0.2535885167464115,
        "chinese_civil_service_exam": 0.28125,
        "chinese_driving_rule": 0.32061068702290074,
        "chinese_food_culture": 0.2647058823529412,
        "chinese_foreign_policy": 0.2523364485981308,
        "chinese_history": 0.2631578947368421,
        "chinese_literature": 0.25,
        "chinese_teacher_qualification": 0.26256983240223464,
        "clinical_knowledge": 0.2616033755274262,
        "college_actuarial_science": 0.2641509433962264,
        "college_education": 0.3364485981308411,
        "college_engineering_hydrology": 0.32075471698113206,
        "college_law": 0.21296296296296297,
        "college_mathematics": 0.2,
        "college_medical_statistics": 0.1792452830188679,
        "college_medicine": 0.23076923076923078,
        "computer_science": 0.28431372549019607,
        "computer_security": 0.27485380116959063,
        "conceptual_physics": 0.2925170068027211,
        "construction_project_management": 0.2589928057553957,
        "economics": 0.2893081761006289,
        "education": 0.25153374233128833,
        "electrical_engineering": 0.22093023255813954,
        "elementary_chinese": 0.23412698412698413,
        "elementary_commonsense": 0.2474747474747475,
        "elementary_information_and_technology": 0.2605042016806723,
        "elementary_mathematics": 0.26521739130434785,
        "ethnology": 0.2962962962962963,
        "food_science": 0.25874125874125875,
        "genetics": 0.23295454545454544,
        "global_facts": 0.2348993288590604,
        "high_school_biology": 0.22485207100591717,
        "high_school_chemistry": 0.2196969696969697,
        "high_school_geography": 0.2288135593220339,
        "high_school_mathematics": 0.22560975609756098,
        "high_school_physics": 0.22727272727272727,
        "high_school_politics": 0.2937062937062937,
        "human_sexuality": 0.2619047619047619,
        "international_law": 0.23783783783783785,
        "journalism": 0.21511627906976744,
        "jurisprudence": 0.23114355231143552,
        "legal_and_moral_basis": 0.2383177570093458,
        "logical": 0.3333333333333333,
        "machine_learning": 0.26229508196721313,
        "management": 0.23809523809523808,
        "marketing": 0.25555555555555554,
        "marxist_theory": 0.24338624338624337,
        "modern_chinese": 0.27586206896551724,
        "nutrition": 0.30344827586206896,
        "philosophy": 0.2,
        "professional_accounting": 0.22857142857142856,
        "professional_law": 0.25118483412322273,
        "professional_medicine": 0.23404255319148937,
        "professional_psychology": 0.21551724137931033,
        "public_relations": 0.27011494252873564,
        "security_study": 0.2518518518518518,
        "sociology": 0.252212389380531,
        "sports_science": 0.23636363636363636,
        "traditional_chinese_medicine": 0.25405405405405407,
        "virology": 0.1952662721893491,
        "world_history": 0.2670807453416149,
        "world_religions": 0.2875
    }
}