{
    "accuracy": 0.254101191504058,
    "category_acc": {
        "agronomy": 0.23668639053254437,
        "anatomy": 0.2972972972972973,
        "ancient_chinese": 0.2621951219512195,
        "arts": 0.325,
        "astronomy": 0.23030303030303031,
        "business_ethics": 0.23923444976076555,
        "chinese_civil_service_exam": 0.30625,
        "chinese_driving_rule": 0.31297709923664124,
        "chinese_food_culture": 0.2647058823529412,
        "chinese_foreign_policy": 0.2523364485981308,
        "chinese_history": 0.2631578947368421,
        "chinese_literature": 0.24509803921568626,
        "chinese_teacher_qualification": 0.25139664804469275,
        "clinical_knowledge": 0.2489451476793249,
        "college_actuarial_science": 0.27358490566037735,
        "college_education": 0.2897196261682243,
        "college_engineering_hydrology": 0.32075471698113206,
        "college_law": 0.25,
        "college_mathematics": 0.2,
        "college_medical_statistics": 0.16981132075471697,
        "college_medicine": 0.23443223443223443,
        "computer_science": 0.31862745098039214,
        "computer_security": 0.2573099415204678,
        "conceptual_physics": 0.272108843537415,
        "construction_project_management": 0.2446043165467626,
        "economics": 0.25157232704402516,
        "education": 0.2392638036809816,
        "electrical_engineering": 0.22093023255813954,
        "elementary_chinese": 0.21825396825396826,
        "elementary_commonsense": 0.2222222222222222,
        "elementary_information_and_technology": 0.2773109243697479,
        "elementary_mathematics": 0.2826086956521739,
        "ethnology": 0.3037037037037037,
        "food_science": 0.2727272727272727,
        "genetics": 0.26136363636363635,
        "global_facts": 0.2684563758389262,
        "high_school_biology": 0.21893491124260356,
        "high_school_chemistry": 0.2196969696969697,
        "high_school_geography": 0.2796610169491525,
        "high_school_mathematics": 0.22560975609756098,
        "high_school_physics": 0.21818181818181817,
        "high_school_politics": 0.2937062937062937,
        "human_sexuality": 0.25396825396825395,
        "international_law": 0.2702702702702703,
        "journalism": 0.32558139534883723,
        "jurisprudence": 0.24087591240875914,
        "legal_and_moral_basis": 0.2523364485981308,
        "logical": 0.2682926829268293,
        "machine_learning": 0.2786885245901639,
        "management": 0.26666666666666666,
        "marketing": 0.25,
        "marxist_theory": 0.2275132275132275,
        "modern_chinese": 0.3017241379310345,
        "nutrition": 0.2482758620689655,
        "philosophy": 0.19047619047619047,
        "professional_accounting": 0.19428571428571428,
        "professional_law": 0.24644549763033174,
        "professional_medicine": 0.2154255319148936,
        "professional_psychology": 0.21120689655172414,
        "public_relations": 0.27586206896551724,
        "security_study": 0.25925925925925924,
        "sociology": 0.24778761061946902,
        "sports_science": 0.2787878787878788,
        "traditional_chinese_medicine": 0.2702702702702703,
        "virology": 0.16568047337278108,
        "world_history": 0.2546583850931677,
        "world_religions": 0.30625
    }
}