{
    "accuracy": 0.25392850975651876,
    "category_acc": {
        "agronomy": 0.25443786982248523,
        "anatomy": 0.25675675675675674,
        "ancient_chinese": 0.2682926829268293,
        "arts": 0.24375,
        "astronomy": 0.19393939393939394,
        "business_ethics": 0.2535885167464115,
        "chinese_civil_service_exam": 0.24375,
        "chinese_driving_rule": 0.3053435114503817,
        "chinese_food_culture": 0.2426470588235294,
        "chinese_foreign_policy": 0.27102803738317754,
        "chinese_history": 0.25077399380804954,
        "chinese_literature": 0.25,
        "chinese_teacher_qualification": 0.24022346368715083,
        "clinical_knowledge": 0.2489451476793249,
        "college_actuarial_science": 0.27358490566037735,
        "college_education": 0.2897196261682243,
        "college_engineering_hydrology": 0.3018867924528302,
        "college_law": 0.2222222222222222,
        "college_mathematics": 0.20952380952380953,
        "college_medical_statistics": 0.24528301886792453,
        "college_medicine": 0.2490842490842491,
        "computer_science": 0.30392156862745096,
        "computer_security": 0.2573099415204678,
        "conceptual_physics": 0.2857142857142857,
        "construction_project_management": 0.26618705035971224,
        "economics": 0.2389937106918239,
        "education": 0.25153374233128833,
        "electrical_engineering": 0.2441860465116279,
        "elementary_chinese": 0.28174603174603174,
        "elementary_commonsense": 0.2474747474747475,
        "elementary_information_and_technology": 0.2857142857142857,
        "elementary_mathematics": 0.26956521739130435,
        "ethnology": 0.23703703703703705,
        "food_science": 0.3006993006993007,
        "genetics": 0.2159090909090909,
        "global_facts": 0.2751677852348993,
        "high_school_biology": 0.23076923076923078,
        "high_school_chemistry": 0.25757575757575757,
        "high_school_geography": 0.2457627118644068,
        "high_school_mathematics": 0.1951219512195122,
        "high_school_physics": 0.2727272727272727,
        "high_school_politics": 0.26573426573426573,
        "human_sexuality": 0.24603174603174602,
        "international_law": 0.2648648648648649,
        "journalism": 0.2441860465116279,
        "jurisprudence": 0.26277372262773724,
        "legal_and_moral_basis": 0.2570093457943925,
        "logical": 0.25203252032520324,
        "machine_learning": 0.22950819672131148,
        "management": 0.24285714285714285,
        "marketing": 0.25555555555555554,
        "marxist_theory": 0.25925925925925924,
        "modern_chinese": 0.27586206896551724,
        "nutrition": 0.2,
        "philosophy": 0.2761904761904762,
        "professional_accounting": 0.2571428571428571,
        "professional_law": 0.23696682464454977,
        "professional_medicine": 0.24202127659574468,
        "professional_psychology": 0.24568965517241378,
        "public_relations": 0.2413793103448276,
        "security_study": 0.2740740740740741,
        "sociology": 0.2610619469026549,
        "sports_science": 0.23636363636363636,
        "traditional_chinese_medicine": 0.2594594594594595,
        "virology": 0.25443786982248523,
        "world_history": 0.2360248447204969,
        "world_religions": 0.275
    }
}