{
    "rouge1": 0.3323899982736654,
    "rouge2": 0.11772618412195887,
    "rougeL": 0.24821670371992166,
    "avg_rouge": 0.23277762870518195
}