{
    "rouge1": 0.3201013255766478,
    "rouge2": 0.12129474572573874,
    "rougeL": 0.24126673160420492,
    "avg_rouge": 0.22755426763553047
}