{
    "overall_acc": 0.2573529411764706,
    "language_acc": {
        "Spanish": 0.2596638655462185,
        "English": 0.2596638655462185,
        "Chinese": 0.2453781512605042,
        "Vietnamese": 0.2647058823529412
    },
    "consistency_score_2": 0.24971988795518207,
    "consistency_score_3": 0.06302521008403361,
    "consistency_score_4": 0.015966386554621848,
    "detailed_consistency_score": {
        "2_combine": {
            "Spanish,English": 0.25882352941176473,
            "Spanish,Chinese": 0.2605042016806723,
            "Spanish,Vietnamese": 0.25546218487394956,
            "English,Chinese": 0.27310924369747897,
            "English,Vietnamese": 0.20588235294117646,
            "Chinese,Vietnamese": 0.2445378151260504
        },
        "3_combine": {
            "Spanish,English,Chinese": 0.06890756302521009,
            "Spanish,English,Vietnamese": 0.05546218487394958,
            "Spanish,Chinese,Vietnamese": 0.073109243697479,
            "English,Chinese,Vietnamese": 0.0546218487394958
        },
        "4_combine": {
            "Spanish,English,Chinese,Vietnamese": 0.015966386554621848
        }
    },
    "AC3_2": 0.25347896369405065,
    "AC3_3": 0.10125361616897419,
    "AC3_4": 0.03006736898117714
}