{
    "overall_acc": 0.2640756302521008,
    "language_acc": {
        "Spanish": 0.2571428571428571,
        "English": 0.25546218487394956,
        "Chinese": 0.26974789915966385,
        "Vietnamese": 0.2739495798319328
    },
    "consistency_score_2": 0.24439775910364148,
    "consistency_score_3": 0.05882352941176471,
    "consistency_score_4": 0.013445378151260505,
    "detailed_consistency_score": {
        "2_combine": {
            "Spanish,English": 0.22941176470588234,
            "Spanish,Chinese": 0.246218487394958,
            "Spanish,Vietnamese": 0.246218487394958,
            "English,Chinese": 0.24789915966386555,
            "English,Vietnamese": 0.25126050420168067,
            "Chinese,Vietnamese": 0.2453781512605042
        },
        "3_combine": {
            "Spanish,English,Chinese": 0.05966386554621849,
            "Spanish,English,Vietnamese": 0.05714285714285714,
            "Spanish,Chinese,Vietnamese": 0.06638655462184874,
            "English,Chinese,Vietnamese": 0.052100840336134456
        },
        "4_combine": {
            "Spanish,English,Chinese,Vietnamese": 0.013445378151260505
        }
    },
    "AC3_2": 0.2538559287697504,
    "AC3_3": 0.09621493356888625,
    "AC3_4": 0.02558794902353448
}