{
    "overall_acc": 0.24726890756302522,
    "language_acc": {
        "Spanish": 0.2495798319327731,
        "English": 0.24033613445378152,
        "Chinese": 0.25798319327731095,
        "Vietnamese": 0.2411764705882353
    },
    "consistency_score_2": 0.24663865546218489,
    "consistency_score_3": 0.0592436974789916,
    "consistency_score_4": 0.01764705882352941,
    "detailed_consistency_score": {
        "2_combine": {
            "Spanish,English": 0.24369747899159663,
            "Spanish,Chinese": 0.24789915966386555,
            "Spanish,Vietnamese": 0.24873949579831933,
            "English,Chinese": 0.24705882352941178,
            "English,Vietnamese": 0.24705882352941178,
            "Chinese,Vietnamese": 0.2453781512605042
        },
        "3_combine": {
            "Spanish,English,Chinese": 0.06134453781512605,
            "Spanish,English,Vietnamese": 0.0546218487394958,
            "Spanish,Chinese,Vietnamese": 0.06050420168067227,
            "English,Chinese,Vietnamese": 0.06050420168067227
        },
        "4_combine": {
            "Spanish,English,Chinese,Vietnamese": 0.01764705882352941
        }
    },
    "AC3_2": 0.24695337934514394,
    "AC3_3": 0.09558578740236284,
    "AC3_4": 0.03294304239088608
}