{
    "overall_acc": 0.2548319327731092,
    "language_acc": {
        "Spanish": 0.2453781512605042,
        "English": 0.2546218487394958,
        "Chinese": 0.27563025210084036,
        "Vietnamese": 0.24369747899159663
    },
    "consistency_score_2": 0.24915966386554622,
    "consistency_score_3": 0.06365546218487395,
    "consistency_score_4": 0.01680672268907563,
    "detailed_consistency_score": {
        "2_combine": {
            "Spanish,English": 0.2630252100840336,
            "Spanish,Chinese": 0.246218487394958,
            "Spanish,Vietnamese": 0.23529411764705882,
            "English,Chinese": 0.253781512605042,
            "English,Vietnamese": 0.2495798319327731,
            "Chinese,Vietnamese": 0.24705882352941178
        },
        "3_combine": {
            "Spanish,English,Chinese": 0.06722689075630252,
            "Spanish,English,Vietnamese": 0.05798319327731093,
            "Spanish,Chinese,Vietnamese": 0.06638655462184874,
            "English,Chinese,Vietnamese": 0.06302521008403361
        },
        "4_combine": {
            "Spanish,English,Chinese,Vietnamese": 0.01680672268907563
        }
    },
    "AC3_2": 0.2519638784568071,
    "AC3_3": 0.10186553510027453,
    "AC3_4": 0.03153372716835841
}