{
    "accuracy": 0.24987048868934553,
    "category_acc": {
        "agronomy": 0.26627218934911245,
        "anatomy": 0.22972972972972974,
        "ancient_chinese": 0.21951219512195122,
        "arts": 0.225,
        "astronomy": 0.26666666666666666,
        "business_ethics": 0.2727272727272727,
        "chinese_civil_service_exam": 0.2875,
        "chinese_driving_rule": 0.2366412213740458,
        "chinese_food_culture": 0.2647058823529412,
        "chinese_foreign_policy": 0.308411214953271,
        "chinese_history": 0.2260061919504644,
        "chinese_literature": 0.25,
        "chinese_teacher_qualification": 0.22346368715083798,
        "clinical_knowledge": 0.26582278481012656,
        "college_actuarial_science": 0.2169811320754717,
        "college_education": 0.2523364485981308,
        "college_engineering_hydrology": 0.27358490566037735,
        "college_law": 0.17592592592592593,
        "college_mathematics": 0.3142857142857143,
        "college_medical_statistics": 0.24528301886792453,
        "college_medicine": 0.20512820512820512,
        "computer_science": 0.23039215686274508,
        "computer_security": 0.1871345029239766,
        "conceptual_physics": 0.2585034013605442,
        "construction_project_management": 0.17985611510791366,
        "economics": 0.1761006289308176,
        "education": 0.22085889570552147,
        "electrical_engineering": 0.26744186046511625,
        "elementary_chinese": 0.25793650793650796,
        "elementary_commonsense": 0.20202020202020202,
        "elementary_information_and_technology": 0.3067226890756303,
        "elementary_mathematics": 0.2391304347826087,
        "ethnology": 0.21481481481481482,
        "food_science": 0.3006993006993007,
        "genetics": 0.24431818181818182,
        "global_facts": 0.2550335570469799,
        "high_school_biology": 0.2603550295857988,
        "high_school_chemistry": 0.23484848484848486,
        "high_school_geography": 0.2796610169491525,
        "high_school_mathematics": 0.2865853658536585,
        "high_school_physics": 0.2636363636363636,
        "high_school_politics": 0.2727272727272727,
        "human_sexuality": 0.23809523809523808,
        "international_law": 0.2756756756756757,
        "journalism": 0.23255813953488372,
        "jurisprudence": 0.2773722627737226,
        "legal_and_moral_basis": 0.29439252336448596,
        "logical": 0.2764227642276423,
        "machine_learning": 0.2786885245901639,
        "management": 0.3238095238095238,
        "marketing": 0.2611111111111111,
        "marxist_theory": 0.2275132275132275,
        "modern_chinese": 0.3275862068965517,
        "nutrition": 0.2689655172413793,
        "philosophy": 0.2761904761904762,
        "professional_accounting": 0.19428571428571428,
        "professional_law": 0.26540284360189575,
        "professional_medicine": 0.2579787234042553,
        "professional_psychology": 0.23275862068965517,
        "public_relations": 0.20689655172413793,
        "security_study": 0.23703703703703705,
        "sociology": 0.2168141592920354,
        "sports_science": 0.2787878787878788,
        "traditional_chinese_medicine": 0.25405405405405407,
        "virology": 0.2603550295857988,
        "world_history": 0.2111801242236025,
        "world_religions": 0.225
    }
}