{
    "accuracy": 0.25375582800897944,
    "category_acc": {
        "agronomy": 0.24260355029585798,
        "anatomy": 0.22297297297297297,
        "ancient_chinese": 0.2865853658536585,
        "arts": 0.275,
        "astronomy": 0.23030303030303031,
        "business_ethics": 0.23923444976076555,
        "chinese_civil_service_exam": 0.25,
        "chinese_driving_rule": 0.2595419847328244,
        "chinese_food_culture": 0.25,
        "chinese_foreign_policy": 0.27102803738317754,
        "chinese_history": 0.2724458204334365,
        "chinese_literature": 0.2549019607843137,
        "chinese_teacher_qualification": 0.24581005586592178,
        "clinical_knowledge": 0.2616033755274262,
        "college_actuarial_science": 0.2641509433962264,
        "college_education": 0.22429906542056074,
        "college_engineering_hydrology": 0.2169811320754717,
        "college_law": 0.24074074074074073,
        "college_mathematics": 0.22857142857142856,
        "college_medical_statistics": 0.2358490566037736,
        "college_medicine": 0.2967032967032967,
        "computer_science": 0.2647058823529412,
        "computer_security": 0.2573099415204678,
        "conceptual_physics": 0.2585034013605442,
        "construction_project_management": 0.2302158273381295,
        "economics": 0.22012578616352202,
        "education": 0.2085889570552147,
        "electrical_engineering": 0.2616279069767442,
        "elementary_chinese": 0.27380952380952384,
        "elementary_commonsense": 0.2676767676767677,
        "elementary_information_and_technology": 0.2689075630252101,
        "elementary_mathematics": 0.26956521739130435,
        "ethnology": 0.3037037037037037,
        "food_science": 0.23076923076923078,
        "genetics": 0.25,
        "global_facts": 0.24161073825503357,
        "high_school_biology": 0.22485207100591717,
        "high_school_chemistry": 0.2196969696969697,
        "high_school_geography": 0.2457627118644068,
        "high_school_mathematics": 0.17073170731707318,
        "high_school_physics": 0.21818181818181817,
        "high_school_politics": 0.2097902097902098,
        "human_sexuality": 0.3333333333333333,
        "international_law": 0.22162162162162163,
        "journalism": 0.27906976744186046,
        "jurisprudence": 0.2749391727493917,
        "legal_and_moral_basis": 0.2850467289719626,
        "logical": 0.21951219512195122,
        "machine_learning": 0.1721311475409836,
        "management": 0.24761904761904763,
        "marketing": 0.2611111111111111,
        "marxist_theory": 0.2698412698412698,
        "modern_chinese": 0.19827586206896552,
        "nutrition": 0.25517241379310346,
        "philosophy": 0.22857142857142856,
        "professional_accounting": 0.21714285714285714,
        "professional_law": 0.2985781990521327,
        "professional_medicine": 0.2898936170212766,
        "professional_psychology": 0.3146551724137931,
        "public_relations": 0.28160919540229884,
        "security_study": 0.2518518518518518,
        "sociology": 0.23008849557522124,
        "sports_science": 0.23030303030303031,
        "traditional_chinese_medicine": 0.1837837837837838,
        "virology": 0.23076923076923078,
        "world_history": 0.32298136645962733,
        "world_religions": 0.2625
    }
}