{
    "accuracy": 0.24624417199102056,
    "category_acc": {
        "agronomy": 0.3136094674556213,
        "anatomy": 0.22972972972972974,
        "ancient_chinese": 0.18292682926829268,
        "arts": 0.275,
        "astronomy": 0.17575757575757575,
        "business_ethics": 0.18181818181818182,
        "chinese_civil_service_exam": 0.275,
        "chinese_driving_rule": 0.33587786259541985,
        "chinese_food_culture": 0.25735294117647056,
        "chinese_foreign_policy": 0.16822429906542055,
        "chinese_history": 0.23529411764705882,
        "chinese_literature": 0.27450980392156865,
        "chinese_teacher_qualification": 0.2849162011173184,
        "clinical_knowledge": 0.2869198312236287,
        "college_actuarial_science": 0.18867924528301888,
        "college_education": 0.2336448598130841,
        "college_engineering_hydrology": 0.24528301886792453,
        "college_law": 0.25925925925925924,
        "college_mathematics": 0.2857142857142857,
        "college_medical_statistics": 0.24528301886792453,
        "college_medicine": 0.23809523809523808,
        "computer_science": 0.25980392156862747,
        "computer_security": 0.23976608187134502,
        "conceptual_physics": 0.22448979591836735,
        "construction_project_management": 0.2949640287769784,
        "economics": 0.27044025157232704,
        "education": 0.2331288343558282,
        "electrical_engineering": 0.26744186046511625,
        "elementary_chinese": 0.2222222222222222,
        "elementary_commonsense": 0.30808080808080807,
        "elementary_information_and_technology": 0.24789915966386555,
        "elementary_mathematics": 0.24782608695652175,
        "ethnology": 0.3037037037037037,
        "food_science": 0.2867132867132867,
        "genetics": 0.23295454545454544,
        "global_facts": 0.20134228187919462,
        "high_school_biology": 0.26627218934911245,
        "high_school_chemistry": 0.22727272727272727,
        "high_school_geography": 0.22033898305084745,
        "high_school_mathematics": 0.22560975609756098,
        "high_school_physics": 0.2636363636363636,
        "high_school_politics": 0.1888111888111888,
        "human_sexuality": 0.24603174603174602,
        "international_law": 0.22702702702702704,
        "journalism": 0.28488372093023256,
        "jurisprudence": 0.22384428223844283,
        "legal_and_moral_basis": 0.22897196261682243,
        "logical": 0.3170731707317073,
        "machine_learning": 0.29508196721311475,
        "management": 0.2619047619047619,
        "marketing": 0.2722222222222222,
        "marxist_theory": 0.2222222222222222,
        "modern_chinese": 0.21551724137931033,
        "nutrition": 0.1793103448275862,
        "philosophy": 0.18095238095238095,
        "professional_accounting": 0.24,
        "professional_law": 0.23222748815165878,
        "professional_medicine": 0.24202127659574468,
        "professional_psychology": 0.27586206896551724,
        "public_relations": 0.28735632183908044,
        "security_study": 0.2222222222222222,
        "sociology": 0.19469026548672566,
        "sports_science": 0.24242424242424243,
        "traditional_chinese_medicine": 0.2702702702702703,
        "virology": 0.26627218934911245,
        "world_history": 0.2608695652173913,
        "world_religions": 0.225
    }
}