{
    "accuracy": 0.2502158521844241,
    "category_acc": {
        "agronomy": 0.21893491124260356,
        "anatomy": 0.28378378378378377,
        "ancient_chinese": 0.27439024390243905,
        "arts": 0.275,
        "astronomy": 0.26666666666666666,
        "business_ethics": 0.2631578947368421,
        "chinese_civil_service_exam": 0.25,
        "chinese_driving_rule": 0.22137404580152673,
        "chinese_food_culture": 0.23529411764705882,
        "chinese_foreign_policy": 0.22429906542056074,
        "chinese_history": 0.25077399380804954,
        "chinese_literature": 0.25980392156862747,
        "chinese_teacher_qualification": 0.2681564245810056,
        "clinical_knowledge": 0.24050632911392406,
        "college_actuarial_science": 0.18867924528301888,
        "college_education": 0.2336448598130841,
        "college_engineering_hydrology": 0.25471698113207547,
        "college_law": 0.23148148148148148,
        "college_mathematics": 0.22857142857142856,
        "college_medical_statistics": 0.25471698113207547,
        "college_medicine": 0.27106227106227104,
        "computer_science": 0.23529411764705882,
        "computer_security": 0.24561403508771928,
        "conceptual_physics": 0.19727891156462585,
        "construction_project_management": 0.2949640287769784,
        "economics": 0.25157232704402516,
        "education": 0.26380368098159507,
        "electrical_engineering": 0.20348837209302326,
        "elementary_chinese": 0.27380952380952384,
        "elementary_commonsense": 0.23232323232323232,
        "elementary_information_and_technology": 0.25630252100840334,
        "elementary_mathematics": 0.23478260869565218,
        "ethnology": 0.24444444444444444,
        "food_science": 0.24475524475524477,
        "genetics": 0.24431818181818182,
        "global_facts": 0.24161073825503357,
        "high_school_biology": 0.24260355029585798,
        "high_school_chemistry": 0.32575757575757575,
        "high_school_geography": 0.22033898305084745,
        "high_school_mathematics": 0.27439024390243905,
        "high_school_physics": 0.21818181818181817,
        "high_school_politics": 0.24475524475524477,
        "human_sexuality": 0.23809523809523808,
        "international_law": 0.22162162162162163,
        "journalism": 0.26744186046511625,
        "jurisprudence": 0.25304136253041365,
        "legal_and_moral_basis": 0.21962616822429906,
        "logical": 0.2682926829268293,
        "machine_learning": 0.2459016393442623,
        "management": 0.22380952380952382,
        "marketing": 0.26666666666666666,
        "marxist_theory": 0.2698412698412698,
        "modern_chinese": 0.20689655172413793,
        "nutrition": 0.18620689655172415,
        "philosophy": 0.3142857142857143,
        "professional_accounting": 0.29714285714285715,
        "professional_law": 0.2796208530805687,
        "professional_medicine": 0.26861702127659576,
        "professional_psychology": 0.21551724137931033,
        "public_relations": 0.2471264367816092,
        "security_study": 0.31851851851851853,
        "sociology": 0.23893805309734514,
        "sports_science": 0.26666666666666666,
        "traditional_chinese_medicine": 0.23243243243243245,
        "virology": 0.26627218934911245,
        "world_history": 0.2484472049689441,
        "world_religions": 0.25625
    }
}