{
    "overall_acc": 0.25243506493506496,
    "language_acc": {
        "Indonesian": 0.23295454545454544,
        "English": 0.2897727272727273,
        "Filipino": 0.2556818181818182,
        "Spanish": 0.2556818181818182,
        "Chinese": 0.26136363636363635,
        "Malay": 0.23295454545454544,
        "Vietnamese": 0.23863636363636365
    },
    "consistency_score_2": 0.24729437229437234,
    "consistency_score_3": 0.05746753246753245,
    "consistency_score_4": 0.012012987012987007,
    "consistency_score_5": 0.0018939393939393942,
    "consistency_score_6": 0.0,
    "consistency_score_7": 0.0,
    "detailed_consistency_score": {
        "2_combine": {
            "Indonesian,English": 0.26136363636363635,
            "Indonesian,Filipino": 0.3465909090909091,
            "Indonesian,Spanish": 0.20454545454545456,
            "Indonesian,Chinese": 0.2159090909090909,
            "Indonesian,Malay": 0.2159090909090909,
            "Indonesian,Vietnamese": 0.2556818181818182,
            "English,Filipino": 0.2556818181818182,
            "English,Spanish": 0.26136363636363635,
            "English,Chinese": 0.23863636363636365,
            "English,Malay": 0.2556818181818182,
            "English,Vietnamese": 0.19886363636363635,
            "Filipino,Spanish": 0.2159090909090909,
            "Filipino,Chinese": 0.23295454545454544,
            "Filipino,Malay": 0.26136363636363635,
            "Filipino,Vietnamese": 0.2840909090909091,
            "Spanish,Chinese": 0.23863636363636365,
            "Spanish,Malay": 0.2727272727272727,
            "Spanish,Vietnamese": 0.25,
            "Chinese,Malay": 0.23295454545454544,
            "Chinese,Vietnamese": 0.23295454545454544,
            "Malay,Vietnamese": 0.26136363636363635
        },
        "3_combine": {
            "Indonesian,English,Filipino": 0.11931818181818182,
            "Indonesian,English,Spanish": 0.0625,
            "Indonesian,English,Chinese": 0.056818181818181816,
            "Indonesian,English,Malay": 0.0625,
            "Indonesian,English,Vietnamese": 0.028409090909090908,
            "Indonesian,Filipino,Spanish": 0.045454545454545456,
            "Indonesian,Filipino,Chinese": 0.06818181818181818,
            "Indonesian,Filipino,Malay": 0.06818181818181818,
            "Indonesian,Filipino,Vietnamese": 0.09090909090909091,
            "Indonesian,Spanish,Chinese": 0.03977272727272727,
            "Indonesian,Spanish,Malay": 0.045454545454545456,
            "Indonesian,Spanish,Vietnamese": 0.03409090909090909,
            "Indonesian,Chinese,Malay": 0.028409090909090908,
            "Indonesian,Chinese,Vietnamese": 0.045454545454545456,
            "Indonesian,Malay,Vietnamese": 0.05113636363636364,
            "English,Filipino,Spanish": 0.06818181818181818,
            "English,Filipino,Chinese": 0.056818181818181816,
            "English,Filipino,Malay": 0.056818181818181816,
            "English,Filipino,Vietnamese": 0.0625,
            "English,Spanish,Chinese": 0.056818181818181816,
            "English,Spanish,Malay": 0.06818181818181818,
            "English,Spanish,Vietnamese": 0.0625,
            "English,Chinese,Malay": 0.045454545454545456,
            "English,Chinese,Vietnamese": 0.045454545454545456,
            "English,Malay,Vietnamese": 0.0625,
            "Filipino,Spanish,Chinese": 0.056818181818181816,
            "Filipino,Spanish,Malay": 0.05113636363636364,
            "Filipino,Spanish,Vietnamese": 0.05113636363636364,
            "Filipino,Chinese,Malay": 0.0625,
            "Filipino,Chinese,Vietnamese": 0.05113636363636364,
            "Filipino,Malay,Vietnamese": 0.06818181818181818,
            "Spanish,Chinese,Malay": 0.06818181818181818,
            "Spanish,Chinese,Vietnamese": 0.056818181818181816,
            "Spanish,Malay,Vietnamese": 0.07954545454545454,
            "Chinese,Malay,Vietnamese": 0.03409090909090909
        },
        "4_combine": {
            "Indonesian,English,Filipino,Spanish": 0.028409090909090908,
            "Indonesian,English,Filipino,Chinese": 0.028409090909090908,
            "Indonesian,English,Filipino,Malay": 0.017045454545454544,
            "Indonesian,English,Filipino,Vietnamese": 0.017045454545454544,
            "Indonesian,English,Spanish,Chinese": 0.011363636363636364,
            "Indonesian,English,Spanish,Malay": 0.017045454545454544,
            "Indonesian,English,Spanish,Vietnamese": 0.0,
            "Indonesian,English,Chinese,Malay": 0.005681818181818182,
            "Indonesian,English,Chinese,Vietnamese": 0.011363636363636364,
            "Indonesian,English,Malay,Vietnamese": 0.005681818181818182,
            "Indonesian,Filipino,Spanish,Chinese": 0.011363636363636364,
            "Indonesian,Filipino,Spanish,Malay": 0.011363636363636364,
            "Indonesian,Filipino,Spanish,Vietnamese": 0.011363636363636364,
            "Indonesian,Filipino,Chinese,Malay": 0.0,
            "Indonesian,Filipino,Chinese,Vietnamese": 0.011363636363636364,
            "Indonesian,Filipino,Malay,Vietnamese": 0.022727272727272728,
            "Indonesian,Spanish,Chinese,Malay": 0.005681818181818182,
            "Indonesian,Spanish,Chinese,Vietnamese": 0.0,
            "Indonesian,Spanish,Malay,Vietnamese": 0.011363636363636364,
            "Indonesian,Chinese,Malay,Vietnamese": 0.0,
            "English,Filipino,Spanish,Chinese": 0.022727272727272728,
            "English,Filipino,Spanish,Malay": 0.011363636363636364,
            "English,Filipino,Spanish,Vietnamese": 0.0,
            "English,Filipino,Chinese,Malay": 0.011363636363636364,
            "English,Filipino,Chinese,Vietnamese": 0.011363636363636364,
            "English,Filipino,Malay,Vietnamese": 0.022727272727272728,
            "English,Spanish,Chinese,Malay": 0.005681818181818182,
            "English,Spanish,Chinese,Vietnamese": 0.017045454545454544,
            "English,Spanish,Malay,Vietnamese": 0.022727272727272728,
            "English,Chinese,Malay,Vietnamese": 0.0,
            "Filipino,Spanish,Chinese,Malay": 0.017045454545454544,
            "Filipino,Spanish,Chinese,Vietnamese": 0.017045454545454544,
            "Filipino,Spanish,Malay,Vietnamese": 0.017045454545454544,
            "Filipino,Chinese,Malay,Vietnamese": 0.005681818181818182,
            "Spanish,Chinese,Malay,Vietnamese": 0.011363636363636364
        },
        "5_combine": {
            "Indonesian,English,Filipino,Spanish,Chinese": 0.011363636363636364,
            "Indonesian,English,Filipino,Spanish,Malay": 0.005681818181818182,
            "Indonesian,English,Filipino,Spanish,Vietnamese": 0.0,
            "Indonesian,English,Filipino,Chinese,Malay": 0.0,
            "Indonesian,English,Filipino,Chinese,Vietnamese": 0.005681818181818182,
            "Indonesian,English,Filipino,Malay,Vietnamese": 0.005681818181818182,
            "Indonesian,English,Spanish,Chinese,Malay": 0.0,
            "Indonesian,English,Spanish,Chinese,Vietnamese": 0.0,
            "Indonesian,English,Spanish,Malay,Vietnamese": 0.0,
            "Indonesian,English,Chinese,Malay,Vietnamese": 0.0,
            "Indonesian,Filipino,Spanish,Chinese,Malay": 0.0,
            "Indonesian,Filipino,Spanish,Chinese,Vietnamese": 0.0,
            "Indonesian,Filipino,Spanish,Malay,Vietnamese": 0.005681818181818182,
            "Indonesian,Filipino,Chinese,Malay,Vietnamese": 0.0,
            "Indonesian,Spanish,Chinese,Malay,Vietnamese": 0.0,
            "English,Filipino,Spanish,Chinese,Malay": 0.0,
            "English,Filipino,Spanish,Chinese,Vietnamese": 0.0,
            "English,Filipino,Spanish,Malay,Vietnamese": 0.0,
            "English,Filipino,Chinese,Malay,Vietnamese": 0.0,
            "English,Spanish,Chinese,Malay,Vietnamese": 0.0,
            "Filipino,Spanish,Chinese,Malay,Vietnamese": 0.005681818181818182
        },
        "6_combine": {
            "Indonesian,English,Filipino,Spanish,Chinese,Malay": 0.0,