{
    "overall_acc": 0.2508116883116883,
    "language_acc": {
        "Indonesian": 0.24431818181818182,
        "English": 0.26136363636363635,
        "Filipino": 0.24431818181818182,
        "Spanish": 0.23295454545454544,
        "Chinese": 0.23863636363636365,
        "Malay": 0.26704545454545453,
        "Vietnamese": 0.26704545454545453
    },
    "consistency_score_2": 0.2440476190476191,
    "consistency_score_3": 0.05503246753246754,
    "consistency_score_4": 0.010714285714285711,
    "consistency_score_5": 0.001352813852813853,
    "consistency_score_6": 0.0,
    "consistency_score_7": 0.0,
    "detailed_consistency_score": {
        "2_combine": {
            "Indonesian,English": 0.2159090909090909,
            "Indonesian,Filipino": 0.19318181818181818,
            "Indonesian,Spanish": 0.2556818181818182,
            "Indonesian,Chinese": 0.21022727272727273,
            "Indonesian,Malay": 0.2727272727272727,
            "Indonesian,Vietnamese": 0.29545454545454547,
            "English,Filipino": 0.24431818181818182,
            "English,Spanish": 0.2840909090909091,
            "English,Chinese": 0.17045454545454544,
            "English,Malay": 0.2556818181818182,
            "English,Vietnamese": 0.23295454545454544,
            "Filipino,Spanish": 0.23863636363636365,
            "Filipino,Chinese": 0.24431818181818182,
            "Filipino,Malay": 0.22727272727272727,
            "Filipino,Vietnamese": 0.3181818181818182,
            "Spanish,Chinese": 0.3068181818181818,
            "Spanish,Malay": 0.26136363636363635,
            "Spanish,Vietnamese": 0.2215909090909091,
            "Chinese,Malay": 0.2840909090909091,
            "Chinese,Vietnamese": 0.19886363636363635,
            "Malay,Vietnamese": 0.19318181818181818
        },
        "3_combine": {
            "Indonesian,English,Filipino": 0.017045454545454544,
            "Indonesian,English,Spanish": 0.05113636363636364,
            "Indonesian,English,Chinese": 0.03977272727272727,
            "Indonesian,English,Malay": 0.08522727272727272,
            "Indonesian,English,Vietnamese": 0.03977272727272727,
            "Indonesian,Filipino,Spanish": 0.03977272727272727,
            "Indonesian,Filipino,Chinese": 0.022727272727272728,
            "Indonesian,Filipino,Malay": 0.03977272727272727,
            "Indonesian,Filipino,Vietnamese": 0.07386363636363637,
            "Indonesian,Spanish,Chinese": 0.07386363636363637,
            "Indonesian,Spanish,Malay": 0.07386363636363637,
            "Indonesian,Spanish,Vietnamese": 0.056818181818181816,
            "Indonesian,Chinese,Malay": 0.07386363636363637,
            "Indonesian,Chinese,Vietnamese": 0.05113636363636364,
            "Indonesian,Malay,Vietnamese": 0.05113636363636364,
            "English,Filipino,Spanish": 0.08522727272727272,
            "English,Filipino,Chinese": 0.045454545454545456,
            "English,Filipino,Malay": 0.06818181818181818,
            "English,Filipino,Vietnamese": 0.045454545454545456,
            "English,Spanish,Chinese": 0.056818181818181816,
            "English,Spanish,Malay": 0.07954545454545454,
            "English,Spanish,Vietnamese": 0.07386363636363637,
            "English,Chinese,Malay": 0.045454545454545456,
            "English,Chinese,Vietnamese": 0.028409090909090908,
            "English,Malay,Vietnamese": 0.07386363636363637,
            "Filipino,Spanish,Chinese": 0.0625,
            "Filipino,Spanish,Malay": 0.03977272727272727,
            "Filipino,Spanish,Vietnamese": 0.0625,
            "Filipino,Chinese,Malay": 0.056818181818181816,
            "Filipino,Chinese,Vietnamese": 0.056818181818181816,
            "Filipino,Malay,Vietnamese": 0.028409090909090908,
            "Spanish,Chinese,Malay": 0.07386363636363637,
            "Spanish,Chinese,Vietnamese": 0.0625,
            "Spanish,Malay,Vietnamese": 0.05113636363636364,
            "Chinese,Malay,Vietnamese": 0.03977272727272727
        },
        "4_combine": {
            "Indonesian,English,Filipino,Spanish": 0.0,
            "Indonesian,English,Filipino,Chinese": 0.005681818181818182,
            "Indonesian,English,Filipino,Malay": 0.011363636363636364,
            "Indonesian,English,Filipino,Vietnamese": 0.0,
            "Indonesian,English,Spanish,Chinese": 0.011363636363636364,
            "Indonesian,English,Spanish,Malay": 0.022727272727272728,
            "Indonesian,English,Spanish,Vietnamese": 0.005681818181818182,
            "Indonesian,English,Chinese,Malay": 0.017045454545454544,
            "Indonesian,English,Chinese,Vietnamese": 0.005681818181818182,
            "Indonesian,English,Malay,Vietnamese": 0.017045454545454544,
            "Indonesian,Filipino,Spanish,Chinese": 0.005681818181818182,
            "Indonesian,Filipino,Spanish,Malay": 0.011363636363636364,
            "Indonesian,Filipino,Spanish,Vietnamese": 0.011363636363636364,
            "Indonesian,Filipino,Chinese,Malay": 0.017045454545454544,
            "Indonesian,Filipino,Chinese,Vietnamese": 0.005681818181818182,
            "Indonesian,Filipino,Malay,Vietnamese": 0.005681818181818182,
            "Indonesian,Spanish,Chinese,Malay": 0.011363636363636364,
            "Indonesian,Spanish,Chinese,Vietnamese": 0.017045454545454544,
            "Indonesian,Spanish,Malay,Vietnamese": 0.011363636363636364,
            "Indonesian,Chinese,Malay,Vietnamese": 0.005681818181818182,
            "English,Filipino,Spanish,Chinese": 0.022727272727272728,
            "English,Filipino,Spanish,Malay": 0.017045454545454544,
            "English,Filipino,Spanish,Vietnamese": 0.017045454545454544,
            "English,Filipino,Chinese,Malay": 0.005681818181818182,
            "English,Filipino,Chinese,Vietnamese": 0.005681818181818182,
            "English,Filipino,Malay,Vietnamese": 0.011363636363636364,
            "English,Spanish,Chinese,Malay": 0.011363636363636364,
            "English,Spanish,Chinese,Vietnamese": 0.005681818181818182,
            "English,Spanish,Malay,Vietnamese": 0.03409090909090909,
            "English,Chinese,Malay,Vietnamese": 0.005681818181818182,
            "Filipino,Spanish,Chinese,Malay": 0.005681818181818182,
            "Filipino,Spanish,Chinese,Vietnamese": 0.022727272727272728,
            "Filipino,Spanish,Malay,Vietnamese": 0.0,
            "Filipino,Chinese,Malay,Vietnamese": 0.005681818181818182,
            "Spanish,Chinese,Malay,Vietnamese": 0.005681818181818182
        },
        "5_combine": {
            "Indonesian,English,Filipino,Spanish,Chinese": 0.0,
            "Indonesian,English,Filipino,Spanish,Malay": 0.0,
            "Indonesian,English,Filipino,Spanish,Vietnamese": 0.0,
            "Indonesian,English,Filipino,Chinese,Malay": 0.005681818181818182,
            "Indonesian,English,Filipino,Chinese,Vietnamese": 0.0,
            "Indonesian,English,Filipino,Malay,Vietnamese": 0.0,
            "Indonesian,English,Spanish,Chinese,Malay": 0.005681818181818182,
            "Indonesian,English,Spanish,Chinese,Vietnamese": 0.0,
            "Indonesian,English,Spanish,Malay,Vietnamese": 0.005681818181818182,
            "Indonesian,English,Chinese,Malay,Vietnamese": 0.0,
            "Indonesian,Filipino,Spanish,Chinese,Malay": 0.0,
            "Indonesian,Filipino,Spanish,Chinese,Vietnamese": 0.005681818181818182,
            "Indonesian,Filipino,Spanish,Malay,Vietnamese": 0.0,
            "Indonesian,Filipino,Chinese,Malay,Vietnamese": 0.0,
            "Indonesian,Spanish,Chinese,Malay,Vietnamese": 0.0,
            "English,Filipino,Spanish,Chinese,Malay": 0.0,
            "English,Filipino,Spanish,Chinese,Vietnamese": 0.005681818181818182,
            "English,Filipino,Spanish,Malay,Vietnamese": 0.0,
            "English,Filipino,Chinese,Malay,Vietnamese": 0.0,
            "English,Spanish,Chinese,Malay,Vietnamese": 0.0,
            "Filipino,Spanish,Chinese,Malay,Vietnamese": 0.0
        },