{
    "overall_acc": 0.2605519480519481,
    "language_acc": {
        "Indonesian": 0.2215909090909091,
        "English": 0.2215909090909091,
        "Filipino": 0.30113636363636365,
        "Spanish": 0.23863636363636365,
        "Chinese": 0.2727272727272727,
        "Malay": 0.2727272727272727,
        "Vietnamese": 0.29545454545454547
    },
    "consistency_score_2": 0.25162337662337664,
    "consistency_score_3": 0.06185064935064933,
    "consistency_score_4": 0.01233766233766233,
    "consistency_score_5": 0.0010822510822510823,
    "consistency_score_6": 0.0,
    "consistency_score_7": 0.0,
    "detailed_consistency_score": {
        "2_combine": {
            "Indonesian,English": 0.23863636363636365,
            "Indonesian,Filipino": 0.2784090909090909,
            "Indonesian,Spanish": 0.3068181818181818,
            "Indonesian,Chinese": 0.26136363636363635,
            "Indonesian,Malay": 0.2215909090909091,
            "Indonesian,Vietnamese": 0.2159090909090909,
            "English,Filipino": 0.23863636363636365,
            "English,Spanish": 0.2897727272727273,
            "English,Chinese": 0.2556818181818182,
            "English,Malay": 0.2784090909090909,
            "English,Vietnamese": 0.23863636363636365,
            "Filipino,Spanish": 0.2897727272727273,
            "Filipino,Chinese": 0.20454545454545456,
            "Filipino,Malay": 0.2215909090909091,
            "Filipino,Vietnamese": 0.22727272727272727,
            "Spanish,Chinese": 0.22727272727272727,
            "Spanish,Malay": 0.23295454545454544,
            "Spanish,Vietnamese": 0.2897727272727273,
            "Chinese,Malay": 0.23863636363636365,
            "Chinese,Vietnamese": 0.26136363636363635,
            "Malay,Vietnamese": 0.26704545454545453
        },
        "3_combine": {
            "Indonesian,English,Filipino": 0.0625,
            "Indonesian,English,Spanish": 0.07386363636363637,
            "Indonesian,English,Chinese": 0.06818181818181818,
            "Indonesian,English,Malay": 0.07386363636363637,
            "Indonesian,English,Vietnamese": 0.045454545454545456,
            "Indonesian,Filipino,Spanish": 0.10227272727272728,
            "Indonesian,Filipino,Chinese": 0.0625,
            "Indonesian,Filipino,Malay": 0.05113636363636364,
            "Indonesian,Filipino,Vietnamese": 0.045454545454545456,
            "Indonesian,Spanish,Chinese": 0.05113636363636364,
            "Indonesian,Spanish,Malay": 0.056818181818181816,
            "Indonesian,Spanish,Vietnamese": 0.056818181818181816,
            "Indonesian,Chinese,Malay": 0.07386363636363637,
            "Indonesian,Chinese,Vietnamese": 0.05113636363636364,
            "Indonesian,Malay,Vietnamese": 0.05113636363636364,
            "English,Filipino,Spanish": 0.07954545454545454,
            "English,Filipino,Chinese": 0.03977272727272727,
            "English,Filipino,Malay": 0.0625,
            "English,Filipino,Vietnamese": 0.0625,
            "English,Spanish,Chinese": 0.0625,
            "English,Spanish,Malay": 0.06818181818181818,
            "English,Spanish,Vietnamese": 0.06818181818181818,
            "English,Chinese,Malay": 0.045454545454545456,
            "English,Chinese,Vietnamese": 0.06818181818181818,
            "English,Malay,Vietnamese": 0.08522727272727272,
            "Filipino,Spanish,Chinese": 0.07386363636363637,
            "Filipino,Spanish,Malay": 0.056818181818181816,
            "Filipino,Spanish,Vietnamese": 0.06818181818181818,
            "Filipino,Chinese,Malay": 0.045454545454545456,
            "Filipino,Chinese,Vietnamese": 0.03977272727272727,
            "Filipino,Malay,Vietnamese": 0.05113636363636364,
            "Spanish,Chinese,Malay": 0.05113636363636364,
            "Spanish,Chinese,Vietnamese": 0.07386363636363637,
            "Spanish,Malay,Vietnamese": 0.07386363636363637,
            "Chinese,Malay,Vietnamese": 0.0625
        },
        "4_combine": {
            "Indonesian,English,Filipino,Spanish": 0.017045454545454544,
            "Indonesian,English,Filipino,Chinese": 0.011363636363636364,
            "Indonesian,English,Filipino,Malay": 0.011363636363636364,
            "Indonesian,English,Filipino,Vietnamese": 0.005681818181818182,
            "Indonesian,English,Spanish,Chinese": 0.017045454545454544,
            "Indonesian,English,Spanish,Malay": 0.011363636363636364,
            "Indonesian,English,Spanish,Vietnamese": 0.005681818181818182,
            "Indonesian,English,Chinese,Malay": 0.017045454545454544,
            "Indonesian,English,Chinese,Vietnamese": 0.011363636363636364,
            "Indonesian,English,Malay,Vietnamese": 0.022727272727272728,
            "Indonesian,Filipino,Spanish,Chinese": 0.017045454545454544,
            "Indonesian,Filipino,Spanish,Malay": 0.017045454545454544,
            "Indonesian,Filipino,Spanish,Vietnamese": 0.011363636363636364,
            "Indonesian,Filipino,Chinese,Malay": 0.011363636363636364,
            "Indonesian,Filipino,Chinese,Vietnamese": 0.005681818181818182,
            "Indonesian,Filipino,Malay,Vietnamese": 0.0,
            "Indonesian,Spanish,Chinese,Malay": 0.011363636363636364,
            "Indonesian,Spanish,Chinese,Vietnamese": 0.005681818181818182,
            "Indonesian,Spanish,Malay,Vietnamese": 0.017045454545454544,
            "Indonesian,Chinese,Malay,Vietnamese": 0.011363636363636364,
            "English,Filipino,Spanish,Chinese": 0.011363636363636364,
            "English,Filipino,Spanish,Malay": 0.017045454545454544,
            "English,Filipino,Spanish,Vietnamese": 0.011363636363636364,
            "English,Filipino,Chinese,Malay": 0.0,
            "English,Filipino,Chinese,Vietnamese": 0.005681818181818182,
            "English,Filipino,Malay,Vietnamese": 0.022727272727272728,
            "English,Spanish,Chinese,Malay": 0.005681818181818182,
            "English,Spanish,Chinese,Vietnamese": 0.017045454545454544,
            "English,Spanish,Malay,Vietnamese": 0.011363636363636364,
            "English,Chinese,Malay,Vietnamese": 0.011363636363636364,
            "Filipino,Spanish,Chinese,Malay": 0.011363636363636364,
            "Filipino,Spanish,Chinese,Vietnamese": 0.017045454545454544,
            "Filipino,Spanish,Malay,Vietnamese": 0.005681818181818182,
            "Filipino,Chinese,Malay,Vietnamese": 0.017045454545454544,
            "Spanish,Chinese,Malay,Vietnamese": 0.028409090909090908
        },
        "5_combine": {
            "Indonesian,English,Filipino,Spanish,Chinese": 0.0,
            "Indonesian,English,Filipino,Spanish,Malay": 0.0,
            "Indonesian,English,Filipino,Spanish,Vietnamese": 0.0,
            "Indonesian,English,Filipino,Chinese,Malay": 0.0,
            "Indonesian,English,Filipino,Chinese,Vietnamese": 0.0,
            "Indonesian,English,Filipino,Malay,Vietnamese": 0.0,
            "Indonesian,English,Spanish,Chinese,Malay": 0.0,
            "Indonesian,English,Spanish,Chinese,Vietnamese": 0.0,
            "Indonesian,English,Spanish,Malay,Vietnamese": 0.0,
            "Indonesian,English,Chinese,Malay,Vietnamese": 0.005681818181818182,
            "Indonesian,Filipino,Spanish,Chinese,Malay": 0.005681818181818182,
            "Indonesian,Filipino,Spanish,Chinese,Vietnamese": 0.0,
            "Indonesian,Filipino,Spanish,Malay,Vietnamese": 0.0,
            "Indonesian,Filipino,Chinese,Malay,Vietnamese": 0.0,
            "Indonesian,Spanish,Chinese,Malay,Vietnamese": 0.005681818181818182,
            "English,Filipino,Spanish,Chinese,Malay": 0.0,
            "English,Filipino,Spanish,Chinese,Vietnamese": 0.0,
            "English,Filipino,Spanish,Malay,Vietnamese": 0.0,
            "English,Filipino,Chinese,Malay,Vietnamese": 0.0,
            "English,Spanish,Chinese,Malay,Vietnamese": 0.0,
            "Filipino,Spanish,Chinese,Malay,Vietnamese": 0.005681818181818182
        },
        "6_combine": {
            "Indonesian,English,Filipino,Spanish,Chinese,Malay": 0.0,