{
    "rouge1": 0.45314028137020645,
    "rouge2": 0.20825564368292146,
    "rougeL": 0.3797842726194882,
    "avg_rouge": 0.34706006589087207
}