{
    "overall_acc": 0.3676190476190477,
    "language_acc": {
        "Filipino": 0.2866666666666667,
        "Vietnamese": 0.38,
        "Chinese": 0.38,
        "Spanish": 0.4066666666666667,
        "Malay": 0.3,
        "Indonesian": 0.3466666666666667,
        "English": 0.47333333333333333
    },
    "consistency_score_2": 0.5006349206349207,
    "consistency_score_3": 0.3114285714285713,
    "consistency_score_4": 0.21561904761904763,
    "consistency_score_5": 0.16031746031746033,
    "consistency_score_6": 0.12476190476190477,
    "consistency_score_7": 0.1,
    "detailed_consistency_score": {
        "2_combine": {
            "Filipino,Vietnamese": 0.42,
            "Filipino,Chinese": 0.48,
            "Filipino,Spanish": 0.48,
            "Filipino,Malay": 0.4266666666666667,
            "Filipino,Indonesian": 0.43333333333333335,
            "Filipino,English": 0.4533333333333333,
            "Vietnamese,Chinese": 0.52,
            "Vietnamese,Spanish": 0.49333333333333335,
            "Vietnamese,Malay": 0.5666666666666667,
            "Vietnamese,Indonesian": 0.5133333333333333,
            "Vietnamese,English": 0.54,
            "Chinese,Spanish": 0.48,
            "Chinese,Malay": 0.5066666666666667,
            "Chinese,Indonesian": 0.5,
            "Chinese,English": 0.58,
            "Spanish,Malay": 0.4866666666666667,
            "Spanish,Indonesian": 0.52,
            "Spanish,English": 0.5666666666666667,
            "Malay,Indonesian": 0.58,
            "Malay,English": 0.48,
            "Indonesian,English": 0.4866666666666667
        },
        "3_combine": {
            "Filipino,Vietnamese,Chinese": 0.26666666666666666,
            "Filipino,Vietnamese,Spanish": 0.26,
            "Filipino,Vietnamese,Malay": 0.2733333333333333,
            "Filipino,Vietnamese,Indonesian": 0.24,
            "Filipino,Vietnamese,English": 0.26666666666666666,
            "Filipino,Chinese,Spanish": 0.2733333333333333,
            "Filipino,Chinese,Malay": 0.26666666666666666,
            "Filipino,Chinese,Indonesian": 0.28,
            "Filipino,Chinese,English": 0.30666666666666664,
            "Filipino,Spanish,Malay": 0.26666666666666666,
            "Filipino,Spanish,Indonesian": 0.2866666666666667,
            "Filipino,Spanish,English": 0.3,
            "Filipino,Malay,Indonesian": 0.2866666666666667,
            "Filipino,Malay,English": 0.26,
            "Filipino,Indonesian,English": 0.2733333333333333,
            "Vietnamese,Chinese,Spanish": 0.31333333333333335,
            "Vietnamese,Chinese,Malay": 0.3333333333333333,
            "Vietnamese,Chinese,Indonesian": 0.3333333333333333,
            "Vietnamese,Chinese,English": 0.38,
            "Vietnamese,Spanish,Malay": 0.32666666666666666,
            "Vietnamese,Spanish,Indonesian": 0.32666666666666666,
            "Vietnamese,Spanish,English": 0.36,
            "Vietnamese,Malay,Indonesian": 0.38,
            "Vietnamese,Malay,English": 0.3466666666666667,
            "Vietnamese,Indonesian,English": 0.3466666666666667,
            "Chinese,Spanish,Malay": 0.3,
            "Chinese,Spanish,Indonesian": 0.32,
            "Chinese,Spanish,English": 0.35333333333333333,
            "Chinese,Malay,Indonesian": 0.3466666666666667,
            "Chinese,Malay,English": 0.32666666666666666,
            "Chinese,Indonesian,English": 0.36,
            "Spanish,Malay,Indonesian": 0.3466666666666667,
            "Spanish,Malay,English": 0.32666666666666666,
            "Spanish,Indonesian,English": 0.3466666666666667,
            "Malay,Indonesian,English": 0.32
        },
        "4_combine": {
            "Filipino,Vietnamese,Chinese,Spanish": 0.18,
            "Filipino,Vietnamese,Chinese,Malay": 0.19333333333333333,
            "Filipino,Vietnamese,Chinese,Indonesian": 0.18,
            "Filipino,Vietnamese,Chinese,English": 0.2,
            "Filipino,Vietnamese,Spanish,Malay": 0.19333333333333333,
            "Filipino,Vietnamese,Spanish,Indonesian": 0.18666666666666668,
            "Filipino,Vietnamese,Spanish,English": 0.17333333333333334,
            "Filipino,Vietnamese,Malay,Indonesian": 0.18,
            "Filipino,Vietnamese,Malay,English": 0.19333333333333333,
            "Filipino,Vietnamese,Indonesian,English": 0.19333333333333333,
            "Filipino,Chinese,Spanish,Malay": 0.18666666666666668,
            "Filipino,Chinese,Spanish,Indonesian": 0.19333333333333333,
            "Filipino,Chinese,Spanish,English": 0.2,
            "Filipino,Chinese,Malay,Indonesian": 0.19333333333333333,
            "Filipino,Chinese,Malay,English": 0.2,
            "Filipino,Chinese,Indonesian,English": 0.21333333333333335,
            "Filipino,Spanish,Malay,Indonesian": 0.22,
            "Filipino,Spanish,Malay,English": 0.18666666666666668,
            "Filipino,Spanish,Indonesian,English": 0.20666666666666667,
            "Filipino,Malay,Indonesian,English": 0.19333333333333333,
            "Vietnamese,Chinese,Spanish,Malay": 0.22,
            "Vietnamese,Chinese,Spanish,Indonesian": 0.22666666666666666,
            "Vietnamese,Chinese,Spanish,English": 0.25333333333333335,
            "Vietnamese,Chinese,Malay,Indonesian": 0.25333333333333335,
            "Vietnamese,Chinese,Malay,English": 0.25333333333333335,
            "Vietnamese,Chinese,Indonesian,English": 0.2733333333333333,
            "Vietnamese,Spanish,Malay,Indonesian": 0.25333333333333335,
            "Vietnamese,Spanish,Malay,English": 0.23333333333333334,
            "Vietnamese,Spanish,Indonesian,English": 0.24666666666666667,
            "Vietnamese,Malay,Indonesian,English": 0.24,
            "Chinese,Spanish,Malay,Indonesian": 0.24666666666666667,
            "Chinese,Spanish,Malay,English": 0.23333333333333334,
            "Chinese,Spanish,Indonesian,English": 0.24666666666666667,
            "Chinese,Malay,Indonesian,English": 0.25333333333333335,
            "Spanish,Malay,Indonesian,English": 0.24666666666666667
        },
        "5_combine": {
            "Filipino,Vietnamese,Chinese,Spanish,Malay": 0.14666666666666667,
            "Filipino,Vietnamese,Chinese,Spanish,Indonesian": 0.13333333333333333,
            "Filipino,Vietnamese,Chinese,Spanish,English": 0.13333333333333333,
            "Filipino,Vietnamese,Chinese,Malay,Indonesian": 0.14,
            "Filipino,Vietnamese,Chinese,Malay,English": 0.15333333333333332,
            "Filipino,Vietnamese,Chinese,Indonesian,English": 0.15333333333333332,
            "Filipino,Vietnamese,Spanish,Malay,Indonesian": 0.16,
            "Filipino,Vietnamese,Spanish,Malay,English": 0.13333333333333333,
            "Filipino,Vietnamese,Spanish,Indonesian,English": 0.14,
            "Filipino,Vietnamese,Malay,Indonesian,English": 0.14,
            "Filipino,Chinese,Spanish,Malay,Indonesian": 0.16,
            "Filipino,Chinese,Spanish,Malay,English": 0.14666666666666667,
            "Filipino,Chinese,Spanish,Indonesian,English": 0.15333333333333332,
            "Filipino,Chinese,Malay,Indonesian,English": 0.16,
            "Filipino,Spanish,Malay,Indonesian,English": 0.16666666666666666,
            "Vietnamese,Chinese,Spanish,Malay,Indonesian": 0.18666666666666668,
            "Vietnamese,Chinese,Spanish,Malay,English": 0.18,
            "Vietnamese,Chinese,Spanish,Indonesian,English": 0.19333333333333333,
            "Vietnamese,Chinese,Malay,Indonesian,English": 0.2,
            "Vietnamese,Spanish,Malay,Indonesian,English": 0.18666666666666668,
            "Chinese,Spanish,Malay,Indonesian,English": 0.2
        },
        "6_combine": {
            "Filipino,Vietnamese,Chinese,Spanish,Malay,Indonesian": 0.12,
            "Filipino,Vietnamese,Chinese,Spanish,Malay,English": 0.11333333333333333,
            "Filipino,Vietnamese,Chinese,Spanish,Indonesian,English": 0.10666666666666667,
            "Filipino,Vietnamese,Chinese,Malay,Indonesian,English": 0.12,
            "Filipino,Vietnamese,Spanish,Malay,Indonesian,English": 0.12,