{
    "accuracy": 0.43653945777931275,
    "category_acc": {
        "agronomy": 0.40828402366863903,
        "anatomy": 0.36486486486486486,
        "ancient_chinese": 0.27439024390243905,
        "arts": 0.59375,
        "astronomy": 0.296969696969697,
        "business_ethics": 0.48325358851674644,
        "chinese_civil_service_exam": 0.43125,
        "chinese_driving_rule": 0.6793893129770993,
        "chinese_food_culture": 0.45588235294117646,
        "chinese_foreign_policy": 0.4953271028037383,
        "chinese_history": 0.4674922600619195,
        "chinese_literature": 0.39215686274509803,
        "chinese_teacher_qualification": 0.5307262569832403,
        "clinical_knowledge": 0.35443037974683544,
        "college_actuarial_science": 0.24528301886792453,
        "college_education": 0.5887850467289719,
        "college_engineering_hydrology": 0.3867924528301887,
        "college_law": 0.4074074074074074,
        "college_mathematics": 0.2761904761904762,
        "college_medical_statistics": 0.44339622641509435,
        "college_medicine": 0.3992673992673993,
        "computer_science": 0.46568627450980393,
        "computer_security": 0.4853801169590643,
        "conceptual_physics": 0.48299319727891155,
        "construction_project_management": 0.39568345323741005,
        "economics": 0.4528301886792453,
        "education": 0.5337423312883436,
        "electrical_engineering": 0.4127906976744186,
        "elementary_chinese": 0.4246031746031746,
        "elementary_commonsense": 0.4898989898989899,
        "elementary_information_and_technology": 0.6596638655462185,
        "elementary_mathematics": 0.28695652173913044,
        "ethnology": 0.45185185185185184,
        "food_science": 0.46853146853146854,
        "genetics": 0.36363636363636365,
        "global_facts": 0.4161073825503356,
        "high_school_biology": 0.33136094674556216,
        "high_school_chemistry": 0.30303030303030304,
        "high_school_geography": 0.4576271186440678,
        "high_school_mathematics": 0.2804878048780488,
        "high_school_physics": 0.34545454545454546,
        "high_school_politics": 0.42657342657342656,
        "human_sexuality": 0.4365079365079365,
        "international_law": 0.35135135135135137,
        "journalism": 0.5174418604651163,
        "jurisprudence": 0.4306569343065693,
        "legal_and_moral_basis": 0.7710280373831776,
        "logical": 0.42276422764227645,
        "machine_learning": 0.36885245901639346,
        "management": 0.5047619047619047,
        "marketing": 0.5333333333333333,
        "marxist_theory": 0.5132275132275133,
        "modern_chinese": 0.35344827586206895,
        "nutrition": 0.4413793103448276,
        "philosophy": 0.4380952380952381,
        "professional_accounting": 0.46285714285714286,
        "professional_law": 0.3696682464454976,
        "professional_medicine": 0.32978723404255317,
        "professional_psychology": 0.4956896551724138,
        "public_relations": 0.4540229885057471,
        "security_study": 0.5037037037037037,
        "sociology": 0.43805309734513276,
        "sports_science": 0.43636363636363634,
        "traditional_chinese_medicine": 0.35135135135135137,
        "virology": 0.39644970414201186,
        "world_history": 0.4472049689440994,
        "world_religions": 0.45625
    }
}