{
    "accuracy": 0.4429286824382663,
    "category_acc": {
        "agronomy": 0.4260355029585799,
        "anatomy": 0.34459459459459457,
        "ancient_chinese": 0.23780487804878048,
        "arts": 0.63125,
        "astronomy": 0.3151515151515151,
        "business_ethics": 0.48325358851674644,
        "chinese_civil_service_exam": 0.4125,
        "chinese_driving_rule": 0.7175572519083969,
        "chinese_food_culture": 0.4338235294117647,
        "chinese_foreign_policy": 0.4766355140186916,
        "chinese_history": 0.48606811145510836,
        "chinese_literature": 0.3872549019607843,
        "chinese_teacher_qualification": 0.547486033519553,
        "clinical_knowledge": 0.3670886075949367,
        "college_actuarial_science": 0.25471698113207547,
        "college_education": 0.6074766355140186,
        "college_engineering_hydrology": 0.39622641509433965,
        "college_law": 0.37962962962962965,
        "college_mathematics": 0.2857142857142857,
        "college_medical_statistics": 0.4056603773584906,
        "college_medicine": 0.4175824175824176,
        "computer_science": 0.46568627450980393,
        "computer_security": 0.4502923976608187,
        "conceptual_physics": 0.4897959183673469,
        "construction_project_management": 0.4028776978417266,
        "economics": 0.4528301886792453,
        "education": 0.5153374233128835,
        "electrical_engineering": 0.42441860465116277,
        "elementary_chinese": 0.42857142857142855,
        "elementary_commonsense": 0.4595959595959596,
        "elementary_information_and_technology": 0.680672268907563,
        "elementary_mathematics": 0.2956521739130435,
        "ethnology": 0.43703703703703706,
        "food_science": 0.4405594405594406,
        "genetics": 0.3806818181818182,
        "global_facts": 0.4228187919463087,
        "high_school_biology": 0.3431952662721893,
        "high_school_chemistry": 0.3106060606060606,
        "high_school_geography": 0.4830508474576271,
        "high_school_mathematics": 0.25609756097560976,
        "high_school_physics": 0.4,
        "high_school_politics": 0.4195804195804196,
        "human_sexuality": 0.46825396825396826,
        "international_law": 0.3891891891891892,
        "journalism": 0.5290697674418605,
        "jurisprudence": 0.44038929440389296,
        "legal_and_moral_basis": 0.7850467289719626,
        "logical": 0.4146341463414634,
        "machine_learning": 0.39344262295081966,
        "management": 0.5333333333333333,
        "marketing": 0.5388888888888889,
        "marxist_theory": 0.5238095238095238,
        "modern_chinese": 0.3620689655172414,
        "nutrition": 0.496551724137931,
        "philosophy": 0.47619047619047616,
        "professional_accounting": 0.4342857142857143,
        "professional_law": 0.3933649289099526,
        "professional_medicine": 0.32180851063829785,
        "professional_psychology": 0.5043103448275862,
        "public_relations": 0.47701149425287354,
        "security_study": 0.5185185185185185,
        "sociology": 0.4247787610619469,
        "sports_science": 0.44242424242424244,
        "traditional_chinese_medicine": 0.3783783783783784,
        "virology": 0.4260355029585799,
        "world_history": 0.4472049689440994,
        "world_religions": 0.4625
    }
}