{
    "accuracy": 0.43645311690554306,
    "category_acc": {
        "agronomy": 0.39644970414201186,
        "anatomy": 0.35135135135135137,
        "ancient_chinese": 0.21951219512195122,
        "arts": 0.60625,
        "astronomy": 0.296969696969697,
        "business_ethics": 0.5119617224880383,
        "chinese_civil_service_exam": 0.41875,
        "chinese_driving_rule": 0.6793893129770993,
        "chinese_food_culture": 0.41911764705882354,
        "chinese_foreign_policy": 0.4953271028037383,
        "chinese_history": 0.47678018575851394,
        "chinese_literature": 0.3480392156862745,
        "chinese_teacher_qualification": 0.5363128491620112,
        "clinical_knowledge": 0.35864978902953587,
        "college_actuarial_science": 0.20754716981132076,
        "college_education": 0.616822429906542,
        "college_engineering_hydrology": 0.41509433962264153,
        "college_law": 0.3888888888888889,
        "college_mathematics": 0.3333333333333333,
        "college_medical_statistics": 0.37735849056603776,
        "college_medicine": 0.3992673992673993,
        "computer_science": 0.45098039215686275,
        "computer_security": 0.45614035087719296,
        "conceptual_physics": 0.47619047619047616,
        "construction_project_management": 0.34532374100719426,
        "economics": 0.44025157232704404,
        "education": 0.50920245398773,
        "electrical_engineering": 0.42441860465116277,
        "elementary_chinese": 0.42063492063492064,
        "elementary_commonsense": 0.494949494949495,
        "elementary_information_and_technology": 0.6596638655462185,
        "elementary_mathematics": 0.2826086956521739,
        "ethnology": 0.43703703703703706,
        "food_science": 0.46153846153846156,
        "genetics": 0.3693181818181818,
        "global_facts": 0.4228187919463087,
        "high_school_biology": 0.33727810650887574,
        "high_school_chemistry": 0.30303030303030304,
        "high_school_geography": 0.4661016949152542,
        "high_school_mathematics": 0.2865853658536585,
        "high_school_physics": 0.37272727272727274,
        "high_school_politics": 0.40559440559440557,
        "human_sexuality": 0.4603174603174603,
        "international_law": 0.3891891891891892,
        "journalism": 0.5174418604651163,
        "jurisprudence": 0.45012165450121655,
        "legal_and_moral_basis": 0.7757009345794392,
        "logical": 0.4065040650406504,
        "machine_learning": 0.38524590163934425,
        "management": 0.48095238095238096,
        "marketing": 0.5444444444444444,
        "marxist_theory": 0.5079365079365079,
        "modern_chinese": 0.33620689655172414,
        "nutrition": 0.4482758620689655,
        "philosophy": 0.5142857142857142,
        "professional_accounting": 0.45714285714285713,
        "professional_law": 0.3744075829383886,
        "professional_medicine": 0.3271276595744681,
        "professional_psychology": 0.5043103448275862,
        "public_relations": 0.4540229885057471,
        "security_study": 0.5111111111111111,
        "sociology": 0.4469026548672566,
        "sports_science": 0.44242424242424244,
        "traditional_chinese_medicine": 0.3837837837837838,
        "virology": 0.40236686390532544,
        "world_history": 0.45962732919254656,
        "world_religions": 0.45
    }
}