{
    "accuracy": 0.4392160248661717,
    "category_acc": {
        "agronomy": 0.39644970414201186,
        "anatomy": 0.32432432432432434,
        "ancient_chinese": 0.2926829268292683,
        "arts": 0.65,
        "astronomy": 0.2909090909090909,
        "business_ethics": 0.4880382775119617,
        "chinese_civil_service_exam": 0.41875,
        "chinese_driving_rule": 0.7099236641221374,
        "chinese_food_culture": 0.4411764705882353,
        "chinese_foreign_policy": 0.48598130841121495,
        "chinese_history": 0.49226006191950467,
        "chinese_literature": 0.35784313725490197,
        "chinese_teacher_qualification": 0.553072625698324,
        "clinical_knowledge": 0.3670886075949367,
        "college_actuarial_science": 0.22641509433962265,
        "college_education": 0.6261682242990654,
        "college_engineering_hydrology": 0.4056603773584906,
        "college_law": 0.39814814814814814,
        "college_mathematics": 0.3238095238095238,
        "college_medical_statistics": 0.39622641509433965,
        "college_medicine": 0.4139194139194139,
        "computer_science": 0.44607843137254904,
        "computer_security": 0.4327485380116959,
        "conceptual_physics": 0.48299319727891155,
        "construction_project_management": 0.37410071942446044,
        "economics": 0.46540880503144655,
        "education": 0.50920245398773,
        "electrical_engineering": 0.4418604651162791,
        "elementary_chinese": 0.4166666666666667,
        "elementary_commonsense": 0.48484848484848486,
        "elementary_information_and_technology": 0.6764705882352942,
        "elementary_mathematics": 0.2782608695652174,
        "ethnology": 0.4222222222222222,
        "food_science": 0.45454545454545453,
        "genetics": 0.3409090909090909,
        "global_facts": 0.42953020134228187,
        "high_school_biology": 0.3431952662721893,
        "high_school_chemistry": 0.29545454545454547,
        "high_school_geography": 0.4491525423728814,
        "high_school_mathematics": 0.2621951219512195,
        "high_school_physics": 0.38181818181818183,
        "high_school_politics": 0.3986013986013986,
        "human_sexuality": 0.47619047619047616,
        "international_law": 0.372972972972973,
        "journalism": 0.5116279069767442,
        "jurisprudence": 0.4257907542579075,
        "legal_and_moral_basis": 0.780373831775701,
        "logical": 0.42276422764227645,
        "machine_learning": 0.39344262295081966,
        "management": 0.5333333333333333,
        "marketing": 0.5277777777777778,
        "marxist_theory": 0.5132275132275133,
        "modern_chinese": 0.3706896551724138,
        "nutrition": 0.46206896551724136,
        "philosophy": 0.45714285714285713,
        "professional_accounting": 0.44,
        "professional_law": 0.41232227488151657,
        "professional_medicine": 0.300531914893617,
        "professional_psychology": 0.5129310344827587,
        "public_relations": 0.47126436781609193,
        "security_study": 0.5333333333333333,
        "sociology": 0.4469026548672566,
        "sports_science": 0.43636363636363634,
        "traditional_chinese_medicine": 0.3621621621621622,
        "virology": 0.40828402366863903,
        "world_history": 0.45962732919254656,
        "world_religions": 0.46875
    }
}