{
    "accuracy": 0.42764634778103955,
    "category_acc": {
        "agronomy": 0.38461538461538464,
        "anatomy": 0.33783783783783783,
        "ancient_chinese": 0.25,
        "arts": 0.59375,
        "astronomy": 0.2727272727272727,
        "business_ethics": 0.4784688995215311,
        "chinese_civil_service_exam": 0.4125,
        "chinese_driving_rule": 0.6641221374045801,
        "chinese_food_culture": 0.47058823529411764,
        "chinese_foreign_policy": 0.48598130841121495,
        "chinese_history": 0.4551083591331269,
        "chinese_literature": 0.37254901960784315,
        "chinese_teacher_qualification": 0.547486033519553,
        "clinical_knowledge": 0.350210970464135,
        "college_actuarial_science": 0.22641509433962265,
        "college_education": 0.5887850467289719,
        "college_engineering_hydrology": 0.3867924528301887,
        "college_law": 0.3888888888888889,
        "college_mathematics": 0.26666666666666666,
        "college_medical_statistics": 0.4056603773584906,
        "college_medicine": 0.3882783882783883,
        "computer_science": 0.45588235294117646,
        "computer_security": 0.4502923976608187,
        "conceptual_physics": 0.4421768707482993,
        "construction_project_management": 0.39568345323741005,
        "economics": 0.42138364779874216,
        "education": 0.5214723926380368,
        "electrical_engineering": 0.43023255813953487,
        "elementary_chinese": 0.42857142857142855,
        "elementary_commonsense": 0.45454545454545453,
        "elementary_information_and_technology": 0.6554621848739496,
        "elementary_mathematics": 0.2782608695652174,
        "ethnology": 0.4,
        "food_science": 0.45454545454545453,
        "genetics": 0.3522727272727273,
        "global_facts": 0.4228187919463087,
        "high_school_biology": 0.3254437869822485,
        "high_school_chemistry": 0.3484848484848485,
        "high_school_geography": 0.4576271186440678,
        "high_school_mathematics": 0.25609756097560976,
        "high_school_physics": 0.34545454545454546,
        "high_school_politics": 0.4125874125874126,
        "human_sexuality": 0.42857142857142855,
        "international_law": 0.3783783783783784,
        "journalism": 0.4941860465116279,
        "jurisprudence": 0.43795620437956206,
        "legal_and_moral_basis": 0.7663551401869159,
        "logical": 0.43902439024390244,
        "machine_learning": 0.36885245901639346,
        "management": 0.5142857142857142,
        "marketing": 0.5333333333333333,
        "marxist_theory": 0.4603174603174603,
        "modern_chinese": 0.31896551724137934,
        "nutrition": 0.42758620689655175,
        "philosophy": 0.4666666666666667,
        "professional_accounting": 0.45714285714285713,
        "professional_law": 0.3459715639810427,
        "professional_medicine": 0.31382978723404253,
        "professional_psychology": 0.4827586206896552,
        "public_relations": 0.4425287356321839,
        "security_study": 0.48148148148148145,
        "sociology": 0.4336283185840708,
        "sports_science": 0.42424242424242425,
        "traditional_chinese_medicine": 0.372972972972973,
        "virology": 0.38461538461538464,
        "world_history": 0.484472049689441,
        "world_religions": 0.43125
    }
}