{
    "overall_acc": 0.9147058823529411,
    "language_acc": {
        "Spanish": 0.9042016806722689,
        "English": 0.9512605042016806,
        "Chinese": 0.9042016806722689,
        "Vietnamese": 0.8991596638655462
    },
    "consistency_score_2": 0.8918767507002802,
    "consistency_score_3": 0.8445378151260504,
    "consistency_score_4": 0.8100840336134454,
    "detailed_consistency_score": {
        "2_combine": {
            "Spanish,English": 0.915126050420168,
            "Spanish,Chinese": 0.8798319327731092,
            "Spanish,Vietnamese": 0.8764705882352941,
            "English,Chinese": 0.8974789915966387,
            "English,Vietnamese": 0.9193277310924369,
            "Chinese,Vietnamese": 0.8630252100840337
        },
        "3_combine": {
            "Spanish,English,Chinese": 0.8529411764705882,
            "Spanish,English,Vietnamese": 0.8596638655462185,
            "Spanish,Chinese,Vietnamese": 0.8201680672268907,
            "English,Chinese,Vietnamese": 0.8453781512605042
        },
        "4_combine": {
            "Spanish,English,Chinese,Vietnamese": 0.8100840336134454
        }
    },
    "AC3_2": 0.903147074734647,
    "AC3_3": 0.8782225093980909,
    "AC3_4": 0.8592218957730685
}