{
    "overall_acc": 0.9197478991596638,
    "language_acc": {
        "Spanish": 0.9084033613445378,
        "English": 0.9394957983193277,
        "Chinese": 0.9159663865546218,
        "Vietnamese": 0.915126050420168
    },
    "consistency_score_2": 0.900140056022409,
    "consistency_score_3": 0.8546218487394959,
    "consistency_score_4": 0.8210084033613445,
    "detailed_consistency_score": {
        "2_combine": {
            "Spanish,English": 0.9126050420168067,
            "Spanish,Chinese": 0.8831932773109243,
            "Spanish,Vietnamese": 0.8907563025210085,
            "English,Chinese": 0.9109243697478991,
            "English,Vietnamese": 0.9176470588235294,
            "Chinese,Vietnamese": 0.8857142857142857
        },
        "3_combine": {
            "Spanish,English,Chinese": 0.8579831932773109,
            "Spanish,English,Vietnamese": 0.8638655462184874,
            "Spanish,Chinese,Vietnamese": 0.8352941176470589,
            "English,Chinese,Vietnamese": 0.8613445378151261
        },
        "4_combine": {
            "Spanish,English,Chinese,Vietnamese": 0.8210084033613445
        }
    },
    "AC3_2": 0.9098383480951743,
    "AC3_3": 0.8859896882715244,
    "AC3_4": 0.8675777913853445
}