{
    "accuracy": 0.3026151930261519,
    "category_acc": {
        "computer_network": 0.2916666666666667,
        "operating_system": 0.2916666666666667,
        "computer_architecture": 0.38461538461538464,
        "college_programming": 0.35714285714285715,
        "college_physics": 0.2916666666666667,
        "college_chemistry": 0.2413793103448276,
        "advanced_mathematics": 0.4166666666666667,
        "probability_and_statistics": 0.34782608695652173,
        "discrete_mathematics": 0.19047619047619047,
        "electrical_engineer": 0.30952380952380953,
        "metrology_engineer": 0.3793103448275862,
        "high_school_mathematics": 0.21739130434782608,
        "high_school_physics": 0.25,
        "high_school_chemistry": 0.041666666666666664,
        "high_school_biology": 0.25,
        "middle_school_mathematics": 0.20833333333333334,
        "middle_school_biology": 0.34615384615384615,
        "middle_school_physics": 0.4583333333333333,
        "middle_school_chemistry": 0.24,
        "veterinary_medicine": 0.2857142857142857,
        "college_economics": 0.3333333333333333,
        "business_administration": 0.2894736842105263,
        "marxism": 0.5,
        "mao_zedong_thought": 0.3793103448275862,
        "education_science": 0.4411764705882353,
        "teacher_qualification": 0.40816326530612246,
        "high_school_politics": 0.2916666666666667,
        "high_school_geography": 0.25,
        "middle_school_politics": 0.34615384615384615,
        "middle_school_geography": 0.35294117647058826,
        "modern_chinese_history": 0.21428571428571427,
        "ideological_and_moral_cultivation": 0.3333333333333333,
        "logic": 0.3333333333333333,
        "law": 0.20689655172413793,
        "chinese_language_and_literature": 0.2857142857142857,
        "art_studies": 0.34210526315789475,
        "professional_tour_guide": 0.2647058823529412,
        "legal_professional": 0.21428571428571427,
        "high_school_chinese": 0.20833333333333334,
        "high_school_history": 0.4,
        "middle_school_history": 0.2222222222222222,
        "civil_servant": 0.28846153846153844,
        "sports_science": 0.2916666666666667,
        "plant_protection": 0.2962962962962963,
        "basic_medicine": 0.20833333333333334,
        "clinical_medicine": 0.4444444444444444,
        "urban_and_rural_planner": 0.27450980392156865,
        "accountant": 0.24074074074074073,
        "fire_engineer": 0.2222222222222222,
        "environmental_impact_assessment_engineer": 0.19444444444444445,
        "tax_accountant": 0.2962962962962963,
        "physician": 0.4074074074074074
    }
}