{
    "accuracy": 0.30074719800747196,
    "category_acc": {
        "computer_network": 0.2916666666666667,
        "operating_system": 0.25,
        "computer_architecture": 0.3076923076923077,
        "college_programming": 0.35714285714285715,
        "college_physics": 0.3333333333333333,
        "college_chemistry": 0.1724137931034483,
        "advanced_mathematics": 0.4166666666666667,
        "probability_and_statistics": 0.21739130434782608,
        "discrete_mathematics": 0.14285714285714285,
        "electrical_engineer": 0.3333333333333333,
        "metrology_engineer": 0.3793103448275862,
        "high_school_mathematics": 0.13043478260869565,
        "high_school_physics": 0.16666666666666666,
        "high_school_chemistry": 0.125,
        "high_school_biology": 0.2916666666666667,
        "middle_school_mathematics": 0.16666666666666666,
        "middle_school_biology": 0.38461538461538464,
        "middle_school_physics": 0.4583333333333333,
        "middle_school_chemistry": 0.2,
        "veterinary_medicine": 0.2857142857142857,
        "college_economics": 0.2833333333333333,
        "business_administration": 0.34210526315789475,
        "marxism": 0.4166666666666667,
        "mao_zedong_thought": 0.3793103448275862,
        "education_science": 0.4411764705882353,
        "teacher_qualification": 0.42857142857142855,
        "high_school_politics": 0.25,
        "high_school_geography": 0.2916666666666667,
        "middle_school_politics": 0.4230769230769231,
        "middle_school_geography": 0.29411764705882354,
        "modern_chinese_history": 0.21428571428571427,
        "ideological_and_moral_cultivation": 0.375,
        "logic": 0.48148148148148145,
        "law": 0.2413793103448276,
        "chinese_language_and_literature": 0.32142857142857145,
        "art_studies": 0.34210526315789475,
        "professional_tour_guide": 0.2647058823529412,
        "legal_professional": 0.17857142857142858,
        "high_school_chinese": 0.20833333333333334,
        "high_school_history": 0.44,
        "middle_school_history": 0.2962962962962963,
        "civil_servant": 0.28846153846153844,
        "sports_science": 0.2916666666666667,
        "plant_protection": 0.2222222222222222,
        "basic_medicine": 0.25,
        "clinical_medicine": 0.37037037037037035,
        "urban_and_rural_planner": 0.29411764705882354,
        "accountant": 0.2037037037037037,
        "fire_engineer": 0.2222222222222222,
        "environmental_impact_assessment_engineer": 0.25,
        "tax_accountant": 0.2962962962962963,
        "physician": 0.4074074074074074
    }
}