{
    "accuracy": 0.3275217932752179,
    "category_acc": {
        "computer_network": 0.3333333333333333,
        "operating_system": 0.25,
        "computer_architecture": 0.34615384615384615,
        "college_programming": 0.3333333333333333,
        "college_physics": 0.3333333333333333,
        "college_chemistry": 0.3103448275862069,
        "advanced_mathematics": 0.4166666666666667,
        "probability_and_statistics": 0.30434782608695654,
        "discrete_mathematics": 0.2857142857142857,
        "electrical_engineer": 0.2857142857142857,
        "metrology_engineer": 0.3448275862068966,
        "high_school_mathematics": 0.2608695652173913,
        "high_school_physics": 0.2916666666666667,
        "high_school_chemistry": 0.125,
        "high_school_biology": 0.3333333333333333,
        "middle_school_mathematics": 0.125,
        "middle_school_biology": 0.4230769230769231,
        "middle_school_physics": 0.4166666666666667,
        "middle_school_chemistry": 0.24,
        "veterinary_medicine": 0.32142857142857145,
        "college_economics": 0.35,
        "business_administration": 0.34210526315789475,
        "marxism": 0.5,
        "mao_zedong_thought": 0.41379310344827586,
        "education_science": 0.5,
        "teacher_qualification": 0.46938775510204084,
        "high_school_politics": 0.25,
        "high_school_geography": 0.3333333333333333,
        "middle_school_politics": 0.46153846153846156,
        "middle_school_geography": 0.4117647058823529,
        "modern_chinese_history": 0.4642857142857143,
        "ideological_and_moral_cultivation": 0.20833333333333334,
        "logic": 0.37037037037037035,
        "law": 0.27586206896551724,
        "chinese_language_and_literature": 0.32142857142857145,
        "art_studies": 0.3684210526315789,
        "professional_tour_guide": 0.35294117647058826,
        "legal_professional": 0.21428571428571427,
        "high_school_chinese": 0.25,
        "high_school_history": 0.4,
        "middle_school_history": 0.25925925925925924,
        "civil_servant": 0.28846153846153844,
        "sports_science": 0.25,
        "plant_protection": 0.2222222222222222,
        "basic_medicine": 0.25,
        "clinical_medicine": 0.4074074074074074,
        "urban_and_rural_planner": 0.29411764705882354,
        "accountant": 0.2962962962962963,
        "fire_engineer": 0.19444444444444445,
        "environmental_impact_assessment_engineer": 0.19444444444444445,
        "tax_accountant": 0.4074074074074074,
        "physician": 0.4074074074074074
    }
}