{
    "accuracy": 0.42710046478369684,
    "category_acc": {
        "high_school_european_history": 0.6158536585365854,
        "business_ethics": 0.3838383838383838,
        "clinical_knowledge": 0.44696969696969696,
        "medical_genetics": 0.42424242424242425,
        "high_school_us_history": 0.6108374384236454,
        "high_school_physics": 0.3,
        "high_school_world_history": 0.6101694915254238,
        "virology": 0.36363636363636365,
        "high_school_microeconomics": 0.3628691983122363,
        "econometrics": 0.25663716814159293,
        "college_computer_science": 0.29292929292929293,
        "high_school_biology": 0.45307443365695793,
        "abstract_algebra": 0.26262626262626265,
        "professional_accounting": 0.30604982206405695,
        "philosophy": 0.4806451612903226,
        "professional_medicine": 0.3948339483394834,
        "nutrition": 0.4491803278688525,
        "global_facts": 0.5050505050505051,
        "machine_learning": 0.2702702702702703,
        "security_studies": 0.42213114754098363,
        "public_relations": 0.5596330275229358,
        "professional_psychology": 0.397708674304419,
        "prehistory": 0.47987616099071206,
        "anatomy": 0.43283582089552236,
        "human_sexuality": 0.4461538461538462,
        "college_medicine": 0.31976744186046513,
        "high_school_government_and_politics": 0.6197916666666666,
        "college_chemistry": 0.29292929292929293,
        "logical_fallacies": 0.4876543209876543,
        "high_school_geography": 0.47715736040609136,
        "elementary_mathematics": 0.4244031830238727,
        "human_aging": 0.4774774774774775,
        "college_mathematics": 0.26262626262626265,
        "high_school_psychology": 0.5625,
        "formal_logic": 0.328,
        "high_school_statistics": 0.29767441860465116,
        "international_law": 0.5916666666666667,
        "high_school_mathematics": 0.26022304832713755,
        "high_school_computer_science": 0.46464646464646464,
        "conceptual_physics": 0.32905982905982906,
        "miscellaneous": 0.6534526854219949,
        "high_school_chemistry": 0.28217821782178215,
        "marketing": 0.5965665236051502,
        "professional_law": 0.3476842791911285,
        "management": 0.5882352941176471,
        "college_physics": 0.26732673267326734,
        "jurisprudence": 0.514018691588785,
        "world_religions": 0.6705882352941176,
        "sociology": 0.525,
        "us_foreign_policy": 0.6363636363636364,
        "high_school_macroeconomics": 0.38303341902313626,
        "computer_security": 0.5151515151515151,
        "moral_scenarios": 0.2371364653243848,
        "moral_disputes": 0.45507246376811594,
        "electrical_engineering": 0.4027777777777778,
        "astronomy": 0.37748344370860926,
        "college_biology": 0.4405594405594406
    }
}