{
    "accuracy": 0.43425098319628175,
    "category_acc": {
        "high_school_european_history": 0.6036585365853658,
        "business_ethics": 0.45454545454545453,
        "clinical_knowledge": 0.4696969696969697,
        "medical_genetics": 0.3838383838383838,
        "high_school_us_history": 0.6403940886699507,
        "high_school_physics": 0.24666666666666667,
        "high_school_world_history": 0.614406779661017,
        "virology": 0.41818181818181815,
        "high_school_microeconomics": 0.379746835443038,
        "econometrics": 0.2920353982300885,
        "college_computer_science": 0.3838383838383838,
        "high_school_biology": 0.42071197411003236,
        "abstract_algebra": 0.2828282828282828,
        "professional_accounting": 0.33807829181494664,
        "philosophy": 0.4935483870967742,
        "professional_medicine": 0.3948339483394834,
        "nutrition": 0.45901639344262296,
        "global_facts": 0.42424242424242425,
        "machine_learning": 0.3153153153153153,
        "security_studies": 0.4139344262295082,
        "public_relations": 0.47706422018348627,
        "professional_psychology": 0.41734860883797054,
        "prehistory": 0.5294117647058824,
        "anatomy": 0.44776119402985076,
        "human_sexuality": 0.4230769230769231,
        "college_medicine": 0.3313953488372093,
        "high_school_government_and_politics": 0.625,
        "college_chemistry": 0.2222222222222222,
        "logical_fallacies": 0.5185185185185185,
        "high_school_geography": 0.49238578680203043,
        "elementary_mathematics": 0.4244031830238727,
        "human_aging": 0.5225225225225225,
        "college_mathematics": 0.2727272727272727,
        "high_school_psychology": 0.5772058823529411,
        "formal_logic": 0.328,
        "high_school_statistics": 0.31627906976744186,
        "international_law": 0.575,
        "high_school_mathematics": 0.20817843866171004,
        "high_school_computer_science": 0.41414141414141414,
        "conceptual_physics": 0.3547008547008547,
        "miscellaneous": 0.6547314578005116,
        "high_school_chemistry": 0.3316831683168317,
        "marketing": 0.6437768240343348,
        "professional_law": 0.35290280495759946,
        "management": 0.5686274509803921,
        "college_physics": 0.19801980198019803,
        "jurisprudence": 0.5607476635514018,
        "world_religions": 0.7,
        "sociology": 0.58,
        "us_foreign_policy": 0.6363636363636364,
        "high_school_macroeconomics": 0.37789203084832906,
        "computer_security": 0.48484848484848486,
        "moral_scenarios": 0.2516778523489933,
        "moral_disputes": 0.45507246376811594,
        "electrical_engineering": 0.3611111111111111,
        "astronomy": 0.3841059602649007,
        "college_biology": 0.3706293706293706
    }
}