{
    "accuracy": 0.45055416517697533,
    "category_acc": {
        "high_school_european_history": 0.5792682926829268,
        "business_ethics": 0.5151515151515151,
        "clinical_knowledge": 0.4583333333333333,
        "medical_genetics": 0.46464646464646464,
        "high_school_us_history": 0.6403940886699507,
        "high_school_physics": 0.3,
        "high_school_world_history": 0.6271186440677966,
        "virology": 0.40606060606060607,
        "high_school_microeconomics": 0.39662447257383965,
        "econometrics": 0.24778761061946902,
        "college_computer_science": 0.3838383838383838,
        "high_school_biology": 0.48220064724919093,
        "abstract_algebra": 0.2727272727272727,
        "professional_accounting": 0.33451957295373663,
        "philosophy": 0.5193548387096775,
        "professional_medicine": 0.4059040590405904,
        "nutrition": 0.49836065573770494,
        "global_facts": 0.43434343434343436,
        "machine_learning": 0.3333333333333333,
        "security_studies": 0.4180327868852459,
        "public_relations": 0.5412844036697247,
        "professional_psychology": 0.4320785597381342,
        "prehistory": 0.5356037151702786,
        "anatomy": 0.4701492537313433,
        "human_sexuality": 0.43846153846153846,
        "college_medicine": 0.3953488372093023,
        "high_school_government_and_politics": 0.6770833333333334,
        "college_chemistry": 0.25252525252525254,
        "logical_fallacies": 0.5617283950617284,
        "high_school_geography": 0.5532994923857868,
        "elementary_mathematics": 0.3660477453580902,
        "human_aging": 0.545045045045045,
        "college_mathematics": 0.26262626262626265,
        "high_school_psychology": 0.6158088235294118,
        "formal_logic": 0.272,
        "high_school_statistics": 0.2744186046511628,
        "international_law": 0.5833333333333334,
        "high_school_mathematics": 0.23048327137546468,
        "high_school_computer_science": 0.3838383838383838,
        "conceptual_physics": 0.3803418803418803,
        "miscellaneous": 0.6815856777493606,
        "high_school_chemistry": 0.33663366336633666,
        "marketing": 0.6952789699570815,
        "professional_law": 0.3639921722113503,
        "management": 0.5882352941176471,
        "college_physics": 0.25742574257425743,
        "jurisprudence": 0.5327102803738317,
        "world_religions": 0.6941176470588235,
        "sociology": 0.625,
        "us_foreign_policy": 0.6464646464646465,
        "high_school_macroeconomics": 0.37017994858611825,
        "computer_security": 0.5454545454545454,
        "moral_scenarios": 0.24720357941834453,
        "moral_disputes": 0.4927536231884058,
        "electrical_engineering": 0.4097222222222222,
        "astronomy": 0.39072847682119205,
        "college_biology": 0.5174825174825175
    }
}