{
    "rouge1": 0.4121653715915391,
    "rouge2": 0.16065262497539948,
    "rougeL": 0.3230860764110063,
    "avg_rouge": 0.2986346909926483
}