{
    "rouge1": 0.3858609377139331,
    "rouge2": 0.15362039680923922,
    "rougeL": 0.2971140286848332,
    "avg_rouge": 0.2788651210693352
}