{
    "rouge1": 0.3922099270623417,
    "rouge2": 0.15755329731140477,
    "rougeL": 0.30426789092009127,
    "avg_rouge": 0.2846770384312793
}