{
    "rouge1": 0.3898256503481187,
    "rouge2": 0.15306940203158081,
    "rougeL": 0.3011744289589988,
    "avg_rouge": 0.2813564937795661
}