{
    "rouge1": 0.4149958909508306,
    "rouge2": 0.17332643372666745,
    "rougeL": 0.3219141360236752,
    "avg_rouge": 0.30341215356705775
}