{
    "rouge1": 0.399413822788364,
    "rouge2": 0.1644959950171181,
    "rougeL": 0.31249179402812377,
    "avg_rouge": 0.29213387061120194
}