{
    "rouge1": 0.38409266698887473,
    "rouge2": 0.14798264146118462,
    "rougeL": 0.29370600998592633,
    "avg_rouge": 0.2752604394786619
}