{
    "rouge1": 0.38992922020602294,
    "rouge2": 0.1570489435408073,
    "rougeL": 0.30238141296268606,
    "avg_rouge": 0.2831198589031721
}