{
    "overall_acc": 0.35809523809523813,
    "language_acc": {
        "Filipino": 0.3,
        "Vietnamese": 0.25333333333333335,
        "Chinese": 0.26666666666666666,
        "Spanish": 0.44,
        "Malay": 0.32666666666666666,
        "Indonesian": 0.3933333333333333,
        "English": 0.5266666666666666
    },
    "consistency_score_2": 0.540952380952381,
    "consistency_score_3": 0.36266666666666664,
    "consistency_score_4": 0.26514285714285707,
    "consistency_score_5": 0.20412698412698416,
    "consistency_score_6": 0.16285714285714287,
    "consistency_score_7": 0.13333333333333333,
    "detailed_consistency_score": {
        "2_combine": {
            "Filipino,Vietnamese": 0.5333333333333333,
            "Filipino,Chinese": 0.54,
            "Filipino,Spanish": 0.52,
            "Filipino,Malay": 0.6666666666666666,
            "Filipino,Indonesian": 0.6,
            "Filipino,English": 0.5066666666666667,
            "Vietnamese,Chinese": 0.66,
            "Vietnamese,Spanish": 0.44666666666666666,
            "Vietnamese,Malay": 0.56,
            "Vietnamese,Indonesian": 0.5666666666666667,
            "Vietnamese,English": 0.38666666666666666,
            "Chinese,Spanish": 0.43333333333333335,
            "Chinese,Malay": 0.5866666666666667,
            "Chinese,Indonesian": 0.6,
            "Chinese,English": 0.38,
            "Spanish,Malay": 0.5133333333333333,
            "Spanish,Indonesian": 0.5466666666666666,
            "Spanish,English": 0.5933333333333334,
            "Malay,Indonesian": 0.7,
            "Malay,English": 0.4866666666666667,
            "Indonesian,English": 0.5333333333333333
        },
        "3_combine": {
            "Filipino,Vietnamese,Chinese": 0.4,
            "Filipino,Vietnamese,Spanish": 0.29333333333333333,
            "Filipino,Vietnamese,Malay": 0.42,
            "Filipino,Vietnamese,Indonesian": 0.38666666666666666,
            "Filipino,Vietnamese,English": 0.28,
            "Filipino,Chinese,Spanish": 0.2866666666666667,
            "Filipino,Chinese,Malay": 0.44,
            "Filipino,Chinese,Indonesian": 0.41333333333333333,
            "Filipino,Chinese,English": 0.2866666666666667,
            "Filipino,Spanish,Malay": 0.3933333333333333,
            "Filipino,Spanish,Indonesian": 0.37333333333333335,
            "Filipino,Spanish,English": 0.37333333333333335,
            "Filipino,Malay,Indonesian": 0.5266666666666666,
            "Filipino,Malay,English": 0.38,
            "Filipino,Indonesian,English": 0.37333333333333335,
            "Vietnamese,Chinese,Spanish": 0.32666666666666666,
            "Vietnamese,Chinese,Malay": 0.44666666666666666,
            "Vietnamese,Chinese,Indonesian": 0.46,
            "Vietnamese,Chinese,English": 0.2866666666666667,
            "Vietnamese,Spanish,Malay": 0.32,
            "Vietnamese,Spanish,Indonesian": 0.3333333333333333,
            "Vietnamese,Spanish,English": 0.2733333333333333,
            "Vietnamese,Malay,Indonesian": 0.4533333333333333,
            "Vietnamese,Malay,English": 0.28,
            "Vietnamese,Indonesian,English": 0.30666666666666664,
            "Chinese,Spanish,Malay": 0.30666666666666664,
            "Chinese,Spanish,Indonesian": 0.32666666666666666,
            "Chinese,Spanish,English": 0.2733333333333333,
            "Chinese,Malay,Indonesian": 0.48,
            "Chinese,Malay,English": 0.2866666666666667,
            "Chinese,Indonesian,English": 0.3333333333333333,
            "Spanish,Malay,Indonesian": 0.42,
            "Spanish,Malay,English": 0.36,
            "Spanish,Indonesian,English": 0.38666666666666666,
            "Malay,Indonesian,English": 0.4066666666666667
        },
        "4_combine": {
            "Filipino,Vietnamese,Chinese,Spanish": 0.21333333333333335,
            "Filipino,Vietnamese,Chinese,Malay": 0.3333333333333333,
            "Filipino,Vietnamese,Chinese,Indonesian": 0.30666666666666664,
            "Filipino,Vietnamese,Chinese,English": 0.21333333333333335,
            "Filipino,Vietnamese,Spanish,Malay": 0.25333333333333335,
            "Filipino,Vietnamese,Spanish,Indonesian": 0.24,
            "Filipino,Vietnamese,Spanish,English": 0.20666666666666667,
            "Filipino,Vietnamese,Malay,Indonesian": 0.3466666666666667,
            "Filipino,Vietnamese,Malay,English": 0.23333333333333334,
            "Filipino,Vietnamese,Indonesian,English": 0.24666666666666667,
            "Filipino,Chinese,Spanish,Malay": 0.24,
            "Filipino,Chinese,Spanish,Indonesian": 0.25333333333333335,
            "Filipino,Chinese,Spanish,English": 0.20666666666666667,
            "Filipino,Chinese,Malay,Indonesian": 0.36666666666666664,
            "Filipino,Chinese,Malay,English": 0.24,
            "Filipino,Chinese,Indonesian,English": 0.26666666666666666,
            "Filipino,Spanish,Malay,Indonesian": 0.3333333333333333,
            "Filipino,Spanish,Malay,English": 0.2866666666666667,
            "Filipino,Spanish,Indonesian,English": 0.2866666666666667,
            "Filipino,Malay,Indonesian,English": 0.32666666666666666,
            "Vietnamese,Chinese,Spanish,Malay": 0.24,
            "Vietnamese,Chinese,Spanish,Indonesian": 0.26,
            "Vietnamese,Chinese,Spanish,English": 0.21333333333333335,
            "Vietnamese,Chinese,Malay,Indonesian": 0.37333333333333335,
            "Vietnamese,Chinese,Malay,English": 0.22,
            "Vietnamese,Chinese,Indonesian,English": 0.26,
            "Vietnamese,Spanish,Malay,Indonesian": 0.2866666666666667,
            "Vietnamese,Spanish,Malay,English": 0.21333333333333335,
            "Vietnamese,Spanish,Indonesian,English": 0.23333333333333334,
            "Vietnamese,Malay,Indonesian,English": 0.26,
            "Chinese,Spanish,Malay,Indonesian": 0.28,
            "Chinese,Spanish,Malay,English": 0.21333333333333335,
            "Chinese,Spanish,Indonesian,English": 0.24666666666666667,
            "Chinese,Malay,Indonesian,English": 0.26666666666666666,
            "Spanish,Malay,Indonesian,English": 0.31333333333333335
        },
        "5_combine": {
            "Filipino,Vietnamese,Chinese,Spanish,Malay": 0.18666666666666668,
            "Filipino,Vietnamese,Chinese,Spanish,Indonesian": 0.18666666666666668,
            "Filipino,Vietnamese,Chinese,Spanish,English": 0.15333333333333332,
            "Filipino,Vietnamese,Chinese,Malay,Indonesian": 0.2733333333333333,
            "Filipino,Vietnamese,Chinese,Malay,English": 0.18,
            "Filipino,Vietnamese,Chinese,Indonesian,English": 0.2,
            "Filipino,Vietnamese,Spanish,Malay,Indonesian": 0.22666666666666666,
            "Filipino,Vietnamese,Spanish,Malay,English": 0.18,
            "Filipino,Vietnamese,Spanish,Indonesian,English": 0.18666666666666668,
            "Filipino,Vietnamese,Malay,Indonesian,English": 0.22,
            "Filipino,Chinese,Spanish,Malay,Indonesian": 0.22666666666666666,
            "Filipino,Chinese,Spanish,Malay,English": 0.17333333333333334,
            "Filipino,Chinese,Spanish,Indonesian,English": 0.2,
            "Filipino,Chinese,Malay,Indonesian,English": 0.22666666666666666,
            "Filipino,Spanish,Malay,Indonesian,English": 0.25333333333333335,
            "Vietnamese,Chinese,Spanish,Malay,Indonesian": 0.22666666666666666,
            "Vietnamese,Chinese,Spanish,Malay,English": 0.16666666666666666,
            "Vietnamese,Chinese,Spanish,Indonesian,English": 0.19333333333333333,
            "Vietnamese,Chinese,Malay,Indonesian,English": 0.21333333333333335,
            "Vietnamese,Spanish,Malay,Indonesian,English": 0.20666666666666667,
            "Chinese,Spanish,Malay,Indonesian,English": 0.20666666666666667
        },
        "6_combine": {
            "Filipino,Vietnamese,Chinese,Spanish,Malay,Indonesian": 0.17333333333333334,
            "Filipino,Vietnamese,Chinese,Spanish,Malay,English": 0.13333333333333333,
            "Filipino,Vietnamese,Chinese,Spanish,Indonesian,English": 0.14666666666666667,