{
    "overall_acc": 0.3590476190476191,
    "language_acc": {
        "Filipino": 0.3,
        "Vietnamese": 0.24,
        "Chinese": 0.26,
        "Spanish": 0.4533333333333333,
        "Malay": 0.3466666666666667,
        "Indonesian": 0.38666666666666666,
        "English": 0.5266666666666666
    },
    "consistency_score_2": 0.5333333333333334,
    "consistency_score_3": 0.3523809523809524,
    "consistency_score_4": 0.25580952380952376,
    "consistency_score_5": 0.1955555555555556,
    "consistency_score_6": 0.15333333333333332,
    "consistency_score_7": 0.12,
    "detailed_consistency_score": {
        "2_combine": {
            "Filipino,Vietnamese": 0.5333333333333333,
            "Filipino,Chinese": 0.5466666666666666,
            "Filipino,Spanish": 0.49333333333333335,
            "Filipino,Malay": 0.66,
            "Filipino,Indonesian": 0.5866666666666667,
            "Filipino,English": 0.4866666666666667,
            "Vietnamese,Chinese": 0.68,
            "Vietnamese,Spanish": 0.42,
            "Vietnamese,Malay": 0.5533333333333333,
            "Vietnamese,Indonesian": 0.5733333333333334,
            "Vietnamese,English": 0.36,
            "Chinese,Spanish": 0.44,
            "Chinese,Malay": 0.58,
            "Chinese,Indonesian": 0.5866666666666667,
            "Chinese,English": 0.37333333333333335,
            "Spanish,Malay": 0.4866666666666667,
            "Spanish,Indonesian": 0.5333333333333333,
            "Spanish,English": 0.6,
            "Malay,Indonesian": 0.6866666666666666,
            "Malay,English": 0.5066666666666667,
            "Indonesian,English": 0.5133333333333333
        },
        "3_combine": {
            "Filipino,Vietnamese,Chinese": 0.41333333333333333,
            "Filipino,Vietnamese,Spanish": 0.2866666666666667,
            "Filipino,Vietnamese,Malay": 0.42,
            "Filipino,Vietnamese,Indonesian": 0.38666666666666666,
            "Filipino,Vietnamese,English": 0.26,
            "Filipino,Chinese,Spanish": 0.28,
            "Filipino,Chinese,Malay": 0.44,
            "Filipino,Chinese,Indonesian": 0.4066666666666667,
            "Filipino,Chinese,English": 0.28,
            "Filipino,Spanish,Malay": 0.36666666666666664,
            "Filipino,Spanish,Indonesian": 0.3466666666666667,
            "Filipino,Spanish,English": 0.36,
            "Filipino,Malay,Indonesian": 0.5,
            "Filipino,Malay,English": 0.36666666666666664,
            "Filipino,Indonesian,English": 0.35333333333333333,
            "Vietnamese,Chinese,Spanish": 0.31333333333333335,
            "Vietnamese,Chinese,Malay": 0.44666666666666666,
            "Vietnamese,Chinese,Indonesian": 0.4666666666666667,
            "Vietnamese,Chinese,English": 0.26666666666666666,
            "Vietnamese,Spanish,Malay": 0.3,
            "Vietnamese,Spanish,Indonesian": 0.32,
            "Vietnamese,Spanish,English": 0.26,
            "Vietnamese,Malay,Indonesian": 0.43333333333333335,
            "Vietnamese,Malay,English": 0.2733333333333333,
            "Vietnamese,Indonesian,English": 0.29333333333333333,
            "Chinese,Spanish,Malay": 0.29333333333333333,
            "Chinese,Spanish,Indonesian": 0.32,
            "Chinese,Spanish,English": 0.2733333333333333,
            "Chinese,Malay,Indonesian": 0.4666666666666667,
            "Chinese,Malay,English": 0.2866666666666667,
            "Chinese,Indonesian,English": 0.31333333333333335,
            "Spanish,Malay,Indonesian": 0.4,
            "Spanish,Malay,English": 0.36666666666666664,
            "Spanish,Indonesian,English": 0.37333333333333335,
            "Malay,Indonesian,English": 0.4
        },
        "4_combine": {
            "Filipino,Vietnamese,Chinese,Spanish": 0.20666666666666667,
            "Filipino,Vietnamese,Chinese,Malay": 0.34,
            "Filipino,Vietnamese,Chinese,Indonesian": 0.32,
            "Filipino,Vietnamese,Chinese,English": 0.20666666666666667,
            "Filipino,Vietnamese,Spanish,Malay": 0.24666666666666667,
            "Filipino,Vietnamese,Spanish,Indonesian": 0.22666666666666666,
            "Filipino,Vietnamese,Spanish,English": 0.2,
            "Filipino,Vietnamese,Malay,Indonesian": 0.3466666666666667,
            "Filipino,Vietnamese,Malay,English": 0.22666666666666666,
            "Filipino,Vietnamese,Indonesian,English": 0.23333333333333334,
            "Filipino,Chinese,Spanish,Malay": 0.22666666666666666,
            "Filipino,Chinese,Spanish,Indonesian": 0.23333333333333334,
            "Filipino,Chinese,Spanish,English": 0.2,
            "Filipino,Chinese,Malay,Indonesian": 0.36666666666666664,
            "Filipino,Chinese,Malay,English": 0.24,
            "Filipino,Chinese,Indonesian,English": 0.24666666666666667,
            "Filipino,Spanish,Malay,Indonesian": 0.3,
            "Filipino,Spanish,Malay,English": 0.2733333333333333,
            "Filipino,Spanish,Indonesian,English": 0.2733333333333333,
            "Filipino,Malay,Indonesian,English": 0.30666666666666664,
            "Vietnamese,Chinese,Spanish,Malay": 0.22666666666666666,
            "Vietnamese,Chinese,Spanish,Indonesian": 0.25333333333333335,
            "Vietnamese,Chinese,Spanish,English": 0.2,
            "Vietnamese,Chinese,Malay,Indonesian": 0.36,
            "Vietnamese,Chinese,Malay,English": 0.21333333333333335,
            "Vietnamese,Chinese,Indonesian,English": 0.24666666666666667,
            "Vietnamese,Spanish,Malay,Indonesian": 0.26666666666666666,
            "Vietnamese,Spanish,Malay,English": 0.20666666666666667,
            "Vietnamese,Spanish,Indonesian,English": 0.22,
            "Vietnamese,Malay,Indonesian,English": 0.25333333333333335,
            "Chinese,Spanish,Malay,Indonesian": 0.2733333333333333,
            "Chinese,Spanish,Malay,English": 0.21333333333333335,
            "Chinese,Spanish,Indonesian,English": 0.23333333333333334,
            "Chinese,Malay,Indonesian,English": 0.26,
            "Spanish,Malay,Indonesian,English": 0.30666666666666664
        },
        "5_combine": {
            "Filipino,Vietnamese,Chinese,Spanish,Malay": 0.18,
            "Filipino,Vietnamese,Chinese,Spanish,Indonesian": 0.18,
            "Filipino,Vietnamese,Chinese,Spanish,English": 0.14666666666666667,
            "Filipino,Vietnamese,Chinese,Malay,Indonesian": 0.2866666666666667,
            "Filipino,Vietnamese,Chinese,Malay,English": 0.18,
            "Filipino,Vietnamese,Chinese,Indonesian,English": 0.19333333333333333,
            "Filipino,Vietnamese,Spanish,Malay,Indonesian": 0.21333333333333335,
            "Filipino,Vietnamese,Spanish,Malay,English": 0.17333333333333334,
            "Filipino,Vietnamese,Spanish,Indonesian,English": 0.17333333333333334,
            "Filipino,Vietnamese,Malay,Indonesian,English": 0.21333333333333335,
            "Filipino,Chinese,Spanish,Malay,Indonesian": 0.21333333333333335,
            "Filipino,Chinese,Spanish,Malay,English": 0.16666666666666666,
            "Filipino,Chinese,Spanish,Indonesian,English": 0.18,
            "Filipino,Chinese,Malay,Indonesian,English": 0.22,
            "Filipino,Spanish,Malay,Indonesian,English": 0.23333333333333334,
            "Vietnamese,Chinese,Spanish,Malay,Indonesian": 0.21333333333333335,
            "Vietnamese,Chinese,Spanish,Malay,English": 0.16,
            "Vietnamese,Chinese,Spanish,Indonesian,English": 0.18,
            "Vietnamese,Chinese,Malay,Indonesian,English": 0.20666666666666667,
            "Vietnamese,Spanish,Malay,Indonesian,English": 0.19333333333333333,
            "Chinese,Spanish,Malay,Indonesian,English": 0.2
        },
        "6_combine": {
            "Filipino,Vietnamese,Chinese,Spanish,Malay,Indonesian": 0.16666666666666666,
            "Filipino,Vietnamese,Chinese,Spanish,Malay,English": 0.12666666666666668,
            "Filipino,Vietnamese,Chinese,Spanish,Indonesian,English": 0.13333333333333333,
            "Filipino,Vietnamese,Chinese,Malay,Indonesian,English": 0.17333333333333334,