{
    "overall_acc": 0.36380952380952386,
    "language_acc": {
        "Filipino": 0.30666666666666664,
        "Vietnamese": 0.26,
        "Chinese": 0.26,
        "Spanish": 0.4533333333333333,
        "Malay": 0.35333333333333333,
        "Indonesian": 0.37333333333333335,
        "English": 0.54
    },
    "consistency_score_2": 0.48571428571428565,
    "consistency_score_3": 0.29657142857142854,
    "consistency_score_4": 0.19504761904761914,
    "consistency_score_5": 0.13238095238095238,
    "consistency_score_6": 0.09238095238095237,
    "consistency_score_7": 0.06666666666666667,
    "detailed_consistency_score": {
        "2_combine": {
            "Filipino,Vietnamese": 0.5266666666666666,
            "Filipino,Chinese": 0.4,
            "Filipino,Spanish": 0.5066666666666667,
            "Filipino,Malay": 0.62,
            "Filipino,Indonesian": 0.56,
            "Filipino,English": 0.5,
            "Vietnamese,Chinese": 0.47333333333333333,
            "Vietnamese,Spanish": 0.43333333333333335,
            "Vietnamese,Malay": 0.5133333333333333,
            "Vietnamese,Indonesian": 0.52,
            "Vietnamese,English": 0.3466666666666667,
            "Chinese,Spanish": 0.34,
            "Chinese,Malay": 0.42,
            "Chinese,Indonesian": 0.4866666666666667,
            "Chinese,English": 0.31333333333333335,
            "Spanish,Malay": 0.49333333333333335,
            "Spanish,Indonesian": 0.5133333333333333,
            "Spanish,English": 0.6,
            "Malay,Indonesian": 0.6733333333333333,
            "Malay,English": 0.47333333333333333,
            "Indonesian,English": 0.4866666666666667
        },
        "3_combine": {
            "Filipino,Vietnamese,Chinese": 0.2733333333333333,
            "Filipino,Vietnamese,Spanish": 0.29333333333333333,
            "Filipino,Vietnamese,Malay": 0.38,
            "Filipino,Vietnamese,Indonesian": 0.36,
            "Filipino,Vietnamese,English": 0.25333333333333335,
            "Filipino,Chinese,Spanish": 0.19333333333333333,
            "Filipino,Chinese,Malay": 0.28,
            "Filipino,Chinese,Indonesian": 0.29333333333333333,
            "Filipino,Chinese,English": 0.21333333333333335,
            "Filipino,Spanish,Malay": 0.37333333333333335,
            "Filipino,Spanish,Indonesian": 0.32666666666666666,
            "Filipino,Spanish,English": 0.36666666666666664,
            "Filipino,Malay,Indonesian": 0.47333333333333333,
            "Filipino,Malay,English": 0.3466666666666667,
            "Filipino,Indonesian,English": 0.3333333333333333,
            "Vietnamese,Chinese,Spanish": 0.22,
            "Vietnamese,Chinese,Malay": 0.26,
            "Vietnamese,Chinese,Indonesian": 0.30666666666666664,
            "Vietnamese,Chinese,English": 0.18,
            "Vietnamese,Spanish,Malay": 0.3,
            "Vietnamese,Spanish,Indonesian": 0.30666666666666664,
            "Vietnamese,Spanish,English": 0.26,
            "Vietnamese,Malay,Indonesian": 0.38666666666666666,
            "Vietnamese,Malay,English": 0.24,
            "Vietnamese,Indonesian,English": 0.25333333333333335,
            "Chinese,Spanish,Malay": 0.20666666666666667,
            "Chinese,Spanish,Indonesian": 0.23333333333333334,
            "Chinese,Spanish,English": 0.22,
            "Chinese,Malay,Indonesian": 0.3333333333333333,
            "Chinese,Malay,English": 0.20666666666666667,
            "Chinese,Indonesian,English": 0.25333333333333335,
            "Spanish,Malay,Indonesian": 0.38666666666666666,
            "Spanish,Malay,English": 0.36,
            "Spanish,Indonesian,English": 0.3466666666666667,
            "Malay,Indonesian,English": 0.36
        },
        "4_combine": {
            "Filipino,Vietnamese,Chinese,Spanish": 0.13333333333333333,
            "Filipino,Vietnamese,Chinese,Malay": 0.18666666666666668,
            "Filipino,Vietnamese,Chinese,Indonesian": 0.2,
            "Filipino,Vietnamese,Chinese,English": 0.14,
            "Filipino,Vietnamese,Spanish,Malay": 0.24,
            "Filipino,Vietnamese,Spanish,Indonesian": 0.22666666666666666,
            "Filipino,Vietnamese,Spanish,English": 0.2,
            "Filipino,Vietnamese,Malay,Indonesian": 0.30666666666666664,
            "Filipino,Vietnamese,Malay,English": 0.19333333333333333,
            "Filipino,Vietnamese,Indonesian,English": 0.20666666666666667,
            "Filipino,Chinese,Spanish,Malay": 0.14,
            "Filipino,Chinese,Spanish,Indonesian": 0.14666666666666667,
            "Filipino,Chinese,Spanish,English": 0.14666666666666667,
            "Filipino,Chinese,Malay,Indonesian": 0.23333333333333334,
            "Filipino,Chinese,Malay,English": 0.16,
            "Filipino,Chinese,Indonesian,English": 0.18,
            "Filipino,Spanish,Malay,Indonesian": 0.3,
            "Filipino,Spanish,Malay,English": 0.2733333333333333,
            "Filipino,Spanish,Indonesian,English": 0.24,
            "Filipino,Malay,Indonesian,English": 0.28,
            "Vietnamese,Chinese,Spanish,Malay": 0.13333333333333333,
            "Vietnamese,Chinese,Spanish,Indonesian": 0.15333333333333332,
            "Vietnamese,Chinese,Spanish,English": 0.12666666666666668,
            "Vietnamese,Chinese,Malay,Indonesian": 0.20666666666666667,
            "Vietnamese,Chinese,Malay,English": 0.12,
            "Vietnamese,Chinese,Indonesian,English": 0.15333333333333332,
            "Vietnamese,Spanish,Malay,Indonesian": 0.24666666666666667,
            "Vietnamese,Spanish,Malay,English": 0.20666666666666667,
            "Vietnamese,Spanish,Indonesian,English": 0.2,
            "Vietnamese,Malay,Indonesian,English": 0.19333333333333333,
            "Chinese,Spanish,Malay,Indonesian": 0.16666666666666666,
            "Chinese,Spanish,Malay,English": 0.15333333333333332,
            "Chinese,Spanish,Indonesian,English": 0.17333333333333334,
            "Chinese,Malay,Indonesian,English": 0.17333333333333334,
            "Spanish,Malay,Indonesian,English": 0.2866666666666667
        },
        "5_combine": {
            "Filipino,Vietnamese,Chinese,Spanish,Malay": 0.09333333333333334,
            "Filipino,Vietnamese,Chinese,Spanish,Indonesian": 0.1,
            "Filipino,Vietnamese,Chinese,Spanish,English": 0.09333333333333334,
            "Filipino,Vietnamese,Chinese,Malay,Indonesian": 0.15333333333333332,
            "Filipino,Vietnamese,Chinese,Malay,English": 0.1,
            "Filipino,Vietnamese,Chinese,Indonesian,English": 0.12,
            "Filipino,Vietnamese,Spanish,Malay,Indonesian": 0.20666666666666667,
            "Filipino,Vietnamese,Spanish,Malay,English": 0.16666666666666666,
            "Filipino,Vietnamese,Spanish,Indonesian,English": 0.16,
            "Filipino,Vietnamese,Malay,Indonesian,English": 0.16666666666666666,
            "Filipino,Chinese,Spanish,Malay,Indonesian": 0.12,
            "Filipino,Chinese,Spanish,Malay,English": 0.11333333333333333,
            "Filipino,Chinese,Spanish,Indonesian,English": 0.12,
            "Filipino,Chinese,Malay,Indonesian,English": 0.14,
            "Filipino,Spanish,Malay,Indonesian,English": 0.22,
            "Vietnamese,Chinese,Spanish,Malay,Indonesian": 0.10666666666666667,
            "Vietnamese,Chinese,Spanish,Malay,English": 0.09333333333333334,
            "Vietnamese,Chinese,Spanish,Indonesian,English": 0.10666666666666667,
            "Vietnamese,Chinese,Malay,Indonesian,English": 0.1,
            "Vietnamese,Spanish,Malay,Indonesian,English": 0.17333333333333334,
            "Chinese,Spanish,Malay,Indonesian,English": 0.12666666666666668
        },
        "6_combine": {
            "Filipino,Vietnamese,Chinese,Spanish,Malay,Indonesian": 0.08,
            "Filipino,Vietnamese,Chinese,Spanish,Malay,English": 0.07333333333333333,
            "Filipino,Vietnamese,Chinese,Spanish,Indonesian,English": 0.08,
            "Filipino,Vietnamese,Chinese,Malay,Indonesian,English": 0.08666666666666667,