{
    "rouge1": 0.22783552386864417,
    "rouge2": 0.0839403119084876,
    "rougeL": 0.17007006250391818,
    "avg_rouge": 0.16061529942701666
}