{
    "rouge1": 0.21865452524714854,
    "rouge2": 0.07795006249760242,
    "rougeL": 0.16086961877960224,
    "avg_rouge": 0.1524914021747844
}