{
    "rouge1": 0.22051601719774955,
    "rouge2": 0.07733715420256924,
    "rougeL": 0.16309052127918097,
    "avg_rouge": 0.15364789755983324
}