{
    "rouge1": 0.22042637368342233,
    "rouge2": 0.08018824424560042,
    "rougeL": 0.1712332946359059,
    "avg_rouge": 0.15728263752164287
}