{
    "accuracy": 0.2770859277708593,
    "category_acc": {
        "computer_network": 0.16666666666666666,
        "operating_system": 0.25,
        "computer_architecture": 0.23076923076923078,
        "college_programming": 0.3333333333333333,
        "college_physics": 0.2916666666666667,
        "college_chemistry": 0.3448275862068966,
        "advanced_mathematics": 0.25,
        "probability_and_statistics": 0.30434782608695654,
        "discrete_mathematics": 0.5238095238095238,
        "electrical_engineer": 0.2857142857142857,
        "metrology_engineer": 0.20689655172413793,
        "high_school_mathematics": 0.391304347826087,
        "high_school_physics": 0.125,
        "high_school_chemistry": 0.125,
        "high_school_biology": 0.2916666666666667,
        "middle_school_mathematics": 0.20833333333333334,
        "middle_school_biology": 0.23076923076923078,
        "middle_school_physics": 0.375,
        "middle_school_chemistry": 0.32,
        "veterinary_medicine": 0.32142857142857145,
        "college_economics": 0.23333333333333334,
        "business_administration": 0.2894736842105263,
        "marxism": 0.2916666666666667,
        "mao_zedong_thought": 0.27586206896551724,
        "education_science": 0.20588235294117646,
        "teacher_qualification": 0.1836734693877551,
        "high_school_politics": 0.375,
        "high_school_geography": 0.125,
        "middle_school_politics": 0.3076923076923077,
        "middle_school_geography": 0.29411764705882354,
        "modern_chinese_history": 0.39285714285714285,
        "ideological_and_moral_cultivation": 0.4166666666666667,
        "logic": 0.18518518518518517,
        "law": 0.3448275862068966,
        "chinese_language_and_literature": 0.17857142857142858,
        "art_studies": 0.34210526315789475,
        "professional_tour_guide": 0.23529411764705882,
        "legal_professional": 0.17857142857142858,
        "high_school_chinese": 0.125,
        "high_school_history": 0.48,
        "middle_school_history": 0.37037037037037035,
        "civil_servant": 0.28846153846153844,
        "sports_science": 0.375,
        "plant_protection": 0.25925925925925924,
        "basic_medicine": 0.4166666666666667,
        "clinical_medicine": 0.2222222222222222,
        "urban_and_rural_planner": 0.13725490196078433,
        "accountant": 0.37037037037037035,
        "fire_engineer": 0.25,
        "environmental_impact_assessment_engineer": 0.3055555555555556,
        "tax_accountant": 0.2777777777777778,
        "physician": 0.2777777777777778
    }
}