{
    "accuracy": 0.3496805387670523,
    "category_acc": {
        "agronomy": 0.31952662721893493,
        "anatomy": 0.28378378378378377,
        "ancient_chinese": 0.2865853658536585,
        "arts": 0.4,
        "astronomy": 0.3090909090909091,
        "business_ethics": 0.35406698564593303,
        "chinese_civil_service_exam": 0.33125,
        "chinese_driving_rule": 0.4580152671755725,
        "chinese_food_culture": 0.3088235294117647,
        "chinese_foreign_policy": 0.4205607476635514,
        "chinese_history": 0.4551083591331269,
        "chinese_literature": 0.24509803921568626,
        "chinese_teacher_qualification": 0.41899441340782123,
        "clinical_knowledge": 0.350210970464135,
        "college_actuarial_science": 0.2169811320754717,
        "college_education": 0.38317757009345793,
        "college_engineering_hydrology": 0.37735849056603776,
        "college_law": 0.24074074074074073,
        "college_mathematics": 0.3047619047619048,
        "college_medical_statistics": 0.4528301886792453,
        "college_medicine": 0.3553113553113553,
        "computer_science": 0.43137254901960786,
        "computer_security": 0.4152046783625731,
        "conceptual_physics": 0.40816326530612246,
        "construction_project_management": 0.2517985611510791,
        "economics": 0.39622641509433965,
        "education": 0.3558282208588957,
        "electrical_engineering": 0.38372093023255816,
        "elementary_chinese": 0.28174603174603174,
        "elementary_commonsense": 0.3484848484848485,
        "elementary_information_and_technology": 0.4957983193277311,
        "elementary_mathematics": 0.29130434782608694,
        "ethnology": 0.3037037037037037,
        "food_science": 0.4125874125874126,
        "genetics": 0.3125,
        "global_facts": 0.348993288590604,
        "high_school_biology": 0.28402366863905326,
        "high_school_chemistry": 0.2878787878787879,
        "high_school_geography": 0.3813559322033898,
        "high_school_mathematics": 0.2621951219512195,
        "high_school_physics": 0.2818181818181818,
        "high_school_politics": 0.32867132867132864,
        "human_sexuality": 0.3492063492063492,
        "international_law": 0.32972972972972975,
        "journalism": 0.3081395348837209,
        "jurisprudence": 0.32116788321167883,
        "legal_and_moral_basis": 0.4672897196261682,
        "logical": 0.3333333333333333,
        "machine_learning": 0.3360655737704918,
        "management": 0.4238095238095238,
        "marketing": 0.42777777777777776,
        "marxist_theory": 0.3439153439153439,
        "modern_chinese": 0.31896551724137934,
        "nutrition": 0.33793103448275863,
        "philosophy": 0.34285714285714286,
        "professional_accounting": 0.3657142857142857,
        "professional_law": 0.22274881516587677,
        "professional_medicine": 0.29521276595744683,
        "professional_psychology": 0.34051724137931033,
        "public_relations": 0.39080459770114945,
        "security_study": 0.34814814814814815,
        "sociology": 0.42035398230088494,
        "sports_science": 0.30303030303030304,
        "traditional_chinese_medicine": 0.3081081081081081,
        "virology": 0.3668639053254438,
        "world_history": 0.4658385093167702,
        "world_religions": 0.31875
    }
}