{
    "accuracy": 0.34329131410809877,
    "category_acc": {
        "agronomy": 0.33136094674556216,
        "anatomy": 0.2635135135135135,
        "ancient_chinese": 0.3048780487804878,
        "arts": 0.325,
        "astronomy": 0.23636363636363636,
        "business_ethics": 0.33014354066985646,
        "chinese_civil_service_exam": 0.3875,
        "chinese_driving_rule": 0.4122137404580153,
        "chinese_food_culture": 0.27205882352941174,
        "chinese_foreign_policy": 0.4205607476635514,
        "chinese_history": 0.4458204334365325,
        "chinese_literature": 0.2647058823529412,
        "chinese_teacher_qualification": 0.441340782122905,
        "clinical_knowledge": 0.3670886075949367,
        "college_actuarial_science": 0.27358490566037735,
        "college_education": 0.37383177570093457,
        "college_engineering_hydrology": 0.36792452830188677,
        "college_law": 0.25925925925925924,
        "college_mathematics": 0.26666666666666666,
        "college_medical_statistics": 0.44339622641509435,
        "college_medicine": 0.3516483516483517,
        "computer_science": 0.3627450980392157,
        "computer_security": 0.4093567251461988,
        "conceptual_physics": 0.4013605442176871,
        "construction_project_management": 0.2733812949640288,
        "economics": 0.36477987421383645,
        "education": 0.2883435582822086,
        "electrical_engineering": 0.3313953488372093,
        "elementary_chinese": 0.32142857142857145,
        "elementary_commonsense": 0.30808080808080807,
        "elementary_information_and_technology": 0.4327731092436975,
        "elementary_mathematics": 0.27391304347826084,
        "ethnology": 0.31851851851851853,
        "food_science": 0.42657342657342656,
        "genetics": 0.2897727272727273,
        "global_facts": 0.4228187919463087,
        "high_school_biology": 0.33136094674556216,
        "high_school_chemistry": 0.30303030303030304,
        "high_school_geography": 0.3644067796610169,
        "high_school_mathematics": 0.2682926829268293,
        "high_school_physics": 0.3090909090909091,
        "high_school_politics": 0.3986013986013986,
        "human_sexuality": 0.30158730158730157,
        "international_law": 0.3027027027027027,
        "journalism": 0.36627906976744184,
        "jurisprudence": 0.35523114355231145,
        "legal_and_moral_basis": 0.5046728971962616,
        "logical": 0.35772357723577236,
        "machine_learning": 0.4098360655737705,
        "management": 0.3238095238095238,
        "marketing": 0.34444444444444444,
        "marxist_theory": 0.3492063492063492,
        "modern_chinese": 0.29310344827586204,
        "nutrition": 0.43448275862068964,
        "philosophy": 0.3523809523809524,
        "professional_accounting": 0.2914285714285714,
        "professional_law": 0.2796208530805687,
        "professional_medicine": 0.27393617021276595,
        "professional_psychology": 0.3146551724137931,
        "public_relations": 0.3620689655172414,
        "security_study": 0.45925925925925926,
        "sociology": 0.3407079646017699,
        "sports_science": 0.2787878787878788,
        "traditional_chinese_medicine": 0.2918918918918919,
        "virology": 0.40236686390532544,
        "world_history": 0.391304347826087,
        "world_religions": 0.28125
    }
}