{
    "accuracy": 0.4589880849594198,
    "category_acc": {
        "agronomy": 0.46745562130177515,
        "anatomy": 0.2972972972972973,
        "ancient_chinese": 0.2682926829268293,
        "arts": 0.58125,
        "astronomy": 0.28484848484848485,
        "business_ethics": 0.5215311004784688,
        "chinese_civil_service_exam": 0.41875,
        "chinese_driving_rule": 0.5877862595419847,
        "chinese_food_culture": 0.4338235294117647,
        "chinese_foreign_policy": 0.514018691588785,
        "chinese_history": 0.49226006191950467,
        "chinese_literature": 0.3382352941176471,
        "chinese_teacher_qualification": 0.5754189944134078,
        "clinical_knowledge": 0.39662447257383965,
        "college_actuarial_science": 0.27358490566037735,
        "college_education": 0.5700934579439252,
        "college_engineering_hydrology": 0.4339622641509434,
        "college_law": 0.37962962962962965,
        "college_mathematics": 0.2571428571428571,
        "college_medical_statistics": 0.5,
        "college_medicine": 0.37362637362637363,
        "computer_science": 0.5784313725490197,
        "computer_security": 0.6549707602339181,
        "conceptual_physics": 0.4421768707482993,
        "construction_project_management": 0.39568345323741005,
        "economics": 0.5408805031446541,
        "education": 0.50920245398773,
        "electrical_engineering": 0.4069767441860465,
        "elementary_chinese": 0.3968253968253968,
        "elementary_commonsense": 0.40404040404040403,
        "elementary_information_and_technology": 0.7352941176470589,
        "elementary_mathematics": 0.2956521739130435,
        "ethnology": 0.37037037037037035,
        "food_science": 0.5314685314685315,
        "genetics": 0.42045454545454547,
        "global_facts": 0.47651006711409394,
        "high_school_biology": 0.35502958579881655,
        "high_school_chemistry": 0.36363636363636365,
        "high_school_geography": 0.4915254237288136,
        "high_school_mathematics": 0.2073170731707317,
        "high_school_physics": 0.34545454545454546,
        "high_school_politics": 0.4755244755244755,
        "human_sexuality": 0.5238095238095238,
        "international_law": 0.3567567567567568,
        "journalism": 0.48255813953488375,
        "jurisprudence": 0.45985401459854014,
        "legal_and_moral_basis": 0.8084112149532711,
        "logical": 0.4634146341463415,
        "machine_learning": 0.48360655737704916,
        "management": 0.5333333333333333,
        "marketing": 0.5333333333333333,
        "marxist_theory": 0.5396825396825397,
        "modern_chinese": 0.35344827586206895,
        "nutrition": 0.4689655172413793,
        "philosophy": 0.5142857142857142,
        "professional_accounting": 0.52,
        "professional_law": 0.3696682464454976,
        "professional_medicine": 0.3484042553191489,
        "professional_psychology": 0.4956896551724138,
        "public_relations": 0.47126436781609193,
        "security_study": 0.6148148148148148,
        "sociology": 0.5,
        "sports_science": 0.47878787878787876,
        "traditional_chinese_medicine": 0.31891891891891894,
        "virology": 0.5502958579881657,
        "world_history": 0.5341614906832298,
        "world_religions": 0.58125
    }
}