{
    "accuracy": 0.42436539457779315,
    "category_acc": {
        "agronomy": 0.41420118343195267,
        "anatomy": 0.2905405405405405,
        "ancient_chinese": 0.2865853658536585,
        "arts": 0.46875,
        "astronomy": 0.22424242424242424,
        "business_ethics": 0.4688995215311005,
        "chinese_civil_service_exam": 0.4375,
        "chinese_driving_rule": 0.4580152671755725,
        "chinese_food_culture": 0.35294117647058826,
        "chinese_foreign_policy": 0.5233644859813084,
        "chinese_history": 0.5541795665634675,
        "chinese_literature": 0.3480392156862745,
        "chinese_teacher_qualification": 0.5810055865921788,
        "clinical_knowledge": 0.4092827004219409,
        "college_actuarial_science": 0.19811320754716982,
        "college_education": 0.4953271028037383,
        "college_engineering_hydrology": 0.3867924528301887,
        "college_law": 0.3333333333333333,
        "college_mathematics": 0.2571428571428571,
        "college_medical_statistics": 0.49056603773584906,
        "college_medicine": 0.36996336996337,
        "computer_science": 0.4411764705882353,
        "computer_security": 0.5730994152046783,
        "conceptual_physics": 0.40816326530612246,
        "construction_project_management": 0.37410071942446044,
        "economics": 0.5157232704402516,
        "education": 0.4662576687116564,
        "electrical_engineering": 0.37790697674418605,
        "elementary_chinese": 0.4007936507936508,
        "elementary_commonsense": 0.3838383838383838,
        "elementary_information_and_technology": 0.5042016806722689,
        "elementary_mathematics": 0.27391304347826084,
        "ethnology": 0.3333333333333333,
        "food_science": 0.4125874125874126,
        "genetics": 0.4034090909090909,
        "global_facts": 0.40939597315436244,
        "high_school_biology": 0.35502958579881655,
        "high_school_chemistry": 0.38636363636363635,
        "high_school_geography": 0.4322033898305085,
        "high_school_mathematics": 0.24390243902439024,
        "high_school_physics": 0.3181818181818182,
        "high_school_politics": 0.5244755244755245,
        "human_sexuality": 0.5158730158730159,
        "international_law": 0.3783783783783784,
        "journalism": 0.37790697674418605,
        "jurisprudence": 0.46715328467153283,
        "legal_and_moral_basis": 0.719626168224299,
        "logical": 0.4146341463414634,
        "machine_learning": 0.4426229508196721,
        "management": 0.4238095238095238,
        "marketing": 0.5055555555555555,
        "marxist_theory": 0.5238095238095238,
        "modern_chinese": 0.33620689655172414,
        "nutrition": 0.4689655172413793,
        "philosophy": 0.5142857142857142,
        "professional_accounting": 0.4228571428571429,
        "professional_law": 0.36018957345971564,
        "professional_medicine": 0.3723404255319149,
        "professional_psychology": 0.4482758620689655,
        "public_relations": 0.40804597701149425,
        "security_study": 0.5259259259259259,
        "sociology": 0.43805309734513276,
        "sports_science": 0.41818181818181815,
        "traditional_chinese_medicine": 0.2810810810810811,
        "virology": 0.47928994082840237,
        "world_history": 0.5279503105590062,
        "world_religions": 0.53125
    }
}