{
    "accuracy": 0.44836815748575376,
    "category_acc": {
        "agronomy": 0.4260355029585799,
        "anatomy": 0.27702702702702703,
        "ancient_chinese": 0.2865853658536585,
        "arts": 0.5375,
        "astronomy": 0.2545454545454545,
        "business_ethics": 0.5167464114832536,
        "chinese_civil_service_exam": 0.4,
        "chinese_driving_rule": 0.5572519083969466,
        "chinese_food_culture": 0.4264705882352941,
        "chinese_foreign_policy": 0.514018691588785,
        "chinese_history": 0.5232198142414861,
        "chinese_literature": 0.3431372549019608,
        "chinese_teacher_qualification": 0.547486033519553,
        "clinical_knowledge": 0.379746835443038,
        "college_actuarial_science": 0.3113207547169811,
        "college_education": 0.5700934579439252,
        "college_engineering_hydrology": 0.46226415094339623,
        "college_law": 0.3055555555555556,
        "college_mathematics": 0.2857142857142857,
        "college_medical_statistics": 0.5566037735849056,
        "college_medicine": 0.358974358974359,
        "computer_science": 0.5441176470588235,
        "computer_security": 0.5672514619883041,
        "conceptual_physics": 0.43537414965986393,
        "construction_project_management": 0.41007194244604317,
        "economics": 0.5534591194968553,
        "education": 0.5030674846625767,
        "electrical_engineering": 0.37790697674418605,
        "elementary_chinese": 0.36507936507936506,
        "elementary_commonsense": 0.4444444444444444,
        "elementary_information_and_technology": 0.7142857142857143,
        "elementary_mathematics": 0.2956521739130435,
        "ethnology": 0.37777777777777777,
        "food_science": 0.5034965034965035,
        "genetics": 0.4034090909090909,
        "global_facts": 0.4899328859060403,
        "high_school_biology": 0.378698224852071,
        "high_school_chemistry": 0.32575757575757575,
        "high_school_geography": 0.4830508474576271,
        "high_school_mathematics": 0.25609756097560976,
        "high_school_physics": 0.3,
        "high_school_politics": 0.5034965034965035,
        "human_sexuality": 0.5873015873015873,
        "international_law": 0.40540540540540543,
        "journalism": 0.48255813953488375,
        "jurisprudence": 0.46472019464720193,
        "legal_and_moral_basis": 0.7476635514018691,
        "logical": 0.3902439024390244,
        "machine_learning": 0.4016393442622951,
        "management": 0.5142857142857142,
        "marketing": 0.5,
        "marxist_theory": 0.5079365079365079,
        "modern_chinese": 0.3448275862068966,
        "nutrition": 0.4827586206896552,
        "philosophy": 0.5142857142857142,
        "professional_accounting": 0.5085714285714286,
        "professional_law": 0.3127962085308057,
        "professional_medicine": 0.3696808510638298,
        "professional_psychology": 0.46551724137931033,
        "public_relations": 0.5,
        "security_study": 0.5703703703703704,
        "sociology": 0.46017699115044247,
        "sports_science": 0.4484848484848485,
        "traditional_chinese_medicine": 0.32972972972972975,
        "virology": 0.4970414201183432,
        "world_history": 0.5031055900621118,
        "world_religions": 0.55625
    }
}