{
    "overall_acc": 0.47564935064935066,
    "language_acc": {
        "Indonesian": 0.42045454545454547,
        "English": 0.5852272727272727,
        "Filipino": 0.375,
        "Spanish": 0.4943181818181818,
        "Chinese": 0.4943181818181818,
        "Malay": 0.4431818181818182,
        "Vietnamese": 0.5170454545454546
    },
    "consistency_score_2": 0.578733766233766,
    "consistency_score_3": 0.41152597402597396,
    "consistency_score_4": 0.31818181818181807,
    "consistency_score_5": 0.25676406926406925,
    "consistency_score_6": 0.21185064935064934,
    "consistency_score_7": 0.17613636363636365,
    "detailed_consistency_score": {
        "2_combine": {
            "Indonesian,English": 0.6022727272727273,
            "Indonesian,Filipino": 0.5340909090909091,
            "Indonesian,Spanish": 0.6363636363636364,
            "Indonesian,Chinese": 0.5568181818181818,
            "Indonesian,Malay": 0.6818181818181818,
            "Indonesian,Vietnamese": 0.5965909090909091,
            "English,Filipino": 0.4715909090909091,
            "English,Spanish": 0.6647727272727273,
            "English,Chinese": 0.625,
            "English,Malay": 0.5965909090909091,
            "English,Vietnamese": 0.625,
            "Filipino,Spanish": 0.5511363636363636,
            "Filipino,Chinese": 0.4659090909090909,
            "Filipino,Malay": 0.5340909090909091,
            "Filipino,Vietnamese": 0.4715909090909091,
            "Spanish,Chinese": 0.6022727272727273,
            "Spanish,Malay": 0.6193181818181818,
            "Spanish,Vietnamese": 0.5965909090909091,
            "Chinese,Malay": 0.5397727272727273,
            "Chinese,Vietnamese": 0.6022727272727273,
            "Malay,Vietnamese": 0.5795454545454546
        },
        "3_combine": {
            "Indonesian,English,Filipino": 0.3465909090909091,
            "Indonesian,English,Spanish": 0.4715909090909091,
            "Indonesian,English,Chinese": 0.4318181818181818,
            "Indonesian,English,Malay": 0.4602272727272727,
            "Indonesian,English,Vietnamese": 0.45454545454545453,
            "Indonesian,Filipino,Spanish": 0.3977272727272727,
            "Indonesian,Filipino,Chinese": 0.3181818181818182,
            "Indonesian,Filipino,Malay": 0.42045454545454547,
            "Indonesian,Filipino,Vietnamese": 0.3465909090909091,
            "Indonesian,Spanish,Chinese": 0.4431818181818182,
            "Indonesian,Spanish,Malay": 0.48863636363636365,
            "Indonesian,Spanish,Vietnamese": 0.4431818181818182,
            "Indonesian,Chinese,Malay": 0.4318181818181818,
            "Indonesian,Chinese,Vietnamese": 0.42613636363636365,
            "Indonesian,Malay,Vietnamese": 0.45454545454545453,
            "English,Filipino,Spanish": 0.3693181818181818,
            "English,Filipino,Chinese": 0.3465909090909091,
            "English,Filipino,Malay": 0.3522727272727273,
            "English,Filipino,Vietnamese": 0.3352272727272727,
            "English,Spanish,Chinese": 0.48863636363636365,
            "English,Spanish,Malay": 0.4659090909090909,
            "English,Spanish,Vietnamese": 0.4715909090909091,
            "English,Chinese,Malay": 0.42045454545454547,
            "English,Chinese,Vietnamese": 0.48295454545454547,
            "English,Malay,Vietnamese": 0.4375,
            "Filipino,Spanish,Chinese": 0.3522727272727273,
            "Filipino,Spanish,Malay": 0.39204545454545453,
            "Filipino,Spanish,Vietnamese": 0.36363636363636365,
            "Filipino,Chinese,Malay": 0.3522727272727273,
            "Filipino,Chinese,Vietnamese": 0.3352272727272727,
            "Filipino,Malay,Vietnamese": 0.3522727272727273,
            "Spanish,Chinese,Malay": 0.42613636363636365,
            "Spanish,Chinese,Vietnamese": 0.4602272727272727,
            "Spanish,Malay,Vietnamese": 0.4375,
            "Chinese,Malay,Vietnamese": 0.42613636363636365
        },
        "4_combine": {
            "Indonesian,English,Filipino,Spanish": 0.2897727272727273,
            "Indonesian,English,Filipino,Chinese": 0.2556818181818182,
            "Indonesian,English,Filipino,Malay": 0.2840909090909091,
            "Indonesian,English,Filipino,Vietnamese": 0.2784090909090909,
            "Indonesian,English,Spanish,Chinese": 0.3693181818181818,
            "Indonesian,English,Spanish,Malay": 0.36363636363636365,
            "Indonesian,English,Spanish,Vietnamese": 0.3693181818181818,
            "Indonesian,English,Chinese,Malay": 0.3352272727272727,
            "Indonesian,English,Chinese,Vietnamese": 0.3693181818181818,
            "Indonesian,English,Malay,Vietnamese": 0.3693181818181818,
            "Indonesian,Filipino,Spanish,Chinese": 0.2727272727272727,
            "Indonesian,Filipino,Spanish,Malay": 0.32386363636363635,
            "Indonesian,Filipino,Spanish,Vietnamese": 0.2840909090909091,
            "Indonesian,Filipino,Chinese,Malay": 0.2784090909090909,
            "Indonesian,Filipino,Chinese,Vietnamese": 0.26704545454545453,
            "Indonesian,Filipino,Malay,Vietnamese": 0.2897727272727273,
            "Indonesian,Spanish,Chinese,Malay": 0.35795454545454547,
            "Indonesian,Spanish,Chinese,Vietnamese": 0.35795454545454547,
            "Indonesian,Spanish,Malay,Vietnamese": 0.36363636363636365,
            "Indonesian,Chinese,Malay,Vietnamese": 0.3522727272727273,
            "English,Filipino,Spanish,Chinese": 0.2897727272727273,
            "English,Filipino,Spanish,Malay": 0.2897727272727273,
            "English,Filipino,Spanish,Vietnamese": 0.2840909090909091,
            "English,Filipino,Chinese,Malay": 0.2840909090909091,
            "English,Filipino,Chinese,Vietnamese": 0.2840909090909091,
            "English,Filipino,Malay,Vietnamese": 0.2840909090909091,
            "English,Spanish,Chinese,Malay": 0.3465909090909091,
            "English,Spanish,Chinese,Vietnamese": 0.4034090909090909,
            "English,Spanish,Malay,Vietnamese": 0.35795454545454547,
            "English,Chinese,Malay,Vietnamese": 0.36363636363636365,
            "Filipino,Spanish,Chinese,Malay": 0.2897727272727273,
            "Filipino,Spanish,Chinese,Vietnamese": 0.2897727272727273,
            "Filipino,Spanish,Malay,Vietnamese": 0.2897727272727273,
            "Filipino,Chinese,Malay,Vietnamese": 0.2897727272727273,
            "Spanish,Chinese,Malay,Vietnamese": 0.35795454545454547
        },
        "5_combine": {
            "Indonesian,English,Filipino,Spanish,Chinese": 0.22727272727272727,
            "Indonesian,English,Filipino,Spanish,Malay": 0.23863636363636365,
            "Indonesian,English,Filipino,Spanish,Vietnamese": 0.23295454545454544,
            "Indonesian,English,Filipino,Chinese,Malay": 0.2215909090909091,
            "Indonesian,English,Filipino,Chinese,Vietnamese": 0.23295454545454544,
            "Indonesian,English,Filipino,Malay,Vietnamese": 0.23863636363636365,
            "Indonesian,English,Spanish,Chinese,Malay": 0.2840909090909091,
            "Indonesian,English,Spanish,Chinese,Vietnamese": 0.3181818181818182,
            "Indonesian,English,Spanish,Malay,Vietnamese": 0.30113636363636365,
            "Indonesian,English,Chinese,Malay,Vietnamese": 0.3068181818181818,
            "Indonesian,Filipino,Spanish,Chinese,Malay": 0.23863636363636365,
            "Indonesian,Filipino,Spanish,Chinese,Vietnamese": 0.23295454545454544,
            "Indonesian,Filipino,Spanish,Malay,Vietnamese": 0.24431818181818182,
            "Indonesian,Filipino,Chinese,Malay,Vietnamese": 0.23295454545454544,
            "Indonesian,Spanish,Chinese,Malay,Vietnamese": 0.30113636363636365,
            "English,Filipino,Spanish,Chinese,Malay": 0.23863636363636365,
            "English,Filipino,Spanish,Chinese,Vietnamese": 0.25,
            "English,Filipino,Spanish,Malay,Vietnamese": 0.23863636363636365,
            "English,Filipino,Chinese,Malay,Vietnamese": 0.25,
            "English,Spanish,Chinese,Malay,Vietnamese": 0.3125,