{
    "overall_acc": 0.42775974025974023,
    "language_acc": {
        "Indonesian": 0.3693181818181818,
        "English": 0.6022727272727273,
        "Filipino": 0.3806818181818182,
        "Spanish": 0.4090909090909091,
        "Chinese": 0.4431818181818182,
        "Malay": 0.38636363636363635,
        "Vietnamese": 0.4034090909090909
    },
    "consistency_score_2": 0.47781385281385286,
    "consistency_score_3": 0.2946428571428571,
    "consistency_score_4": 0.20860389610389612,
    "consistency_score_5": 0.16098484848484845,
    "consistency_score_6": 0.13068181818181818,
    "consistency_score_7": 0.10795454545454546,
    "detailed_consistency_score": {
        "2_combine": {
            "Indonesian,English": 0.4318181818181818,
            "Indonesian,Filipino": 0.5909090909090909,
            "Indonesian,Spanish": 0.5625,
            "Indonesian,Chinese": 0.4772727272727273,
            "Indonesian,Malay": 0.5227272727272727,
            "Indonesian,Vietnamese": 0.4659090909090909,
            "English,Filipino": 0.39204545454545453,
            "English,Spanish": 0.5397727272727273,
            "English,Chinese": 0.3977272727272727,
            "English,Malay": 0.4431818181818182,
            "English,Vietnamese": 0.44886363636363635,
            "Filipino,Spanish": 0.5738636363636364,
            "Filipino,Chinese": 0.48295454545454547,
            "Filipino,Malay": 0.5113636363636364,
            "Filipino,Vietnamese": 0.4602272727272727,
            "Spanish,Chinese": 0.48863636363636365,
            "Spanish,Malay": 0.4943181818181818,
            "Spanish,Vietnamese": 0.42613636363636365,
            "Chinese,Malay": 0.42045454545454547,
            "Chinese,Vietnamese": 0.4659090909090909,
            "Malay,Vietnamese": 0.4375
        },
        "3_combine": {
            "Indonesian,English,Filipino": 0.2727272727272727,
            "Indonesian,English,Spanish": 0.3125,
            "Indonesian,English,Chinese": 0.24431818181818182,
            "Indonesian,English,Malay": 0.2727272727272727,
            "Indonesian,English,Vietnamese": 0.2784090909090909,
            "Indonesian,Filipino,Spanish": 0.4034090909090909,
            "Indonesian,Filipino,Chinese": 0.3352272727272727,
            "Indonesian,Filipino,Malay": 0.38636363636363635,
            "Indonesian,Filipino,Vietnamese": 0.3352272727272727,
            "Indonesian,Spanish,Chinese": 0.3181818181818182,
            "Indonesian,Spanish,Malay": 0.35795454545454547,
            "Indonesian,Spanish,Vietnamese": 0.30113636363636365,
            "Indonesian,Chinese,Malay": 0.2840909090909091,
            "Indonesian,Chinese,Vietnamese": 0.2840909090909091,
            "Indonesian,Malay,Vietnamese": 0.2840909090909091,
            "English,Filipino,Spanish": 0.3068181818181818,
            "English,Filipino,Chinese": 0.2215909090909091,
            "English,Filipino,Malay": 0.24431818181818182,
            "English,Filipino,Vietnamese": 0.2556818181818182,
            "English,Spanish,Chinese": 0.2840909090909091,
            "English,Spanish,Malay": 0.30113636363636365,
            "English,Spanish,Vietnamese": 0.3125,
            "English,Chinese,Malay": 0.22727272727272727,
            "English,Chinese,Vietnamese": 0.24431818181818182,
            "English,Malay,Vietnamese": 0.2727272727272727,
            "Filipino,Spanish,Chinese": 0.32954545454545453,
            "Filipino,Spanish,Malay": 0.35795454545454547,
            "Filipino,Spanish,Vietnamese": 0.3068181818181818,
            "Filipino,Chinese,Malay": 0.2897727272727273,
            "Filipino,Chinese,Vietnamese": 0.30113636363636365,
            "Filipino,Malay,Vietnamese": 0.29545454545454547,
            "Spanish,Chinese,Malay": 0.2840909090909091,
            "Spanish,Chinese,Vietnamese": 0.2727272727272727,
            "Spanish,Malay,Vietnamese": 0.26136363636363635,
            "Chinese,Malay,Vietnamese": 0.2727272727272727
        },
        "4_combine": {
            "Indonesian,English,Filipino,Spanish": 0.23295454545454544,
            "Indonesian,English,Filipino,Chinese": 0.18181818181818182,
            "Indonesian,English,Filipino,Malay": 0.20454545454545456,
            "Indonesian,English,Filipino,Vietnamese": 0.21022727272727273,
            "Indonesian,English,Spanish,Chinese": 0.19886363636363635,
            "Indonesian,English,Spanish,Malay": 0.2159090909090909,
            "Indonesian,English,Spanish,Vietnamese": 0.22727272727272727,
            "Indonesian,English,Chinese,Malay": 0.1590909090909091,
            "Indonesian,English,Chinese,Vietnamese": 0.18181818181818182,
            "Indonesian,English,Malay,Vietnamese": 0.19886363636363635,
            "Indonesian,Filipino,Spanish,Chinese": 0.23863636363636365,
            "Indonesian,Filipino,Spanish,Malay": 0.29545454545454547,
            "Indonesian,Filipino,Spanish,Vietnamese": 0.25,
            "Indonesian,Filipino,Chinese,Malay": 0.22727272727272727,
            "Indonesian,Filipino,Chinese,Vietnamese": 0.25,
            "Indonesian,Filipino,Malay,Vietnamese": 0.25,
            "Indonesian,Spanish,Chinese,Malay": 0.20454545454545456,
            "Indonesian,Spanish,Chinese,Vietnamese": 0.21022727272727273,
            "Indonesian,Spanish,Malay,Vietnamese": 0.2215909090909091,
            "Indonesian,Chinese,Malay,Vietnamese": 0.19886363636363635,
            "English,Filipino,Spanish,Chinese": 0.18181818181818182,
            "English,Filipino,Spanish,Malay": 0.20454545454545456,
            "English,Filipino,Spanish,Vietnamese": 0.2215909090909091,
            "English,Filipino,Chinese,Malay": 0.16477272727272727,
            "English,Filipino,Chinese,Vietnamese": 0.17045454545454544,
            "English,Filipino,Malay,Vietnamese": 0.18181818181818182,
            "English,Spanish,Chinese,Malay": 0.1875,
            "English,Spanish,Chinese,Vietnamese": 0.19318181818181818,
            "English,Spanish,Malay,Vietnamese": 0.19886363636363635,
            "English,Chinese,Malay,Vietnamese": 0.17613636363636365,
            "Filipino,Spanish,Chinese,Malay": 0.22727272727272727,
            "Filipino,Spanish,Chinese,Vietnamese": 0.2159090909090909,
            "Filipino,Spanish,Malay,Vietnamese": 0.22727272727272727,
            "Filipino,Chinese,Malay,Vietnamese": 0.20454545454545456,
            "Spanish,Chinese,Malay,Vietnamese": 0.1875
        },
        "5_combine": {
            "Indonesian,English,Filipino,Spanish,Chinese": 0.1534090909090909,
            "Indonesian,English,Filipino,Spanish,Malay": 0.17613636363636365,
            "Indonesian,English,Filipino,Spanish,Vietnamese": 0.1875,
            "Indonesian,English,Filipino,Chinese,Malay": 0.13636363636363635,
            "Indonesian,English,Filipino,Chinese,Vietnamese": 0.1590909090909091,
            "Indonesian,English,Filipino,Malay,Vietnamese": 0.17045454545454544,
            "Indonesian,English,Spanish,Chinese,Malay": 0.14204545454545456,
            "Indonesian,English,Spanish,Chinese,Vietnamese": 0.1590909090909091,
            "Indonesian,English,Spanish,Malay,Vietnamese": 0.17045454545454544,
            "Indonesian,English,Chinese,Malay,Vietnamese": 0.13636363636363635,
            "Indonesian,Filipino,Spanish,Chinese,Malay": 0.17045454545454544,
            "Indonesian,Filipino,Spanish,Chinese,Vietnamese": 0.18181818181818182,
            "Indonesian,Filipino,Spanish,Malay,Vietnamese": 0.20454545454545456,
            "Indonesian,Filipino,Chinese,Malay,Vietnamese": 0.18181818181818182,
            "Indonesian,Spanish,Chinese,Malay,Vietnamese": 0.1534090909090909,
            "English,Filipino,Spanish,Chinese,Malay": 0.14204545454545456,
            "English,Filipino,Spanish,Chinese,Vietnamese": 0.14772727272727273,
            "English,Filipino,Spanish,Malay,Vietnamese": 0.16477272727272727,
            "English,Filipino,Chinese,Malay,Vietnamese": 0.13636363636363635,
            "English,Spanish,Chinese,Malay,Vietnamese": 0.14204545454545456,