{
    "accuracy": 0.32919420522064224,
    "category_acc": {
        "History": 0.3313253012048193,
        "Geography": 0.3,
        "Lampungic": 0.32653061224489793,
        "Social science": 0.4357262103505843,
        "Balinese": 0.28662420382165604,
        "Makassarese": 0.24731182795698925,
        "Banjarese": 0.3125,
        "Chemistry": 0.22043795620437956,
        "Biology": 0.2698224852071006,
        "Science": 0.35500515995872034,
        "Christian religion": 0.38308457711442784,
        "Art": 0.3876871880199667,
        "Islam religion": 0.3328591749644381,
        "Hindu religion": 0.3466666666666667,
        "Madurese": 0.28135593220338984,
        "Sport": 0.3716216216216216,
        "Indonesian language": 0.3854296388542964,
        "Physics": 0.25656565656565655,
        "Minangkabau culture": 0.2613065326633166,
        "Dayak language": 0.25688073394495414,
        "Sociology": 0.3125,
        "Economy": 0.2848360655737705,
        "Sundanese": 0.28608470181503887,
        "Javanese": 0.30544354838709675,
        "Civic education": 0.36337625178826893
    }
}