{
    "accuracy": 0.3517591294478937,
    "category_acc": {
        "History": 0.3433734939759036,
        "Geography": 0.3551020408163265,
        "Lampungic": 0.2857142857142857,
        "Social science": 0.44741235392320533,
        "Balinese": 0.31210191082802546,
        "Makassarese": 0.3010752688172043,
        "Banjarese": 0.375,
        "Chemistry": 0.27007299270072993,
        "Biology": 0.3502958579881657,
        "Science": 0.4117647058823529,
        "Christian religion": 0.34328358208955223,
        "Art": 0.3810316139767055,
        "Islam religion": 0.3485064011379801,
        "Hindu religion": 0.32666666666666666,
        "Madurese": 0.31864406779661014,
        "Sport": 0.40540540540540543,
        "Indonesian language": 0.3848069738480697,
        "Physics": 0.35555555555555557,
        "Minangkabau culture": 0.34673366834170855,
        "Dayak language": 0.27522935779816515,
        "Sociology": 0.3125,
        "Economy": 0.3094262295081967,
        "Sundanese": 0.3016421780466724,
        "Javanese": 0.3165322580645161,
        "Civic education": 0.3590844062947067
    }
}