{
    "accuracy": 0.4834101074838107,
    "category_acc": {
        "History": 0.4738955823293173,
        "Geography": 0.4489795918367347,
        "Lampungic": 0.35374149659863946,
        "Social science": 0.679465776293823,
        "Balinese": 0.3184713375796178,
        "Makassarese": 0.3548387096774194,
        "Banjarese": 0.3958333333333333,
        "Chemistry": 0.30364963503649633,
        "Biology": 0.463905325443787,
        "Science": 0.5830753353973168,
        "Christian religion": 0.6318407960199005,
        "Art": 0.562396006655574,
        "Islam religion": 0.561877667140825,
        "Hindu religion": 0.5133333333333333,
        "Madurese": 0.3254237288135593,
        "Sport": 0.5540540540540541,
        "Indonesian language": 0.5414072229140723,
        "Physics": 0.3898989898989899,
        "Minangkabau culture": 0.37185929648241206,
        "Dayak language": 0.3486238532110092,
        "Sociology": 0.4657258064516129,
        "Economy": 0.4344262295081967,
        "Sundanese": 0.43820224719101125,
        "Javanese": 0.3971774193548387,
        "Civic education": 0.5507868383404864
    }
}