{
    "accuracy": 0.4880833166433006,
    "category_acc": {
        "History": 0.4879518072289157,
        "Geography": 0.44285714285714284,
        "Lampungic": 0.3469387755102041,
        "Social science": 0.7161936560934892,
        "Balinese": 0.3057324840764331,
        "Makassarese": 0.34946236559139787,
        "Banjarese": 0.4027777777777778,
        "Chemistry": 0.327007299270073,
        "Biology": 0.4650887573964497,
        "Science": 0.6171310629514963,
        "Christian religion": 0.6019900497512438,
        "Art": 0.5557404326123128,
        "Islam religion": 0.577524893314367,
        "Hindu religion": 0.5133333333333333,
        "Madurese": 0.3152542372881356,
        "Sport": 0.5945945945945946,
        "Indonesian language": 0.537359900373599,
        "Physics": 0.4080808080808081,
        "Minangkabau culture": 0.40703517587939697,
        "Dayak language": 0.25688073394495414,
        "Sociology": 0.46975806451612906,
        "Economy": 0.4385245901639344,
        "Sundanese": 0.439066551426102,
        "Javanese": 0.39314516129032256,
        "Civic education": 0.5550786838340487
    }
}