{
    "accuracy": 0.4644502303224514,
    "category_acc": {
        "History": 0.4779116465863454,
        "Geography": 0.43673469387755104,
        "Lampungic": 0.3401360544217687,
        "Social science": 0.657762938230384,
        "Balinese": 0.2929936305732484,
        "Makassarese": 0.34946236559139787,
        "Banjarese": 0.3611111111111111,
        "Chemistry": 0.27883211678832115,
        "Biology": 0.4591715976331361,
        "Science": 0.5614035087719298,
        "Christian religion": 0.5920398009950248,
        "Art": 0.5374376039933444,
        "Islam religion": 0.5519203413940256,
        "Hindu religion": 0.49333333333333335,
        "Madurese": 0.2745762711864407,
        "Sport": 0.5135135135135135,
        "Indonesian language": 0.5242839352428393,
        "Physics": 0.3797979797979798,
        "Minangkabau culture": 0.40703517587939697,
        "Dayak language": 0.23853211009174313,
        "Sociology": 0.42943548387096775,
        "Economy": 0.42213114754098363,
        "Sundanese": 0.41140881590319794,
        "Javanese": 0.37399193548387094,
        "Civic education": 0.5393419170243204
    }
}