{
    "accuracy": 0.25529265255292655,
    "category_acc": {
        "computer_network": 0.2916666666666667,
        "operating_system": 0.08333333333333333,
        "computer_architecture": 0.3076923076923077,
        "college_programming": 0.23809523809523808,
        "college_physics": 0.25,
        "college_chemistry": 0.2413793103448276,
        "advanced_mathematics": 0.2916666666666667,
        "probability_and_statistics": 0.17391304347826086,
        "discrete_mathematics": 0.3333333333333333,
        "electrical_engineer": 0.23809523809523808,
        "metrology_engineer": 0.20689655172413793,
        "high_school_mathematics": 0.30434782608695654,
        "high_school_physics": 0.20833333333333334,
        "high_school_chemistry": 0.125,
        "high_school_biology": 0.2916666666666667,
        "middle_school_mathematics": 0.125,
        "middle_school_biology": 0.11538461538461539,
        "middle_school_physics": 0.2916666666666667,
        "middle_school_chemistry": 0.2,
        "veterinary_medicine": 0.35714285714285715,
        "college_economics": 0.31666666666666665,
        "business_administration": 0.3684210526315789,
        "marxism": 0.25,
        "mao_zedong_thought": 0.27586206896551724,
        "education_science": 0.20588235294117646,
        "teacher_qualification": 0.2857142857142857,
        "high_school_politics": 0.3333333333333333,
        "high_school_geography": 0.20833333333333334,
        "middle_school_politics": 0.3076923076923077,
        "middle_school_geography": 0.23529411764705882,
        "modern_chinese_history": 0.32142857142857145,
        "ideological_and_moral_cultivation": 0.20833333333333334,
        "logic": 0.07407407407407407,
        "law": 0.3103448275862069,
        "chinese_language_and_literature": 0.2857142857142857,
        "art_studies": 0.3157894736842105,
        "professional_tour_guide": 0.4117647058823529,
        "legal_professional": 0.2857142857142857,
        "high_school_chinese": 0.20833333333333334,
        "high_school_history": 0.48,
        "middle_school_history": 0.2222222222222222,
        "civil_servant": 0.25,
        "sports_science": 0.16666666666666666,
        "plant_protection": 0.2962962962962963,
        "basic_medicine": 0.25,
        "clinical_medicine": 0.2962962962962963,
        "urban_and_rural_planner": 0.19607843137254902,
        "accountant": 0.24074074074074073,
        "fire_engineer": 0.25,
        "environmental_impact_assessment_engineer": 0.25,
        "tax_accountant": 0.18518518518518517,
        "physician": 0.24074074074074073
    }
}