{
    "accuracy": 0.25653798256537985,
    "category_acc": {
        "computer_network": 0.25,
        "operating_system": 0.125,
        "computer_architecture": 0.19230769230769232,
        "college_programming": 0.2857142857142857,
        "college_physics": 0.2916666666666667,
        "college_chemistry": 0.20689655172413793,
        "advanced_mathematics": 0.2916666666666667,
        "probability_and_statistics": 0.2608695652173913,
        "discrete_mathematics": 0.42857142857142855,
        "electrical_engineer": 0.23809523809523808,
        "metrology_engineer": 0.1724137931034483,
        "high_school_mathematics": 0.34782608695652173,
        "high_school_physics": 0.20833333333333334,
        "high_school_chemistry": 0.125,
        "high_school_biology": 0.2916666666666667,
        "middle_school_mathematics": 0.20833333333333334,
        "middle_school_biology": 0.15384615384615385,
        "middle_school_physics": 0.20833333333333334,
        "middle_school_chemistry": 0.16,
        "veterinary_medicine": 0.2857142857142857,
        "college_economics": 0.2833333333333333,
        "business_administration": 0.3684210526315789,
        "marxism": 0.2916666666666667,
        "mao_zedong_thought": 0.20689655172413793,
        "education_science": 0.20588235294117646,
        "teacher_qualification": 0.2653061224489796,
        "high_school_politics": 0.3333333333333333,
        "high_school_geography": 0.3333333333333333,
        "middle_school_politics": 0.38461538461538464,
        "middle_school_geography": 0.29411764705882354,
        "modern_chinese_history": 0.32142857142857145,
        "ideological_and_moral_cultivation": 0.3333333333333333,
        "logic": 0.25925925925925924,
        "law": 0.20689655172413793,
        "chinese_language_and_literature": 0.17857142857142858,
        "art_studies": 0.2894736842105263,
        "professional_tour_guide": 0.4117647058823529,
        "legal_professional": 0.25,
        "high_school_chinese": 0.25,
        "high_school_history": 0.4,
        "middle_school_history": 0.25925925925925924,
        "civil_servant": 0.19230769230769232,
        "sports_science": 0.20833333333333334,
        "plant_protection": 0.25925925925925924,
        "basic_medicine": 0.25,
        "clinical_medicine": 0.3333333333333333,
        "urban_and_rural_planner": 0.27450980392156865,
        "accountant": 0.2037037037037037,
        "fire_engineer": 0.2777777777777778,
        "environmental_impact_assessment_engineer": 0.16666666666666666,
        "tax_accountant": 0.2037037037037037,
        "physician": 0.24074074074074073
    }
}