{
    "rouge1": 0.3750676640196728,
    "rouge2": 0.138430777796688,
    "rougeL": 0.3028717826203541,
    "avg_rouge": 0.2721234081455716
}