{
    "overall_acc": 0.3191176470588235,
    "language_acc": {
        "Spanish": 0.3226890756302521,
        "English": 0.3176470588235294,
        "Chinese": 0.32521008403361346,
        "Vietnamese": 0.31092436974789917
    },
    "consistency_score_2": 0.4189075630252101,
    "consistency_score_3": 0.2130252100840336,
    "consistency_score_4": 0.11932773109243698,
    "detailed_consistency_score": {
        "2_combine": {
            "Spanish,English": 0.4588235294117647,
            "Spanish,Chinese": 0.4142857142857143,
            "Spanish,Vietnamese": 0.44285714285714284,
            "English,Chinese": 0.46218487394957986,
            "English,Vietnamese": 0.3739495798319328,
            "Chinese,Vietnamese": 0.36134453781512604
        },
        "3_combine": {
            "Spanish,English,Chinese": 0.25126050420168067,
            "Spanish,English,Vietnamese": 0.21428571428571427,
            "Spanish,Chinese,Vietnamese": 0.19663865546218487,
            "English,Chinese,Vietnamese": 0.1899159663865546
        },
        "4_combine": {
            "Spanish,English,Chinese,Vietnamese": 0.11932773109243698
        }
    },
    "AC3_2": 0.3622662044685879,
    "AC3_3": 0.2554956921096242,
    "AC3_4": 0.1737027537020321
}