{
    "overall_acc": 0.44724025974025977,
    "language_acc": {
        "Indonesian": 0.42613636363636365,
        "English": 0.4715909090909091,
        "Filipino": 0.3409090909090909,
        "Spanish": 0.4318181818181818,
        "Chinese": 0.5738636363636364,
        "Malay": 0.4772727272727273,
        "Vietnamese": 0.4090909090909091
    },
    "consistency_score_2": 0.533279220779221,
    "consistency_score_3": 0.3573051948051947,
    "consistency_score_4": 0.26022727272727275,
    "consistency_score_5": 0.1966991341991342,
    "consistency_score_6": 0.15178571428571427,
    "consistency_score_7": 0.11931818181818182,
    "detailed_consistency_score": {
        "2_combine": {
            "Indonesian,English": 0.6079545454545454,
            "Indonesian,Filipino": 0.3465909090909091,
            "Indonesian,Spanish": 0.6477272727272727,
            "Indonesian,Chinese": 0.5397727272727273,
            "Indonesian,Malay": 0.6818181818181818,
            "Indonesian,Vietnamese": 0.6306818181818182,
            "English,Filipino": 0.38636363636363635,
            "English,Spanish": 0.6306818181818182,
            "English,Chinese": 0.5625,
            "English,Malay": 0.6306818181818182,
            "English,Vietnamese": 0.5284090909090909,
            "Filipino,Spanish": 0.38636363636363635,
            "Filipino,Chinese": 0.35795454545454547,
            "Filipino,Malay": 0.4034090909090909,
            "Filipino,Vietnamese": 0.3409090909090909,
            "Spanish,Chinese": 0.5568181818181818,
            "Spanish,Malay": 0.6420454545454546,
            "Spanish,Vietnamese": 0.5795454545454546,
            "Chinese,Malay": 0.5909090909090909,
            "Chinese,Vietnamese": 0.5681818181818182,
            "Malay,Vietnamese": 0.5795454545454546
        },
        "3_combine": {
            "Indonesian,English,Filipino": 0.24431818181818182,
            "Indonesian,English,Spanish": 0.4659090909090909,
            "Indonesian,English,Chinese": 0.4147727272727273,
            "Indonesian,English,Malay": 0.48863636363636365,
            "Indonesian,English,Vietnamese": 0.4318181818181818,
            "Indonesian,Filipino,Spanish": 0.2556818181818182,
            "Indonesian,Filipino,Chinese": 0.21022727272727273,
            "Indonesian,Filipino,Malay": 0.2784090909090909,
            "Indonesian,Filipino,Vietnamese": 0.25,
            "Indonesian,Spanish,Chinese": 0.4090909090909091,
            "Indonesian,Spanish,Malay": 0.5056818181818182,
            "Indonesian,Spanish,Vietnamese": 0.4715909090909091,
            "Indonesian,Chinese,Malay": 0.4431818181818182,
            "Indonesian,Chinese,Vietnamese": 0.42045454545454547,
            "Indonesian,Malay,Vietnamese": 0.48295454545454547,
            "English,Filipino,Spanish": 0.2556818181818182,
            "English,Filipino,Chinese": 0.24431818181818182,
            "English,Filipino,Malay": 0.2727272727272727,
            "English,Filipino,Vietnamese": 0.2215909090909091,
            "English,Spanish,Chinese": 0.4375,
            "English,Spanish,Malay": 0.48295454545454547,
            "English,Spanish,Vietnamese": 0.4147727272727273,
            "English,Chinese,Malay": 0.44886363636363635,
            "English,Chinese,Vietnamese": 0.38636363636363635,
            "English,Malay,Vietnamese": 0.4147727272727273,
            "Filipino,Spanish,Chinese": 0.23863636363636365,
            "Filipino,Spanish,Malay": 0.2840909090909091,
            "Filipino,Spanish,Vietnamese": 0.22727272727272727,
            "Filipino,Chinese,Malay": 0.24431818181818182,
            "Filipino,Chinese,Vietnamese": 0.2215909090909091,
            "Filipino,Malay,Vietnamese": 0.23863636363636365,
            "Spanish,Chinese,Malay": 0.4375,
            "Spanish,Chinese,Vietnamese": 0.4090909090909091,
            "Spanish,Malay,Vietnamese": 0.4375,
            "Chinese,Malay,Vietnamese": 0.4147727272727273
        },
        "4_combine": {
            "Indonesian,English,Filipino,Spanish": 0.1875,
            "Indonesian,English,Filipino,Chinese": 0.18181818181818182,
            "Indonesian,English,Filipino,Malay": 0.20454545454545456,
            "Indonesian,English,Filipino,Vietnamese": 0.1875,
            "Indonesian,English,Spanish,Chinese": 0.3465909090909091,
            "Indonesian,English,Spanish,Malay": 0.39204545454545453,
            "Indonesian,English,Spanish,Vietnamese": 0.35795454545454547,
            "Indonesian,English,Chinese,Malay": 0.36363636363636365,
            "Indonesian,English,Chinese,Vietnamese": 0.32954545454545453,
            "Indonesian,English,Malay,Vietnamese": 0.375,
            "Indonesian,Filipino,Spanish,Chinese": 0.17045454545454544,
            "Indonesian,Filipino,Spanish,Malay": 0.2215909090909091,
            "Indonesian,Filipino,Spanish,Vietnamese": 0.1875,
            "Indonesian,Filipino,Chinese,Malay": 0.1875,
            "Indonesian,Filipino,Chinese,Vietnamese": 0.17613636363636365,
            "Indonesian,Filipino,Malay,Vietnamese": 0.20454545454545456,
            "Indonesian,Spanish,Chinese,Malay": 0.3522727272727273,
            "Indonesian,Spanish,Chinese,Vietnamese": 0.3352272727272727,
            "Indonesian,Spanish,Malay,Vietnamese": 0.39204545454545453,
            "Indonesian,Chinese,Malay,Vietnamese": 0.3522727272727273,
            "English,Filipino,Spanish,Chinese": 0.19886363636363635,
            "English,Filipino,Spanish,Malay": 0.21022727272727273,
            "English,Filipino,Spanish,Vietnamese": 0.17613636363636365,
            "English,Filipino,Chinese,Malay": 0.20454545454545456,
            "English,Filipino,Chinese,Vietnamese": 0.17045454545454544,
            "English,Filipino,Malay,Vietnamese": 0.1875,
            "English,Spanish,Chinese,Malay": 0.3806818181818182,
            "English,Spanish,Chinese,Vietnamese": 0.3181818181818182,
            "English,Spanish,Malay,Vietnamese": 0.3352272727272727,
            "English,Chinese,Malay,Vietnamese": 0.32954545454545453,
            "Filipino,Spanish,Chinese,Malay": 0.20454545454545456,
            "Filipino,Spanish,Chinese,Vietnamese": 0.18181818181818182,
            "Filipino,Spanish,Malay,Vietnamese": 0.1875,
            "Filipino,Chinese,Malay,Vietnamese": 0.18181818181818182,
            "Spanish,Chinese,Malay,Vietnamese": 0.3352272727272727
        },
        "5_combine": {
            "Indonesian,English,Filipino,Spanish,Chinese": 0.14772727272727273,
            "Indonesian,English,Filipino,Spanish,Malay": 0.16477272727272727,
            "Indonesian,English,Filipino,Spanish,Vietnamese": 0.14772727272727273,
            "Indonesian,English,Filipino,Chinese,Malay": 0.16477272727272727,
            "Indonesian,English,Filipino,Chinese,Vietnamese": 0.14772727272727273,
            "Indonesian,English,Filipino,Malay,Vietnamese": 0.16477272727272727,
            "Indonesian,English,Spanish,Chinese,Malay": 0.3125,
            "Indonesian,English,Spanish,Chinese,Vietnamese": 0.2784090909090909,
            "Indonesian,English,Spanish,Malay,Vietnamese": 0.3125,
            "Indonesian,English,Chinese,Malay,Vietnamese": 0.29545454545454547,
            "Indonesian,Filipino,Spanish,Chinese,Malay": 0.1590909090909091,
            "Indonesian,Filipino,Spanish,Chinese,Vietnamese": 0.14772727272727273,
            "Indonesian,Filipino,Spanish,Malay,Vietnamese": 0.16477272727272727,
            "Indonesian,Filipino,Chinese,Malay,Vietnamese": 0.1590909090909091,
            "Indonesian,Spanish,Chinese,Malay,Vietnamese": 0.29545454545454547,
            "English,Filipino,Spanish,Chinese,Malay": 0.18181818181818182,
            "English,Filipino,Spanish,Chinese,Vietnamese": 0.14772727272727273,
            "English,Filipino,Spanish,Malay,Vietnamese": 0.14772727272727273,
            "English,Filipino,Chinese,Malay,Vietnamese": 0.1534090909090909,
            "English,Spanish,Chinese,Malay,Vietnamese": 0.2784090909090909,