{
    "overall_acc": 0.4488636363636364,
    "language_acc": {
        "Indonesian": 0.44886363636363635,
        "English": 0.5,
        "Filipino": 0.32386363636363635,
        "Spanish": 0.42045454545454547,
        "Chinese": 0.5625,
        "Malay": 0.48863636363636365,
        "Vietnamese": 0.3977272727272727
    },
    "consistency_score_2": 0.5186688311688312,
    "consistency_score_3": 0.3362012987012988,
    "consistency_score_4": 0.23522727272727276,
    "consistency_score_5": 0.16937229437229437,
    "consistency_score_6": 0.12337662337662338,
    "consistency_score_7": 0.09090909090909091,
    "detailed_consistency_score": {
        "2_combine": {
            "Indonesian,English": 0.6136363636363636,
            "Indonesian,Filipino": 0.375,
            "Indonesian,Spanish": 0.6363636363636364,
            "Indonesian,Chinese": 0.5340909090909091,
            "Indonesian,Malay": 0.6931818181818182,
            "Indonesian,Vietnamese": 0.5568181818181818,
            "English,Filipino": 0.38636363636363635,
            "English,Spanish": 0.5681818181818182,
            "English,Chinese": 0.5568181818181818,
            "English,Malay": 0.6420454545454546,
            "English,Vietnamese": 0.5113636363636364,
            "Filipino,Spanish": 0.3465909090909091,
            "Filipino,Chinese": 0.3806818181818182,
            "Filipino,Malay": 0.3977272727272727,
            "Filipino,Vietnamese": 0.3352272727272727,
            "Spanish,Chinese": 0.48295454545454547,
            "Spanish,Malay": 0.6534090909090909,
            "Spanish,Vietnamese": 0.5681818181818182,
            "Chinese,Malay": 0.5795454545454546,
            "Chinese,Vietnamese": 0.5170454545454546,
            "Malay,Vietnamese": 0.5568181818181818
        },
        "3_combine": {
            "Indonesian,English,Filipino": 0.2727272727272727,
            "Indonesian,English,Spanish": 0.4375,
            "Indonesian,English,Chinese": 0.3977272727272727,
            "Indonesian,English,Malay": 0.4943181818181818,
            "Indonesian,English,Vietnamese": 0.375,
            "Indonesian,Filipino,Spanish": 0.26704545454545453,
            "Indonesian,Filipino,Chinese": 0.24431818181818182,
            "Indonesian,Filipino,Malay": 0.2897727272727273,
            "Indonesian,Filipino,Vietnamese": 0.23295454545454544,
            "Indonesian,Spanish,Chinese": 0.36363636363636365,
            "Indonesian,Spanish,Malay": 0.5227272727272727,
            "Indonesian,Spanish,Vietnamese": 0.42613636363636365,
            "Indonesian,Chinese,Malay": 0.42613636363636365,
            "Indonesian,Chinese,Vietnamese": 0.35795454545454547,
            "Indonesian,Malay,Vietnamese": 0.4318181818181818,
            "English,Filipino,Spanish": 0.23295454545454544,
            "English,Filipino,Chinese": 0.23295454545454544,
            "English,Filipino,Malay": 0.2784090909090909,
            "English,Filipino,Vietnamese": 0.19886363636363635,
            "English,Spanish,Chinese": 0.36363636363636365,
            "English,Spanish,Malay": 0.45454545454545453,
            "English,Spanish,Vietnamese": 0.3806818181818182,
            "English,Chinese,Malay": 0.42613636363636365,
            "English,Chinese,Vietnamese": 0.3522727272727273,
            "English,Malay,Vietnamese": 0.38636363636363635,
            "Filipino,Spanish,Chinese": 0.21022727272727273,
            "Filipino,Spanish,Malay": 0.2784090909090909,
            "Filipino,Spanish,Vietnamese": 0.21022727272727273,
            "Filipino,Chinese,Malay": 0.25,
            "Filipino,Chinese,Vietnamese": 0.2159090909090909,
            "Filipino,Malay,Vietnamese": 0.2215909090909091,
            "Spanish,Chinese,Malay": 0.3977272727272727,
            "Spanish,Chinese,Vietnamese": 0.3352272727272727,
            "Spanish,Malay,Vietnamese": 0.4375,
            "Chinese,Malay,Vietnamese": 0.36363636363636365
        },
        "4_combine": {
            "Indonesian,English,Filipino,Spanish": 0.19318181818181818,
            "Indonesian,English,Filipino,Chinese": 0.19318181818181818,
            "Indonesian,English,Filipino,Malay": 0.2215909090909091,
            "Indonesian,English,Filipino,Vietnamese": 0.17045454545454544,
            "Indonesian,English,Spanish,Chinese": 0.29545454545454547,
            "Indonesian,English,Spanish,Malay": 0.3806818181818182,
            "Indonesian,English,Spanish,Vietnamese": 0.30113636363636365,
            "Indonesian,English,Chinese,Malay": 0.3352272727272727,
            "Indonesian,English,Chinese,Vietnamese": 0.26704545454545453,
            "Indonesian,English,Malay,Vietnamese": 0.3181818181818182,
            "Indonesian,Filipino,Spanish,Chinese": 0.18181818181818182,
            "Indonesian,Filipino,Spanish,Malay": 0.23295454545454544,
            "Indonesian,Filipino,Spanish,Vietnamese": 0.18181818181818182,
            "Indonesian,Filipino,Chinese,Malay": 0.21022727272727273,
            "Indonesian,Filipino,Chinese,Vietnamese": 0.17613636363636365,
            "Indonesian,Filipino,Malay,Vietnamese": 0.19318181818181818,
            "Indonesian,Spanish,Chinese,Malay": 0.3181818181818182,
            "Indonesian,Spanish,Chinese,Vietnamese": 0.2727272727272727,
            "Indonesian,Spanish,Malay,Vietnamese": 0.3693181818181818,
            "Indonesian,Chinese,Malay,Vietnamese": 0.2840909090909091,
            "English,Filipino,Spanish,Chinese": 0.1534090909090909,
            "English,Filipino,Spanish,Malay": 0.19886363636363635,
            "English,Filipino,Spanish,Vietnamese": 0.14772727272727273,
            "English,Filipino,Chinese,Malay": 0.19318181818181818,
            "English,Filipino,Chinese,Vietnamese": 0.13636363636363635,
            "English,Filipino,Malay,Vietnamese": 0.1590909090909091,
            "English,Spanish,Chinese,Malay": 0.3181818181818182,
            "English,Spanish,Chinese,Vietnamese": 0.26136363636363635,
            "English,Spanish,Malay,Vietnamese": 0.3125,
            "English,Chinese,Malay,Vietnamese": 0.2840909090909091,
            "Filipino,Spanish,Chinese,Malay": 0.19318181818181818,
            "Filipino,Spanish,Chinese,Vietnamese": 0.14772727272727273,
            "Filipino,Spanish,Malay,Vietnamese": 0.1875,
            "Filipino,Chinese,Malay,Vietnamese": 0.16477272727272727,
            "Spanish,Chinese,Malay,Vietnamese": 0.2784090909090909
        },
        "5_combine": {
            "Indonesian,English,Filipino,Spanish,Chinese": 0.13636363636363635,
            "Indonesian,English,Filipino,Spanish,Malay": 0.17045454545454544,
            "Indonesian,English,Filipino,Spanish,Vietnamese": 0.125,
            "Indonesian,English,Filipino,Chinese,Malay": 0.17045454545454544,
            "Indonesian,English,Filipino,Chinese,Vietnamese": 0.13068181818181818,
            "Indonesian,English,Filipino,Malay,Vietnamese": 0.14204545454545456,
            "Indonesian,English,Spanish,Chinese,Malay": 0.26704545454545453,
            "Indonesian,English,Spanish,Chinese,Vietnamese": 0.21022727272727273,
            "Indonesian,English,Spanish,Malay,Vietnamese": 0.26704545454545453,
            "Indonesian,English,Chinese,Malay,Vietnamese": 0.22727272727272727,
            "Indonesian,Filipino,Spanish,Chinese,Malay": 0.17045454545454544,
            "Indonesian,Filipino,Spanish,Chinese,Vietnamese": 0.13636363636363635,
            "Indonesian,Filipino,Spanish,Malay,Vietnamese": 0.16477272727272727,
            "Indonesian,Filipino,Chinese,Malay,Vietnamese": 0.14772727272727273,
            "Indonesian,Spanish,Chinese,Malay,Vietnamese": 0.23295454545454544,
            "English,Filipino,Spanish,Chinese,Malay": 0.14772727272727273,
            "English,Filipino,Spanish,Chinese,Vietnamese": 0.10227272727272728,
            "English,Filipino,Spanish,Malay,Vietnamese": 0.13068181818181818,
            "English,Filipino,Chinese,Malay,Vietnamese": 0.11931818181818182,
            "English,Spanish,Chinese,Malay,Vietnamese": 0.2215909090909091,