{
    "overall_acc": 0.45698051948051954,
    "language_acc": {
        "Indonesian": 0.4375,
        "English": 0.48863636363636365,
        "Filipino": 0.3409090909090909,
        "Spanish": 0.42613636363636365,
        "Chinese": 0.5795454545454546,
        "Malay": 0.5056818181818182,
        "Vietnamese": 0.42045454545454547
    },
    "consistency_score_2": 0.5211038961038961,
    "consistency_score_3": 0.34512987012987006,
    "consistency_score_4": 0.2506493506493506,
    "consistency_score_5": 0.18966450216450217,
    "consistency_score_6": 0.1461038961038961,
    "consistency_score_7": 0.11363636363636363,
    "detailed_consistency_score": {
        "2_combine": {
            "Indonesian,English": 0.5795454545454546,
            "Indonesian,Filipino": 0.36363636363636365,
            "Indonesian,Spanish": 0.6079545454545454,
            "Indonesian,Chinese": 0.5625,
            "Indonesian,Malay": 0.6590909090909091,
            "Indonesian,Vietnamese": 0.6022727272727273,
            "English,Filipino": 0.3977272727272727,
            "English,Spanish": 0.5965909090909091,
            "English,Chinese": 0.5852272727272727,
            "English,Malay": 0.6022727272727273,
            "English,Vietnamese": 0.5397727272727273,
            "Filipino,Spanish": 0.4375,
            "Filipino,Chinese": 0.36363636363636365,
            "Filipino,Malay": 0.38636363636363635,
            "Filipino,Vietnamese": 0.3806818181818182,
            "Spanish,Chinese": 0.5511363636363636,
            "Spanish,Malay": 0.6079545454545454,
            "Spanish,Vietnamese": 0.4772727272727273,
            "Chinese,Malay": 0.5738636363636364,
            "Chinese,Vietnamese": 0.5284090909090909,
            "Malay,Vietnamese": 0.5397727272727273
        },
        "3_combine": {
            "Indonesian,English,Filipino": 0.24431818181818182,
            "Indonesian,English,Spanish": 0.4431818181818182,
            "Indonesian,English,Chinese": 0.4090909090909091,
            "Indonesian,English,Malay": 0.4659090909090909,
            "Indonesian,English,Vietnamese": 0.4147727272727273,
            "Indonesian,Filipino,Spanish": 0.2840909090909091,
            "Indonesian,Filipino,Chinese": 0.22727272727272727,
            "Indonesian,Filipino,Malay": 0.2727272727272727,
            "Indonesian,Filipino,Vietnamese": 0.2556818181818182,
            "Indonesian,Spanish,Chinese": 0.42045454545454547,
            "Indonesian,Spanish,Malay": 0.48863636363636365,
            "Indonesian,Spanish,Vietnamese": 0.4090909090909091,
            "Indonesian,Chinese,Malay": 0.42613636363636365,
            "Indonesian,Chinese,Vietnamese": 0.42045454545454547,
            "Indonesian,Malay,Vietnamese": 0.45454545454545453,
            "English,Filipino,Spanish": 0.2727272727272727,
            "English,Filipino,Chinese": 0.23295454545454544,
            "English,Filipino,Malay": 0.2784090909090909,
            "English,Filipino,Vietnamese": 0.23295454545454544,
            "English,Spanish,Chinese": 0.42045454545454547,
            "English,Spanish,Malay": 0.4318181818181818,
            "English,Spanish,Vietnamese": 0.36363636363636365,
            "English,Chinese,Malay": 0.42613636363636365,
            "English,Chinese,Vietnamese": 0.3806818181818182,
            "English,Malay,Vietnamese": 0.39204545454545453,
            "Filipino,Spanish,Chinese": 0.26136363636363635,
            "Filipino,Spanish,Malay": 0.2897727272727273,
            "Filipino,Spanish,Vietnamese": 0.23295454545454544,
            "Filipino,Chinese,Malay": 0.23863636363636365,
            "Filipino,Chinese,Vietnamese": 0.23863636363636365,
            "Filipino,Malay,Vietnamese": 0.23863636363636365,
            "Spanish,Chinese,Malay": 0.42613636363636365,
            "Spanish,Chinese,Vietnamese": 0.3465909090909091,
            "Spanish,Malay,Vietnamese": 0.3693181818181818,
            "Chinese,Malay,Vietnamese": 0.3693181818181818
        },
        "4_combine": {
            "Indonesian,English,Filipino,Spanish": 0.20454545454545456,
            "Indonesian,English,Filipino,Chinese": 0.1590909090909091,
            "Indonesian,English,Filipino,Malay": 0.21022727272727273,
            "Indonesian,English,Filipino,Vietnamese": 0.18181818181818182,
            "Indonesian,English,Spanish,Chinese": 0.3409090909090909,
            "Indonesian,English,Spanish,Malay": 0.36363636363636365,
            "Indonesian,English,Spanish,Vietnamese": 0.32954545454545453,
            "Indonesian,English,Chinese,Malay": 0.3465909090909091,
            "Indonesian,English,Chinese,Vietnamese": 0.3125,
            "Indonesian,English,Malay,Vietnamese": 0.3409090909090909,
            "Indonesian,Filipino,Spanish,Chinese": 0.19886363636363635,
            "Indonesian,Filipino,Spanish,Malay": 0.22727272727272727,
            "Indonesian,Filipino,Spanish,Vietnamese": 0.20454545454545456,
            "Indonesian,Filipino,Chinese,Malay": 0.1875,
            "Indonesian,Filipino,Chinese,Vietnamese": 0.1875,
            "Indonesian,Filipino,Malay,Vietnamese": 0.21022727272727273,
            "Indonesian,Spanish,Chinese,Malay": 0.3522727272727273,
            "Indonesian,Spanish,Chinese,Vietnamese": 0.3181818181818182,
            "Indonesian,Spanish,Malay,Vietnamese": 0.3409090909090909,
            "Indonesian,Chinese,Malay,Vietnamese": 0.3352272727272727,
            "English,Filipino,Spanish,Chinese": 0.19318181818181818,
            "English,Filipino,Spanish,Malay": 0.2159090909090909,
            "English,Filipino,Spanish,Vietnamese": 0.18181818181818182,
            "English,Filipino,Chinese,Malay": 0.18181818181818182,
            "English,Filipino,Chinese,Vietnamese": 0.17045454545454544,
            "English,Filipino,Malay,Vietnamese": 0.18181818181818182,
            "English,Spanish,Chinese,Malay": 0.3465909090909091,
            "English,Spanish,Chinese,Vietnamese": 0.2840909090909091,
            "English,Spanish,Malay,Vietnamese": 0.29545454545454547,
            "English,Chinese,Malay,Vietnamese": 0.3068181818181818,
            "Filipino,Spanish,Chinese,Malay": 0.21022727272727273,
            "Filipino,Spanish,Chinese,Vietnamese": 0.18181818181818182,
            "Filipino,Spanish,Malay,Vietnamese": 0.19318181818181818,
            "Filipino,Chinese,Malay,Vietnamese": 0.17613636363636365,
            "Spanish,Chinese,Malay,Vietnamese": 0.30113636363636365
        },
        "5_combine": {
            "Indonesian,English,Filipino,Spanish,Chinese": 0.14772727272727273,
            "Indonesian,English,Filipino,Spanish,Malay": 0.17613636363636365,
            "Indonesian,English,Filipino,Spanish,Vietnamese": 0.1590909090909091,
            "Indonesian,English,Filipino,Chinese,Malay": 0.14204545454545456,
            "Indonesian,English,Filipino,Chinese,Vietnamese": 0.13636363636363635,
            "Indonesian,English,Filipino,Malay,Vietnamese": 0.1590909090909091,
            "Indonesian,English,Spanish,Chinese,Malay": 0.29545454545454547,
            "Indonesian,English,Spanish,Chinese,Vietnamese": 0.26136363636363635,
            "Indonesian,English,Spanish,Malay,Vietnamese": 0.2727272727272727,
            "Indonesian,English,Chinese,Malay,Vietnamese": 0.2727272727272727,
            "Indonesian,Filipino,Spanish,Chinese,Malay": 0.17045454545454544,
            "Indonesian,Filipino,Spanish,Chinese,Vietnamese": 0.1590909090909091,
            "Indonesian,Filipino,Spanish,Malay,Vietnamese": 0.17613636363636365,
            "Indonesian,Filipino,Chinese,Malay,Vietnamese": 0.1590909090909091,
            "Indonesian,Spanish,Chinese,Malay,Vietnamese": 0.2784090909090909,
            "English,Filipino,Spanish,Chinese,Malay": 0.16477272727272727,
            "English,Filipino,Spanish,Chinese,Vietnamese": 0.14204545454545456,
            "English,Filipino,Spanish,Malay,Vietnamese": 0.1534090909090909,
            "English,Filipino,Chinese,Malay,Vietnamese": 0.14204545454545456,