{
    "overall_acc": 0.44724025974025977,
    "language_acc": {
        "Indonesian": 0.42613636363636365,
        "English": 0.5056818181818182,
        "Filipino": 0.3409090909090909,
        "Spanish": 0.3977272727272727,
        "Chinese": 0.5738636363636364,
        "Malay": 0.4772727272727273,
        "Vietnamese": 0.4090909090909091
    },
    "consistency_score_2": 0.518939393939394,
    "consistency_score_3": 0.34480519480519484,
    "consistency_score_4": 0.2512987012987013,
    "consistency_score_5": 0.191017316017316,
    "consistency_score_6": 0.1477272727272727,
    "consistency_score_7": 0.11363636363636363,
    "detailed_consistency_score": {
        "2_combine": {
            "Indonesian,English": 0.5852272727272727,
            "Indonesian,Filipino": 0.38636363636363635,
            "Indonesian,Spanish": 0.6363636363636364,
            "Indonesian,Chinese": 0.5681818181818182,
            "Indonesian,Malay": 0.6761363636363636,
            "Indonesian,Vietnamese": 0.5965909090909091,
            "English,Filipino": 0.375,
            "English,Spanish": 0.5113636363636364,
            "English,Chinese": 0.6079545454545454,
            "English,Malay": 0.5568181818181818,
            "English,Vietnamese": 0.5284090909090909,
            "Filipino,Spanish": 0.4318181818181818,
            "Filipino,Chinese": 0.3522727272727273,
            "Filipino,Malay": 0.42045454545454547,
            "Filipino,Vietnamese": 0.3465909090909091,
            "Spanish,Chinese": 0.4659090909090909,
            "Spanish,Malay": 0.6193181818181818,
            "Spanish,Vietnamese": 0.5227272727272727,
            "Chinese,Malay": 0.5852272727272727,
            "Chinese,Vietnamese": 0.5454545454545454,
            "Malay,Vietnamese": 0.5795454545454546
        },
        "3_combine": {
            "Indonesian,English,Filipino": 0.26704545454545453,
            "Indonesian,English,Spanish": 0.42045454545454547,
            "Indonesian,English,Chinese": 0.4431818181818182,
            "Indonesian,English,Malay": 0.44886363636363635,
            "Indonesian,English,Vietnamese": 0.4090909090909091,
            "Indonesian,Filipino,Spanish": 0.30113636363636365,
            "Indonesian,Filipino,Chinese": 0.23295454545454544,
            "Indonesian,Filipino,Malay": 0.29545454545454547,
            "Indonesian,Filipino,Vietnamese": 0.25,
            "Indonesian,Spanish,Chinese": 0.38636363636363635,
            "Indonesian,Spanish,Malay": 0.5113636363636364,
            "Indonesian,Spanish,Vietnamese": 0.4147727272727273,
            "Indonesian,Chinese,Malay": 0.44886363636363635,
            "Indonesian,Chinese,Vietnamese": 0.4090909090909091,
            "Indonesian,Malay,Vietnamese": 0.48295454545454547,
            "English,Filipino,Spanish": 0.25,
            "English,Filipino,Chinese": 0.26136363636363635,
            "English,Filipino,Malay": 0.2784090909090909,
            "English,Filipino,Vietnamese": 0.22727272727272727,
            "English,Spanish,Chinese": 0.35795454545454547,
            "English,Spanish,Malay": 0.38636363636363635,
            "English,Spanish,Vietnamese": 0.3522727272727273,
            "English,Chinese,Malay": 0.4318181818181818,
            "English,Chinese,Vietnamese": 0.3977272727272727,
            "English,Malay,Vietnamese": 0.38636363636363635,
            "Filipino,Spanish,Chinese": 0.2159090909090909,
            "Filipino,Spanish,Malay": 0.3068181818181818,
            "Filipino,Spanish,Vietnamese": 0.24431818181818182,
            "Filipino,Chinese,Malay": 0.25,
            "Filipino,Chinese,Vietnamese": 0.2215909090909091,
            "Filipino,Malay,Vietnamese": 0.25,
            "Spanish,Chinese,Malay": 0.3806818181818182,
            "Spanish,Chinese,Vietnamese": 0.32386363636363635,
            "Spanish,Malay,Vietnamese": 0.4147727272727273,
            "Chinese,Malay,Vietnamese": 0.4090909090909091
        },
        "4_combine": {
            "Indonesian,English,Filipino,Spanish": 0.2159090909090909,
            "Indonesian,English,Filipino,Chinese": 0.19886363636363635,
            "Indonesian,English,Filipino,Malay": 0.23295454545454544,
            "Indonesian,English,Filipino,Vietnamese": 0.19886363636363635,
            "Indonesian,English,Spanish,Chinese": 0.32954545454545453,
            "Indonesian,English,Spanish,Malay": 0.36363636363636365,
            "Indonesian,English,Spanish,Vietnamese": 0.3125,
            "Indonesian,English,Chinese,Malay": 0.36363636363636365,
            "Indonesian,English,Chinese,Vietnamese": 0.3352272727272727,
            "Indonesian,English,Malay,Vietnamese": 0.3409090909090909,
            "Indonesian,Filipino,Spanish,Chinese": 0.18181818181818182,
            "Indonesian,Filipino,Spanish,Malay": 0.25,
            "Indonesian,Filipino,Spanish,Vietnamese": 0.19886363636363635,
            "Indonesian,Filipino,Chinese,Malay": 0.19318181818181818,
            "Indonesian,Filipino,Chinese,Vietnamese": 0.17613636363636365,
            "Indonesian,Filipino,Malay,Vietnamese": 0.2215909090909091,
            "Indonesian,Spanish,Chinese,Malay": 0.3352272727272727,
            "Indonesian,Spanish,Chinese,Vietnamese": 0.2840909090909091,
            "Indonesian,Spanish,Malay,Vietnamese": 0.3806818181818182,
            "Indonesian,Chinese,Malay,Vietnamese": 0.3409090909090909,
            "English,Filipino,Spanish,Chinese": 0.17045454545454544,
            "English,Filipino,Spanish,Malay": 0.21022727272727273,
            "English,Filipino,Spanish,Vietnamese": 0.17613636363636365,
            "English,Filipino,Chinese,Malay": 0.21022727272727273,
            "English,Filipino,Chinese,Vietnamese": 0.17045454545454544,
            "English,Filipino,Malay,Vietnamese": 0.1875,
            "English,Spanish,Chinese,Malay": 0.3125,
            "English,Spanish,Chinese,Vietnamese": 0.2727272727272727,
            "English,Spanish,Malay,Vietnamese": 0.29545454545454547,
            "English,Chinese,Malay,Vietnamese": 0.3181818181818182,
            "Filipino,Spanish,Chinese,Malay": 0.1875,
            "Filipino,Spanish,Chinese,Vietnamese": 0.1590909090909091,
            "Filipino,Spanish,Malay,Vietnamese": 0.20454545454545456,
            "Filipino,Chinese,Malay,Vietnamese": 0.17613636363636365,
            "Spanish,Chinese,Malay,Vietnamese": 0.2897727272727273
        },
        "5_combine": {
            "Indonesian,English,Filipino,Spanish,Chinese": 0.1590909090909091,
            "Indonesian,English,Filipino,Spanish,Malay": 0.19318181818181818,
            "Indonesian,English,Filipino,Spanish,Vietnamese": 0.1590909090909091,
            "Indonesian,English,Filipino,Chinese,Malay": 0.17613636363636365,
            "Indonesian,English,Filipino,Chinese,Vietnamese": 0.1590909090909091,
            "Indonesian,English,Filipino,Malay,Vietnamese": 0.17613636363636365,
            "Indonesian,English,Spanish,Chinese,Malay": 0.29545454545454547,
            "Indonesian,English,Spanish,Chinese,Vietnamese": 0.2556818181818182,
            "Indonesian,English,Spanish,Malay,Vietnamese": 0.2840909090909091,
            "Indonesian,English,Chinese,Malay,Vietnamese": 0.2784090909090909,
            "Indonesian,Filipino,Spanish,Chinese,Malay": 0.16477272727272727,
            "Indonesian,Filipino,Spanish,Chinese,Vietnamese": 0.13636363636363635,
            "Indonesian,Filipino,Spanish,Malay,Vietnamese": 0.1875,
            "Indonesian,Filipino,Chinese,Malay,Vietnamese": 0.14772727272727273,
            "Indonesian,Spanish,Chinese,Malay,Vietnamese": 0.26136363636363635,
            "English,Filipino,Spanish,Chinese,Malay": 0.1590909090909091,
            "English,Filipino,Spanish,Chinese,Vietnamese": 0.13068181818181818,
            "English,Filipino,Spanish,Malay,Vietnamese": 0.1534090909090909,
            "English,Filipino,Chinese,Malay,Vietnamese": 0.14772727272727273,
            "English,Spanish,Chinese,Malay,Vietnamese": 0.24431818181818182,