{
    "overall_acc": 0.9689075630252101,
    "language_acc": {
        "Spanish": 0.9722689075630252,
        "English": 0.9756302521008403,
        "Chinese": 0.9554621848739496,
        "Vietnamese": 0.9722689075630252
    },
    "consistency_score_2": 0.965546218487395,
    "consistency_score_3": 0.9493697478991596,
    "consistency_score_4": 0.9369747899159664,
    "detailed_consistency_score": {
        "2_combine": {
            "Spanish,English": 0.9815126050420168,
            "Spanish,Chinese": 0.9537815126050421,
            "Spanish,Vietnamese": 0.973109243697479,
            "English,Chinese": 0.9554621848739496,
            "English,Vietnamese": 0.9739495798319328,
            "Chinese,Vietnamese": 0.9554621848739496
        },
        "3_combine": {
            "Spanish,English,Chinese": 0.946218487394958,
            "Spanish,English,Vietnamese": 0.965546218487395,
            "Spanish,Chinese,Vietnamese": 0.9420168067226891,
            "English,Chinese,Vietnamese": 0.9436974789915966
        },
        "4_combine": {
            "Spanish,English,Chinese,Vietnamese": 0.9369747899159664
        }
    },
    "AC3_2": 0.9672239703374601,
    "AC3_3": 0.9590391582702165,
    "AC3_4": 0.9526736620074296
}