{
    "rouge1": 0.1442079228929008,
    "rouge2": 0.04649327722189907,
    "rougeL": 0.11109790506934418,
    "avg_rouge": 0.10059970172804801
}