{
    "rouge1": 0.1378482418551559,
    "rouge2": 0.04570600196741324,
    "rougeL": 0.10789638063677803,
    "avg_rouge": 0.09715020815311572
}