{
    "rouge1": 0.16197581762091354,
    "rouge2": 0.051621800009737595,
    "rougeL": 0.1226278414407338,
    "avg_rouge": 0.11207515302379496
}