{
    "accuracy": 0.41875323778276635,
    "category_acc": {
        "agronomy": 0.33136094674556216,
        "anatomy": 0.24324324324324326,
        "ancient_chinese": 0.2804878048780488,
        "arts": 0.4125,
        "astronomy": 0.296969696969697,
        "business_ethics": 0.47368421052631576,
        "chinese_civil_service_exam": 0.35625,
        "chinese_driving_rule": 0.6259541984732825,
        "chinese_food_culture": 0.3235294117647059,
        "chinese_foreign_policy": 0.4953271028037383,
        "chinese_history": 0.43962848297213625,
        "chinese_literature": 0.30392156862745096,
        "chinese_teacher_qualification": 0.5083798882681564,
        "clinical_knowledge": 0.35864978902953587,
        "college_actuarial_science": 0.24528301886792453,
        "college_education": 0.5420560747663551,
        "college_engineering_hydrology": 0.4811320754716981,
        "college_law": 0.35185185185185186,
        "college_mathematics": 0.26666666666666666,
        "college_medical_statistics": 0.41509433962264153,
        "college_medicine": 0.3772893772893773,
        "computer_science": 0.47058823529411764,
        "computer_security": 0.5029239766081871,
        "conceptual_physics": 0.4421768707482993,
        "construction_project_management": 0.381294964028777,
        "economics": 0.48427672955974843,
        "education": 0.44785276073619634,
        "electrical_engineering": 0.4127906976744186,
        "elementary_chinese": 0.30158730158730157,
        "elementary_commonsense": 0.40404040404040403,
        "elementary_information_and_technology": 0.6596638655462185,
        "elementary_mathematics": 0.3347826086956522,
        "ethnology": 0.5037037037037037,
        "food_science": 0.45454545454545453,
        "genetics": 0.35795454545454547,
        "global_facts": 0.44966442953020136,
        "high_school_biology": 0.35502958579881655,
        "high_school_chemistry": 0.25,
        "high_school_geography": 0.4152542372881356,
        "high_school_mathematics": 0.23780487804878048,
        "high_school_physics": 0.32727272727272727,
        "high_school_politics": 0.4195804195804196,
        "human_sexuality": 0.4444444444444444,
        "international_law": 0.3837837837837838,
        "journalism": 0.5058139534883721,
        "jurisprudence": 0.48905109489051096,
        "legal_and_moral_basis": 0.7616822429906542,
        "logical": 0.3902439024390244,
        "machine_learning": 0.36885245901639346,
        "management": 0.5190476190476191,
        "marketing": 0.5388888888888889,
        "marxist_theory": 0.48148148148148145,
        "modern_chinese": 0.3793103448275862,
        "nutrition": 0.36551724137931035,
        "philosophy": 0.47619047619047616,
        "professional_accounting": 0.44,
        "professional_law": 0.35071090047393366,
        "professional_medicine": 0.3058510638297872,
        "professional_psychology": 0.4698275862068966,
        "public_relations": 0.5574712643678161,
        "security_study": 0.4666666666666667,
        "sociology": 0.48672566371681414,
        "sports_science": 0.41818181818181815,
        "traditional_chinese_medicine": 0.31351351351351353,
        "virology": 0.40828402366863903,
        "world_history": 0.391304347826087,
        "world_religions": 0.4
    }
}