{
    "accuracy": 0.40986012778449316,
    "category_acc": {
        "agronomy": 0.33136094674556216,
        "anatomy": 0.22297297297297297,
        "ancient_chinese": 0.24390243902439024,
        "arts": 0.4,
        "astronomy": 0.3090909090909091,
        "business_ethics": 0.45933014354066987,
        "chinese_civil_service_exam": 0.36875,
        "chinese_driving_rule": 0.6106870229007634,
        "chinese_food_culture": 0.3014705882352941,
        "chinese_foreign_policy": 0.45794392523364486,
        "chinese_history": 0.4117647058823529,
        "chinese_literature": 0.30392156862745096,
        "chinese_teacher_qualification": 0.5139664804469274,
        "clinical_knowledge": 0.350210970464135,
        "college_actuarial_science": 0.24528301886792453,
        "college_education": 0.514018691588785,
        "college_engineering_hydrology": 0.44339622641509435,
        "college_law": 0.39814814814814814,
        "college_mathematics": 0.3333333333333333,
        "college_medical_statistics": 0.39622641509433965,
        "college_medicine": 0.31868131868131866,
        "computer_science": 0.49019607843137253,
        "computer_security": 0.5087719298245614,
        "conceptual_physics": 0.41496598639455784,
        "construction_project_management": 0.381294964028777,
        "economics": 0.48427672955974843,
        "education": 0.48466257668711654,
        "electrical_engineering": 0.4127906976744186,
        "elementary_chinese": 0.2857142857142857,
        "elementary_commonsense": 0.37373737373737376,
        "elementary_information_and_technology": 0.6386554621848739,
        "elementary_mathematics": 0.2782608695652174,
        "ethnology": 0.4888888888888889,
        "food_science": 0.44755244755244755,
        "genetics": 0.3465909090909091,
        "global_facts": 0.4228187919463087,
        "high_school_biology": 0.33727810650887574,
        "high_school_chemistry": 0.3409090909090909,
        "high_school_geography": 0.3898305084745763,
        "high_school_mathematics": 0.23170731707317074,
        "high_school_physics": 0.3181818181818182,
        "high_school_politics": 0.45454545454545453,
        "human_sexuality": 0.42857142857142855,
        "international_law": 0.3621621621621622,
        "journalism": 0.47674418604651164,
        "jurisprudence": 0.44768856447688565,
        "legal_and_moral_basis": 0.7523364485981309,
        "logical": 0.37398373983739835,
        "machine_learning": 0.3524590163934426,
        "management": 0.5142857142857142,
        "marketing": 0.55,
        "marxist_theory": 0.48148148148148145,
        "modern_chinese": 0.3879310344827586,
        "nutrition": 0.43448275862068964,
        "philosophy": 0.44761904761904764,
        "professional_accounting": 0.41714285714285715,
        "professional_law": 0.35071090047393366,
        "professional_medicine": 0.2872340425531915,
        "professional_psychology": 0.47844827586206895,
        "public_relations": 0.5344827586206896,
        "security_study": 0.45925925925925926,
        "sociology": 0.49557522123893805,
        "sports_science": 0.41818181818181815,
        "traditional_chinese_medicine": 0.31351351351351353,
        "virology": 0.40236686390532544,
        "world_history": 0.37888198757763975,
        "world_religions": 0.4
    }
}