{
    "accuracy": 0.41504058021067175,
    "category_acc": {
        "agronomy": 0.34911242603550297,
        "anatomy": 0.22297297297297297,
        "ancient_chinese": 0.25609756097560976,
        "arts": 0.43125,
        "astronomy": 0.3090909090909091,
        "business_ethics": 0.46411483253588515,
        "chinese_civil_service_exam": 0.3375,
        "chinese_driving_rule": 0.6183206106870229,
        "chinese_food_culture": 0.3161764705882353,
        "chinese_foreign_policy": 0.48598130841121495,
        "chinese_history": 0.43653250773993807,
        "chinese_literature": 0.3088235294117647,
        "chinese_teacher_qualification": 0.4860335195530726,
        "clinical_knowledge": 0.34177215189873417,
        "college_actuarial_science": 0.2830188679245283,
        "college_education": 0.4766355140186916,
        "college_engineering_hydrology": 0.4528301886792453,
        "college_law": 0.3888888888888889,
        "college_mathematics": 0.2761904761904762,
        "college_medical_statistics": 0.36792452830188677,
        "college_medicine": 0.38095238095238093,
        "computer_science": 0.47058823529411764,
        "computer_security": 0.5263157894736842,
        "conceptual_physics": 0.4421768707482993,
        "construction_project_management": 0.3669064748201439,
        "economics": 0.4968553459119497,
        "education": 0.44785276073619634,
        "electrical_engineering": 0.42441860465116277,
        "elementary_chinese": 0.30158730158730157,
        "elementary_commonsense": 0.37373737373737376,
        "elementary_information_and_technology": 0.6176470588235294,
        "elementary_mathematics": 0.30434782608695654,
        "ethnology": 0.4888888888888889,
        "food_science": 0.45454545454545453,
        "genetics": 0.3409090909090909,
        "global_facts": 0.4563758389261745,
        "high_school_biology": 0.34911242603550297,
        "high_school_chemistry": 0.32575757575757575,
        "high_school_geography": 0.4152542372881356,
        "high_school_mathematics": 0.2621951219512195,
        "high_school_physics": 0.3090909090909091,
        "high_school_politics": 0.4195804195804196,
        "human_sexuality": 0.4365079365079365,
        "international_law": 0.3783783783783784,
        "journalism": 0.47674418604651164,
        "jurisprudence": 0.49148418491484186,
        "legal_and_moral_basis": 0.7757009345794392,
        "logical": 0.37398373983739835,
        "machine_learning": 0.3114754098360656,
        "management": 0.5190476190476191,
        "marketing": 0.5666666666666667,
        "marxist_theory": 0.48148148148148145,
        "modern_chinese": 0.3620689655172414,
        "nutrition": 0.3793103448275862,
        "philosophy": 0.47619047619047616,
        "professional_accounting": 0.4342857142857143,
        "professional_law": 0.3459715639810427,
        "professional_medicine": 0.28191489361702127,
        "professional_psychology": 0.4827586206896552,
        "public_relations": 0.5574712643678161,
        "security_study": 0.45925925925925926,
        "sociology": 0.504424778761062,
        "sports_science": 0.41818181818181815,
        "traditional_chinese_medicine": 0.3027027027027027,
        "virology": 0.39644970414201186,
        "world_history": 0.391304347826087,
        "world_religions": 0.41875
    }
}