{
    "overall_acc": 0.7590476190476191,
    "language_acc": {
        "Filipino": 0.7066666666666667,
        "Vietnamese": 0.7533333333333333,
        "Chinese": 0.7666666666666667,
        "Spanish": 0.76,
        "Malay": 0.7533333333333333,
        "Indonesian": 0.76,
        "English": 0.8133333333333334
    },
    "consistency_score_2": 0.7530158730158728,
    "consistency_score_3": 0.6451428571428571,
    "consistency_score_4": 0.5758095238095239,
    "consistency_score_5": 0.5244444444444445,
    "consistency_score_6": 0.4847619047619048,
    "consistency_score_7": 0.4533333333333333,
    "detailed_consistency_score": {
        "2_combine": {
            "Filipino,Vietnamese": 0.68,
            "Filipino,Chinese": 0.6866666666666666,
            "Filipino,Spanish": 0.7866666666666666,
            "Filipino,Malay": 0.7,
            "Filipino,Indonesian": 0.6866666666666666,
            "Filipino,English": 0.76,
            "Vietnamese,Chinese": 0.7733333333333333,
            "Vietnamese,Spanish": 0.78,
            "Vietnamese,Malay": 0.7466666666666667,
            "Vietnamese,Indonesian": 0.7533333333333333,
            "Vietnamese,English": 0.78,
            "Chinese,Spanish": 0.7933333333333333,
            "Chinese,Malay": 0.7333333333333333,
            "Chinese,Indonesian": 0.7466666666666667,
            "Chinese,English": 0.7933333333333333,
            "Spanish,Malay": 0.7466666666666667,
            "Spanish,Indonesian": 0.74,
            "Spanish,English": 0.78,
            "Malay,Indonesian": 0.78,
            "Malay,English": 0.76,
            "Indonesian,English": 0.8066666666666666
        },
        "3_combine": {
            "Filipino,Vietnamese,Chinese": 0.5866666666666667,
            "Filipino,Vietnamese,Spanish": 0.64,
            "Filipino,Vietnamese,Malay": 0.58,
            "Filipino,Vietnamese,Indonesian": 0.5733333333333334,
            "Filipino,Vietnamese,English": 0.6266666666666667,
            "Filipino,Chinese,Spanish": 0.66,
            "Filipino,Chinese,Malay": 0.58,
            "Filipino,Chinese,Indonesian": 0.58,
            "Filipino,Chinese,English": 0.64,
            "Filipino,Spanish,Malay": 0.64,
            "Filipino,Spanish,Indonesian": 0.62,
            "Filipino,Spanish,English": 0.68,
            "Filipino,Malay,Indonesian": 0.5933333333333334,
            "Filipino,Malay,English": 0.6333333333333333,
            "Filipino,Indonesian,English": 0.6466666666666666,
            "Vietnamese,Chinese,Spanish": 0.68,
            "Vietnamese,Chinese,Malay": 0.6333333333333333,
            "Vietnamese,Chinese,Indonesian": 0.6466666666666666,
            "Vietnamese,Chinese,English": 0.68,
            "Vietnamese,Spanish,Malay": 0.64,
            "Vietnamese,Spanish,Indonesian": 0.6533333333333333,
            "Vietnamese,Spanish,English": 0.6866666666666666,
            "Vietnamese,Malay,Indonesian": 0.66,
            "Vietnamese,Malay,English": 0.66,
            "Vietnamese,Indonesian,English": 0.6933333333333334,
            "Chinese,Spanish,Malay": 0.6466666666666666,
            "Chinese,Spanish,Indonesian": 0.6533333333333333,
            "Chinese,Spanish,English": 0.6933333333333334,
            "Chinese,Malay,Indonesian": 0.6533333333333333,
            "Chinese,Malay,English": 0.66,
            "Chinese,Indonesian,English": 0.6866666666666666,
            "Spanish,Malay,Indonesian": 0.6466666666666666,
            "Spanish,Malay,English": 0.66,
            "Spanish,Indonesian,English": 0.6733333333333333,
            "Malay,Indonesian,English": 0.6933333333333334
        },
        "4_combine": {
            "Filipino,Vietnamese,Chinese,Spanish": 0.5733333333333334,
            "Filipino,Vietnamese,Chinese,Malay": 0.5066666666666667,
            "Filipino,Vietnamese,Chinese,Indonesian": 0.5066666666666667,
            "Filipino,Vietnamese,Chinese,English": 0.5533333333333333,
            "Filipino,Vietnamese,Spanish,Malay": 0.56,
            "Filipino,Vietnamese,Spanish,Indonesian": 0.5466666666666666,
            "Filipino,Vietnamese,Spanish,English": 0.5933333333333334,
            "Filipino,Vietnamese,Malay,Indonesian": 0.52,
            "Filipino,Vietnamese,Malay,English": 0.5533333333333333,
            "Filipino,Vietnamese,Indonesian,English": 0.56,
            "Filipino,Chinese,Spanish,Malay": 0.56,
            "Filipino,Chinese,Spanish,Indonesian": 0.56,
            "Filipino,Chinese,Spanish,English": 0.6133333333333333,
            "Filipino,Chinese,Malay,Indonesian": 0.5266666666666666,
            "Filipino,Chinese,Malay,English": 0.56,
            "Filipino,Chinese,Indonesian,English": 0.5666666666666667,
            "Filipino,Spanish,Malay,Indonesian": 0.56,
            "Filipino,Spanish,Malay,English": 0.6,
            "Filipino,Spanish,Indonesian,English": 0.5933333333333334,
            "Filipino,Malay,Indonesian,English": 0.58,
            "Vietnamese,Chinese,Spanish,Malay": 0.58,
            "Vietnamese,Chinese,Spanish,Indonesian": 0.5933333333333334,
            "Vietnamese,Chinese,Spanish,English": 0.62,
            "Vietnamese,Chinese,Malay,Indonesian": 0.5733333333333334,
            "Vietnamese,Chinese,Malay,English": 0.5866666666666667,
            "Vietnamese,Chinese,Indonesian,English": 0.6066666666666667,
            "Vietnamese,Spanish,Malay,Indonesian": 0.58,
            "Vietnamese,Spanish,Malay,English": 0.5866666666666667,
            "Vietnamese,Spanish,Indonesian,English": 0.6133333333333333,
            "Vietnamese,Malay,Indonesian,English": 0.6133333333333333,
            "Chinese,Spanish,Malay,Indonesian": 0.5866666666666667,
            "Chinese,Spanish,Malay,English": 0.5933333333333334,
            "Chinese,Spanish,Indonesian,English": 0.6133333333333333,
            "Chinese,Malay,Indonesian,English": 0.6133333333333333,
            "Spanish,Malay,Indonesian,English": 0.6
        },
        "5_combine": {
            "Filipino,Vietnamese,Chinese,Spanish,Malay": 0.5,
            "Filipino,Vietnamese,Chinese,Spanish,Indonesian": 0.5,
            "Filipino,Vietnamese,Chinese,Spanish,English": 0.54,
            "Filipino,Vietnamese,Chinese,Malay,Indonesian": 0.46,
            "Filipino,Vietnamese,Chinese,Malay,English": 0.49333333333333335,
            "Filipino,Vietnamese,Chinese,Indonesian,English": 0.5,
            "Filipino,Vietnamese,Spanish,Malay,Indonesian": 0.5,
            "Filipino,Vietnamese,Spanish,Malay,English": 0.5333333333333333,
            "Filipino,Vietnamese,Spanish,Indonesian,English": 0.5333333333333333,
            "Filipino,Vietnamese,Malay,Indonesian,English": 0.5133333333333333,
            "Filipino,Chinese,Spanish,Malay,Indonesian": 0.5066666666666667,
            "Filipino,Chinese,Spanish,Malay,English": 0.54,
            "Filipino,Chinese,Spanish,Indonesian,English": 0.5466666666666666,
            "Filipino,Chinese,Malay,Indonesian,English": 0.52,
            "Filipino,Spanish,Malay,Indonesian,English": 0.5466666666666666,
            "Vietnamese,Chinese,Spanish,Malay,Indonesian": 0.5333333333333333,
            "Vietnamese,Chinese,Spanish,Malay,English": 0.54,
            "Vietnamese,Chinese,Spanish,Indonesian,English": 0.56,
            "Vietnamese,Chinese,Malay,Indonesian,English": 0.5466666666666666,
            "Vietnamese,Spanish,Malay,Indonesian,English": 0.5466666666666666,
            "Chinese,Spanish,Malay,Indonesian,English": 0.5533333333333333
        },
        "6_combine": {
            "Filipino,Vietnamese,Chinese,Spanish,Malay,Indonesian": 0.4533333333333333,
            "Filipino,Vietnamese,Chinese,Spanish,Malay,English": 0.4866666666666667,
            "Filipino,Vietnamese,Chinese,Spanish,Indonesian,English": 0.49333333333333335,
            "Filipino,Vietnamese,Chinese,Malay,Indonesian,English": 0.46,
            "Filipino,Vietnamese,Spanish,Malay,Indonesian,English": 0.49333333333333335,
            "Filipino,Chinese,Spanish,Malay,Indonesian,English": 0.5,