{
    "overall_acc": 0.9121848739495798,
    "language_acc": {
        "Spanish": 0.9193277310924369,
        "English": 0.9411764705882353,
        "Chinese": 0.8915966386554622,
        "Vietnamese": 0.8966386554621849
    },
    "consistency_score_2": 0.888795518207283,
    "consistency_score_3": 0.8378151260504202,
    "consistency_score_4": 0.8033613445378152,
    "detailed_consistency_score": {
        "2_combine": {
            "Spanish,English": 0.9210084033613445,
            "Spanish,Chinese": 0.8672268907563025,
            "Spanish,Vietnamese": 0.8915966386554622,
            "English,Chinese": 0.888235294117647,
            "English,Vietnamese": 0.8983193277310925,
            "Chinese,Vietnamese": 0.8663865546218488
        },
        "3_combine": {
            "Spanish,English,Chinese": 0.8428571428571429,
            "Spanish,English,Vietnamese": 0.8596638655462185,
            "Spanish,Chinese,Vietnamese": 0.8184873949579832,
            "English,Chinese,Vietnamese": 0.8302521008403362
        },
        "4_combine": {
            "Spanish,English,Chinese,Vietnamese": 0.8033613445378152
        }
    },
    "AC3_2": 0.9003383170950483,
    "AC3_3": 0.8734197544064948,
    "AC3_4": 0.8543215669311448
}