{
    "overall_acc": 0.9115546218487395,
    "language_acc": {
        "Spanish": 0.9210084033613445,
        "English": 0.9403361344537815,
        "Chinese": 0.8932773109243698,
        "Vietnamese": 0.8915966386554622
    },
    "consistency_score_2": 0.8893557422969188,
    "consistency_score_3": 0.8384453781512605,
    "consistency_score_4": 0.8033613445378152,
    "detailed_consistency_score": {
        "2_combine": {
            "Spanish,English": 0.9193277310924369,
            "Spanish,Chinese": 0.8680672268907563,
            "Spanish,Vietnamese": 0.8941176470588236,
            "English,Chinese": 0.8907563025210085,
            "English,Vietnamese": 0.8957983193277311,
            "Chinese,Vietnamese": 0.8680672268907563
        },
        "3_combine": {
            "Spanish,English,Chinese": 0.8436974789915966,
            "Spanish,English,Vietnamese": 0.8579831932773109,
            "Spanish,Chinese,Vietnamese": 0.8210084033613445,
            "English,Chinese,Vietnamese": 0.83109243697479
        },
        "4_combine": {
            "Spanish,English,Chinese,Vietnamese": 0.8033613445378152
        }
    },
    "AC3_2": 0.9003183650376143,
    "AC3_3": 0.8734728680889394,
    "AC3_4": 0.8540450505319899
}