{
    "overall_acc": 0.9123949579831933,
    "language_acc": {
        "Spanish": 0.9210084033613445,
        "English": 0.9394957983193277,
        "Chinese": 0.8932773109243698,
        "Vietnamese": 0.8957983193277311
    },
    "consistency_score_2": 0.8893557422969188,
    "consistency_score_3": 0.8380252100840336,
    "consistency_score_4": 0.8016806722689076,
    "detailed_consistency_score": {
        "2_combine": {
            "Spanish,English": 0.9201680672268907,
            "Spanish,Chinese": 0.8680672268907563,
            "Spanish,Vietnamese": 0.892436974789916,
            "English,Chinese": 0.888235294117647,
            "English,Vietnamese": 0.8983193277310925,
            "Chinese,Vietnamese": 0.8689075630252101
        },
        "3_combine": {
            "Spanish,English,Chinese": 0.8420168067226891,
            "Spanish,English,Vietnamese": 0.8596638655462185,
            "Spanish,Chinese,Vietnamese": 0.819327731092437,
            "English,Chinese,Vietnamese": 0.83109243697479
        },
        "4_combine": {
            "Spanish,English,Chinese,Vietnamese": 0.8016806722689076
        }
    },
    "AC3_2": 0.9007280473973676,
    "AC3_3": 0.8736302177597297,
    "AC3_4": 0.8534622280820545
}