{
    "overall_acc": 0.9086134453781513,
    "language_acc": {
        "Spanish": 0.915126050420168,
        "English": 0.934453781512605,
        "Chinese": 0.892436974789916,
        "Vietnamese": 0.892436974789916
    },
    "consistency_score_2": 0.8869747899159665,
    "consistency_score_3": 0.8359243697478992,
    "consistency_score_4": 0.8008403361344538,
    "detailed_consistency_score": {
        "2_combine": {
            "Spanish,English": 0.915126050420168,
            "Spanish,Chinese": 0.8705882352941177,
            "Spanish,Vietnamese": 0.8831932773109243,
            "English,Chinese": 0.8890756302521008,
            "English,Vietnamese": 0.8974789915966387,
            "Chinese,Vietnamese": 0.8663865546218488
        },
        "3_combine": {
            "Spanish,English,Chinese": 0.8420168067226891,
            "Spanish,English,Vietnamese": 0.8521008403361344,
            "Spanish,Chinese,Vietnamese": 0.8176470588235294,
            "English,Chinese,Vietnamese": 0.8319327731092437
        },
        "4_combine": {
            "Spanish,English,Chinese,Vietnamese": 0.8008403361344538
        }
    },
    "AC3_2": 0.8976637337481949,
    "AC3_3": 0.8707545517708151,
    "AC3_4": 0.8513295940958329
}