{
    "overall_acc": 0.8684873949579832,
    "language_acc": {
        "Spanish": 0.8680672268907563,
        "English": 0.9168067226890756,
        "Chinese": 0.846218487394958,
        "Vietnamese": 0.8428571428571429
    },
    "consistency_score_2": 0.8084033613445377,
    "consistency_score_3": 0.7252100840336135,
    "consistency_score_4": 0.6638655462184874,
    "detailed_consistency_score": {
        "2_combine": {
            "Spanish,English": 0.8453781512605042,
            "Spanish,Chinese": 0.788235294117647,
            "Spanish,Vietnamese": 0.7907563025210084,
            "English,Chinese": 0.826890756302521,
            "English,Vietnamese": 0.8226890756302521,
            "Chinese,Vietnamese": 0.7764705882352941
        },
        "3_combine": {
            "Spanish,English,Chinese": 0.7420168067226891,
            "Spanish,English,Vietnamese": 0.7403361344537815,
            "Spanish,Chinese,Vietnamese": 0.6932773109243697,
            "English,Chinese,Vietnamese": 0.7252100840336134
        },
        "4_combine": {
            "Spanish,English,Chinese,Vietnamese": 0.6638655462184874
        }
    },
    "AC3_2": 0.8373689540463608,
    "AC3_3": 0.7904082486704036,
    "AC3_4": 0.7525144414280582
}