{
    "accuracy": 0.4110689000172682,
    "category_acc": {
        "agronomy": 0.3905325443786982,
        "anatomy": 0.30405405405405406,
        "ancient_chinese": 0.25,
        "arts": 0.45,
        "astronomy": 0.2,
        "business_ethics": 0.47368421052631576,
        "chinese_civil_service_exam": 0.41875,
        "chinese_driving_rule": 0.6564885496183206,
        "chinese_food_culture": 0.3602941176470588,
        "chinese_foreign_policy": 0.4672897196261682,
        "chinese_history": 0.47987616099071206,
        "chinese_literature": 0.3088235294117647,
        "chinese_teacher_qualification": 0.4972067039106145,
        "clinical_knowledge": 0.31223628691983124,
        "college_actuarial_science": 0.27358490566037735,
        "college_education": 0.5420560747663551,
        "college_engineering_hydrology": 0.3113207547169811,
        "college_law": 0.32407407407407407,
        "college_mathematics": 0.2571428571428571,
        "college_medical_statistics": 0.39622641509433965,
        "college_medicine": 0.31868131868131866,
        "computer_science": 0.4411764705882353,
        "computer_security": 0.42105263157894735,
        "conceptual_physics": 0.3401360544217687,
        "construction_project_management": 0.3381294964028777,
        "economics": 0.48427672955974843,
        "education": 0.48466257668711654,
        "electrical_engineering": 0.38953488372093026,
        "elementary_chinese": 0.30158730158730157,
        "elementary_commonsense": 0.3939393939393939,
        "elementary_information_and_technology": 0.6008403361344538,
        "elementary_mathematics": 0.3130434782608696,
        "ethnology": 0.4,
        "food_science": 0.4755244755244755,
        "genetics": 0.2556818181818182,
        "global_facts": 0.33557046979865773,
        "high_school_biology": 0.3136094674556213,
        "high_school_chemistry": 0.3484848484848485,
        "high_school_geography": 0.4067796610169492,
        "high_school_mathematics": 0.23780487804878048,
        "high_school_physics": 0.33636363636363636,
        "high_school_politics": 0.3986013986013986,
        "human_sexuality": 0.4603174603174603,
        "international_law": 0.42162162162162165,
        "journalism": 0.5174418604651163,
        "jurisprudence": 0.48905109489051096,
        "legal_and_moral_basis": 0.7663551401869159,
        "logical": 0.3821138211382114,
        "machine_learning": 0.36885245901639346,
        "management": 0.49047619047619045,
        "marketing": 0.5388888888888889,
        "marxist_theory": 0.5291005291005291,
        "modern_chinese": 0.3017241379310345,
        "nutrition": 0.46206896551724136,
        "philosophy": 0.4,
        "professional_accounting": 0.44571428571428573,
        "professional_law": 0.3412322274881517,
        "professional_medicine": 0.30319148936170215,
        "professional_psychology": 0.5086206896551724,
        "public_relations": 0.5,
        "security_study": 0.5185185185185185,
        "sociology": 0.4336283185840708,
        "sports_science": 0.509090909090909,
        "traditional_chinese_medicine": 0.31351351351351353,
        "virology": 0.41420118343195267,
        "world_history": 0.4409937888198758,
        "world_religions": 0.41875
    }
}