{
    "accuracy": 0.41063719564841994,
    "category_acc": {
        "agronomy": 0.39644970414201186,
        "anatomy": 0.31756756756756754,
        "ancient_chinese": 0.24390243902439024,
        "arts": 0.45625,
        "astronomy": 0.21212121212121213,
        "business_ethics": 0.4688995215311005,
        "chinese_civil_service_exam": 0.425,
        "chinese_driving_rule": 0.648854961832061,
        "chinese_food_culture": 0.36764705882352944,
        "chinese_foreign_policy": 0.45794392523364486,
        "chinese_history": 0.47368421052631576,
        "chinese_literature": 0.30392156862745096,
        "chinese_teacher_qualification": 0.5195530726256983,
        "clinical_knowledge": 0.32489451476793246,
        "college_actuarial_science": 0.29245283018867924,
        "college_education": 0.5607476635514018,
        "college_engineering_hydrology": 0.330188679245283,
        "college_law": 0.3148148148148148,
        "college_mathematics": 0.2571428571428571,
        "college_medical_statistics": 0.3867924528301887,
        "college_medicine": 0.3076923076923077,
        "computer_science": 0.4362745098039216,
        "computer_security": 0.43859649122807015,
        "conceptual_physics": 0.32653061224489793,
        "construction_project_management": 0.3381294964028777,
        "economics": 0.46540880503144655,
        "education": 0.49693251533742333,
        "electrical_engineering": 0.38372093023255816,
        "elementary_chinese": 0.2976190476190476,
        "elementary_commonsense": 0.3838383838383838,
        "elementary_information_and_technology": 0.592436974789916,
        "elementary_mathematics": 0.29130434782608694,
        "ethnology": 0.4074074074074074,
        "food_science": 0.48951048951048953,
        "genetics": 0.26136363636363635,
        "global_facts": 0.33557046979865773,
        "high_school_biology": 0.3254437869822485,
        "high_school_chemistry": 0.32575757575757575,
        "high_school_geography": 0.3813559322033898,
        "high_school_mathematics": 0.21341463414634146,
        "high_school_physics": 0.34545454545454546,
        "high_school_politics": 0.3916083916083916,
        "human_sexuality": 0.4603174603174603,
        "international_law": 0.41621621621621624,
        "journalism": 0.5348837209302325,
        "jurisprudence": 0.4768856447688564,
        "legal_and_moral_basis": 0.7523364485981309,
        "logical": 0.3821138211382114,
        "machine_learning": 0.3442622950819672,
        "management": 0.4857142857142857,
        "marketing": 0.5388888888888889,
        "marxist_theory": 0.5343915343915344,
        "modern_chinese": 0.3017241379310345,
        "nutrition": 0.4482758620689655,
        "philosophy": 0.4095238095238095,
        "professional_accounting": 0.44,
        "professional_law": 0.36018957345971564,
        "professional_medicine": 0.30319148936170215,
        "professional_psychology": 0.5129310344827587,
        "public_relations": 0.5172413793103449,
        "security_study": 0.5407407407407407,
        "sociology": 0.43805309734513276,
        "sports_science": 0.49696969696969695,
        "traditional_chinese_medicine": 0.32432432432432434,
        "virology": 0.4319526627218935,
        "world_history": 0.4409937888198758,
        "world_religions": 0.40625
    }
}