{
    "accuracy": 0.41158694525988604,
    "category_acc": {
        "agronomy": 0.42011834319526625,
        "anatomy": 0.2972972972972973,
        "ancient_chinese": 0.2682926829268293,
        "arts": 0.43125,
        "astronomy": 0.20606060606060606,
        "business_ethics": 0.45933014354066987,
        "chinese_civil_service_exam": 0.41875,
        "chinese_driving_rule": 0.648854961832061,
        "chinese_food_culture": 0.39705882352941174,
        "chinese_foreign_policy": 0.4485981308411215,
        "chinese_history": 0.47058823529411764,
        "chinese_literature": 0.3235294117647059,
        "chinese_teacher_qualification": 0.5139664804469274,
        "clinical_knowledge": 0.3080168776371308,
        "college_actuarial_science": 0.29245283018867924,
        "college_education": 0.5607476635514018,
        "college_engineering_hydrology": 0.32075471698113206,
        "college_law": 0.3333333333333333,
        "college_mathematics": 0.22857142857142856,
        "college_medical_statistics": 0.3867924528301887,
        "college_medicine": 0.31135531135531136,
        "computer_science": 0.43137254901960786,
        "computer_security": 0.4327485380116959,
        "conceptual_physics": 0.3333333333333333,
        "construction_project_management": 0.35251798561151076,
        "economics": 0.46540880503144655,
        "education": 0.4723926380368098,
        "electrical_engineering": 0.37790697674418605,
        "elementary_chinese": 0.31746031746031744,
        "elementary_commonsense": 0.3686868686868687,
        "elementary_information_and_technology": 0.6176470588235294,
        "elementary_mathematics": 0.32608695652173914,
        "ethnology": 0.4222222222222222,
        "food_science": 0.46153846153846156,
        "genetics": 0.26704545454545453,
        "global_facts": 0.37583892617449666,
        "high_school_biology": 0.31952662721893493,
        "high_school_chemistry": 0.32575757575757575,
        "high_school_geography": 0.3898305084745763,
        "high_school_mathematics": 0.23170731707317074,
        "high_school_physics": 0.35454545454545455,
        "high_school_politics": 0.40559440559440557,
        "human_sexuality": 0.4444444444444444,
        "international_law": 0.41621621621621624,
        "journalism": 0.5523255813953488,
        "jurisprudence": 0.48418491484184917,
        "legal_and_moral_basis": 0.7523364485981309,
        "logical": 0.3821138211382114,
        "machine_learning": 0.3360655737704918,
        "management": 0.47619047619047616,
        "marketing": 0.5333333333333333,
        "marxist_theory": 0.5238095238095238,
        "modern_chinese": 0.31896551724137934,
        "nutrition": 0.4689655172413793,
        "philosophy": 0.3904761904761905,
        "professional_accounting": 0.44571428571428573,
        "professional_law": 0.33175355450236965,
        "professional_medicine": 0.30319148936170215,
        "professional_psychology": 0.5172413793103449,
        "public_relations": 0.5057471264367817,
        "security_study": 0.562962962962963,
        "sociology": 0.4557522123893805,
        "sports_science": 0.49696969696969695,
        "traditional_chinese_medicine": 0.3027027027027027,
        "virology": 0.4319526627218935,
        "world_history": 0.40993788819875776,
        "world_religions": 0.39375
    }
}