{
    "accuracy": 0.4134001036090485,
    "category_acc": {
        "agronomy": 0.40828402366863903,
        "anatomy": 0.32432432432432434,
        "ancient_chinese": 0.23170731707317074,
        "arts": 0.43125,
        "astronomy": 0.2,
        "business_ethics": 0.46411483253588515,
        "chinese_civil_service_exam": 0.425,
        "chinese_driving_rule": 0.6564885496183206,
        "chinese_food_culture": 0.36764705882352944,
        "chinese_foreign_policy": 0.45794392523364486,
        "chinese_history": 0.47678018575851394,
        "chinese_literature": 0.30392156862745096,
        "chinese_teacher_qualification": 0.5083798882681564,
        "clinical_knowledge": 0.3206751054852321,
        "college_actuarial_science": 0.27358490566037735,
        "college_education": 0.5700934579439252,
        "college_engineering_hydrology": 0.33962264150943394,
        "college_law": 0.32407407407407407,
        "college_mathematics": 0.22857142857142856,
        "college_medical_statistics": 0.4056603773584906,
        "college_medicine": 0.31868131868131866,
        "computer_science": 0.44607843137254904,
        "computer_security": 0.4444444444444444,
        "conceptual_physics": 0.3197278911564626,
        "construction_project_management": 0.381294964028777,
        "economics": 0.4716981132075472,
        "education": 0.4785276073619632,
        "electrical_engineering": 0.38953488372093026,
        "elementary_chinese": 0.3134920634920635,
        "elementary_commonsense": 0.398989898989899,
        "elementary_information_and_technology": 0.6050420168067226,
        "elementary_mathematics": 0.30434782608695654,
        "ethnology": 0.4074074074074074,
        "food_science": 0.46153846153846156,
        "genetics": 0.2840909090909091,
        "global_facts": 0.35570469798657717,
        "high_school_biology": 0.3076923076923077,
        "high_school_chemistry": 0.32575757575757575,
        "high_school_geography": 0.3813559322033898,
        "high_school_mathematics": 0.23780487804878048,
        "high_school_physics": 0.33636363636363636,
        "high_school_politics": 0.40559440559440557,
        "human_sexuality": 0.4444444444444444,
        "international_law": 0.43243243243243246,
        "journalism": 0.5232558139534884,
        "jurisprudence": 0.4768856447688564,
        "legal_and_moral_basis": 0.7850467289719626,
        "logical": 0.3983739837398374,
        "machine_learning": 0.36065573770491804,
        "management": 0.5,
        "marketing": 0.5444444444444444,
        "marxist_theory": 0.5238095238095238,
        "modern_chinese": 0.3103448275862069,
        "nutrition": 0.45517241379310347,
        "philosophy": 0.4095238095238095,
        "professional_accounting": 0.45714285714285713,
        "professional_law": 0.3459715639810427,
        "professional_medicine": 0.2898936170212766,
        "professional_psychology": 0.5129310344827587,
        "public_relations": 0.5114942528735632,
        "security_study": 0.5481481481481482,
        "sociology": 0.43805309734513276,
        "sports_science": 0.49696969696969695,
        "traditional_chinese_medicine": 0.32972972972972975,
        "virology": 0.4260355029585799,
        "world_history": 0.4409937888198758,
        "world_religions": 0.41875
    }
}