{
    "accuracy": 0.5395441201864963,
    "category_acc": {
        "agronomy": 0.5088757396449705,
        "anatomy": 0.44594594594594594,
        "ancient_chinese": 0.32926829268292684,
        "arts": 0.75,
        "astronomy": 0.3696969696969697,
        "business_ethics": 0.569377990430622,
        "chinese_civil_service_exam": 0.5375,
        "chinese_driving_rule": 0.7480916030534351,
        "chinese_food_culture": 0.5514705882352942,
        "chinese_foreign_policy": 0.5887850467289719,
        "chinese_history": 0.6501547987616099,
        "chinese_literature": 0.45098039215686275,
        "chinese_teacher_qualification": 0.7430167597765364,
        "clinical_knowledge": 0.4978902953586498,
        "college_actuarial_science": 0.36792452830188677,
        "college_education": 0.6542056074766355,
        "college_engineering_hydrology": 0.5283018867924528,
        "college_law": 0.46296296296296297,
        "college_mathematics": 0.3142857142857143,
        "college_medical_statistics": 0.37735849056603776,
        "college_medicine": 0.5054945054945055,
        "computer_science": 0.5637254901960784,
        "computer_security": 0.6666666666666666,
        "conceptual_physics": 0.6326530612244898,
        "construction_project_management": 0.4460431654676259,
        "economics": 0.5660377358490566,
        "education": 0.6012269938650306,
        "electrical_engineering": 0.5174418604651163,
        "elementary_chinese": 0.5317460317460317,
        "elementary_commonsense": 0.5606060606060606,
        "elementary_information_and_technology": 0.7352941176470589,
        "elementary_mathematics": 0.3695652173913043,
        "ethnology": 0.5481481481481482,
        "food_science": 0.6083916083916084,
        "genetics": 0.4431818181818182,
        "global_facts": 0.5906040268456376,
        "high_school_biology": 0.44970414201183434,
        "high_school_chemistry": 0.4696969696969697,
        "high_school_geography": 0.5254237288135594,
        "high_school_mathematics": 0.2682926829268293,
        "high_school_physics": 0.42727272727272725,
        "high_school_politics": 0.5244755244755245,
        "human_sexuality": 0.5079365079365079,
        "international_law": 0.44324324324324327,
        "journalism": 0.5116279069767442,
        "jurisprudence": 0.5304136253041363,
        "legal_and_moral_basis": 0.8411214953271028,
        "logical": 0.4715447154471545,
        "machine_learning": 0.45901639344262296,
        "management": 0.6476190476190476,
        "marketing": 0.6277777777777778,
        "marxist_theory": 0.6190476190476191,
        "modern_chinese": 0.3706896551724138,
        "nutrition": 0.5586206896551724,
        "philosophy": 0.5904761904761905,
        "professional_accounting": 0.5828571428571429,
        "professional_law": 0.46919431279620855,
        "professional_medicine": 0.39361702127659576,
        "professional_psychology": 0.6206896551724138,
        "public_relations": 0.5632183908045977,
        "security_study": 0.6592592592592592,
        "sociology": 0.5530973451327433,
        "sports_science": 0.5272727272727272,
        "traditional_chinese_medicine": 0.5297297297297298,
        "virology": 0.5325443786982249,
        "world_history": 0.6211180124223602,
        "world_religions": 0.65625
    }
}