{
    "accuracy": 0.5473147988257642,
    "category_acc": {
        "agronomy": 0.5266272189349113,
        "anatomy": 0.44594594594594594,
        "ancient_chinese": 0.35365853658536583,
        "arts": 0.7625,
        "astronomy": 0.3393939393939394,
        "business_ethics": 0.5789473684210527,
        "chinese_civil_service_exam": 0.55,
        "chinese_driving_rule": 0.7709923664122137,
        "chinese_food_culture": 0.5441176470588235,
        "chinese_foreign_policy": 0.6074766355140186,
        "chinese_history": 0.6749226006191951,
        "chinese_literature": 0.43137254901960786,
        "chinese_teacher_qualification": 0.7318435754189944,
        "clinical_knowledge": 0.4936708860759494,
        "college_actuarial_science": 0.27358490566037735,
        "college_education": 0.6542056074766355,
        "college_engineering_hydrology": 0.5094339622641509,
        "college_law": 0.46296296296296297,
        "college_mathematics": 0.34285714285714286,
        "college_medical_statistics": 0.39622641509433965,
        "college_medicine": 0.5018315018315018,
        "computer_science": 0.5588235294117647,
        "computer_security": 0.6842105263157895,
        "conceptual_physics": 0.6462585034013606,
        "construction_project_management": 0.4460431654676259,
        "economics": 0.5786163522012578,
        "education": 0.656441717791411,
        "electrical_engineering": 0.4941860465116279,
        "elementary_chinese": 0.5317460317460317,
        "elementary_commonsense": 0.5656565656565656,
        "elementary_information_and_technology": 0.7310924369747899,
        "elementary_mathematics": 0.32608695652173914,
        "ethnology": 0.5851851851851851,
        "food_science": 0.5454545454545454,
        "genetics": 0.44886363636363635,
        "global_facts": 0.5838926174496645,
        "high_school_biology": 0.5088757396449705,
        "high_school_chemistry": 0.5075757575757576,
        "high_school_geography": 0.5677966101694916,
        "high_school_mathematics": 0.2804878048780488,
        "high_school_physics": 0.4090909090909091,
        "high_school_politics": 0.5524475524475524,
        "human_sexuality": 0.5476190476190477,
        "international_law": 0.4648648648648649,
        "journalism": 0.47093023255813954,
        "jurisprudence": 0.537712895377129,
        "legal_and_moral_basis": 0.8598130841121495,
        "logical": 0.4715447154471545,
        "machine_learning": 0.4672131147540984,
        "management": 0.6619047619047619,
        "marketing": 0.6333333333333333,
        "marxist_theory": 0.6613756613756614,
        "modern_chinese": 0.39655172413793105,
        "nutrition": 0.593103448275862,
        "philosophy": 0.638095238095238,
        "professional_accounting": 0.6,
        "professional_law": 0.5071090047393365,
        "professional_medicine": 0.40425531914893614,
        "professional_psychology": 0.6293103448275862,
        "public_relations": 0.5977011494252874,
        "security_study": 0.6666666666666666,
        "sociology": 0.5796460176991151,
        "sports_science": 0.5151515151515151,
        "traditional_chinese_medicine": 0.5243243243243243,
        "virology": 0.5325443786982249,
        "world_history": 0.6335403726708074,
        "world_religions": 0.65625
    }
}