{
    "rouge1": 0.23679257285465277,
    "rouge2": 0.06983511641069447,
    "rougeL": 0.17733703138085358,
    "avg_rouge": 0.16132157354873358
}