{
    "rouge1": 0.2655584776294273,
    "rouge2": 0.08400121911084955,
    "rougeL": 0.2043071525241852,
    "avg_rouge": 0.184622283088154
}