{
    "rouge1": 0.23397379438148797,
    "rouge2": 0.06834623109477767,
    "rougeL": 0.17495323413594485,
    "avg_rouge": 0.15909108653740348
}