{
    "accuracy": 0.32592295880899924,
    "category_acc": {
        "History": 0.2991967871485944,
        "Geography": 0.2836734693877551,
        "Lampungic": 0.29931972789115646,
        "Social science": 0.4307178631051753,
        "Balinese": 0.28662420382165604,
        "Makassarese": 0.3333333333333333,
        "Banjarese": 0.24305555555555555,
        "Chemistry": 0.2510948905109489,
        "Biology": 0.2982248520710059,
        "Science": 0.32301341589267285,
        "Christian religion": 0.36318407960199006,
        "Art": 0.34608985024958405,
        "Islam religion": 0.3357041251778094,
        "Hindu religion": 0.30666666666666664,
        "Madurese": 0.30847457627118646,
        "Sport": 0.3918918918918919,
        "Indonesian language": 0.37359900373599003,
        "Physics": 0.25252525252525254,
        "Minangkabau culture": 0.2814070351758794,
        "Dayak language": 0.28440366972477066,
        "Sociology": 0.3084677419354839,
        "Economy": 0.28688524590163933,
        "Sundanese": 0.3327571305099395,
        "Javanese": 0.2752016129032258,
        "Civic education": 0.3547925608011445
    }
}