{
    "accuracy": 0.30616196007744173,
    "category_acc": {
        "History": 0.2991967871485944,
        "Geography": 0.27346938775510204,
        "Lampungic": 0.3197278911564626,
        "Social science": 0.3672787979966611,
        "Balinese": 0.3184713375796178,
        "Makassarese": 0.3924731182795699,
        "Banjarese": 0.25,
        "Chemistry": 0.22481751824817517,
        "Biology": 0.293491124260355,
        "Science": 0.2837977296181631,
        "Christian religion": 0.3283582089552239,
        "Art": 0.31281198003327787,
        "Islam religion": 0.30867709815078237,
        "Hindu religion": 0.3,
        "Madurese": 0.28135593220338984,
        "Sport": 0.2972972972972973,
        "Indonesian language": 0.35211706102117063,
        "Physics": 0.24646464646464647,
        "Minangkabau culture": 0.2814070351758794,
        "Dayak language": 0.30275229357798167,
        "Sociology": 0.30443548387096775,
        "Economy": 0.23975409836065573,
        "Sundanese": 0.317199654278306,
        "Javanese": 0.2560483870967742,
        "Civic education": 0.32331902718168815
    }
}