{
    "overall_acc": 0.9065126050420168,
    "language_acc": {
        "Spanish": 0.9159663865546218,
        "English": 0.9277310924369748,
        "Chinese": 0.9008403361344538,
        "Vietnamese": 0.8815126050420168
    },
    "consistency_score_2": 0.8900560224089636,
    "consistency_score_3": 0.8407563025210084,
    "consistency_score_4": 0.8050420168067227,
    "detailed_consistency_score": {
        "2_combine": {
            "Spanish,English": 0.9184873949579831,
            "Spanish,Chinese": 0.892436974789916,
            "Spanish,Vietnamese": 0.873109243697479,
            "English,Chinese": 0.8974789915966387,
            "English,Vietnamese": 0.8890756302521008,
            "Chinese,Vietnamese": 0.8697478991596639
        },
        "3_combine": {
            "Spanish,English,Chinese": 0.8571428571428571,
            "Spanish,English,Vietnamese": 0.846218487394958,
            "Spanish,Chinese,Vietnamese": 0.8252100840336134,
            "English,Chinese,Vietnamese": 0.8344537815126051
        },
        "4_combine": {
            "Spanish,English,Chinese,Vietnamese": 0.8050420168067227
        }
    },
    "AC3_2": 0.8982089424628893,
    "AC3_3": 0.8723971252063294,
    "AC3_4": 0.8527694371714862
}