{
    "overall_acc": 0.9155462184873949,
    "language_acc": {
        "Spanish": 0.9193277310924369,
        "English": 0.9436974789915966,
        "Chinese": 0.9058823529411765,
        "Vietnamese": 0.8932773109243698
    },
    "consistency_score_2": 0.9009803921568628,
    "consistency_score_3": 0.8571428571428572,
    "consistency_score_4": 0.826890756302521,
    "detailed_consistency_score": {
        "2_combine": {
            "Spanish,English": 0.926890756302521,
            "Spanish,Chinese": 0.8966386554621849,
            "Spanish,Vietnamese": 0.892436974789916,
            "English,Chinese": 0.9067226890756303,
            "English,Vietnamese": 0.9033613445378151,
            "Chinese,Vietnamese": 0.8798319327731092
        },
        "3_combine": {
            "Spanish,English,Chinese": 0.8697478991596639,
            "Spanish,English,Vietnamese": 0.865546218487395,
            "Spanish,Chinese,Vietnamese": 0.8420168067226891,
            "English,Chinese,Vietnamese": 0.8512605042016806
        },
        "4_combine": {
            "Spanish,English,Chinese,Vietnamese": 0.826890756302521
        }
    },
    "AC3_2": 0.9082049072020327,
    "AC3_3": 0.8853824534766179,
    "AC3_4": 0.8689630855460749
}