{
    "rouge1": 0.2051630840453159,
    "rouge2": 0.05695186126269857,
    "rougeL": 0.15327111873659163,
    "avg_rouge": 0.13846202134820204
}