{
    "rouge1": 0.21377062892940069,
    "rouge2": 0.06023397181537684,
    "rougeL": 0.1598316221088106,
    "avg_rouge": 0.14461207428452938
}