{
    "rouge1": 0.21094256929850014,
    "rouge2": 0.05834685628040306,
    "rougeL": 0.15589659259369687,
    "avg_rouge": 0.1417286727242
}