{
    "rouge1": 0.12898713332403366,
    "rouge2": 0.04349609409834999,
    "rougeL": 0.10177675146188521,
    "avg_rouge": 0.09141999296142295
}