{
    "overall_acc": 0.273538961038961,
    "language_acc": {
        "Vietnamese": 0.3068181818181818,
        "Indonesian": 0.26704545454545453,
        "Spanish": 0.30113636363636365,
        "Malay": 0.2897727272727273,
        "Filipino": 0.23863636363636365,
        "English": 0.26136363636363635,
        "Chinese": 0.25
    },
    "consistency_score_2": 0.37878787878787873,
    "consistency_score_3": 0.17094155844155845,
    "consistency_score_4": 0.08409090909090906,
    "consistency_score_5": 0.04356060606060606,
    "consistency_score_6": 0.022727272727272728,
    "consistency_score_7": 0.011363636363636364,
    "detailed_consistency_score": {
        "2_combine": {
            "Vietnamese,Indonesian": 0.38636363636363635,
            "Vietnamese,Spanish": 0.375,
            "Vietnamese,Malay": 0.4147727272727273,
            "Vietnamese,Filipino": 0.4431818181818182,
            "Vietnamese,English": 0.4147727272727273,
            "Vietnamese,Chinese": 0.42045454545454547,
            "Indonesian,Spanish": 0.36363636363636365,
            "Indonesian,Malay": 0.4318181818181818,
            "Indonesian,Filipino": 0.38636363636363635,
            "Indonesian,English": 0.3693181818181818,
            "Indonesian,Chinese": 0.36363636363636365,
            "Spanish,Malay": 0.26704545454545453,
            "Spanish,Filipino": 0.3693181818181818,
            "Spanish,English": 0.375,
            "Spanish,Chinese": 0.375,
            "Malay,Filipino": 0.35795454545454547,
            "Malay,English": 0.26704545454545453,
            "Malay,Chinese": 0.3522727272727273,
            "Filipino,English": 0.42613636363636365,
            "Filipino,Chinese": 0.3977272727272727,
            "English,Chinese": 0.3977272727272727
        },
        "3_combine": {
            "Vietnamese,Indonesian,Spanish": 0.17045454545454544,
            "Vietnamese,Indonesian,Malay": 0.21022727272727273,
            "Vietnamese,Indonesian,Filipino": 0.21022727272727273,
            "Vietnamese,Indonesian,English": 0.1590909090909091,
            "Vietnamese,Indonesian,Chinese": 0.18181818181818182,
            "Vietnamese,Spanish,Malay": 0.1534090909090909,
            "Vietnamese,Spanish,Filipino": 0.20454545454545456,
            "Vietnamese,Spanish,English": 0.1590909090909091,
            "Vietnamese,Spanish,Chinese": 0.17613636363636365,
            "Vietnamese,Malay,Filipino": 0.20454545454545456,
            "Vietnamese,Malay,English": 0.1534090909090909,
            "Vietnamese,Malay,Chinese": 0.19318181818181818,
            "Vietnamese,Filipino,English": 0.23863636363636365,
            "Vietnamese,Filipino,Chinese": 0.19886363636363635,
            "Vietnamese,English,Chinese": 0.1875,
            "Indonesian,Spanish,Malay": 0.14204545454545456,
            "Indonesian,Spanish,Filipino": 0.1590909090909091,
            "Indonesian,Spanish,English": 0.14772727272727273,
            "Indonesian,Spanish,Chinese": 0.1590909090909091,
            "Indonesian,Malay,Filipino": 0.19886363636363635,
            "Indonesian,Malay,English": 0.13068181818181818,
            "Indonesian,Malay,Chinese": 0.17613636363636365,
            "Indonesian,Filipino,English": 0.18181818181818182,
            "Indonesian,Filipino,Chinese": 0.18181818181818182,
            "Indonesian,English,Chinese": 0.17045454545454544,
            "Spanish,Malay,Filipino": 0.11931818181818182,
            "Spanish,Malay,English": 0.09090909090909091,
            "Spanish,Malay,Chinese": 0.14204545454545456,
            "Spanish,Filipino,English": 0.17045454545454544,
            "Spanish,Filipino,Chinese": 0.19318181818181818,
            "Spanish,English,Chinese": 0.17613636363636365,
            "Malay,Filipino,English": 0.14204545454545456,
            "Malay,Filipino,Chinese": 0.17045454545454544,
            "Malay,English,Chinese": 0.125,
            "Filipino,English,Chinese": 0.20454545454545456
        },
        "4_combine": {
            "Vietnamese,Indonesian,Spanish,Malay": 0.08522727272727272,
            "Vietnamese,Indonesian,Spanish,Filipino": 0.09090909090909091,
            "Vietnamese,Indonesian,Spanish,English": 0.0625,
            "Vietnamese,Indonesian,Spanish,Chinese": 0.09090909090909091,
            "Vietnamese,Indonesian,Malay,Filipino": 0.11931818181818182,
            "Vietnamese,Indonesian,Malay,English": 0.07954545454545454,
            "Vietnamese,Indonesian,Malay,Chinese": 0.09659090909090909,
            "Vietnamese,Indonesian,Filipino,English": 0.11931818181818182,
            "Vietnamese,Indonesian,Filipino,Chinese": 0.10227272727272728,
            "Vietnamese,Indonesian,English,Chinese": 0.09659090909090909,
            "Vietnamese,Spanish,Malay,Filipino": 0.07954545454545454,
            "Vietnamese,Spanish,Malay,English": 0.056818181818181816,
            "Vietnamese,Spanish,Malay,Chinese": 0.09090909090909091,
            "Vietnamese,Spanish,Filipino,English": 0.09659090909090909,
            "Vietnamese,Spanish,Filipino,Chinese": 0.08522727272727272,
            "Vietnamese,Spanish,English,Chinese": 0.09090909090909091,
            "Vietnamese,Malay,Filipino,English": 0.09090909090909091,
            "Vietnamese,Malay,Filipino,Chinese": 0.09659090909090909,
            "Vietnamese,Malay,English,Chinese": 0.07386363636363637,
            "Vietnamese,Filipino,English,Chinese": 0.11363636363636363,
            "Indonesian,Spanish,Malay,Filipino": 0.0625,
            "Indonesian,Spanish,Malay,English": 0.05113636363636364,
            "Indonesian,Spanish,Malay,Chinese": 0.07954545454545454,
            "Indonesian,Spanish,Filipino,English": 0.07954545454545454,
            "Indonesian,Spanish,Filipino,Chinese": 0.09090909090909091,
            "Indonesian,Spanish,English,Chinese": 0.07386363636363637,
            "Indonesian,Malay,Filipino,English": 0.07386363636363637,
            "Indonesian,Malay,Filipino,Chinese": 0.09659090909090909,
            "Indonesian,Malay,English,Chinese": 0.07386363636363637,
            "Indonesian,Filipino,English,Chinese": 0.10795454545454546,
            "Spanish,Malay,Filipino,English": 0.03977272727272727,
            "Spanish,Malay,Filipino,Chinese": 0.07386363636363637,
            "Spanish,Malay,English,Chinese": 0.05113636363636364,
            "Spanish,Filipino,English,Chinese": 0.09659090909090909,
            "Malay,Filipino,English,Chinese": 0.07386363636363637
        },
        "5_combine": {
            "Vietnamese,Indonesian,Spanish,Malay,Filipino": 0.03409090909090909,
            "Vietnamese,Indonesian,Spanish,Malay,English": 0.028409090909090908,
            "Vietnamese,Indonesian,Spanish,Malay,Chinese": 0.056818181818181816,
            "Vietnamese,Indonesian,Spanish,Filipino,English": 0.045454545454545456,
            "Vietnamese,Indonesian,Spanish,Filipino,Chinese": 0.045454545454545456,
            "Vietnamese,Indonesian,Spanish,English,Chinese": 0.045454545454545456,
            "Vietnamese,Indonesian,Malay,Filipino,English": 0.056818181818181816,
            "Vietnamese,Indonesian,Malay,Filipino,Chinese": 0.05113636363636364,
            "Vietnamese,Indonesian,Malay,English,Chinese": 0.05113636363636364,
            "Vietnamese,Indonesian,Filipino,English,Chinese": 0.07386363636363637,
            "Vietnamese,Spanish,Malay,Filipino,English": 0.028409090909090908,
            "Vietnamese,Spanish,Malay,Filipino,Chinese": 0.03977272727272727,
            "Vietnamese,Spanish,Malay,English,Chinese": 0.03409090909090909,
            "Vietnamese,Spanish,Filipino,English,Chinese": 0.045454545454545456,
            "Vietnamese,Malay,Filipino,English,Chinese": 0.045454545454545456,
            "Indonesian,Spanish,Malay,Filipino,English": 0.022727272727272728,
            "Indonesian,Spanish,Malay,Filipino,Chinese": 0.045454545454545456,
            "Indonesian,Spanish,Malay,English,Chinese": 0.03977272727272727,
            "Indonesian,Spanish,Filipino,English,Chinese": 0.05113636363636364,