{
    "rouge1": 0.22861164883981736,
    "rouge2": 0.059782881376602634,
    "rougeL": 0.16816208890349965,
    "avg_rouge": 0.15218553970663987
}