{
    "rouge1": 0.23089767016259732,
    "rouge2": 0.06172943469639488,
    "rougeL": 0.17016908958572435,
    "avg_rouge": 0.15426539814823884
}