{
    "rouge1": 0.19866330633085436,
    "rouge2": 0.07228786591276251,
    "rougeL": 0.17140262631047645,
    "avg_rouge": 0.14745126618469775
}