{
    "overall_acc": 0.49025974025974023,
    "language_acc": {
        "English": 0.5454545454545454,
        "Filipino": 0.4090909090909091,
        "Vietnamese": 0.48295454545454547,
        "Chinese": 0.5397727272727273,
        "Indonesian": 0.42613636363636365,
        "Malay": 0.4715909090909091,
        "Spanish": 0.5568181818181818
    },
    "consistency_score_2": 0.5622294372294371,
    "consistency_score_3": 0.39285714285714296,
    "consistency_score_4": 0.30909090909090897,
    "consistency_score_5": 0.26136363636363635,
    "consistency_score_6": 0.23133116883116883,
    "consistency_score_7": 0.21022727272727273,
    "detailed_consistency_score": {
        "2_combine": {
            "English,Filipino": 0.48863636363636365,
            "English,Vietnamese": 0.5852272727272727,
            "English,Chinese": 0.5625,
            "English,Indonesian": 0.5738636363636364,
            "English,Malay": 0.6193181818181818,
            "English,Spanish": 0.7045454545454546,
            "Filipino,Vietnamese": 0.5340909090909091,
            "Filipino,Chinese": 0.5113636363636364,
            "Filipino,Indonesian": 0.5340909090909091,
            "Filipino,Malay": 0.5568181818181818,
            "Filipino,Spanish": 0.5056818181818182,
            "Vietnamese,Chinese": 0.5113636363636364,
            "Vietnamese,Indonesian": 0.48863636363636365,
            "Vietnamese,Malay": 0.5909090909090909,
            "Vietnamese,Spanish": 0.5738636363636364,
            "Chinese,Indonesian": 0.5397727272727273,
            "Chinese,Malay": 0.5511363636363636,
            "Chinese,Spanish": 0.5511363636363636,
            "Indonesian,Malay": 0.625,
            "Indonesian,Spanish": 0.6022727272727273,
            "Malay,Spanish": 0.5965909090909091
        },
        "3_combine": {
            "English,Filipino,Vietnamese": 0.35795454545454547,
            "English,Filipino,Chinese": 0.3409090909090909,
            "English,Filipino,Indonesian": 0.3465909090909091,
            "English,Filipino,Malay": 0.3693181818181818,
            "English,Filipino,Spanish": 0.38636363636363635,
            "English,Vietnamese,Chinese": 0.3693181818181818,
            "English,Vietnamese,Indonesian": 0.3806818181818182,
            "English,Vietnamese,Malay": 0.4375,
            "English,Vietnamese,Spanish": 0.4659090909090909,
            "English,Chinese,Indonesian": 0.39204545454545453,
            "English,Chinese,Malay": 0.3977272727272727,
            "English,Chinese,Spanish": 0.44886363636363635,
            "English,Indonesian,Malay": 0.44886363636363635,
            "English,Indonesian,Spanish": 0.4715909090909091,
            "English,Malay,Spanish": 0.48863636363636365,
            "Filipino,Vietnamese,Chinese": 0.3465909090909091,
            "Filipino,Vietnamese,Indonesian": 0.3465909090909091,
            "Filipino,Vietnamese,Malay": 0.39204545454545453,
            "Filipino,Vietnamese,Spanish": 0.36363636363636365,
            "Filipino,Chinese,Indonesian": 0.3465909090909091,
            "Filipino,Chinese,Malay": 0.375,
            "Filipino,Chinese,Spanish": 0.3352272727272727,
            "Filipino,Indonesian,Malay": 0.4034090909090909,
            "Filipino,Indonesian,Spanish": 0.375,
            "Filipino,Malay,Spanish": 0.3693181818181818,
            "Vietnamese,Chinese,Indonesian": 0.3352272727272727,
            "Vietnamese,Chinese,Malay": 0.36363636363636365,
            "Vietnamese,Chinese,Spanish": 0.38636363636363635,
            "Vietnamese,Indonesian,Malay": 0.3977272727272727,
            "Vietnamese,Indonesian,Spanish": 0.3977272727272727,
            "Vietnamese,Malay,Spanish": 0.42045454545454547,
            "Chinese,Indonesian,Malay": 0.4147727272727273,
            "Chinese,Indonesian,Spanish": 0.42045454545454547,
            "Chinese,Malay,Spanish": 0.39204545454545453,
            "Indonesian,Malay,Spanish": 0.4659090909090909
        },
        "4_combine": {
            "English,Filipino,Vietnamese,Chinese": 0.26704545454545453,
            "English,Filipino,Vietnamese,Indonesian": 0.2840909090909091,
            "English,Filipino,Vietnamese,Malay": 0.30113636363636365,
            "English,Filipino,Vietnamese,Spanish": 0.3125,
            "English,Filipino,Chinese,Indonesian": 0.2727272727272727,
            "English,Filipino,Chinese,Malay": 0.2784090909090909,
            "English,Filipino,Chinese,Spanish": 0.2840909090909091,
            "English,Filipino,Indonesian,Malay": 0.30113636363636365,
            "English,Filipino,Indonesian,Spanish": 0.3068181818181818,
            "English,Filipino,Malay,Spanish": 0.3068181818181818,
            "English,Vietnamese,Chinese,Indonesian": 0.2840909090909091,
            "English,Vietnamese,Chinese,Malay": 0.2897727272727273,
            "English,Vietnamese,Chinese,Spanish": 0.3352272727272727,
            "English,Vietnamese,Indonesian,Malay": 0.32954545454545453,
            "English,Vietnamese,Indonesian,Spanish": 0.3409090909090909,
            "English,Vietnamese,Malay,Spanish": 0.35795454545454547,
            "English,Chinese,Indonesian,Malay": 0.3352272727272727,
            "English,Chinese,Indonesian,Spanish": 0.36363636363636365,
            "English,Chinese,Malay,Spanish": 0.3465909090909091,
            "English,Indonesian,Malay,Spanish": 0.39204545454545453,
            "Filipino,Vietnamese,Chinese,Indonesian": 0.2727272727272727,
            "Filipino,Vietnamese,Chinese,Malay": 0.2840909090909091,
            "Filipino,Vietnamese,Chinese,Spanish": 0.2727272727272727,
            "Filipino,Vietnamese,Indonesian,Malay": 0.30113636363636365,
            "Filipino,Vietnamese,Indonesian,Spanish": 0.30113636363636365,
            "Filipino,Vietnamese,Malay,Spanish": 0.3068181818181818,
            "Filipino,Chinese,Indonesian,Malay": 0.30113636363636365,
            "Filipino,Chinese,Indonesian,Spanish": 0.29545454545454547,
            "Filipino,Chinese,Malay,Spanish": 0.2727272727272727,
            "Filipino,Indonesian,Malay,Spanish": 0.3125,
            "Vietnamese,Chinese,Indonesian,Malay": 0.29545454545454547,
            "Vietnamese,Chinese,Indonesian,Spanish": 0.3125,
            "Vietnamese,Chinese,Malay,Spanish": 0.3068181818181818,
            "Vietnamese,Indonesian,Malay,Spanish": 0.3409090909090909,
            "Chinese,Indonesian,Malay,Spanish": 0.3522727272727273
        },
        "5_combine": {
            "English,Filipino,Vietnamese,Chinese,Indonesian": 0.23863636363636365,
            "English,Filipino,Vietnamese,Chinese,Malay": 0.23295454545454544,
            "English,Filipino,Vietnamese,Chinese,Spanish": 0.24431818181818182,
            "English,Filipino,Vietnamese,Indonesian,Malay": 0.2556818181818182,
            "English,Filipino,Vietnamese,Indonesian,Spanish": 0.26704545454545453,
            "English,Filipino,Vietnamese,Malay,Spanish": 0.26704545454545453,
            "English,Filipino,Chinese,Indonesian,Malay": 0.24431818181818182,
            "English,Filipino,Chinese,Indonesian,Spanish": 0.26136363636363635,
            "English,Filipino,Chinese,Malay,Spanish": 0.24431818181818182,
            "English,Filipino,Indonesian,Malay,Spanish": 0.2727272727272727,
            "English,Vietnamese,Chinese,Indonesian,Malay": 0.2556818181818182,
            "English,Vietnamese,Chinese,Indonesian,Spanish": 0.2784090909090909,
            "English,Vietnamese,Chinese,Malay,Spanish": 0.26704545454545453,
            "English,Vietnamese,Indonesian,Malay,Spanish": 0.29545454545454547,
            "English,Chinese,Indonesian,Malay,Spanish": 0.32386363636363635,
            "Filipino,Vietnamese,Chinese,Indonesian,Malay": 0.24431818181818182,
            "Filipino,Vietnamese,Chinese,Indonesian,Spanish": 0.2556818181818182,
            "Filipino,Vietnamese,Chinese,Malay,Spanish": 0.23863636363636365,
            "Filipino,Vietnamese,Indonesian,Malay,Spanish": 0.26704545454545453,
            "Filipino,Chinese,Indonesian,Malay,Spanish": 0.2556818181818182,