{
    "overall_acc": 0.4805194805194805,
    "language_acc": {
        "English": 0.5454545454545454,
        "Filipino": 0.4375,
        "Vietnamese": 0.4715909090909091,
        "Chinese": 0.5397727272727273,
        "Indonesian": 0.4431818181818182,
        "Malay": 0.4375,
        "Spanish": 0.48863636363636365
    },
    "consistency_score_2": 0.5708874458874458,
    "consistency_score_3": 0.40568181818181825,
    "consistency_score_4": 0.3199675324675324,
    "consistency_score_5": 0.2673160173160173,
    "consistency_score_6": 0.23133116883116883,
    "consistency_score_7": 0.20454545454545456,
    "detailed_consistency_score": {
        "2_combine": {
            "English,Filipino": 0.5284090909090909,
            "English,Vietnamese": 0.5738636363636364,
            "English,Chinese": 0.5738636363636364,
            "English,Indonesian": 0.5795454545454546,
            "English,Malay": 0.5852272727272727,
            "English,Spanish": 0.6931818181818182,
            "Filipino,Vietnamese": 0.5170454545454546,
            "Filipino,Chinese": 0.5340909090909091,
            "Filipino,Indonesian": 0.5340909090909091,
            "Filipino,Malay": 0.5909090909090909,
            "Filipino,Spanish": 0.5909090909090909,
            "Vietnamese,Chinese": 0.5284090909090909,
            "Vietnamese,Indonesian": 0.5625,
            "Vietnamese,Malay": 0.5397727272727273,
            "Vietnamese,Spanish": 0.6079545454545454,
            "Chinese,Indonesian": 0.5397727272727273,
            "Chinese,Malay": 0.5397727272727273,
            "Chinese,Spanish": 0.5625,
            "Indonesian,Malay": 0.6136363636363636,
            "Indonesian,Spanish": 0.5909090909090909,
            "Malay,Spanish": 0.6022727272727273
        },
        "3_combine": {
            "English,Filipino,Vietnamese": 0.36363636363636365,
            "English,Filipino,Chinese": 0.3693181818181818,
            "English,Filipino,Indonesian": 0.3693181818181818,
            "English,Filipino,Malay": 0.4090909090909091,
            "English,Filipino,Spanish": 0.4375,
            "English,Vietnamese,Chinese": 0.3806818181818182,
            "English,Vietnamese,Indonesian": 0.4034090909090909,
            "English,Vietnamese,Malay": 0.4034090909090909,
            "English,Vietnamese,Spanish": 0.4943181818181818,
            "English,Chinese,Indonesian": 0.3977272727272727,
            "English,Chinese,Malay": 0.39204545454545453,
            "English,Chinese,Spanish": 0.4772727272727273,
            "English,Indonesian,Malay": 0.4431818181818182,
            "English,Indonesian,Spanish": 0.4715909090909091,
            "English,Malay,Spanish": 0.48863636363636365,
            "Filipino,Vietnamese,Chinese": 0.3465909090909091,
            "Filipino,Vietnamese,Indonesian": 0.3693181818181818,
            "Filipino,Vietnamese,Malay": 0.375,
            "Filipino,Vietnamese,Spanish": 0.42613636363636365,
            "Filipino,Chinese,Indonesian": 0.36363636363636365,
            "Filipino,Chinese,Malay": 0.38636363636363635,
            "Filipino,Chinese,Spanish": 0.3977272727272727,
            "Filipino,Indonesian,Malay": 0.4147727272727273,
            "Filipino,Indonesian,Spanish": 0.4034090909090909,
            "Filipino,Malay,Spanish": 0.4431818181818182,
            "Vietnamese,Chinese,Indonesian": 0.3522727272727273,
            "Vietnamese,Chinese,Malay": 0.3465909090909091,
            "Vietnamese,Chinese,Spanish": 0.39204545454545453,
            "Vietnamese,Indonesian,Malay": 0.4034090909090909,
            "Vietnamese,Indonesian,Spanish": 0.42613636363636365,
            "Vietnamese,Malay,Spanish": 0.4375,
            "Chinese,Indonesian,Malay": 0.38636363636363635,
            "Chinese,Indonesian,Spanish": 0.39204545454545453,
            "Chinese,Malay,Spanish": 0.3977272727272727,
            "Indonesian,Malay,Spanish": 0.4375
        },
        "4_combine": {
            "English,Filipino,Vietnamese,Chinese": 0.2727272727272727,
            "English,Filipino,Vietnamese,Indonesian": 0.2897727272727273,
            "English,Filipino,Vietnamese,Malay": 0.29545454545454547,
            "English,Filipino,Vietnamese,Spanish": 0.3522727272727273,
            "English,Filipino,Chinese,Indonesian": 0.29545454545454547,
            "English,Filipino,Chinese,Malay": 0.3068181818181818,
            "English,Filipino,Chinese,Spanish": 0.3409090909090909,
            "English,Filipino,Indonesian,Malay": 0.32954545454545453,
            "English,Filipino,Indonesian,Spanish": 0.32954545454545453,
            "English,Filipino,Malay,Spanish": 0.3693181818181818,
            "English,Vietnamese,Chinese,Indonesian": 0.30113636363636365,
            "English,Vietnamese,Chinese,Malay": 0.2897727272727273,
            "English,Vietnamese,Chinese,Spanish": 0.3522727272727273,
            "English,Vietnamese,Indonesian,Malay": 0.32954545454545453,
            "English,Vietnamese,Indonesian,Spanish": 0.36363636363636365,
            "English,Vietnamese,Malay,Spanish": 0.375,
            "English,Chinese,Indonesian,Malay": 0.32386363636363635,
            "English,Chinese,Indonesian,Spanish": 0.35795454545454547,
            "English,Chinese,Malay,Spanish": 0.36363636363636365,
            "English,Indonesian,Malay,Spanish": 0.375,
            "Filipino,Vietnamese,Chinese,Indonesian": 0.26136363636363635,
            "Filipino,Vietnamese,Chinese,Malay": 0.2556818181818182,
            "Filipino,Vietnamese,Chinese,Spanish": 0.30113636363636365,
            "Filipino,Vietnamese,Indonesian,Malay": 0.30113636363636365,
            "Filipino,Vietnamese,Indonesian,Spanish": 0.3181818181818182,
            "Filipino,Vietnamese,Malay,Spanish": 0.3352272727272727,
            "Filipino,Chinese,Indonesian,Malay": 0.29545454545454547,
            "Filipino,Chinese,Indonesian,Spanish": 0.3125,
            "Filipino,Chinese,Malay,Spanish": 0.3125,
            "Filipino,Indonesian,Malay,Spanish": 0.35795454545454547,
            "Vietnamese,Chinese,Indonesian,Malay": 0.2784090909090909,
            "Vietnamese,Chinese,Indonesian,Spanish": 0.30113636363636365,
            "Vietnamese,Chinese,Malay,Spanish": 0.29545454545454547,
            "Vietnamese,Indonesian,Malay,Spanish": 0.3465909090909091,
            "Chinese,Indonesian,Malay,Spanish": 0.3125
        },
        "5_combine": {
            "English,Filipino,Vietnamese,Chinese,Indonesian": 0.23295454545454544,
            "English,Filipino,Vietnamese,Chinese,Malay": 0.2215909090909091,
            "English,Filipino,Vietnamese,Chinese,Spanish": 0.2727272727272727,
            "English,Filipino,Vietnamese,Indonesian,Malay": 0.2556818181818182,
            "English,Filipino,Vietnamese,Indonesian,Spanish": 0.2784090909090909,
            "English,Filipino,Vietnamese,Malay,Spanish": 0.2897727272727273,
            "English,Filipino,Chinese,Indonesian,Malay": 0.26704545454545453,
            "English,Filipino,Chinese,Indonesian,Spanish": 0.2840909090909091,
            "English,Filipino,Chinese,Malay,Spanish": 0.2897727272727273,
            "English,Filipino,Indonesian,Malay,Spanish": 0.30113636363636365,
            "English,Vietnamese,Chinese,Indonesian,Malay": 0.2556818181818182,
            "English,Vietnamese,Chinese,Indonesian,Spanish": 0.2840909090909091,
            "English,Vietnamese,Chinese,Malay,Spanish": 0.2784090909090909,
            "English,Vietnamese,Indonesian,Malay,Spanish": 0.3068181818181818,
            "English,Chinese,Indonesian,Malay,Spanish": 0.30113636363636365,
            "Filipino,Vietnamese,Chinese,Indonesian,Malay": 0.2159090909090909,
            "Filipino,Vietnamese,Chinese,Indonesian,Spanish": 0.24431818181818182,
            "Filipino,Vietnamese,Chinese,Malay,Spanish": 0.23295454545454544,
            "Filipino,Vietnamese,Indonesian,Malay,Spanish": 0.2840909090909091,
            "Filipino,Chinese,Indonesian,Malay,Spanish": 0.26704545454545453,
            "Vietnamese,Chinese,Indonesian,Malay,Spanish": 0.25
        },