{
    "accuracy": 0.44405111379727163,
    "category_acc": {
        "agronomy": 0.38461538461538464,
        "anatomy": 0.3310810810810811,
        "ancient_chinese": 0.2621951219512195,
        "arts": 0.36875,
        "astronomy": 0.3151515151515151,
        "business_ethics": 0.5167464114832536,
        "chinese_civil_service_exam": 0.4,
        "chinese_driving_rule": 0.6106870229007634,
        "chinese_food_culture": 0.2647058823529412,
        "chinese_foreign_policy": 0.4953271028037383,
        "chinese_history": 0.4458204334365325,
        "chinese_literature": 0.3333333333333333,
        "chinese_teacher_qualification": 0.5363128491620112,
        "clinical_knowledge": 0.37130801687763715,
        "college_actuarial_science": 0.27358490566037735,
        "college_education": 0.5233644859813084,
        "college_engineering_hydrology": 0.49056603773584906,
        "college_law": 0.3611111111111111,
        "college_mathematics": 0.29523809523809524,
        "college_medical_statistics": 0.41509433962264153,
        "college_medicine": 0.3772893772893773,
        "computer_science": 0.5245098039215687,
        "computer_security": 0.6023391812865497,
        "conceptual_physics": 0.41496598639455784,
        "construction_project_management": 0.3669064748201439,
        "economics": 0.5157232704402516,
        "education": 0.4723926380368098,
        "electrical_engineering": 0.45348837209302323,
        "elementary_chinese": 0.3373015873015873,
        "elementary_commonsense": 0.4444444444444444,
        "elementary_information_and_technology": 0.6932773109243697,
        "elementary_mathematics": 0.3391304347826087,
        "ethnology": 0.34074074074074073,
        "food_science": 0.5244755244755245,
        "genetics": 0.4375,
        "global_facts": 0.47651006711409394,
        "high_school_biology": 0.40236686390532544,
        "high_school_chemistry": 0.32575757575757575,
        "high_school_geography": 0.4322033898305085,
        "high_school_mathematics": 0.2926829268292683,
        "high_school_physics": 0.34545454545454546,
        "high_school_politics": 0.38461538461538464,
        "human_sexuality": 0.5317460317460317,
        "international_law": 0.372972972972973,
        "journalism": 0.5465116279069767,
        "jurisprudence": 0.51338199513382,
        "legal_and_moral_basis": 0.7102803738317757,
        "logical": 0.45528455284552843,
        "machine_learning": 0.45901639344262296,
        "management": 0.5095238095238095,
        "marketing": 0.5222222222222223,
        "marxist_theory": 0.5714285714285714,
        "modern_chinese": 0.3706896551724138,
        "nutrition": 0.4827586206896552,
        "philosophy": 0.4380952380952381,
        "professional_accounting": 0.5371428571428571,
        "professional_law": 0.3459715639810427,
        "professional_medicine": 0.3191489361702128,
        "professional_psychology": 0.4956896551724138,
        "public_relations": 0.5402298850574713,
        "security_study": 0.562962962962963,
        "sociology": 0.47345132743362833,
        "sports_science": 0.45454545454545453,
        "traditional_chinese_medicine": 0.3675675675675676,
        "virology": 0.47928994082840237,
        "world_history": 0.5093167701863354,
        "world_religions": 0.49375
    }
}