{
    "rouge1": 0.35512342177304645,
    "rouge2": 0.11827530044184112,
    "rougeL": 0.2910624826180367,
    "avg_rouge": 0.25482040161097474
}