{
    "accuracy": 0.6073650339649624,
    "category_acc": {
        "high_school_european_history": 0.7378048780487805,
        "business_ethics": 0.6363636363636364,
        "clinical_knowledge": 0.696969696969697,
        "medical_genetics": 0.7373737373737373,
        "high_school_us_history": 0.8226600985221675,
        "high_school_physics": 0.3466666666666667,
        "high_school_world_history": 0.8305084745762712,
        "virology": 0.49696969696969695,
        "high_school_microeconomics": 0.6877637130801688,
        "econometrics": 0.45132743362831856,
        "college_computer_science": 0.5757575757575758,
        "high_school_biology": 0.7605177993527508,
        "abstract_algebra": 0.29292929292929293,
        "professional_accounting": 0.4412811387900356,
        "philosophy": 0.667741935483871,
        "professional_medicine": 0.6678966789667896,
        "nutrition": 0.6819672131147541,
        "global_facts": 0.3434343434343434,
        "machine_learning": 0.4774774774774775,
        "security_studies": 0.6762295081967213,
        "public_relations": 0.6605504587155964,
        "professional_psychology": 0.6317512274959084,
        "prehistory": 0.6842105263157895,
        "anatomy": 0.5970149253731343,
        "human_sexuality": 0.7076923076923077,
        "college_medicine": 0.6046511627906976,
        "high_school_government_and_politics": 0.8385416666666666,
        "college_chemistry": 0.45454545454545453,
        "logical_fallacies": 0.6975308641975309,
        "high_school_geography": 0.7411167512690355,
        "elementary_mathematics": 0.41644562334217505,
        "human_aging": 0.6801801801801802,
        "college_mathematics": 0.35353535353535354,
        "high_school_psychology": 0.8014705882352942,
        "formal_logic": 0.464,
        "high_school_statistics": 0.5255813953488372,
        "international_law": 0.7166666666666667,
        "high_school_mathematics": 0.3345724907063197,
        "high_school_computer_science": 0.6666666666666666,
        "conceptual_physics": 0.5170940170940171,
        "miscellaneous": 0.80306905370844,
        "high_school_chemistry": 0.5445544554455446,
        "marketing": 0.8283261802575107,
        "professional_law": 0.4455316373124592,
        "management": 0.7745098039215687,
        "college_physics": 0.44554455445544555,
        "jurisprudence": 0.7102803738317757,
        "world_religions": 0.8235294117647058,
        "sociology": 0.815,
        "us_foreign_policy": 0.8282828282828283,
        "high_school_macroeconomics": 0.5604113110539846,
        "computer_security": 0.7171717171717171,
        "moral_scenarios": 0.354586129753915,
        "moral_disputes": 0.6434782608695652,
        "electrical_engineering": 0.5833333333333334,
        "astronomy": 0.6423841059602649,
        "college_biology": 0.7552447552447552
    }
}