{
    "accuracy": 0.5754022166607079,
    "category_acc": {
        "high_school_european_history": 0.725609756097561,
        "business_ethics": 0.6262626262626263,
        "clinical_knowledge": 0.6439393939393939,
        "medical_genetics": 0.696969696969697,
        "high_school_us_history": 0.7635467980295566,
        "high_school_physics": 0.34,
        "high_school_world_history": 0.7838983050847458,
        "virology": 0.48484848484848486,
        "high_school_microeconomics": 0.6540084388185654,
        "econometrics": 0.36283185840707965,
        "college_computer_science": 0.40404040404040403,
        "high_school_biology": 0.656957928802589,
        "abstract_algebra": 0.32323232323232326,
        "professional_accounting": 0.40213523131672596,
        "philosophy": 0.6193548387096774,
        "professional_medicine": 0.6199261992619927,
        "nutrition": 0.639344262295082,
        "global_facts": 0.3434343434343434,
        "machine_learning": 0.4774774774774775,
        "security_studies": 0.6434426229508197,
        "public_relations": 0.5963302752293578,
        "professional_psychology": 0.5941080196399345,
        "prehistory": 0.6594427244582043,
        "anatomy": 0.5970149253731343,
        "human_sexuality": 0.6692307692307692,
        "college_medicine": 0.5988372093023255,
        "high_school_government_and_politics": 0.734375,
        "college_chemistry": 0.40404040404040403,
        "logical_fallacies": 0.6419753086419753,
        "high_school_geography": 0.6649746192893401,
        "elementary_mathematics": 0.5251989389920424,
        "human_aging": 0.6261261261261262,
        "college_mathematics": 0.3333333333333333,
        "high_school_psychology": 0.78125,
        "formal_logic": 0.456,
        "high_school_statistics": 0.3953488372093023,
        "international_law": 0.7166666666666667,
        "high_school_mathematics": 0.2862453531598513,
        "high_school_computer_science": 0.6262626262626263,
        "conceptual_physics": 0.5470085470085471,
        "miscellaneous": 0.7966751918158568,
        "high_school_chemistry": 0.504950495049505,
        "marketing": 0.7854077253218884,
        "professional_law": 0.42661448140900193,
        "management": 0.7058823529411765,
        "college_physics": 0.36633663366336633,
        "jurisprudence": 0.6635514018691588,
        "world_religions": 0.7705882352941177,
        "sociology": 0.78,
        "us_foreign_policy": 0.7373737373737373,
        "high_school_macroeconomics": 0.5167095115681234,
        "computer_security": 0.6868686868686869,
        "moral_scenarios": 0.34116331096196867,
        "moral_disputes": 0.5884057971014492,
        "electrical_engineering": 0.5208333333333334,
        "astronomy": 0.6688741721854304,
        "college_biology": 0.7062937062937062
    }
}