{
    "accuracy": 0.6005720414730068,
    "category_acc": {
        "high_school_european_history": 0.7439024390243902,
        "business_ethics": 0.6565656565656566,
        "clinical_knowledge": 0.7007575757575758,
        "medical_genetics": 0.7676767676767676,
        "high_school_us_history": 0.7783251231527094,
        "high_school_physics": 0.35333333333333333,
        "high_school_world_history": 0.8347457627118644,
        "virology": 0.48484848484848486,
        "high_school_microeconomics": 0.6666666666666666,
        "econometrics": 0.45132743362831856,
        "college_computer_science": 0.494949494949495,
        "high_school_biology": 0.7313915857605178,
        "abstract_algebra": 0.30303030303030304,
        "professional_accounting": 0.4234875444839858,
        "philosophy": 0.6548387096774193,
        "professional_medicine": 0.6642066420664207,
        "nutrition": 0.659016393442623,
        "global_facts": 0.30303030303030304,
        "machine_learning": 0.46846846846846846,
        "security_studies": 0.7008196721311475,
        "public_relations": 0.6513761467889908,
        "professional_psychology": 0.6219312602291326,
        "prehistory": 0.7058823529411765,
        "anatomy": 0.5970149253731343,
        "human_sexuality": 0.7230769230769231,
        "college_medicine": 0.6046511627906976,
        "high_school_government_and_politics": 0.8229166666666666,
        "college_chemistry": 0.46464646464646464,
        "logical_fallacies": 0.654320987654321,
        "high_school_geography": 0.7461928934010152,
        "elementary_mathematics": 0.40583554376657827,
        "human_aging": 0.6666666666666666,
        "college_mathematics": 0.31313131313131315,
        "high_school_psychology": 0.7996323529411765,
        "formal_logic": 0.432,
        "high_school_statistics": 0.5302325581395348,
        "international_law": 0.7083333333333334,
        "high_school_mathematics": 0.35315985130111527,
        "high_school_computer_science": 0.6363636363636364,
        "conceptual_physics": 0.5085470085470085,
        "miscellaneous": 0.7979539641943734,
        "high_school_chemistry": 0.5346534653465347,
        "marketing": 0.8283261802575107,
        "professional_law": 0.45596868884540115,
        "management": 0.7941176470588235,
        "college_physics": 0.43564356435643564,
        "jurisprudence": 0.7009345794392523,
        "world_religions": 0.788235294117647,
        "sociology": 0.825,
        "us_foreign_policy": 0.8383838383838383,
        "high_school_macroeconomics": 0.5449871465295629,
        "computer_security": 0.6868686868686869,
        "moral_scenarios": 0.3344519015659955,
        "moral_disputes": 0.6318840579710145,
        "electrical_engineering": 0.5694444444444444,
        "astronomy": 0.6291390728476821,
        "college_biology": 0.7132867132867133
    }
}