{
    "accuracy": 0.6010010725777619,
    "category_acc": {
        "high_school_european_history": 0.7317073170731707,
        "business_ethics": 0.6262626262626263,
        "clinical_knowledge": 0.6893939393939394,
        "medical_genetics": 0.7676767676767676,
        "high_school_us_history": 0.7832512315270936,
        "high_school_physics": 0.31333333333333335,
        "high_school_world_history": 0.8220338983050848,
        "virology": 0.49696969696969695,
        "high_school_microeconomics": 0.6666666666666666,
        "econometrics": 0.39823008849557523,
        "college_computer_science": 0.494949494949495,
        "high_school_biology": 0.7378640776699029,
        "abstract_algebra": 0.31313131313131315,
        "professional_accounting": 0.43416370106761565,
        "philosophy": 0.6548387096774193,
        "professional_medicine": 0.6568265682656826,
        "nutrition": 0.6655737704918033,
        "global_facts": 0.3333333333333333,
        "machine_learning": 0.5045045045045045,
        "security_studies": 0.6844262295081968,
        "public_relations": 0.6330275229357798,
        "professional_psychology": 0.6170212765957447,
        "prehistory": 0.6934984520123839,
        "anatomy": 0.5970149253731343,
        "human_sexuality": 0.7230769230769231,
        "college_medicine": 0.5697674418604651,
        "high_school_government_and_politics": 0.8229166666666666,
        "college_chemistry": 0.45454545454545453,
        "logical_fallacies": 0.6790123456790124,
        "high_school_geography": 0.7411167512690355,
        "elementary_mathematics": 0.4217506631299735,
        "human_aging": 0.6801801801801802,
        "college_mathematics": 0.3434343434343434,
        "high_school_psychology": 0.8069852941176471,
        "formal_logic": 0.472,
        "high_school_statistics": 0.4883720930232558,
        "international_law": 0.7166666666666667,
        "high_school_mathematics": 0.35687732342007433,
        "high_school_computer_science": 0.6464646464646465,
        "conceptual_physics": 0.5256410256410257,
        "miscellaneous": 0.8107416879795396,
        "high_school_chemistry": 0.5247524752475248,
        "marketing": 0.8326180257510729,
        "professional_law": 0.4637964774951076,
        "management": 0.7745098039215687,
        "college_physics": 0.39603960396039606,
        "jurisprudence": 0.6915887850467289,
        "world_religions": 0.8,
        "sociology": 0.805,
        "us_foreign_policy": 0.8181818181818182,
        "high_school_macroeconomics": 0.5526992287917738,
        "computer_security": 0.696969696969697,
        "moral_scenarios": 0.32997762863534674,
        "moral_disputes": 0.6405797101449275,
        "electrical_engineering": 0.5625,
        "astronomy": 0.6158940397350994,
        "college_biology": 0.7202797202797203
    }
}