{
    "overall_acc": 0.2857142857142857,
    "language_acc": {
        "Vietnamese": 0.3068181818181818,
        "Indonesian": 0.2727272727272727,
        "Spanish": 0.30113636363636365,
        "Malay": 0.2840909090909091,
        "Filipino": 0.3181818181818182,
        "English": 0.26704545454545453,
        "Chinese": 0.25
    },
    "consistency_score_2": 0.5519480519480519,
    "consistency_score_3": 0.35373376623376623,
    "consistency_score_4": 0.24853896103896106,
    "consistency_score_5": 0.18722943722943722,
    "consistency_score_6": 0.14935064935064934,
    "consistency_score_7": 0.125,
    "detailed_consistency_score": {
        "2_combine": {
            "Vietnamese,Indonesian": 0.4659090909090909,
            "Vietnamese,Spanish": 0.5397727272727273,
            "Vietnamese,Malay": 0.5284090909090909,
            "Vietnamese,Filipino": 0.6534090909090909,
            "Vietnamese,English": 0.5511363636363636,
            "Vietnamese,Chinese": 0.6136363636363636,
            "Indonesian,Spanish": 0.3181818181818182,
            "Indonesian,Malay": 0.7215909090909091,
            "Indonesian,Filipino": 0.5340909090909091,
            "Indonesian,English": 0.6818181818181818,
            "Indonesian,Chinese": 0.45454545454545453,
            "Spanish,Malay": 0.4090909090909091,
            "Spanish,Filipino": 0.5738636363636364,
            "Spanish,English": 0.3352272727272727,
            "Spanish,Chinese": 0.5852272727272727,
            "Malay,Filipino": 0.5738636363636364,
            "Malay,English": 0.6818181818181818,
            "Malay,Chinese": 0.5170454545454546,
            "Filipino,English": 0.5965909090909091,
            "Filipino,Chinese": 0.6193181818181818,
            "English,Chinese": 0.6363636363636364
        },
        "3_combine": {
            "Vietnamese,Indonesian,Spanish": 0.21022727272727273,
            "Vietnamese,Indonesian,Malay": 0.3806818181818182,
            "Vietnamese,Indonesian,Filipino": 0.36363636363636365,
            "Vietnamese,Indonesian,English": 0.375,
            "Vietnamese,Indonesian,Chinese": 0.30113636363636365,
            "Vietnamese,Spanish,Malay": 0.2727272727272727,
            "Vietnamese,Spanish,Filipino": 0.42045454545454547,
            "Vietnamese,Spanish,English": 0.2556818181818182,
            "Vietnamese,Spanish,Chinese": 0.39204545454545453,
            "Vietnamese,Malay,Filipino": 0.4090909090909091,
            "Vietnamese,Malay,English": 0.3977272727272727,
            "Vietnamese,Malay,Chinese": 0.35795454545454547,
            "Vietnamese,Filipino,English": 0.4431818181818182,
            "Vietnamese,Filipino,Chinese": 0.4772727272727273,
            "Vietnamese,English,Chinese": 0.42613636363636365,
            "Indonesian,Spanish,Malay": 0.25,
            "Indonesian,Spanish,Filipino": 0.23863636363636365,
            "Indonesian,Spanish,English": 0.20454545454545456,
            "Indonesian,Spanish,Chinese": 0.19886363636363635,
            "Indonesian,Malay,Filipino": 0.4318181818181818,
            "Indonesian,Malay,English": 0.5568181818181818,
            "Indonesian,Malay,Chinese": 0.375,
            "Indonesian,Filipino,English": 0.4318181818181818,
            "Indonesian,Filipino,Chinese": 0.32954545454545453,
            "Indonesian,English,Chinese": 0.4034090909090909,
            "Spanish,Malay,Filipino": 0.30113636363636365,
            "Spanish,Malay,English": 0.2215909090909091,
            "Spanish,Malay,Chinese": 0.26704545454545453,
            "Spanish,Filipino,English": 0.2840909090909091,
            "Spanish,Filipino,Chinese": 0.4147727272727273,
            "Spanish,English,Chinese": 0.2840909090909091,
            "Malay,Filipino,English": 0.44886363636363635,
            "Malay,Filipino,Chinese": 0.38636363636363635,
            "Malay,English,Chinese": 0.4318181818181818,
            "Filipino,English,Chinese": 0.4375
        },
        "4_combine": {
            "Vietnamese,Indonesian,Spanish,Malay": 0.17613636363636365,
            "Vietnamese,Indonesian,Spanish,Filipino": 0.19318181818181818,
            "Vietnamese,Indonesian,Spanish,English": 0.1590909090909091,
            "Vietnamese,Indonesian,Spanish,Chinese": 0.14772727272727273,
            "Vietnamese,Indonesian,Malay,Filipino": 0.30113636363636365,
            "Vietnamese,Indonesian,Malay,English": 0.3125,
            "Vietnamese,Indonesian,Malay,Chinese": 0.25,
            "Vietnamese,Indonesian,Filipino,English": 0.3125,
            "Vietnamese,Indonesian,Filipino,Chinese": 0.26704545454545453,
            "Vietnamese,Indonesian,English,Chinese": 0.2897727272727273,
            "Vietnamese,Spanish,Malay,Filipino": 0.25,
            "Vietnamese,Spanish,Malay,English": 0.1875,
            "Vietnamese,Spanish,Malay,Chinese": 0.21022727272727273,
            "Vietnamese,Spanish,Filipino,English": 0.25,
            "Vietnamese,Spanish,Filipino,Chinese": 0.32954545454545453,
            "Vietnamese,Spanish,English,Chinese": 0.22727272727272727,
            "Vietnamese,Malay,Filipino,English": 0.32954545454545453,
            "Vietnamese,Malay,Filipino,Chinese": 0.30113636363636365,
            "Vietnamese,Malay,English,Chinese": 0.3125,
            "Vietnamese,Filipino,English,Chinese": 0.36363636363636365,
            "Indonesian,Spanish,Malay,Filipino": 0.19886363636363635,
            "Indonesian,Spanish,Malay,English": 0.16477272727272727,
            "Indonesian,Spanish,Malay,Chinese": 0.17045454545454544,
            "Indonesian,Spanish,Filipino,English": 0.17613636363636365,
            "Indonesian,Spanish,Filipino,Chinese": 0.17045454545454544,
            "Indonesian,Spanish,English,Chinese": 0.16477272727272727,
            "Indonesian,Malay,Filipino,English": 0.36363636363636365,
            "Indonesian,Malay,Filipino,Chinese": 0.2727272727272727,
            "Indonesian,Malay,English,Chinese": 0.3409090909090909,
            "Indonesian,Filipino,English,Chinese": 0.29545454545454547,
            "Spanish,Malay,Filipino,English": 0.20454545454545456,
            "Spanish,Malay,Filipino,Chinese": 0.24431818181818182,
            "Spanish,Malay,English,Chinese": 0.19318181818181818,
            "Spanish,Filipino,English,Chinese": 0.25,
            "Malay,Filipino,English,Chinese": 0.3181818181818182
        },
        "5_combine": {
            "Vietnamese,Indonesian,Spanish,Malay,Filipino": 0.16477272727272727,
            "Vietnamese,Indonesian,Spanish,Malay,English": 0.13636363636363635,
            "Vietnamese,Indonesian,Spanish,Malay,Chinese": 0.13068181818181818,
            "Vietnamese,Indonesian,Spanish,Filipino,English": 0.1590909090909091,
            "Vietnamese,Indonesian,Spanish,Filipino,Chinese": 0.14772727272727273,
            "Vietnamese,Indonesian,Spanish,English,Chinese": 0.14204545454545456,
            "Vietnamese,Indonesian,Malay,Filipino,English": 0.26136363636363635,
            "Vietnamese,Indonesian,Malay,Filipino,Chinese": 0.2159090909090909,
            "Vietnamese,Indonesian,Malay,English,Chinese": 0.24431818181818182,
            "Vietnamese,Indonesian,Filipino,English,Chinese": 0.2556818181818182,
            "Vietnamese,Spanish,Malay,Filipino,English": 0.1875,
            "Vietnamese,Spanish,Malay,Filipino,Chinese": 0.20454545454545456,
            "Vietnamese,Spanish,Malay,English,Chinese": 0.17045454545454544,
            "Vietnamese,Spanish,Filipino,English,Chinese": 0.22727272727272727,
            "Vietnamese,Malay,Filipino,English,Chinese": 0.26704545454545453,
            "Indonesian,Spanish,Malay,Filipino,English": 0.14772727272727273,
            "Indonesian,Spanish,Malay,Filipino,Chinese": 0.1534090909090909,
            "Indonesian,Spanish,Malay,English,Chinese": 0.14204545454545456,
            "Indonesian,Spanish,Filipino,English,Chinese": 0.14772727272727273,
            "Indonesian,Malay,Filipino,English,Chinese": 0.24431818181818182,
            "Spanish,Malay,Filipino,English,Chinese": 0.18181818181818182
        },