{
    "overall_acc": 0.25974025974025977,
    "language_acc": {
        "Vietnamese": 0.23863636363636365,
        "Indonesian": 0.2727272727272727,
        "Spanish": 0.3125,
        "Malay": 0.23295454545454544,
        "Filipino": 0.22727272727272727,
        "English": 0.2840909090909091,
        "Chinese": 0.25
    },
    "consistency_score_2": 0.48674242424242414,
    "consistency_score_3": 0.29724025974025975,
    "consistency_score_4": 0.2051948051948052,
    "consistency_score_5": 0.15151515151515152,
    "consistency_score_6": 0.11444805194805195,
    "consistency_score_7": 0.08522727272727272,
    "detailed_consistency_score": {
        "2_combine": {
            "Vietnamese,Indonesian": 0.4772727272727273,
            "Vietnamese,Spanish": 0.42613636363636365,
            "Vietnamese,Malay": 0.5,
            "Vietnamese,Filipino": 0.48863636363636365,
            "Vietnamese,English": 0.5738636363636364,
            "Vietnamese,Chinese": 0.5625,
            "Indonesian,Spanish": 0.3806818181818182,
            "Indonesian,Malay": 0.6420454545454546,
            "Indonesian,Filipino": 0.39204545454545453,
            "Indonesian,English": 0.4659090909090909,
            "Indonesian,Chinese": 0.3977272727272727,
            "Spanish,Malay": 0.45454545454545453,
            "Spanish,Filipino": 0.3977272727272727,
            "Spanish,English": 0.39204545454545453,
            "Spanish,Chinese": 0.5113636363636364,
            "Malay,Filipino": 0.48295454545454547,
            "Malay,English": 0.5738636363636364,
            "Malay,Chinese": 0.4943181818181818,
            "Filipino,English": 0.4715909090909091,
            "Filipino,Chinese": 0.4659090909090909,
            "English,Chinese": 0.6704545454545454
        },
        "3_combine": {
            "Vietnamese,Indonesian,Spanish": 0.23295454545454544,
            "Vietnamese,Indonesian,Malay": 0.35795454545454547,
            "Vietnamese,Indonesian,Filipino": 0.25,
            "Vietnamese,Indonesian,English": 0.32386363636363635,
            "Vietnamese,Indonesian,Chinese": 0.2784090909090909,
            "Vietnamese,Spanish,Malay": 0.26136363636363635,
            "Vietnamese,Spanish,Filipino": 0.2556818181818182,
            "Vietnamese,Spanish,English": 0.26704545454545453,
            "Vietnamese,Spanish,Chinese": 0.30113636363636365,
            "Vietnamese,Malay,Filipino": 0.29545454545454547,
            "Vietnamese,Malay,English": 0.3806818181818182,
            "Vietnamese,Malay,Chinese": 0.3352272727272727,
            "Vietnamese,Filipino,English": 0.35795454545454547,
            "Vietnamese,Filipino,Chinese": 0.3465909090909091,
            "Vietnamese,English,Chinese": 0.4431818181818182,
            "Indonesian,Spanish,Malay": 0.30113636363636365,
            "Indonesian,Spanish,Filipino": 0.1590909090909091,
            "Indonesian,Spanish,English": 0.2215909090909091,
            "Indonesian,Spanish,Chinese": 0.23295454545454544,
            "Indonesian,Malay,Filipino": 0.30113636363636365,
            "Indonesian,Malay,English": 0.38636363636363635,
            "Indonesian,Malay,Chinese": 0.3181818181818182,
            "Indonesian,Filipino,English": 0.24431818181818182,
            "Indonesian,Filipino,Chinese": 0.21022727272727273,
            "Indonesian,English,Chinese": 0.3181818181818182,
            "Spanish,Malay,Filipino": 0.23295454545454544,
            "Spanish,Malay,English": 0.2897727272727273,
            "Spanish,Malay,Chinese": 0.29545454545454547,
            "Spanish,Filipino,English": 0.24431818181818182,
            "Spanish,Filipino,Chinese": 0.2727272727272727,
            "Spanish,English,Chinese": 0.3068181818181818,
            "Malay,Filipino,English": 0.32386363636363635,
            "Malay,Filipino,Chinese": 0.2897727272727273,
            "Malay,English,Chinese": 0.39204545454545453,
            "Filipino,English,Chinese": 0.375
        },
        "4_combine": {
            "Vietnamese,Indonesian,Spanish,Malay": 0.19318181818181818,
            "Vietnamese,Indonesian,Spanish,Filipino": 0.13636363636363635,
            "Vietnamese,Indonesian,Spanish,English": 0.17045454545454544,
            "Vietnamese,Indonesian,Spanish,Chinese": 0.17613636363636365,
            "Vietnamese,Indonesian,Malay,Filipino": 0.20454545454545456,
            "Vietnamese,Indonesian,Malay,English": 0.2727272727272727,
            "Vietnamese,Indonesian,Malay,Chinese": 0.2215909090909091,
            "Vietnamese,Indonesian,Filipino,English": 0.20454545454545456,
            "Vietnamese,Indonesian,Filipino,Chinese": 0.1875,
            "Vietnamese,Indonesian,English,Chinese": 0.24431818181818182,
            "Vietnamese,Spanish,Malay,Filipino": 0.17045454545454544,
            "Vietnamese,Spanish,Malay,English": 0.21022727272727273,
            "Vietnamese,Spanish,Malay,Chinese": 0.21022727272727273,
            "Vietnamese,Spanish,Filipino,English": 0.19886363636363635,
            "Vietnamese,Spanish,Filipino,Chinese": 0.20454545454545456,
            "Vietnamese,Spanish,English,Chinese": 0.2215909090909091,
            "Vietnamese,Malay,Filipino,English": 0.26136363636363635,
            "Vietnamese,Malay,Filipino,Chinese": 0.23863636363636365,
            "Vietnamese,Malay,English,Chinese": 0.29545454545454547,
            "Vietnamese,Filipino,English,Chinese": 0.30113636363636365,
            "Indonesian,Spanish,Malay,Filipino": 0.13068181818181818,
            "Indonesian,Spanish,Malay,English": 0.20454545454545456,
            "Indonesian,Spanish,Malay,Chinese": 0.19886363636363635,
            "Indonesian,Spanish,Filipino,English": 0.13068181818181818,
            "Indonesian,Spanish,Filipino,Chinese": 0.125,
            "Indonesian,Spanish,English,Chinese": 0.17045454545454544,
            "Indonesian,Malay,Filipino,English": 0.2159090909090909,
            "Indonesian,Malay,Filipino,Chinese": 0.18181818181818182,
            "Indonesian,Malay,English,Chinese": 0.26136363636363635,
            "Indonesian,Filipino,English,Chinese": 0.19318181818181818,
            "Spanish,Malay,Filipino,English": 0.17613636363636365,
            "Spanish,Malay,Filipino,Chinese": 0.17613636363636365,
            "Spanish,Malay,English,Chinese": 0.22727272727272727,
            "Spanish,Filipino,English,Chinese": 0.20454545454545456,
            "Malay,Filipino,English,Chinese": 0.26136363636363635
        },
        "5_combine": {
            "Vietnamese,Indonesian,Spanish,Malay,Filipino": 0.11363636363636363,
            "Vietnamese,Indonesian,Spanish,Malay,English": 0.1534090909090909,
            "Vietnamese,Indonesian,Spanish,Malay,Chinese": 0.14772727272727273,
            "Vietnamese,Indonesian,Spanish,Filipino,English": 0.11931818181818182,
            "Vietnamese,Indonesian,Spanish,Filipino,Chinese": 0.11931818181818182,
            "Vietnamese,Indonesian,Spanish,English,Chinese": 0.14204545454545456,
            "Vietnamese,Indonesian,Malay,Filipino,English": 0.18181818181818182,
            "Vietnamese,Indonesian,Malay,Filipino,Chinese": 0.1590909090909091,
            "Vietnamese,Indonesian,Malay,English,Chinese": 0.19886363636363635,
            "Vietnamese,Indonesian,Filipino,English,Chinese": 0.17045454545454544,
            "Vietnamese,Spanish,Malay,Filipino,English": 0.1534090909090909,
            "Vietnamese,Spanish,Malay,Filipino,Chinese": 0.14772727272727273,
            "Vietnamese,Spanish,Malay,English,Chinese": 0.18181818181818182,
            "Vietnamese,Spanish,Filipino,English,Chinese": 0.17045454545454544,
            "Vietnamese,Malay,Filipino,English,Chinese": 0.2215909090909091,
            "Indonesian,Spanish,Malay,Filipino,English": 0.11363636363636363,
            "Indonesian,Spanish,Malay,Filipino,Chinese": 0.10227272727272728,
            "Indonesian,Spanish,Malay,English,Chinese": 0.1534090909090909,
            "Indonesian,Spanish,Filipino,English,Chinese": 0.10795454545454546,