{
    "accuracy": 0.44268859492313195,
    "category_acc": {
        "high_school_european_history": 0.2865853658536585,
        "business_ethics": 0.5050505050505051,
        "clinical_knowledge": 0.4772727272727273,
        "medical_genetics": 0.47474747474747475,
        "high_school_us_history": 0.30049261083743845,
        "high_school_physics": 0.2866666666666667,
        "high_school_world_history": 0.2627118644067797,
        "virology": 0.38181818181818183,
        "high_school_microeconomics": 0.4978902953586498,
        "econometrics": 0.3008849557522124,
        "college_computer_science": 0.40404040404040403,
        "high_school_biology": 0.56957928802589,
        "abstract_algebra": 0.2222222222222222,
        "professional_accounting": 0.36298932384341637,
        "philosophy": 0.535483870967742,
        "professional_medicine": 0.2693726937269373,
        "nutrition": 0.46885245901639344,
        "global_facts": 0.24242424242424243,
        "machine_learning": 0.34234234234234234,
        "security_studies": 0.45491803278688525,
        "public_relations": 0.6330275229357798,
        "professional_psychology": 0.4500818330605565,
        "prehistory": 0.5015479876160991,
        "anatomy": 0.4925373134328358,
        "human_sexuality": 0.5076923076923077,
        "college_medicine": 0.42441860465116277,
        "high_school_government_and_politics": 0.5989583333333334,
        "college_chemistry": 0.3838383838383838,
        "logical_fallacies": 0.5308641975308642,
        "high_school_geography": 0.649746192893401,
        "elementary_mathematics": 0.2625994694960212,
        "human_aging": 0.5990990990990991,
        "college_mathematics": 0.2222222222222222,
        "high_school_psychology": 0.6599264705882353,
        "formal_logic": 0.32,
        "high_school_statistics": 0.30697674418604654,
        "international_law": 0.6166666666666667,
        "high_school_mathematics": 0.25650557620817843,
        "high_school_computer_science": 0.46464646464646464,
        "conceptual_physics": 0.47863247863247865,
        "miscellaneous": 0.6572890025575447,
        "high_school_chemistry": 0.3316831683168317,
        "marketing": 0.7639484978540773,
        "professional_law": 0.32811480756686234,
        "management": 0.6666666666666666,
        "college_physics": 0.297029702970297,
        "jurisprudence": 0.616822429906542,
        "world_religions": 0.6588235294117647,
        "sociology": 0.53,
        "us_foreign_policy": 0.6363636363636364,
        "high_school_macroeconomics": 0.442159383033419,
        "computer_security": 0.5252525252525253,
        "moral_scenarios": 0.2505592841163311,
        "moral_disputes": 0.5246376811594203,
        "electrical_engineering": 0.4166666666666667,
        "astronomy": 0.4503311258278146,
        "college_biology": 0.5804195804195804
    }
}