{
    "accuracy": 0.4615795446959076,
    "category_acc": {
        "History": 0.43373493975903615,
        "Geography": 0.463265306122449,
        "Lampungic": 0.2653061224489796,
        "Social science": 0.6828046744574291,
        "Balinese": 0.2823779193205945,
        "Makassarese": 0.3548387096774194,
        "Banjarese": 0.3819444444444444,
        "Chemistry": 0.3284671532846715,
        "Biology": 0.39644970414201186,
        "Science": 0.5882352941176471,
        "Christian religion": 0.5422885572139303,
        "Art": 0.5457570715474209,
        "Islam religion": 0.5305832147937412,
        "Hindu religion": 0.44666666666666666,
        "Madurese": 0.2745762711864407,
        "Sport": 0.5,
        "Indonesian language": 0.5438978829389788,
        "Physics": 0.4080808080808081,
        "Minangkabau culture": 0.36180904522613067,
        "Dayak language": 0.3486238532110092,
        "Sociology": 0.4717741935483871,
        "Economy": 0.4426229508196721,
        "Sundanese": 0.3526361279170268,
        "Javanese": 0.3034274193548387,
        "Civic education": 0.5565092989985694
    }
}