{
    "accuracy": 0.31246762217233637,
    "category_acc": {
        "agronomy": 0.21893491124260356,
        "anatomy": 0.2702702702702703,
        "ancient_chinese": 0.2865853658536585,
        "arts": 0.35,
        "astronomy": 0.296969696969697,
        "business_ethics": 0.3253588516746411,
        "chinese_civil_service_exam": 0.31875,
        "chinese_driving_rule": 0.4198473282442748,
        "chinese_food_culture": 0.3088235294117647,
        "chinese_foreign_policy": 0.2897196261682243,
        "chinese_history": 0.28173374613003094,
        "chinese_literature": 0.30392156862745096,
        "chinese_teacher_qualification": 0.2849162011173184,
        "clinical_knowledge": 0.27848101265822783,
        "college_actuarial_science": 0.22641509433962265,
        "college_education": 0.308411214953271,
        "college_engineering_hydrology": 0.3584905660377358,
        "college_law": 0.26851851851851855,
        "college_mathematics": 0.21904761904761905,
        "college_medical_statistics": 0.39622641509433965,
        "college_medicine": 0.2857142857142857,
        "computer_science": 0.3431372549019608,
        "computer_security": 0.32748538011695905,
        "conceptual_physics": 0.3129251700680272,
        "construction_project_management": 0.3597122302158273,
        "economics": 0.3584905660377358,
        "education": 0.2883435582822086,
        "electrical_engineering": 0.3488372093023256,
        "elementary_chinese": 0.28174603174603174,
        "elementary_commonsense": 0.32323232323232326,
        "elementary_information_and_technology": 0.4579831932773109,
        "elementary_mathematics": 0.2565217391304348,
        "ethnology": 0.2740740740740741,
        "food_science": 0.34265734265734266,
        "genetics": 0.3125,
        "global_facts": 0.31543624161073824,
        "high_school_biology": 0.2958579881656805,
        "high_school_chemistry": 0.25757575757575757,
        "high_school_geography": 0.2542372881355932,
        "high_school_mathematics": 0.20121951219512196,
        "high_school_physics": 0.3181818181818182,
        "high_school_politics": 0.36363636363636365,
        "human_sexuality": 0.3333333333333333,
        "international_law": 0.2918918918918919,
        "journalism": 0.32558139534883723,
        "jurisprudence": 0.32116788321167883,
        "legal_and_moral_basis": 0.48598130841121495,
        "logical": 0.2764227642276423,
        "machine_learning": 0.26229508196721313,
        "management": 0.3476190476190476,
        "marketing": 0.36666666666666664,
        "marxist_theory": 0.2698412698412698,
        "modern_chinese": 0.28448275862068967,
        "nutrition": 0.2689655172413793,
        "philosophy": 0.3238095238095238,
        "professional_accounting": 0.30857142857142855,
        "professional_law": 0.2890995260663507,
        "professional_medicine": 0.26063829787234044,
        "professional_psychology": 0.36637931034482757,
        "public_relations": 0.39080459770114945,
        "security_study": 0.362962962962963,
        "sociology": 0.3141592920353982,
        "sports_science": 0.34545454545454546,
        "traditional_chinese_medicine": 0.2756756756756757,
        "virology": 0.3136094674556213,
        "world_history": 0.30434782608695654,
        "world_religions": 0.30625
    }
}