{
    "accuracy": 0.24794712597636692,
    "category_acc": {
        "History": 0.22690763052208834,
        "Geography": 0.2,
        "Lampungic": 0.272108843537415,
        "Social science": 0.2687813021702838,
        "Balinese": 0.25477707006369427,
        "Makassarese": 0.24731182795698925,
        "Banjarese": 0.2361111111111111,
        "Chemistry": 0.19854014598540146,
        "Biology": 0.22011834319526627,
        "Science": 0.26418988648090813,
        "Christian religion": 0.3333333333333333,
        "Art": 0.2612312811980033,
        "Islam religion": 0.24039829302987198,
        "Hindu religion": 0.3333333333333333,
        "Madurese": 0.3050847457627119,
        "Sport": 0.21621621621621623,
        "Indonesian language": 0.2574719800747198,
        "Physics": 0.21616161616161617,
        "Minangkabau culture": 0.2914572864321608,
        "Dayak language": 0.24770642201834864,
        "Sociology": 0.17943548387096775,
        "Economy": 0.20491803278688525,
        "Sundanese": 0.29472774416594644,
        "Javanese": 0.2600806451612903,
        "Civic education": 0.21745350500715308
    }
}