{
    "rouge1": 0.19650427568779455,
    "rouge2": 0.05364004839716688,
    "rougeL": 0.14780535686319093,
    "avg_rouge": 0.13264989364938415
}