{
    "rouge1": 0.20097510069358493,
    "rouge2": 0.06074357546102678,
    "rougeL": 0.15732985995613014,
    "avg_rouge": 0.13968284537024728
}