{
    "rouge1": 0.1973451031462774,
    "rouge2": 0.05506989252399569,
    "rougeL": 0.14860981077086455,
    "avg_rouge": 0.1336749354803792
}