{
    "accuracy": 0.3412204234122042,
    "category_acc": {
        "computer_network": 0.2916666666666667,
        "operating_system": 0.4583333333333333,
        "computer_architecture": 0.23076923076923078,
        "college_programming": 0.40476190476190477,
        "college_physics": 0.125,
        "college_chemistry": 0.20689655172413793,
        "advanced_mathematics": 0.25,
        "probability_and_statistics": 0.17391304347826086,
        "discrete_mathematics": 0.2857142857142857,
        "electrical_engineer": 0.2619047619047619,
        "metrology_engineer": 0.5517241379310345,
        "high_school_mathematics": 0.2608695652173913,
        "high_school_physics": 0.4166666666666667,
        "high_school_chemistry": 0.25,
        "high_school_biology": 0.4583333333333333,
        "middle_school_mathematics": 0.20833333333333334,
        "middle_school_biology": 0.46153846153846156,
        "middle_school_physics": 0.4583333333333333,
        "middle_school_chemistry": 0.32,
        "veterinary_medicine": 0.35714285714285715,
        "college_economics": 0.38333333333333336,
        "business_administration": 0.23684210526315788,
        "marxism": 0.4166666666666667,
        "mao_zedong_thought": 0.41379310344827586,
        "education_science": 0.6176470588235294,
        "teacher_qualification": 0.4897959183673469,
        "high_school_politics": 0.2916666666666667,
        "high_school_geography": 0.4583333333333333,
        "middle_school_politics": 0.3076923076923077,
        "middle_school_geography": 0.4117647058823529,
        "modern_chinese_history": 0.32142857142857145,
        "ideological_and_moral_cultivation": 0.5,
        "logic": 0.37037037037037035,
        "law": 0.2413793103448276,
        "chinese_language_and_literature": 0.25,
        "art_studies": 0.34210526315789475,
        "professional_tour_guide": 0.38235294117647056,
        "legal_professional": 0.17857142857142858,
        "high_school_chinese": 0.3333333333333333,
        "high_school_history": 0.32,
        "middle_school_history": 0.25925925925925924,
        "civil_servant": 0.38461538461538464,
        "sports_science": 0.4166666666666667,
        "plant_protection": 0.5185185185185185,
        "basic_medicine": 0.20833333333333334,
        "clinical_medicine": 0.3333333333333333,
        "urban_and_rural_planner": 0.3137254901960784,
        "accountant": 0.18518518518518517,
        "fire_engineer": 0.3611111111111111,
        "environmental_impact_assessment_engineer": 0.2222222222222222,
        "tax_accountant": 0.37037037037037035,
        "physician": 0.37037037037037035
    }
}