{
    "accuracy": 0.338107098381071,
    "category_acc": {
        "computer_network": 0.2916666666666667,
        "operating_system": 0.4583333333333333,
        "computer_architecture": 0.23076923076923078,
        "college_programming": 0.40476190476190477,
        "college_physics": 0.25,
        "college_chemistry": 0.13793103448275862,
        "advanced_mathematics": 0.20833333333333334,
        "probability_and_statistics": 0.34782608695652173,
        "discrete_mathematics": 0.23809523809523808,
        "electrical_engineer": 0.2619047619047619,
        "metrology_engineer": 0.5517241379310345,
        "high_school_mathematics": 0.13043478260869565,
        "high_school_physics": 0.4583333333333333,
        "high_school_chemistry": 0.08333333333333333,
        "high_school_biology": 0.375,
        "middle_school_mathematics": 0.25,
        "middle_school_biology": 0.46153846153846156,
        "middle_school_physics": 0.625,
        "middle_school_chemistry": 0.36,
        "veterinary_medicine": 0.35714285714285715,
        "college_economics": 0.35,
        "business_administration": 0.18421052631578946,
        "marxism": 0.375,
        "mao_zedong_thought": 0.41379310344827586,
        "education_science": 0.5588235294117647,
        "teacher_qualification": 0.46938775510204084,
        "high_school_politics": 0.25,
        "high_school_geography": 0.3333333333333333,
        "middle_school_politics": 0.5,
        "middle_school_geography": 0.4117647058823529,
        "modern_chinese_history": 0.21428571428571427,
        "ideological_and_moral_cultivation": 0.4583333333333333,
        "logic": 0.25925925925925924,
        "law": 0.20689655172413793,
        "chinese_language_and_literature": 0.2857142857142857,
        "art_studies": 0.3157894736842105,
        "professional_tour_guide": 0.38235294117647056,
        "legal_professional": 0.32142857142857145,
        "high_school_chinese": 0.4166666666666667,
        "high_school_history": 0.32,
        "middle_school_history": 0.2222222222222222,
        "civil_servant": 0.40384615384615385,
        "sports_science": 0.20833333333333334,
        "plant_protection": 0.5555555555555556,
        "basic_medicine": 0.20833333333333334,
        "clinical_medicine": 0.37037037037037035,
        "urban_and_rural_planner": 0.4117647058823529,
        "accountant": 0.3148148148148148,
        "fire_engineer": 0.2777777777777778,
        "environmental_impact_assessment_engineer": 0.3888888888888889,
        "tax_accountant": 0.25925925925925924,
        "physician": 0.3148148148148148
    }
}