{
    "overall_acc": 0.26952380952380955,
    "language_acc": {
        "Filipino": 0.24,
        "Vietnamese": 0.3,
        "Chinese": 0.29333333333333333,
        "Spanish": 0.29333333333333333,
        "Malay": 0.23333333333333334,
        "Indonesian": 0.26,
        "English": 0.26666666666666666
    },
    "consistency_score_2": 0.45269841269841266,
    "consistency_score_3": 0.2617142857142857,
    "consistency_score_4": 0.17485714285714288,
    "consistency_score_5": 0.1292063492063492,
    "consistency_score_6": 0.10285714285714287,
    "consistency_score_7": 0.08666666666666667,
    "detailed_consistency_score": {
        "2_combine": {
            "Filipino,Vietnamese": 0.41333333333333333,
            "Filipino,Chinese": 0.38,
            "Filipino,Spanish": 0.43333333333333335,
            "Filipino,Malay": 0.47333333333333333,
            "Filipino,Indonesian": 0.43333333333333335,
            "Filipino,English": 0.4666666666666667,
            "Vietnamese,Chinese": 0.5533333333333333,
            "Vietnamese,Spanish": 0.43333333333333335,
            "Vietnamese,Malay": 0.5,
            "Vietnamese,Indonesian": 0.5066666666666667,
            "Vietnamese,English": 0.38666666666666666,
            "Chinese,Spanish": 0.4266666666666667,
            "Chinese,Malay": 0.4266666666666667,
            "Chinese,Indonesian": 0.4266666666666667,
            "Chinese,English": 0.43333333333333335,
            "Spanish,Malay": 0.46,
            "Spanish,Indonesian": 0.3933333333333333,
            "Spanish,English": 0.48,
            "Malay,Indonesian": 0.6333333333333333,
            "Malay,English": 0.4266666666666667,
            "Indonesian,English": 0.42
        },
        "3_combine": {
            "Filipino,Vietnamese,Chinese": 0.26666666666666666,
            "Filipino,Vietnamese,Spanish": 0.23333333333333334,
            "Filipino,Vietnamese,Malay": 0.28,
            "Filipino,Vietnamese,Indonesian": 0.28,
            "Filipino,Vietnamese,English": 0.24,
            "Filipino,Chinese,Spanish": 0.21333333333333335,
            "Filipino,Chinese,Malay": 0.24,
            "Filipino,Chinese,Indonesian": 0.22666666666666666,
            "Filipino,Chinese,English": 0.24,
            "Filipino,Spanish,Malay": 0.25333333333333335,
            "Filipino,Spanish,Indonesian": 0.22666666666666666,
            "Filipino,Spanish,English": 0.2733333333333333,
            "Filipino,Malay,Indonesian": 0.34,
            "Filipino,Malay,English": 0.26666666666666666,
            "Filipino,Indonesian,English": 0.25333333333333335,
            "Vietnamese,Chinese,Spanish": 0.2866666666666667,
            "Vietnamese,Chinese,Malay": 0.30666666666666664,
            "Vietnamese,Chinese,Indonesian": 0.3,
            "Vietnamese,Chinese,English": 0.25333333333333335,
            "Vietnamese,Spanish,Malay": 0.28,
            "Vietnamese,Spanish,Indonesian": 0.24666666666666667,
            "Vietnamese,Spanish,English": 0.25333333333333335,
            "Vietnamese,Malay,Indonesian": 0.37333333333333335,
            "Vietnamese,Malay,English": 0.22,
            "Vietnamese,Indonesian,English": 0.22,
            "Chinese,Spanish,Malay": 0.23333333333333334,
            "Chinese,Spanish,Indonesian": 0.22666666666666666,
            "Chinese,Spanish,English": 0.25333333333333335,
            "Chinese,Malay,Indonesian": 0.31333333333333335,
            "Chinese,Malay,English": 0.21333333333333335,
            "Chinese,Indonesian,English": 0.22666666666666666,
            "Spanish,Malay,Indonesian": 0.31333333333333335,
            "Spanish,Malay,English": 0.25333333333333335,
            "Spanish,Indonesian,English": 0.24666666666666667,
            "Malay,Indonesian,English": 0.30666666666666664
        },
        "4_combine": {
            "Filipino,Vietnamese,Chinese,Spanish": 0.16666666666666666,
            "Filipino,Vietnamese,Chinese,Malay": 0.19333333333333333,
            "Filipino,Vietnamese,Chinese,Indonesian": 0.19333333333333333,
            "Filipino,Vietnamese,Chinese,English": 0.17333333333333334,
            "Filipino,Vietnamese,Spanish,Malay": 0.16666666666666666,
            "Filipino,Vietnamese,Spanish,Indonesian": 0.15333333333333332,
            "Filipino,Vietnamese,Spanish,English": 0.17333333333333334,
            "Filipino,Vietnamese,Malay,Indonesian": 0.23333333333333334,
            "Filipino,Vietnamese,Malay,English": 0.16,
            "Filipino,Vietnamese,Indonesian,English": 0.16666666666666666,
            "Filipino,Chinese,Spanish,Malay": 0.14666666666666667,
            "Filipino,Chinese,Spanish,Indonesian": 0.14,
            "Filipino,Chinese,Spanish,English": 0.16,
            "Filipino,Chinese,Malay,Indonesian": 0.19333333333333333,
            "Filipino,Chinese,Malay,English": 0.16,
            "Filipino,Chinese,Indonesian,English": 0.15333333333333332,
            "Filipino,Spanish,Malay,Indonesian": 0.19333333333333333,
            "Filipino,Spanish,Malay,English": 0.18,
            "Filipino,Spanish,Indonesian,English": 0.17333333333333334,
            "Filipino,Malay,Indonesian,English": 0.2,
            "Vietnamese,Chinese,Spanish,Malay": 0.18666666666666668,
            "Vietnamese,Chinese,Spanish,Indonesian": 0.16666666666666666,
            "Vietnamese,Chinese,Spanish,English": 0.18,
            "Vietnamese,Chinese,Malay,Indonesian": 0.23333333333333334,
            "Vietnamese,Chinese,Malay,English": 0.15333333333333332,
            "Vietnamese,Chinese,Indonesian,English": 0.16666666666666666,
            "Vietnamese,Spanish,Malay,Indonesian": 0.21333333333333335,
            "Vietnamese,Spanish,Malay,English": 0.16,
            "Vietnamese,Spanish,Indonesian,English": 0.15333333333333332,
            "Vietnamese,Malay,Indonesian,English": 0.16666666666666666,
            "Chinese,Spanish,Malay,Indonesian": 0.18,
            "Chinese,Spanish,Malay,English": 0.15333333333333332,
            "Chinese,Spanish,Indonesian,English": 0.15333333333333332,
            "Chinese,Malay,Indonesian,English": 0.16666666666666666,
            "Spanish,Malay,Indonesian,English": 0.20666666666666667
        },
        "5_combine": {
            "Filipino,Vietnamese,Chinese,Spanish,Malay": 0.12,
            "Filipino,Vietnamese,Chinese,Spanish,Indonesian": 0.11333333333333333,
            "Filipino,Vietnamese,Chinese,Spanish,English": 0.13333333333333333,
            "Filipino,Vietnamese,Chinese,Malay,Indonesian": 0.16,
            "Filipino,Vietnamese,Chinese,Malay,English": 0.12666666666666668,
            "Filipino,Vietnamese,Chinese,Indonesian,English": 0.13333333333333333,
            "Filipino,Vietnamese,Spanish,Malay,Indonesian": 0.14,
            "Filipino,Vietnamese,Spanish,Malay,English": 0.12,
            "Filipino,Vietnamese,Spanish,Indonesian,English": 0.12,
            "Filipino,Vietnamese,Malay,Indonesian,English": 0.13333333333333333,
            "Filipino,Chinese,Spanish,Malay,Indonesian": 0.12666666666666668,
            "Filipino,Chinese,Spanish,Malay,English": 0.12,
            "Filipino,Chinese,Spanish,Indonesian,English": 0.12,
            "Filipino,Chinese,Malay,Indonesian,English": 0.12666666666666668,
            "Filipino,Spanish,Malay,Indonesian,English": 0.15333333333333332,
            "Vietnamese,Chinese,Spanish,Malay,Indonesian": 0.14,
            "Vietnamese,Chinese,Spanish,Malay,English": 0.12,
            "Vietnamese,Chinese,Spanish,Indonesian,English": 0.11333333333333333,
            "Vietnamese,Chinese,Malay,Indonesian,English": 0.12666666666666668,
            "Vietnamese,Spanish,Malay,Indonesian,English": 0.13333333333333333,
            "Chinese,Spanish,Malay,Indonesian,English": 0.13333333333333333
        },
        "6_combine": {
            "Filipino,Vietnamese,Chinese,Spanish,Malay,Indonesian": 0.1,
            "Filipino,Vietnamese,Chinese,Spanish,Malay,English": 0.1,
            "Filipino,Vietnamese,Chinese,Spanish,Indonesian,English": 0.1,