{
    "overall_acc": 0.6466386554621849,
    "language_acc": {
        "Spanish": 0.6571428571428571,
        "English": 0.6663865546218487,
        "Chinese": 0.6504201680672269,
        "Vietnamese": 0.6126050420168068
    },
    "consistency_score_2": 0.6168067226890757,
    "consistency_score_3": 0.47016806722689075,
    "consistency_score_4": 0.38235294117647056,
    "detailed_consistency_score": {
        "2_combine": {
            "Spanish,English": 0.66890756302521,
            "Spanish,Chinese": 0.5949579831932773,
            "Spanish,Vietnamese": 0.6184873949579832,
            "English,Chinese": 0.5974789915966386,
            "English,Vietnamese": 0.6378151260504201,
            "Chinese,Vietnamese": 0.5831932773109244
        },
        "3_combine": {
            "Spanish,English,Chinese": 0.473109243697479,
            "Spanish,English,Vietnamese": 0.5033613445378151,
            "Spanish,Chinese,Vietnamese": 0.4504201680672269,
            "English,Chinese,Vietnamese": 0.453781512605042
        },
        "4_combine": {
            "Spanish,English,Chinese,Vietnamese": 0.38235294117647056
        }
    },
    "AC3_2": 0.6313704995965111,
    "AC3_3": 0.5444609897647811,
    "AC3_4": 0.48055628943519973
}