{
    "rouge1": 0.337934193303483,
    "rouge2": 0.13154283775211653,
    "rougeL": 0.2614570898741684,
    "avg_rouge": 0.24364470697658933
}