{
    "rouge1": 0.34499225565885405,
    "rouge2": 0.131082047202366,
    "rougeL": 0.26542039826170644,
    "avg_rouge": 0.24716490037430883
}