{
    "accuracy": 0.488165892027172,
    "category_acc": {
        "high_school_european_history": 0.7073170731707317,
        "business_ethics": 0.6161616161616161,
        "clinical_knowledge": 0.5454545454545454,
        "medical_genetics": 0.494949494949495,
        "high_school_us_history": 0.6847290640394089,
        "high_school_physics": 0.2866666666666667,
        "high_school_world_history": 0.6694915254237288,
        "virology": 0.44242424242424244,
        "high_school_microeconomics": 0.5147679324894515,
        "econometrics": 0.336283185840708,
        "college_computer_science": 0.41414141414141414,
        "high_school_biology": 0.56957928802589,
        "abstract_algebra": 0.2222222222222222,
        "professional_accounting": 0.3879003558718861,
        "philosophy": 0.5225806451612903,
        "professional_medicine": 0.45018450184501846,
        "nutrition": 0.4819672131147541,
        "global_facts": 0.3434343434343434,
        "machine_learning": 0.32432432432432434,
        "security_studies": 0.5901639344262295,
        "public_relations": 0.5871559633027523,
        "professional_psychology": 0.4664484451718494,
        "prehistory": 0.47368421052631576,
        "anatomy": 0.44776119402985076,
        "human_sexuality": 0.5769230769230769,
        "college_medicine": 0.47674418604651164,
        "high_school_government_and_politics": 0.6822916666666666,
        "college_chemistry": 0.42424242424242425,
        "logical_fallacies": 0.5864197530864198,
        "high_school_geography": 0.6751269035532995,
        "elementary_mathematics": 0.33421750663129973,
        "human_aging": 0.5225225225225225,
        "college_mathematics": 0.24242424242424243,
        "high_school_psychology": 0.6911764705882353,
        "formal_logic": 0.376,
        "high_school_statistics": 0.413953488372093,
        "international_law": 0.65,
        "high_school_mathematics": 0.30111524163568776,
        "high_school_computer_science": 0.4444444444444444,
        "conceptual_physics": 0.43162393162393164,
        "miscellaneous": 0.6547314578005116,
        "high_school_chemistry": 0.30198019801980197,
        "marketing": 0.759656652360515,
        "professional_law": 0.3796477495107632,
        "management": 0.6764705882352942,
        "college_physics": 0.32673267326732675,
        "jurisprudence": 0.5887850467289719,
        "world_religions": 0.5764705882352941,
        "sociology": 0.735,
        "us_foreign_policy": 0.7070707070707071,
        "high_school_macroeconomics": 0.532133676092545,
        "computer_security": 0.6161616161616161,
        "moral_scenarios": 0.2225950782997763,
        "moral_disputes": 0.5855072463768116,
        "electrical_engineering": 0.4166666666666667,
        "astronomy": 0.5364238410596026,
        "college_biology": 0.46853146853146854
    }
}