{
    "accuracy": 0.48623525205577406,
    "category_acc": {
        "high_school_european_history": 0.7073170731707317,
        "business_ethics": 0.6363636363636364,
        "clinical_knowledge": 0.553030303030303,
        "medical_genetics": 0.48484848484848486,
        "high_school_us_history": 0.6748768472906403,
        "high_school_physics": 0.3,
        "high_school_world_history": 0.6610169491525424,
        "virology": 0.4484848484848485,
        "high_school_microeconomics": 0.5189873417721519,
        "econometrics": 0.3274336283185841,
        "college_computer_science": 0.45454545454545453,
        "high_school_biology": 0.5631067961165048,
        "abstract_algebra": 0.23232323232323232,
        "professional_accounting": 0.3807829181494662,
        "philosophy": 0.5225806451612903,
        "professional_medicine": 0.44280442804428044,
        "nutrition": 0.47540983606557374,
        "global_facts": 0.3434343434343434,
        "machine_learning": 0.36036036036036034,
        "security_studies": 0.5778688524590164,
        "public_relations": 0.5779816513761468,
        "professional_psychology": 0.46153846153846156,
        "prehistory": 0.47368421052631576,
        "anatomy": 0.44029850746268656,
        "human_sexuality": 0.5461538461538461,
        "college_medicine": 0.48255813953488375,
        "high_school_government_and_politics": 0.6770833333333334,
        "college_chemistry": 0.42424242424242425,
        "logical_fallacies": 0.5555555555555556,
        "high_school_geography": 0.6802030456852792,
        "elementary_mathematics": 0.3183023872679045,
        "human_aging": 0.509009009009009,
        "college_mathematics": 0.26262626262626265,
        "high_school_psychology": 0.6875,
        "formal_logic": 0.368,
        "high_school_statistics": 0.413953488372093,
        "international_law": 0.6583333333333333,
        "high_school_mathematics": 0.2899628252788104,
        "high_school_computer_science": 0.47474747474747475,
        "conceptual_physics": 0.43162393162393164,
        "miscellaneous": 0.6483375959079284,
        "high_school_chemistry": 0.297029702970297,
        "marketing": 0.7424892703862661,
        "professional_law": 0.3822570123939987,
        "management": 0.6862745098039216,
        "college_physics": 0.3465346534653465,
        "jurisprudence": 0.5794392523364486,
        "world_religions": 0.5705882352941176,
        "sociology": 0.745,
        "us_foreign_policy": 0.6767676767676768,
        "high_school_macroeconomics": 0.5167095115681234,
        "computer_security": 0.6060606060606061,
        "moral_scenarios": 0.23154362416107382,
        "moral_disputes": 0.5826086956521739,
        "electrical_engineering": 0.4236111111111111,
        "astronomy": 0.5298013245033113,
        "college_biology": 0.4755244755244755
    }
}