{
    "overall_acc": 0.40903361344537814,
    "language_acc": {
        "Vietnamese": 0.380672268907563,
        "Spanish": 0.3773109243697479,
        "English": 0.4714285714285714,
        "Chinese": 0.40672268907563025
    },
    "consistency_score_2": 0.5582633053221288,
    "consistency_score_3": 0.38928571428571423,
    "consistency_score_4": 0.2991596638655462,
    "detailed_consistency_score": {
        "2_combine": {
            "Vietnamese,Spanish": 0.5436974789915966,
            "Vietnamese,English": 0.5756302521008403,
            "Vietnamese,Chinese": 0.5638655462184874,
            "Spanish,English": 0.565546218487395,
            "Spanish,Chinese": 0.5336134453781513,
            "English,Chinese": 0.5672268907563025
        },
        "3_combine": {
            "Vietnamese,Spanish,English": 0.3915966386554622,
            "Vietnamese,Spanish,Chinese": 0.37815126050420167,
            "Vietnamese,English,Chinese": 0.4016806722689076,
            "Spanish,English,Chinese": 0.38571428571428573
        },
        "4_combine": {
            "Vietnamese,Spanish,English,Chinese": 0.2991596638655462
        }
    },
    "AC3_2": 0.4721372570838266,
    "AC3_3": 0.39891541348386517,
    "AC3_4": 0.3455733405303898
}