{
    "rouge1": 0.3547401935449302,
    "rouge2": 0.11498075200152216,
    "rougeL": 0.2762344758589933,
    "avg_rouge": 0.24865180713514856
}