{
    "rouge1": 0.3754300349232909,
    "rouge2": 0.13153300324103895,
    "rougeL": 0.29602806455697206,
    "avg_rouge": 0.2676637009071006
}