{
    "overall_acc": 0.25081168831168826,
    "language_acc": {
        "Indonesian": 0.20454545454545456,
        "English": 0.2840909090909091,
        "Filipino": 0.2897727272727273,
        "Spanish": 0.26704545454545453,
        "Chinese": 0.23295454545454544,
        "Malay": 0.2159090909090909,
        "Vietnamese": 0.26136363636363635
    },
    "consistency_score_2": 0.28977272727272724,
    "consistency_score_3": 0.09399350649350649,
    "consistency_score_4": 0.032629870129870134,
    "consistency_score_5": 0.011634199134199132,
    "consistency_score_6": 0.004058441558441559,
    "consistency_score_7": 0.0,
    "detailed_consistency_score": {
        "2_combine": {
            "Indonesian,English": 0.25,
            "Indonesian,Filipino": 0.26704545454545453,
            "Indonesian,Spanish": 0.3125,
            "Indonesian,Chinese": 0.22727272727272727,
            "Indonesian,Malay": 0.2556818181818182,
            "Indonesian,Vietnamese": 0.36363636363636365,
            "English,Filipino": 0.32386363636363635,
            "English,Spanish": 0.29545454545454547,
            "English,Chinese": 0.23863636363636365,
            "English,Malay": 0.3125,
            "English,Vietnamese": 0.32386363636363635,
            "Filipino,Spanish": 0.2784090909090909,
            "Filipino,Chinese": 0.2897727272727273,
            "Filipino,Malay": 0.2784090909090909,
            "Filipino,Vietnamese": 0.2897727272727273,
            "Spanish,Chinese": 0.26136363636363635,
            "Spanish,Malay": 0.2897727272727273,
            "Spanish,Vietnamese": 0.3465909090909091,
            "Chinese,Malay": 0.30113636363636365,
            "Chinese,Vietnamese": 0.26704545454545453,
            "Malay,Vietnamese": 0.3125
        },
        "3_combine": {
            "Indonesian,English,Filipino": 0.08522727272727272,
            "Indonesian,English,Spanish": 0.0625,
            "Indonesian,English,Chinese": 0.045454545454545456,
            "Indonesian,English,Malay": 0.09090909090909091,
            "Indonesian,English,Vietnamese": 0.11363636363636363,
            "Indonesian,Filipino,Spanish": 0.07954545454545454,
            "Indonesian,Filipino,Chinese": 0.07386363636363637,
            "Indonesian,Filipino,Malay": 0.07954545454545454,
            "Indonesian,Filipino,Vietnamese": 0.10795454545454546,
            "Indonesian,Spanish,Chinese": 0.09090909090909091,
            "Indonesian,Spanish,Malay": 0.10227272727272728,
            "Indonesian,Spanish,Vietnamese": 0.13068181818181818,
            "Indonesian,Chinese,Malay": 0.045454545454545456,
            "Indonesian,Chinese,Vietnamese": 0.09659090909090909,
            "Indonesian,Malay,Vietnamese": 0.09659090909090909,
            "English,Filipino,Spanish": 0.10795454545454546,
            "English,Filipino,Chinese": 0.09659090909090909,
            "English,Filipino,Malay": 0.11363636363636363,
            "English,Filipino,Vietnamese": 0.125,
            "English,Spanish,Chinese": 0.07954545454545454,
            "English,Spanish,Malay": 0.09659090909090909,
            "English,Spanish,Vietnamese": 0.10227272727272728,
            "English,Chinese,Malay": 0.09659090909090909,
            "English,Chinese,Vietnamese": 0.09659090909090909,
            "English,Malay,Vietnamese": 0.11931818181818182,
            "Filipino,Spanish,Chinese": 0.07954545454545454,
            "Filipino,Spanish,Malay": 0.07386363636363637,
            "Filipino,Spanish,Vietnamese": 0.09090909090909091,
            "Filipino,Chinese,Malay": 0.10227272727272728,
            "Filipino,Chinese,Vietnamese": 0.10227272727272728,
            "Filipino,Malay,Vietnamese": 0.07954545454545454,
            "Spanish,Chinese,Malay": 0.09090909090909091,
            "Spanish,Chinese,Vietnamese": 0.09659090909090909,
            "Spanish,Malay,Vietnamese": 0.125,
            "Chinese,Malay,Vietnamese": 0.11363636363636363
        },
        "4_combine": {
            "Indonesian,English,Filipino,Spanish": 0.028409090909090908,
            "Indonesian,English,Filipino,Chinese": 0.022727272727272728,
            "Indonesian,English,Filipino,Malay": 0.03409090909090909,
            "Indonesian,English,Filipino,Vietnamese": 0.03409090909090909,
            "Indonesian,English,Spanish,Chinese": 0.022727272727272728,
            "Indonesian,English,Spanish,Malay": 0.028409090909090908,
            "Indonesian,English,Spanish,Vietnamese": 0.03409090909090909,
            "Indonesian,English,Chinese,Malay": 0.017045454545454544,
            "Indonesian,English,Chinese,Vietnamese": 0.017045454545454544,
            "Indonesian,English,Malay,Vietnamese": 0.03977272727272727,
            "Indonesian,Filipino,Spanish,Chinese": 0.03409090909090909,
            "Indonesian,Filipino,Spanish,Malay": 0.022727272727272728,
            "Indonesian,Filipino,Spanish,Vietnamese": 0.028409090909090908,
            "Indonesian,Filipino,Chinese,Malay": 0.028409090909090908,
            "Indonesian,Filipino,Chinese,Vietnamese": 0.03409090909090909,
            "Indonesian,Filipino,Malay,Vietnamese": 0.017045454545454544,
            "Indonesian,Spanish,Chinese,Malay": 0.03409090909090909,
            "Indonesian,Spanish,Chinese,Vietnamese": 0.03977272727272727,
            "Indonesian,Spanish,Malay,Vietnamese": 0.045454545454545456,
            "Indonesian,Chinese,Malay,Vietnamese": 0.028409090909090908,
            "English,Filipino,Spanish,Chinese": 0.03977272727272727,
            "English,Filipino,Spanish,Malay": 0.03977272727272727,
            "English,Filipino,Spanish,Vietnamese": 0.03977272727272727,
            "English,Filipino,Chinese,Malay": 0.03977272727272727,
            "English,Filipino,Chinese,Vietnamese": 0.05113636363636364,
            "English,Filipino,Malay,Vietnamese": 0.03977272727272727,
            "English,Spanish,Chinese,Malay": 0.028409090909090908,
            "English,Spanish,Chinese,Vietnamese": 0.03409090909090909,
            "English,Spanish,Malay,Vietnamese": 0.03409090909090909,
            "English,Chinese,Malay,Vietnamese": 0.05113636363636364,
            "Filipino,Spanish,Chinese,Malay": 0.022727272727272728,
            "Filipino,Spanish,Chinese,Vietnamese": 0.022727272727272728,
            "Filipino,Spanish,Malay,Vietnamese": 0.028409090909090908,
            "Filipino,Chinese,Malay,Vietnamese": 0.03409090909090909,
            "Spanish,Chinese,Malay,Vietnamese": 0.045454545454545456
        },
        "5_combine": {
            "Indonesian,English,Filipino,Spanish,Chinese": 0.017045454545454544,
            "Indonesian,English,Filipino,Spanish,Malay": 0.011363636363636364,
            "Indonesian,English,Filipino,Spanish,Vietnamese": 0.011363636363636364,
            "Indonesian,English,Filipino,Chinese,Malay": 0.011363636363636364,
            "Indonesian,English,Filipino,Chinese,Vietnamese": 0.005681818181818182,
            "Indonesian,English,Filipino,Malay,Vietnamese": 0.005681818181818182,
            "Indonesian,English,Spanish,Chinese,Malay": 0.017045454545454544,
            "Indonesian,English,Spanish,Chinese,Vietnamese": 0.011363636363636364,
            "Indonesian,English,Spanish,Malay,Vietnamese": 0.011363636363636364,
            "Indonesian,English,Chinese,Malay,Vietnamese": 0.005681818181818182,
            "Indonesian,Filipino,Spanish,Chinese,Malay": 0.017045454545454544,
            "Indonesian,Filipino,Spanish,Chinese,Vietnamese": 0.011363636363636364,
            "Indonesian,Filipino,Spanish,Malay,Vietnamese": 0.005681818181818182,
            "Indonesian,Filipino,Chinese,Malay,Vietnamese": 0.011363636363636364,
            "Indonesian,Spanish,Chinese,Malay,Vietnamese": 0.022727272727272728,
            "English,Filipino,Spanish,Chinese,Malay": 0.011363636363636364,
            "English,Filipino,Spanish,Chinese,Vietnamese": 0.017045454545454544,
            "English,Filipino,Spanish,Malay,Vietnamese": 0.005681818181818182,