{
    "overall_acc": 0.3717532467532468,
    "language_acc": {
        "Indonesian": 0.39204545454545453,
        "English": 0.35795454545454547,
        "Filipino": 0.30113636363636365,
        "Spanish": 0.3693181818181818,
        "Chinese": 0.45454545454545453,
        "Malay": 0.4034090909090909,
        "Vietnamese": 0.32386363636363635
    },
    "consistency_score_2": 0.5340909090909091,
    "consistency_score_3": 0.35259740259740263,
    "consistency_score_4": 0.2553571428571428,
    "consistency_score_5": 0.19453463203463206,
    "consistency_score_6": 0.15178571428571427,
    "consistency_score_7": 0.11931818181818182,
    "detailed_consistency_score": {
        "2_combine": {
            "Indonesian,English": 0.6136363636363636,
            "Indonesian,Filipino": 0.4715909090909091,
            "Indonesian,Spanish": 0.5795454545454546,
            "Indonesian,Chinese": 0.5340909090909091,
            "Indonesian,Malay": 0.6988636363636364,
            "Indonesian,Vietnamese": 0.5568181818181818,
            "English,Filipino": 0.45454545454545453,
            "English,Spanish": 0.6193181818181818,
            "English,Chinese": 0.5113636363636364,
            "English,Malay": 0.5511363636363636,
            "English,Vietnamese": 0.5340909090909091,
            "Filipino,Spanish": 0.4943181818181818,
            "Filipino,Chinese": 0.3806818181818182,
            "Filipino,Malay": 0.4431818181818182,
            "Filipino,Vietnamese": 0.42045454545454547,
            "Spanish,Chinese": 0.5170454545454546,
            "Spanish,Malay": 0.6079545454545454,
            "Spanish,Vietnamese": 0.625,
            "Chinese,Malay": 0.5511363636363636,
            "Chinese,Vietnamese": 0.48863636363636365,
            "Malay,Vietnamese": 0.5625
        },
        "3_combine": {
            "Indonesian,English,Filipino": 0.3409090909090909,
            "Indonesian,English,Spanish": 0.4318181818181818,
            "Indonesian,English,Chinese": 0.3806818181818182,
            "Indonesian,English,Malay": 0.4659090909090909,
            "Indonesian,English,Vietnamese": 0.38636363636363635,
            "Indonesian,Filipino,Spanish": 0.3465909090909091,
            "Indonesian,Filipino,Chinese": 0.26704545454545453,
            "Indonesian,Filipino,Malay": 0.3522727272727273,
            "Indonesian,Filipino,Vietnamese": 0.30113636363636365,
            "Indonesian,Spanish,Chinese": 0.36363636363636365,
            "Indonesian,Spanish,Malay": 0.48295454545454547,
            "Indonesian,Spanish,Vietnamese": 0.4147727272727273,
            "Indonesian,Chinese,Malay": 0.4318181818181818,
            "Indonesian,Chinese,Vietnamese": 0.32954545454545453,
            "Indonesian,Malay,Vietnamese": 0.4431818181818182,
            "English,Filipino,Spanish": 0.3409090909090909,
            "English,Filipino,Chinese": 0.23863636363636365,
            "English,Filipino,Malay": 0.2897727272727273,
            "English,Filipino,Vietnamese": 0.2727272727272727,
            "English,Spanish,Chinese": 0.3806818181818182,
            "English,Spanish,Malay": 0.4147727272727273,
            "English,Spanish,Vietnamese": 0.42045454545454547,
            "English,Chinese,Malay": 0.35795454545454547,
            "English,Chinese,Vietnamese": 0.3125,
            "English,Malay,Vietnamese": 0.35795454545454547,
            "Filipino,Spanish,Chinese": 0.2727272727272727,
            "Filipino,Spanish,Malay": 0.32954545454545453,
            "Filipino,Spanish,Vietnamese": 0.32386363636363635,
            "Filipino,Chinese,Malay": 0.2556818181818182,
            "Filipino,Chinese,Vietnamese": 0.2159090909090909,
            "Filipino,Malay,Vietnamese": 0.2840909090909091,
            "Spanish,Chinese,Malay": 0.39204545454545453,
            "Spanish,Chinese,Vietnamese": 0.35795454545454547,
            "Spanish,Malay,Vietnamese": 0.4375,
            "Chinese,Malay,Vietnamese": 0.3465909090909091
        },
        "4_combine": {
            "Indonesian,English,Filipino,Spanish": 0.2727272727272727,
            "Indonesian,English,Filipino,Chinese": 0.21022727272727273,
            "Indonesian,English,Filipino,Malay": 0.26704545454545453,
            "Indonesian,English,Filipino,Vietnamese": 0.22727272727272727,
            "Indonesian,English,Spanish,Chinese": 0.30113636363636365,
            "Indonesian,English,Spanish,Malay": 0.36363636363636365,
            "Indonesian,English,Spanish,Vietnamese": 0.32386363636363635,
            "Indonesian,English,Chinese,Malay": 0.32386363636363635,
            "Indonesian,English,Chinese,Vietnamese": 0.25,
            "Indonesian,English,Malay,Vietnamese": 0.3125,
            "Indonesian,Filipino,Spanish,Chinese": 0.19886363636363635,
            "Indonesian,Filipino,Spanish,Malay": 0.2897727272727273,
            "Indonesian,Filipino,Spanish,Vietnamese": 0.2556818181818182,
            "Indonesian,Filipino,Chinese,Malay": 0.2159090909090909,
            "Indonesian,Filipino,Chinese,Vietnamese": 0.17045454545454544,
            "Indonesian,Filipino,Malay,Vietnamese": 0.2556818181818182,
            "Indonesian,Spanish,Chinese,Malay": 0.32954545454545453,
            "Indonesian,Spanish,Chinese,Vietnamese": 0.2784090909090909,
            "Indonesian,Spanish,Malay,Vietnamese": 0.35795454545454547,
            "Indonesian,Chinese,Malay,Vietnamese": 0.2897727272727273,
            "English,Filipino,Spanish,Chinese": 0.19318181818181818,
            "English,Filipino,Spanish,Malay": 0.23863636363636365,
            "English,Filipino,Spanish,Vietnamese": 0.23863636363636365,
            "English,Filipino,Chinese,Malay": 0.18181818181818182,
            "English,Filipino,Chinese,Vietnamese": 0.1590909090909091,
            "English,Filipino,Malay,Vietnamese": 0.20454545454545456,
            "English,Spanish,Chinese,Malay": 0.2897727272727273,
            "English,Spanish,Chinese,Vietnamese": 0.2784090909090909,
            "English,Spanish,Malay,Vietnamese": 0.32386363636363635,
            "English,Chinese,Malay,Vietnamese": 0.24431818181818182,
            "Filipino,Spanish,Chinese,Malay": 0.21022727272727273,
            "Filipino,Spanish,Chinese,Vietnamese": 0.18181818181818182,
            "Filipino,Spanish,Malay,Vietnamese": 0.23295454545454544,
            "Filipino,Chinese,Malay,Vietnamese": 0.17045454545454544,
            "Spanish,Chinese,Malay,Vietnamese": 0.29545454545454547
        },
        "5_combine": {
            "Indonesian,English,Filipino,Spanish,Chinese": 0.17045454545454544,
            "Indonesian,English,Filipino,Spanish,Malay": 0.22727272727272727,
            "Indonesian,English,Filipino,Spanish,Vietnamese": 0.21022727272727273,
            "Indonesian,English,Filipino,Chinese,Malay": 0.18181818181818182,
            "Indonesian,English,Filipino,Chinese,Vietnamese": 0.14204545454545456,
            "Indonesian,English,Filipino,Malay,Vietnamese": 0.19886363636363635,
            "Indonesian,English,Spanish,Chinese,Malay": 0.26704545454545453,
            "Indonesian,English,Spanish,Chinese,Vietnamese": 0.23295454545454544,
            "Indonesian,English,Spanish,Malay,Vietnamese": 0.2840909090909091,
            "Indonesian,English,Chinese,Malay,Vietnamese": 0.2215909090909091,
            "Indonesian,Filipino,Spanish,Chinese,Malay": 0.18181818181818182,
            "Indonesian,Filipino,Spanish,Chinese,Vietnamese": 0.14772727272727273,
            "Indonesian,Filipino,Spanish,Malay,Vietnamese": 0.2159090909090909,
            "Indonesian,Filipino,Chinese,Malay,Vietnamese": 0.1534090909090909,
            "Indonesian,Spanish,Chinese,Malay,Vietnamese": 0.2556818181818182,
            "English,Filipino,Spanish,Chinese,Malay": 0.1534090909090909,
            "English,Filipino,Spanish,Chinese,Vietnamese": 0.14204545454545456,
            "English,Filipino,Spanish,Malay,Vietnamese": 0.1875,
            "English,Filipino,Chinese,Malay,Vietnamese": 0.13068181818181818,