{
    "overall_acc": 0.38961038961038963,
    "language_acc": {
        "Indonesian": 0.45454545454545453,
        "English": 0.4034090909090909,
        "Filipino": 0.2840909090909091,
        "Spanish": 0.3352272727272727,
        "Chinese": 0.4318181818181818,
        "Malay": 0.42045454545454547,
        "Vietnamese": 0.3977272727272727
    },
    "consistency_score_2": 0.549512987012987,
    "consistency_score_3": 0.3704545454545455,
    "consistency_score_4": 0.26931818181818185,
    "consistency_score_5": 0.20454545454545456,
    "consistency_score_6": 0.1590909090909091,
    "consistency_score_7": 0.125,
    "detailed_consistency_score": {
        "2_combine": {
            "Indonesian,English": 0.6363636363636364,
            "Indonesian,Filipino": 0.4659090909090909,
            "Indonesian,Spanish": 0.5738636363636364,
            "Indonesian,Chinese": 0.5397727272727273,
            "Indonesian,Malay": 0.7329545454545454,
            "Indonesian,Vietnamese": 0.5909090909090909,
            "English,Filipino": 0.4090909090909091,
            "English,Spanish": 0.5795454545454546,
            "English,Chinese": 0.5738636363636364,
            "English,Malay": 0.6022727272727273,
            "English,Vietnamese": 0.5795454545454546,
            "Filipino,Spanish": 0.4375,
            "Filipino,Chinese": 0.375,
            "Filipino,Malay": 0.4715909090909091,
            "Filipino,Vietnamese": 0.4318181818181818,
            "Spanish,Chinese": 0.5454545454545454,
            "Spanish,Malay": 0.5965909090909091,
            "Spanish,Vietnamese": 0.6704545454545454,
            "Chinese,Malay": 0.5397727272727273,
            "Chinese,Vietnamese": 0.5738636363636364,
            "Malay,Vietnamese": 0.6136363636363636
        },
        "3_combine": {
            "Indonesian,English,Filipino": 0.32954545454545453,
            "Indonesian,English,Spanish": 0.42613636363636365,
            "Indonesian,English,Chinese": 0.4034090909090909,
            "Indonesian,English,Malay": 0.5284090909090909,
            "Indonesian,English,Vietnamese": 0.42613636363636365,
            "Indonesian,Filipino,Spanish": 0.3181818181818182,
            "Indonesian,Filipino,Chinese": 0.26136363636363635,
            "Indonesian,Filipino,Malay": 0.38636363636363635,
            "Indonesian,Filipino,Vietnamese": 0.3125,
            "Indonesian,Spanish,Chinese": 0.35795454545454547,
            "Indonesian,Spanish,Malay": 0.48295454545454547,
            "Indonesian,Spanish,Vietnamese": 0.4431818181818182,
            "Indonesian,Chinese,Malay": 0.44886363636363635,
            "Indonesian,Chinese,Vietnamese": 0.3806818181818182,
            "Indonesian,Malay,Vietnamese": 0.5113636363636364,
            "English,Filipino,Spanish": 0.2840909090909091,
            "English,Filipino,Chinese": 0.24431818181818182,
            "English,Filipino,Malay": 0.30113636363636365,
            "English,Filipino,Vietnamese": 0.2784090909090909,
            "English,Spanish,Chinese": 0.39204545454545453,
            "English,Spanish,Malay": 0.4147727272727273,
            "English,Spanish,Vietnamese": 0.44886363636363635,
            "English,Chinese,Malay": 0.39204545454545453,
            "English,Chinese,Vietnamese": 0.4034090909090909,
            "English,Malay,Vietnamese": 0.42613636363636365,
            "Filipino,Spanish,Chinese": 0.23863636363636365,
            "Filipino,Spanish,Malay": 0.3068181818181818,
            "Filipino,Spanish,Vietnamese": 0.3125,
            "Filipino,Chinese,Malay": 0.2556818181818182,
            "Filipino,Chinese,Vietnamese": 0.25,
            "Filipino,Malay,Vietnamese": 0.32386363636363635,
            "Spanish,Chinese,Malay": 0.3806818181818182,
            "Spanish,Chinese,Vietnamese": 0.42045454545454547,
            "Spanish,Malay,Vietnamese": 0.4715909090909091,
            "Chinese,Malay,Vietnamese": 0.4034090909090909
        },
        "4_combine": {
            "Indonesian,English,Filipino,Spanish": 0.24431818181818182,
            "Indonesian,English,Filipino,Chinese": 0.19886363636363635,
            "Indonesian,English,Filipino,Malay": 0.29545454545454547,
            "Indonesian,English,Filipino,Vietnamese": 0.23863636363636365,
            "Indonesian,English,Spanish,Chinese": 0.2897727272727273,
            "Indonesian,English,Spanish,Malay": 0.36363636363636365,
            "Indonesian,English,Spanish,Vietnamese": 0.3352272727272727,
            "Indonesian,English,Chinese,Malay": 0.35795454545454547,
            "Indonesian,English,Chinese,Vietnamese": 0.3068181818181818,
            "Indonesian,English,Malay,Vietnamese": 0.38636363636363635,
            "Indonesian,Filipino,Spanish,Chinese": 0.1875,
            "Indonesian,Filipino,Spanish,Malay": 0.2784090909090909,
            "Indonesian,Filipino,Spanish,Vietnamese": 0.23863636363636365,
            "Indonesian,Filipino,Chinese,Malay": 0.23863636363636365,
            "Indonesian,Filipino,Chinese,Vietnamese": 0.19318181818181818,
            "Indonesian,Filipino,Malay,Vietnamese": 0.30113636363636365,
            "Indonesian,Spanish,Chinese,Malay": 0.32386363636363635,
            "Indonesian,Spanish,Chinese,Vietnamese": 0.29545454545454547,
            "Indonesian,Spanish,Malay,Vietnamese": 0.3977272727272727,
            "Indonesian,Chinese,Malay,Vietnamese": 0.3352272727272727,
            "English,Filipino,Spanish,Chinese": 0.17613636363636365,
            "English,Filipino,Spanish,Malay": 0.2215909090909091,
            "English,Filipino,Spanish,Vietnamese": 0.2215909090909091,
            "English,Filipino,Chinese,Malay": 0.19318181818181818,
            "English,Filipino,Chinese,Vietnamese": 0.18181818181818182,
            "English,Filipino,Malay,Vietnamese": 0.23295454545454544,
            "English,Spanish,Chinese,Malay": 0.2897727272727273,
            "English,Spanish,Chinese,Vietnamese": 0.32386363636363635,
            "English,Spanish,Malay,Vietnamese": 0.3409090909090909,
            "English,Chinese,Malay,Vietnamese": 0.3068181818181818,
            "Filipino,Spanish,Chinese,Malay": 0.19318181818181818,
            "Filipino,Spanish,Chinese,Vietnamese": 0.17613636363636365,
            "Filipino,Spanish,Malay,Vietnamese": 0.24431818181818182,
            "Filipino,Chinese,Malay,Vietnamese": 0.20454545454545456,
            "Spanish,Chinese,Malay,Vietnamese": 0.3125
        },
        "5_combine": {
            "Indonesian,English,Filipino,Spanish,Chinese": 0.1534090909090909,
            "Indonesian,English,Filipino,Spanish,Malay": 0.2215909090909091,
            "Indonesian,English,Filipino,Spanish,Vietnamese": 0.1875,
            "Indonesian,English,Filipino,Chinese,Malay": 0.19318181818181818,
            "Indonesian,English,Filipino,Chinese,Vietnamese": 0.1590909090909091,
            "Indonesian,English,Filipino,Malay,Vietnamese": 0.23295454545454544,
            "Indonesian,English,Spanish,Chinese,Malay": 0.26136363636363635,
            "Indonesian,English,Spanish,Chinese,Vietnamese": 0.24431818181818182,
            "Indonesian,English,Spanish,Malay,Vietnamese": 0.3068181818181818,
            "Indonesian,English,Chinese,Malay,Vietnamese": 0.2784090909090909,
            "Indonesian,Filipino,Spanish,Chinese,Malay": 0.18181818181818182,
            "Indonesian,Filipino,Spanish,Chinese,Vietnamese": 0.14772727272727273,
            "Indonesian,Filipino,Spanish,Malay,Vietnamese": 0.23295454545454544,
            "Indonesian,Filipino,Chinese,Malay,Vietnamese": 0.19318181818181818,
            "Indonesian,Spanish,Chinese,Malay,Vietnamese": 0.26704545454545453,
            "English,Filipino,Spanish,Chinese,Malay": 0.14772727272727273,
            "English,Filipino,Spanish,Chinese,Vietnamese": 0.14204545454545456,
            "English,Filipino,Spanish,Malay,Vietnamese": 0.1875,
            "English,Filipino,Chinese,Malay,Vietnamese": 0.1590909090909091,
            "English,Spanish,Chinese,Malay,Vietnamese": 0.24431818181818182,