{
    "accuracy": 0.2487480573303402,
    "category_acc": {
        "agronomy": 0.2958579881656805,
        "anatomy": 0.25,
        "ancient_chinese": 0.21341463414634146,
        "arts": 0.225,
        "astronomy": 0.296969696969697,
        "business_ethics": 0.27751196172248804,
        "chinese_civil_service_exam": 0.25625,
        "chinese_driving_rule": 0.24427480916030533,
        "chinese_food_culture": 0.3014705882352941,
        "chinese_foreign_policy": 0.2616822429906542,
        "chinese_history": 0.24148606811145512,
        "chinese_literature": 0.2696078431372549,
        "chinese_teacher_qualification": 0.29608938547486036,
        "clinical_knowledge": 0.25738396624472576,
        "college_actuarial_science": 0.2169811320754717,
        "college_education": 0.24299065420560748,
        "college_engineering_hydrology": 0.3018867924528302,
        "college_law": 0.16666666666666666,
        "college_mathematics": 0.3333333333333333,
        "college_medical_statistics": 0.2358490566037736,
        "college_medicine": 0.20512820512820512,
        "computer_science": 0.27941176470588236,
        "computer_security": 0.25146198830409355,
        "conceptual_physics": 0.20408163265306123,
        "construction_project_management": 0.26618705035971224,
        "economics": 0.23270440251572327,
        "education": 0.24539877300613497,
        "electrical_engineering": 0.3023255813953488,
        "elementary_chinese": 0.21825396825396826,
        "elementary_commonsense": 0.23232323232323232,
        "elementary_information_and_technology": 0.24369747899159663,
        "elementary_mathematics": 0.26521739130434785,
        "ethnology": 0.22962962962962963,
        "food_science": 0.25874125874125875,
        "genetics": 0.2727272727272727,
        "global_facts": 0.2348993288590604,
        "high_school_biology": 0.20710059171597633,
        "high_school_chemistry": 0.24242424242424243,
        "high_school_geography": 0.211864406779661,
        "high_school_mathematics": 0.20121951219512196,
        "high_school_physics": 0.2,
        "high_school_politics": 0.24475524475524477,
        "human_sexuality": 0.2857142857142857,
        "international_law": 0.2918918918918919,
        "journalism": 0.23255813953488372,
        "jurisprudence": 0.26520681265206814,
        "legal_and_moral_basis": 0.205607476635514,
        "logical": 0.22764227642276422,
        "machine_learning": 0.22131147540983606,
        "management": 0.19523809523809524,
        "marketing": 0.2388888888888889,
        "marxist_theory": 0.1693121693121693,
        "modern_chinese": 0.23275862068965517,
        "nutrition": 0.2689655172413793,
        "philosophy": 0.26666666666666666,
        "professional_accounting": 0.21142857142857144,
        "professional_law": 0.2559241706161137,
        "professional_medicine": 0.2579787234042553,
        "professional_psychology": 0.2672413793103448,
        "public_relations": 0.3160919540229885,
        "security_study": 0.22962962962962963,
        "sociology": 0.22566371681415928,
        "sports_science": 0.2727272727272727,
        "traditional_chinese_medicine": 0.25405405405405407,
        "virology": 0.25443786982248523,
        "world_history": 0.2484472049689441,
        "world_religions": 0.33125
    }
}