{
    "accuracy": 0.24563978587463306,
    "category_acc": {
        "agronomy": 0.2485207100591716,
        "anatomy": 0.21621621621621623,
        "ancient_chinese": 0.24390243902439024,
        "arts": 0.225,
        "astronomy": 0.3090909090909091,
        "business_ethics": 0.2583732057416268,
        "chinese_civil_service_exam": 0.26875,
        "chinese_driving_rule": 0.25190839694656486,
        "chinese_food_culture": 0.27205882352941174,
        "chinese_foreign_policy": 0.22429906542056074,
        "chinese_history": 0.23219814241486067,
        "chinese_literature": 0.20098039215686275,
        "chinese_teacher_qualification": 0.21787709497206703,
        "clinical_knowledge": 0.24050632911392406,
        "college_actuarial_science": 0.2169811320754717,
        "college_education": 0.21495327102803738,
        "college_engineering_hydrology": 0.32075471698113206,
        "college_law": 0.23148148148148148,
        "college_mathematics": 0.2571428571428571,
        "college_medical_statistics": 0.27358490566037735,
        "college_medicine": 0.25274725274725274,
        "computer_science": 0.22058823529411764,
        "computer_security": 0.2631578947368421,
        "conceptual_physics": 0.20408163265306123,
        "construction_project_management": 0.30935251798561153,
        "economics": 0.18238993710691823,
        "education": 0.25766871165644173,
        "electrical_engineering": 0.22674418604651161,
        "elementary_chinese": 0.1865079365079365,
        "elementary_commonsense": 0.2676767676767677,
        "elementary_information_and_technology": 0.28991596638655465,
        "elementary_mathematics": 0.23043478260869565,
        "ethnology": 0.3037037037037037,
        "food_science": 0.26573426573426573,
        "genetics": 0.3125,
        "global_facts": 0.2348993288590604,
        "high_school_biology": 0.20710059171597633,
        "high_school_chemistry": 0.2727272727272727,
        "high_school_geography": 0.2288135593220339,
        "high_school_mathematics": 0.21341463414634146,
        "high_school_physics": 0.24545454545454545,
        "high_school_politics": 0.1958041958041958,
        "human_sexuality": 0.1984126984126984,
        "international_law": 0.2594594594594595,
        "journalism": 0.20348837209302326,
        "jurisprudence": 0.25060827250608275,
        "legal_and_moral_basis": 0.27102803738317754,
        "logical": 0.24390243902439024,
        "machine_learning": 0.2540983606557377,
        "management": 0.22380952380952382,
        "marketing": 0.2111111111111111,
        "marxist_theory": 0.21693121693121692,
        "modern_chinese": 0.31896551724137934,
        "nutrition": 0.23448275862068965,
        "philosophy": 0.2571428571428571,
        "professional_accounting": 0.2857142857142857,
        "professional_law": 0.22748815165876776,
        "professional_medicine": 0.25,
        "professional_psychology": 0.24568965517241378,
        "public_relations": 0.28735632183908044,
        "security_study": 0.2222222222222222,
        "sociology": 0.19911504424778761,
        "sports_science": 0.3393939393939394,
        "traditional_chinese_medicine": 0.2648648648648649,
        "virology": 0.22485207100591717,
        "world_history": 0.2732919254658385,
        "world_religions": 0.275
    }
}