{
    "accuracy": 0.6434121913313763,
    "category_acc": {
        "agronomy": 0.5384615384615384,
        "anatomy": 0.5945945945945946,
        "ancient_chinese": 0.3719512195121951,
        "arts": 0.85625,
        "astronomy": 0.4303030303030303,
        "business_ethics": 0.6220095693779905,
        "chinese_civil_service_exam": 0.60625,
        "chinese_driving_rule": 0.8854961832061069,
        "chinese_food_culture": 0.6176470588235294,
        "chinese_foreign_policy": 0.7102803738317757,
        "chinese_history": 0.7708978328173375,
        "chinese_literature": 0.4950980392156863,
        "chinese_teacher_qualification": 0.8100558659217877,
        "clinical_knowledge": 0.5949367088607594,
        "college_actuarial_science": 0.32075471698113206,
        "college_education": 0.7757009345794392,
        "college_engineering_hydrology": 0.5188679245283019,
        "college_law": 0.5925925925925926,
        "college_mathematics": 0.2857142857142857,
        "college_medical_statistics": 0.4811320754716981,
        "college_medicine": 0.6410256410256411,
        "computer_science": 0.6813725490196079,
        "computer_security": 0.7602339181286549,
        "conceptual_physics": 0.8027210884353742,
        "construction_project_management": 0.5539568345323741,
        "economics": 0.6477987421383647,
        "education": 0.6748466257668712,
        "electrical_engineering": 0.6453488372093024,
        "elementary_chinese": 0.6626984126984127,
        "elementary_commonsense": 0.6818181818181818,
        "elementary_information_and_technology": 0.8319327731092437,
        "elementary_mathematics": 0.4956521739130435,
        "ethnology": 0.6666666666666666,
        "food_science": 0.6153846153846154,
        "genetics": 0.5340909090909091,
        "global_facts": 0.6375838926174496,
        "high_school_biology": 0.7041420118343196,
        "high_school_chemistry": 0.6666666666666666,
        "high_school_geography": 0.7627118644067796,
        "high_school_mathematics": 0.38414634146341464,
        "high_school_physics": 0.6181818181818182,
        "high_school_politics": 0.6923076923076923,
        "human_sexuality": 0.5952380952380952,
        "international_law": 0.5567567567567567,
        "journalism": 0.6046511627906976,
        "jurisprudence": 0.6788321167883211,
        "legal_and_moral_basis": 0.9392523364485982,
        "logical": 0.5447154471544715,
        "machine_learning": 0.4918032786885246,
        "management": 0.7761904761904762,
        "marketing": 0.6888888888888889,
        "marxist_theory": 0.8148148148148148,
        "modern_chinese": 0.5603448275862069,
        "nutrition": 0.6482758620689655,
        "philosophy": 0.638095238095238,
        "professional_accounting": 0.7028571428571428,
        "professional_law": 0.5639810426540285,
        "professional_medicine": 0.5132978723404256,
        "professional_psychology": 0.771551724137931,
        "public_relations": 0.6494252873563219,
        "security_study": 0.6888888888888889,
        "sociology": 0.6371681415929203,
        "sports_science": 0.6484848484848484,
        "traditional_chinese_medicine": 0.6432432432432432,
        "virology": 0.6272189349112426,
        "world_history": 0.7080745341614907,
        "world_religions": 0.69375
    }
}