{
    "accuracy": 0.4190535491905355,
    "category_acc": {
        "computer_network": 0.375,
        "operating_system": 0.375,
        "computer_architecture": 0.46153846153846156,
        "college_programming": 0.5238095238095238,
        "college_physics": 0.375,
        "college_chemistry": 0.3448275862068966,
        "advanced_mathematics": 0.4583333333333333,
        "probability_and_statistics": 0.30434782608695654,
        "discrete_mathematics": 0.3333333333333333,
        "electrical_engineer": 0.3333333333333333,
        "metrology_engineer": 0.5862068965517241,
        "high_school_mathematics": 0.17391304347826086,
        "high_school_physics": 0.25,
        "high_school_chemistry": 0.4166666666666667,
        "high_school_biology": 0.375,
        "middle_school_mathematics": 0.2916666666666667,
        "middle_school_biology": 0.6923076923076923,
        "middle_school_physics": 0.4583333333333333,
        "middle_school_chemistry": 0.52,
        "veterinary_medicine": 0.35714285714285715,
        "college_economics": 0.45,
        "business_administration": 0.3157894736842105,
        "marxism": 0.4166666666666667,
        "mao_zedong_thought": 0.5172413793103449,
        "education_science": 0.38235294117647056,
        "teacher_qualification": 0.6122448979591837,
        "high_school_politics": 0.5416666666666666,
        "high_school_geography": 0.4583333333333333,
        "middle_school_politics": 0.5384615384615384,
        "middle_school_geography": 0.23529411764705882,
        "modern_chinese_history": 0.2857142857142857,
        "ideological_and_moral_cultivation": 0.375,
        "logic": 0.5555555555555556,
        "law": 0.3793103448275862,
        "chinese_language_and_literature": 0.42857142857142855,
        "art_studies": 0.4473684210526316,
        "professional_tour_guide": 0.2647058823529412,
        "legal_professional": 0.5,
        "high_school_chinese": 0.2916666666666667,
        "high_school_history": 0.68,
        "middle_school_history": 0.5185185185185185,
        "civil_servant": 0.5384615384615384,
        "sports_science": 0.25,
        "plant_protection": 0.2962962962962963,
        "basic_medicine": 0.2916666666666667,
        "clinical_medicine": 0.2962962962962963,
        "urban_and_rural_planner": 0.45098039215686275,
        "accountant": 0.42592592592592593,
        "fire_engineer": 0.4444444444444444,
        "environmental_impact_assessment_engineer": 0.4444444444444444,
        "tax_accountant": 0.3888888888888889,
        "physician": 0.37037037037037035
    }
}