{
    "accuracy": 0.4327521793275218,
    "category_acc": {
        "computer_network": 0.5,
        "operating_system": 0.5416666666666666,
        "computer_architecture": 0.34615384615384615,
        "college_programming": 0.4523809523809524,
        "college_physics": 0.4583333333333333,
        "college_chemistry": 0.1724137931034483,
        "advanced_mathematics": 0.125,
        "probability_and_statistics": 0.17391304347826086,
        "discrete_mathematics": 0.19047619047619047,
        "electrical_engineer": 0.30952380952380953,
        "metrology_engineer": 0.5517241379310345,
        "high_school_mathematics": 0.08695652173913043,
        "high_school_physics": 0.3333333333333333,
        "high_school_chemistry": 0.4583333333333333,
        "high_school_biology": 0.3333333333333333,
        "middle_school_mathematics": 0.2916666666666667,
        "middle_school_biology": 0.5,
        "middle_school_physics": 0.625,
        "middle_school_chemistry": 0.52,
        "veterinary_medicine": 0.4642857142857143,
        "college_economics": 0.4166666666666667,
        "business_administration": 0.34210526315789475,
        "marxism": 0.5416666666666666,
        "mao_zedong_thought": 0.5517241379310345,
        "education_science": 0.5294117647058824,
        "teacher_qualification": 0.5714285714285714,
        "high_school_politics": 0.5416666666666666,
        "high_school_geography": 0.4166666666666667,
        "middle_school_politics": 0.5384615384615384,
        "middle_school_geography": 0.47058823529411764,
        "modern_chinese_history": 0.21428571428571427,
        "ideological_and_moral_cultivation": 0.5833333333333334,
        "logic": 0.5925925925925926,
        "law": 0.3793103448275862,
        "chinese_language_and_literature": 0.42857142857142855,
        "art_studies": 0.5263157894736842,
        "professional_tour_guide": 0.4117647058823529,
        "legal_professional": 0.4642857142857143,
        "high_school_chinese": 0.16666666666666666,
        "high_school_history": 0.64,
        "middle_school_history": 0.5555555555555556,
        "civil_servant": 0.46153846153846156,
        "sports_science": 0.625,
        "plant_protection": 0.48148148148148145,
        "basic_medicine": 0.375,
        "clinical_medicine": 0.37037037037037035,
        "urban_and_rural_planner": 0.47058823529411764,
        "accountant": 0.46296296296296297,
        "fire_engineer": 0.4166666666666667,
        "environmental_impact_assessment_engineer": 0.5833333333333334,
        "tax_accountant": 0.3148148148148148,
        "physician": 0.4444444444444444
    }
}