{
    "accuracy": 0.3163138231631382,
    "category_acc": {
        "computer_network": 0.20833333333333334,
        "operating_system": 0.041666666666666664,
        "computer_architecture": 0.4230769230769231,
        "college_programming": 0.30952380952380953,
        "college_physics": 0.4166666666666667,
        "college_chemistry": 0.2413793103448276,
        "advanced_mathematics": 0.3333333333333333,
        "probability_and_statistics": 0.34782608695652173,
        "discrete_mathematics": 0.2857142857142857,
        "electrical_engineer": 0.23809523809523808,
        "metrology_engineer": 0.3448275862068966,
        "high_school_mathematics": 0.21739130434782608,
        "high_school_physics": 0.2916666666666667,
        "high_school_chemistry": 0.5,
        "high_school_biology": 0.2916666666666667,
        "middle_school_mathematics": 0.25,
        "middle_school_biology": 0.5769230769230769,
        "middle_school_physics": 0.375,
        "middle_school_chemistry": 0.32,
        "veterinary_medicine": 0.39285714285714285,
        "college_economics": 0.2,
        "business_administration": 0.2894736842105263,
        "marxism": 0.25,
        "mao_zedong_thought": 0.27586206896551724,
        "education_science": 0.17647058823529413,
        "teacher_qualification": 0.2653061224489796,
        "high_school_politics": 0.5,
        "high_school_geography": 0.4166666666666667,
        "middle_school_politics": 0.34615384615384615,
        "middle_school_geography": 0.29411764705882354,
        "modern_chinese_history": 0.2857142857142857,
        "ideological_and_moral_cultivation": 0.3333333333333333,
        "logic": 0.5555555555555556,
        "law": 0.3448275862068966,
        "chinese_language_and_literature": 0.25,
        "art_studies": 0.4473684210526316,
        "professional_tour_guide": 0.29411764705882354,
        "legal_professional": 0.39285714285714285,
        "high_school_chinese": 0.2916666666666667,
        "high_school_history": 0.36,
        "middle_school_history": 0.18518518518518517,
        "civil_servant": 0.4807692307692308,
        "sports_science": 0.2916666666666667,
        "plant_protection": 0.25925925925925924,
        "basic_medicine": 0.375,
        "clinical_medicine": 0.37037037037037035,
        "urban_and_rural_planner": 0.3333333333333333,
        "accountant": 0.37037037037037035,
        "fire_engineer": 0.25,
        "environmental_impact_assessment_engineer": 0.19444444444444445,
        "tax_accountant": 0.3333333333333333,
        "physician": 0.2037037037037037
    }
}