{
    "accuracy": 0.41033623910336237,
    "category_acc": {
        "computer_network": 0.4583333333333333,
        "operating_system": 0.625,
        "computer_architecture": 0.5769230769230769,
        "college_programming": 0.40476190476190477,
        "college_physics": 0.25,
        "college_chemistry": 0.3448275862068966,
        "advanced_mathematics": 0.25,
        "probability_and_statistics": 0.30434782608695654,
        "discrete_mathematics": 0.19047619047619047,
        "electrical_engineer": 0.40476190476190477,
        "metrology_engineer": 0.4482758620689655,
        "high_school_mathematics": 0.30434782608695654,
        "high_school_physics": 0.2916666666666667,
        "high_school_chemistry": 0.375,
        "high_school_biology": 0.25,
        "middle_school_mathematics": 0.20833333333333334,
        "middle_school_biology": 0.5769230769230769,
        "middle_school_physics": 0.4583333333333333,
        "middle_school_chemistry": 0.44,
        "veterinary_medicine": 0.42857142857142855,
        "college_economics": 0.38333333333333336,
        "business_administration": 0.42105263157894735,
        "marxism": 0.5,
        "mao_zedong_thought": 0.6206896551724138,
        "education_science": 0.5,
        "teacher_qualification": 0.4897959183673469,
        "high_school_politics": 0.4583333333333333,
        "high_school_geography": 0.4583333333333333,
        "middle_school_politics": 0.46153846153846156,
        "middle_school_geography": 0.47058823529411764,
        "modern_chinese_history": 0.14285714285714285,
        "ideological_and_moral_cultivation": 0.4583333333333333,
        "logic": 0.37037037037037035,
        "law": 0.3793103448275862,
        "chinese_language_and_literature": 0.5,
        "art_studies": 0.5263157894736842,
        "professional_tour_guide": 0.2647058823529412,
        "legal_professional": 0.21428571428571427,
        "high_school_chinese": 0.041666666666666664,
        "high_school_history": 0.64,
        "middle_school_history": 0.6296296296296297,
        "civil_servant": 0.4423076923076923,
        "sports_science": 0.25,
        "plant_protection": 0.5925925925925926,
        "basic_medicine": 0.16666666666666666,
        "clinical_medicine": 0.4444444444444444,
        "urban_and_rural_planner": 0.5294117647058824,
        "accountant": 0.37037037037037035,
        "fire_engineer": 0.4444444444444444,
        "environmental_impact_assessment_engineer": 0.4722222222222222,
        "tax_accountant": 0.3333333333333333,
        "physician": 0.46296296296296297
    }
}