{
    "accuracy": 0.4613947696139477,
    "category_acc": {
        "computer_network": 0.375,
        "operating_system": 0.6666666666666666,
        "computer_architecture": 0.5384615384615384,
        "college_programming": 0.38095238095238093,
        "college_physics": 0.375,
        "college_chemistry": 0.2413793103448276,
        "advanced_mathematics": 0.375,
        "probability_and_statistics": 0.391304347826087,
        "discrete_mathematics": 0.23809523809523808,
        "electrical_engineer": 0.47619047619047616,
        "metrology_engineer": 0.4482758620689655,
        "high_school_mathematics": 0.13043478260869565,
        "high_school_physics": 0.25,
        "high_school_chemistry": 0.2916666666666667,
        "high_school_biology": 0.4583333333333333,
        "middle_school_mathematics": 0.4166666666666667,
        "middle_school_biology": 0.7307692307692307,
        "middle_school_physics": 0.5416666666666666,
        "middle_school_chemistry": 0.56,
        "veterinary_medicine": 0.5714285714285714,
        "college_economics": 0.5,
        "business_administration": 0.5263157894736842,
        "marxism": 0.5,
        "mao_zedong_thought": 0.6206896551724138,
        "education_science": 0.5588235294117647,
        "teacher_qualification": 0.6122448979591837,
        "high_school_politics": 0.5,
        "high_school_geography": 0.5416666666666666,
        "middle_school_politics": 0.5,
        "middle_school_geography": 0.47058823529411764,
        "modern_chinese_history": 0.35714285714285715,
        "ideological_and_moral_cultivation": 0.5416666666666666,
        "logic": 0.5925925925925926,
        "law": 0.3793103448275862,
        "chinese_language_and_literature": 0.4642857142857143,
        "art_studies": 0.5263157894736842,
        "professional_tour_guide": 0.4117647058823529,
        "legal_professional": 0.42857142857142855,
        "high_school_chinese": 0.25,
        "high_school_history": 0.68,
        "middle_school_history": 0.48148148148148145,
        "civil_servant": 0.5192307692307693,
        "sports_science": 0.2916666666666667,
        "plant_protection": 0.5185185185185185,
        "basic_medicine": 0.16666666666666666,
        "clinical_medicine": 0.5555555555555556,
        "urban_and_rural_planner": 0.5686274509803921,
        "accountant": 0.3888888888888889,
        "fire_engineer": 0.3888888888888889,
        "environmental_impact_assessment_engineer": 0.4722222222222222,
        "tax_accountant": 0.3888888888888889,
        "physician": 0.48148148148148145
    }
}