{
    "accuracy": 0.31320049813200496,
    "category_acc": {
        "computer_network": 0.5,
        "operating_system": 0.375,
        "computer_architecture": 0.3076923076923077,
        "college_programming": 0.35714285714285715,
        "college_physics": 0.3333333333333333,
        "college_chemistry": 0.27586206896551724,
        "advanced_mathematics": 0.2916666666666667,
        "probability_and_statistics": 0.34782608695652173,
        "discrete_mathematics": 0.19047619047619047,
        "electrical_engineer": 0.3333333333333333,
        "metrology_engineer": 0.2413793103448276,
        "high_school_mathematics": 0.17391304347826086,
        "high_school_physics": 0.2916666666666667,
        "high_school_chemistry": 0.5,
        "high_school_biology": 0.2916666666666667,
        "middle_school_mathematics": 0.25,
        "middle_school_biology": 0.3076923076923077,
        "middle_school_physics": 0.375,
        "middle_school_chemistry": 0.44,
        "veterinary_medicine": 0.4642857142857143,
        "college_economics": 0.3,
        "business_administration": 0.3684210526315789,
        "marxism": 0.2916666666666667,
        "mao_zedong_thought": 0.10344827586206896,
        "education_science": 0.17647058823529413,
        "teacher_qualification": 0.3469387755102041,
        "high_school_politics": 0.625,
        "high_school_geography": 0.25,
        "middle_school_politics": 0.23076923076923078,
        "middle_school_geography": 0.5882352941176471,
        "modern_chinese_history": 0.21428571428571427,
        "ideological_and_moral_cultivation": 0.16666666666666666,
        "logic": 0.5925925925925926,
        "law": 0.27586206896551724,
        "chinese_language_and_literature": 0.2857142857142857,
        "art_studies": 0.23684210526315788,
        "professional_tour_guide": 0.23529411764705882,
        "legal_professional": 0.35714285714285715,
        "high_school_chinese": 0.20833333333333334,
        "high_school_history": 0.52,
        "middle_school_history": 0.3333333333333333,
        "civil_servant": 0.4230769230769231,
        "sports_science": 0.16666666666666666,
        "plant_protection": 0.07407407407407407,
        "basic_medicine": 0.16666666666666666,
        "clinical_medicine": 0.2222222222222222,
        "urban_and_rural_planner": 0.29411764705882354,
        "accountant": 0.37037037037037035,
        "fire_engineer": 0.2777777777777778,
        "environmental_impact_assessment_engineer": 0.3333333333333333,
        "tax_accountant": 0.2962962962962963,
        "physician": 0.3148148148148148
    }
}