{
    "accuracy": 0.4364881693648817,
    "category_acc": {
        "computer_network": 0.4583333333333333,
        "operating_system": 0.6666666666666666,
        "computer_architecture": 0.38461538461538464,
        "college_programming": 0.35714285714285715,
        "college_physics": 0.375,
        "college_chemistry": 0.3448275862068966,
        "advanced_mathematics": 0.3333333333333333,
        "probability_and_statistics": 0.2608695652173913,
        "discrete_mathematics": 0.14285714285714285,
        "electrical_engineer": 0.35714285714285715,
        "metrology_engineer": 0.4827586206896552,
        "high_school_mathematics": 0.043478260869565216,
        "high_school_physics": 0.3333333333333333,
        "high_school_chemistry": 0.2916666666666667,
        "high_school_biology": 0.375,
        "middle_school_mathematics": 0.3333333333333333,
        "middle_school_biology": 0.6153846153846154,
        "middle_school_physics": 0.5833333333333334,
        "middle_school_chemistry": 0.44,
        "veterinary_medicine": 0.42857142857142855,
        "college_economics": 0.38333333333333336,
        "business_administration": 0.3684210526315789,
        "marxism": 0.5416666666666666,
        "mao_zedong_thought": 0.5517241379310345,
        "education_science": 0.5294117647058824,
        "teacher_qualification": 0.6326530612244898,
        "high_school_politics": 0.5833333333333334,
        "high_school_geography": 0.4583333333333333,
        "middle_school_politics": 0.46153846153846156,
        "middle_school_geography": 0.47058823529411764,
        "modern_chinese_history": 0.4642857142857143,
        "ideological_and_moral_cultivation": 0.5833333333333334,
        "logic": 0.7037037037037037,
        "law": 0.41379310344827586,
        "chinese_language_and_literature": 0.4642857142857143,
        "art_studies": 0.47368421052631576,
        "professional_tour_guide": 0.3235294117647059,
        "legal_professional": 0.39285714285714285,
        "high_school_chinese": 0.16666666666666666,
        "high_school_history": 0.6,
        "middle_school_history": 0.5555555555555556,
        "civil_servant": 0.5,
        "sports_science": 0.4583333333333333,
        "plant_protection": 0.5185185185185185,
        "basic_medicine": 0.16666666666666666,
        "clinical_medicine": 0.4444444444444444,
        "urban_and_rural_planner": 0.5098039215686274,
        "accountant": 0.4074074074074074,
        "fire_engineer": 0.25,
        "environmental_impact_assessment_engineer": 0.5277777777777778,
        "tax_accountant": 0.4444444444444444,
        "physician": 0.48148148148148145
    }
}