{
    "accuracy": 0.42273864855202004,
    "category_acc": {
        "high_school_european_history": 0.6585365853658537,
        "business_ethics": 0.5757575757575758,
        "clinical_knowledge": 0.45454545454545453,
        "medical_genetics": 0.46464646464646464,
        "high_school_us_history": 0.45320197044334976,
        "high_school_physics": 0.2733333333333333,
        "high_school_world_history": 0.6271186440677966,
        "virology": 0.3878787878787879,
        "high_school_microeconomics": 0.4388185654008439,
        "econometrics": 0.2743362831858407,
        "college_computer_science": 0.4444444444444444,
        "high_school_biology": 0.44983818770226536,
        "abstract_algebra": 0.29292929292929293,
        "professional_accounting": 0.33807829181494664,
        "philosophy": 0.43870967741935485,
        "professional_medicine": 0.3948339483394834,
        "nutrition": 0.4459016393442623,
        "global_facts": 0.30303030303030304,
        "machine_learning": 0.25225225225225223,
        "security_studies": 0.5122950819672131,
        "public_relations": 0.45871559633027525,
        "professional_psychology": 0.3895253682487725,
        "prehistory": 0.4086687306501548,
        "anatomy": 0.5149253731343284,
        "human_sexuality": 0.5230769230769231,
        "college_medicine": 0.3953488372093023,
        "high_school_government_and_politics": 0.5208333333333334,
        "college_chemistry": 0.32323232323232326,
        "logical_fallacies": 0.5802469135802469,
        "high_school_geography": 0.5685279187817259,
        "elementary_mathematics": 0.30238726790450926,
        "human_aging": 0.43243243243243246,
        "college_mathematics": 0.3434343434343434,
        "high_school_psychology": 0.5625,
        "formal_logic": 0.336,
        "high_school_statistics": 0.3209302325581395,
        "international_law": 0.6166666666666667,
        "high_school_mathematics": 0.26765799256505574,
        "high_school_computer_science": 0.4444444444444444,
        "conceptual_physics": 0.36752136752136755,
        "miscellaneous": 0.5358056265984654,
        "high_school_chemistry": 0.28217821782178215,
        "marketing": 0.759656652360515,
        "professional_law": 0.31833007175472927,
        "management": 0.6176470588235294,
        "college_physics": 0.2871287128712871,
        "jurisprudence": 0.5420560747663551,
        "world_religions": 0.4764705882352941,
        "sociology": 0.605,
        "us_foreign_policy": 0.5656565656565656,
        "high_school_macroeconomics": 0.4267352185089974,
        "computer_security": 0.5454545454545454,
        "moral_scenarios": 0.24049217002237136,
        "moral_disputes": 0.5072463768115942,
        "electrical_engineering": 0.4722222222222222,
        "astronomy": 0.37748344370860926,
        "college_biology": 0.3356643356643357
    }
}