{
    "accuracy": 0.421809081158384,
    "category_acc": {
        "high_school_european_history": 0.6646341463414634,
        "business_ethics": 0.5656565656565656,
        "clinical_knowledge": 0.4431818181818182,
        "medical_genetics": 0.43434343434343436,
        "high_school_us_history": 0.46798029556650245,
        "high_school_physics": 0.28,
        "high_school_world_history": 0.6313559322033898,
        "virology": 0.3939393939393939,
        "high_school_microeconomics": 0.4345991561181435,
        "econometrics": 0.2831858407079646,
        "college_computer_science": 0.43434343434343436,
        "high_school_biology": 0.44660194174757284,
        "abstract_algebra": 0.2828282828282828,
        "professional_accounting": 0.3309608540925267,
        "philosophy": 0.43870967741935485,
        "professional_medicine": 0.3837638376383764,
        "nutrition": 0.4426229508196721,
        "global_facts": 0.3333333333333333,
        "machine_learning": 0.23423423423423423,
        "security_studies": 0.5163934426229508,
        "public_relations": 0.45871559633027525,
        "professional_psychology": 0.3911620294599018,
        "prehistory": 0.4179566563467492,
        "anatomy": 0.4925373134328358,
        "human_sexuality": 0.5307692307692308,
        "college_medicine": 0.36627906976744184,
        "high_school_government_and_politics": 0.5260416666666666,
        "college_chemistry": 0.3333333333333333,
        "logical_fallacies": 0.5925925925925926,
        "high_school_geography": 0.5786802030456852,
        "elementary_mathematics": 0.3050397877984085,
        "human_aging": 0.42792792792792794,
        "college_mathematics": 0.3434343434343434,
        "high_school_psychology": 0.5625,
        "formal_logic": 0.312,
        "high_school_statistics": 0.31627906976744186,
        "international_law": 0.65,
        "high_school_mathematics": 0.275092936802974,
        "high_school_computer_science": 0.45454545454545453,
        "conceptual_physics": 0.3418803418803419,
        "miscellaneous": 0.5281329923273658,
        "high_school_chemistry": 0.26732673267326734,
        "marketing": 0.7553648068669528,
        "professional_law": 0.32159165035877363,
        "management": 0.6176470588235294,
        "college_physics": 0.2871287128712871,
        "jurisprudence": 0.5420560747663551,
        "world_religions": 0.4823529411764706,
        "sociology": 0.59,
        "us_foreign_policy": 0.6060606060606061,
        "high_school_macroeconomics": 0.4190231362467866,
        "computer_security": 0.5353535353535354,
        "moral_scenarios": 0.24272930648769575,
        "moral_disputes": 0.5072463768115942,
        "electrical_engineering": 0.4583333333333333,
        "astronomy": 0.3841059602649007,
        "college_biology": 0.3356643356643357
    }
}