{
    "accuracy": 0.42481229889166966,
    "category_acc": {
        "high_school_european_history": 0.6585365853658537,
        "business_ethics": 0.5151515151515151,
        "clinical_knowledge": 0.4393939393939394,
        "medical_genetics": 0.41414141414141414,
        "high_school_us_history": 0.46798029556650245,
        "high_school_physics": 0.3,
        "high_school_world_history": 0.635593220338983,
        "virology": 0.4,
        "high_school_microeconomics": 0.4388185654008439,
        "econometrics": 0.2743362831858407,
        "college_computer_science": 0.40404040404040403,
        "high_school_biology": 0.4336569579288026,
        "abstract_algebra": 0.30303030303030304,
        "professional_accounting": 0.3238434163701068,
        "philosophy": 0.43548387096774194,
        "professional_medicine": 0.3948339483394834,
        "nutrition": 0.46885245901639344,
        "global_facts": 0.31313131313131315,
        "machine_learning": 0.24324324324324326,
        "security_studies": 0.5081967213114754,
        "public_relations": 0.45871559633027525,
        "professional_psychology": 0.3993453355155483,
        "prehistory": 0.43653250773993807,
        "anatomy": 0.4701492537313433,
        "human_sexuality": 0.5384615384615384,
        "college_medicine": 0.38372093023255816,
        "high_school_government_and_politics": 0.5104166666666666,
        "college_chemistry": 0.3333333333333333,
        "logical_fallacies": 0.5864197530864198,
        "high_school_geography": 0.5685279187817259,
        "elementary_mathematics": 0.2917771883289125,
        "human_aging": 0.42342342342342343,
        "college_mathematics": 0.3434343434343434,
        "high_school_psychology": 0.5606617647058824,
        "formal_logic": 0.344,
        "high_school_statistics": 0.3209302325581395,
        "international_law": 0.6333333333333333,
        "high_school_mathematics": 0.2936802973977695,
        "high_school_computer_science": 0.46464646464646464,
        "conceptual_physics": 0.3547008547008547,
        "miscellaneous": 0.5319693094629157,
        "high_school_chemistry": 0.25742574257425743,
        "marketing": 0.759656652360515,
        "professional_law": 0.3242009132420091,
        "management": 0.6176470588235294,
        "college_physics": 0.297029702970297,
        "jurisprudence": 0.5700934579439252,
        "world_religions": 0.47058823529411764,
        "sociology": 0.61,
        "us_foreign_policy": 0.5858585858585859,
        "high_school_macroeconomics": 0.4370179948586118,
        "computer_security": 0.5353535353535354,
        "moral_scenarios": 0.2651006711409396,
        "moral_disputes": 0.4956521739130435,
        "electrical_engineering": 0.4583333333333333,
        "astronomy": 0.40397350993377484,
        "college_biology": 0.32867132867132864
    }
}