{
    "overall_acc": 0.49512987012987014,
    "language_acc": {
        "Indonesian": 0.4431818181818182,
        "English": 0.5625,
        "Filipino": 0.42613636363636365,
        "Spanish": 0.5170454545454546,
        "Chinese": 0.5227272727272727,
        "Malay": 0.4715909090909091,
        "Vietnamese": 0.5227272727272727
    },
    "consistency_score_2": 0.5687229437229437,
    "consistency_score_3": 0.39545454545454545,
    "consistency_score_4": 0.3003246753246754,
    "consistency_score_5": 0.24053030303030298,
    "consistency_score_6": 0.2012987012987013,
    "consistency_score_7": 0.17613636363636365,
    "detailed_consistency_score": {
        "2_combine": {
            "Indonesian,English": 0.5454545454545454,
            "Indonesian,Filipino": 0.5227272727272727,
            "Indonesian,Spanish": 0.5738636363636364,
            "Indonesian,Chinese": 0.5340909090909091,
            "Indonesian,Malay": 0.6477272727272727,
            "Indonesian,Vietnamese": 0.6363636363636364,
            "English,Filipino": 0.48863636363636365,
            "English,Spanish": 0.6136363636363636,
            "English,Chinese": 0.5397727272727273,
            "English,Malay": 0.6079545454545454,
            "English,Vietnamese": 0.5681818181818182,
            "Filipino,Spanish": 0.5284090909090909,
            "Filipino,Chinese": 0.5170454545454546,
            "Filipino,Malay": 0.5227272727272727,
            "Filipino,Vietnamese": 0.5340909090909091,
            "Spanish,Chinese": 0.5852272727272727,
            "Spanish,Malay": 0.5795454545454546,
            "Spanish,Vietnamese": 0.6136363636363636,
            "Chinese,Malay": 0.5454545454545454,
            "Chinese,Vietnamese": 0.6136363636363636,
            "Malay,Vietnamese": 0.625
        },
        "3_combine": {
            "Indonesian,English,Filipino": 0.32954545454545453,
            "Indonesian,English,Spanish": 0.4147727272727273,
            "Indonesian,English,Chinese": 0.36363636363636365,
            "Indonesian,English,Malay": 0.42613636363636365,
            "Indonesian,English,Vietnamese": 0.4147727272727273,
            "Indonesian,Filipino,Spanish": 0.375,
            "Indonesian,Filipino,Chinese": 0.3181818181818182,
            "Indonesian,Filipino,Malay": 0.4034090909090909,
            "Indonesian,Filipino,Vietnamese": 0.4034090909090909,
            "Indonesian,Spanish,Chinese": 0.4090909090909091,
            "Indonesian,Spanish,Malay": 0.4375,
            "Indonesian,Spanish,Vietnamese": 0.4431818181818182,
            "Indonesian,Chinese,Malay": 0.39204545454545453,
            "Indonesian,Chinese,Vietnamese": 0.42613636363636365,
            "Indonesian,Malay,Vietnamese": 0.48863636363636365,
            "English,Filipino,Spanish": 0.36363636363636365,
            "English,Filipino,Chinese": 0.3409090909090909,
            "English,Filipino,Malay": 0.35795454545454547,
            "English,Filipino,Vietnamese": 0.3465909090909091,
            "English,Spanish,Chinese": 0.4090909090909091,
            "English,Spanish,Malay": 0.4375,
            "English,Spanish,Vietnamese": 0.42045454545454547,
            "English,Chinese,Malay": 0.38636363636363635,
            "English,Chinese,Vietnamese": 0.3977272727272727,
            "English,Malay,Vietnamese": 0.4375,
            "Filipino,Spanish,Chinese": 0.35795454545454547,
            "Filipino,Spanish,Malay": 0.375,
            "Filipino,Spanish,Vietnamese": 0.3693181818181818,
            "Filipino,Chinese,Malay": 0.3465909090909091,
            "Filipino,Chinese,Vietnamese": 0.36363636363636365,
            "Filipino,Malay,Vietnamese": 0.38636363636363635,
            "Spanish,Chinese,Malay": 0.4034090909090909,
            "Spanish,Chinese,Vietnamese": 0.4375,
            "Spanish,Malay,Vietnamese": 0.4375,
            "Chinese,Malay,Vietnamese": 0.42045454545454547
        },
        "4_combine": {
            "Indonesian,English,Filipino,Spanish": 0.2727272727272727,
            "Indonesian,English,Filipino,Chinese": 0.24431818181818182,
            "Indonesian,English,Filipino,Malay": 0.29545454545454547,
            "Indonesian,English,Filipino,Vietnamese": 0.2840909090909091,
            "Indonesian,English,Spanish,Chinese": 0.3125,
            "Indonesian,English,Spanish,Malay": 0.3409090909090909,
            "Indonesian,English,Spanish,Vietnamese": 0.3409090909090909,
            "Indonesian,English,Chinese,Malay": 0.2897727272727273,
            "Indonesian,English,Chinese,Vietnamese": 0.3181818181818182,
            "Indonesian,English,Malay,Vietnamese": 0.3522727272727273,
            "Indonesian,Filipino,Spanish,Chinese": 0.2727272727272727,
            "Indonesian,Filipino,Spanish,Malay": 0.3125,
            "Indonesian,Filipino,Spanish,Vietnamese": 0.3125,
            "Indonesian,Filipino,Chinese,Malay": 0.26704545454545453,
            "Indonesian,Filipino,Chinese,Vietnamese": 0.2727272727272727,
            "Indonesian,Filipino,Malay,Vietnamese": 0.32954545454545453,
            "Indonesian,Spanish,Chinese,Malay": 0.3068181818181818,
            "Indonesian,Spanish,Chinese,Vietnamese": 0.3352272727272727,
            "Indonesian,Spanish,Malay,Vietnamese": 0.35795454545454547,
            "Indonesian,Chinese,Malay,Vietnamese": 0.32954545454545453,
            "English,Filipino,Spanish,Chinese": 0.26704545454545453,
            "English,Filipino,Spanish,Malay": 0.2897727272727273,
            "English,Filipino,Spanish,Vietnamese": 0.26704545454545453,
            "English,Filipino,Chinese,Malay": 0.2556818181818182,
            "English,Filipino,Chinese,Vietnamese": 0.2556818181818182,
            "English,Filipino,Malay,Vietnamese": 0.2840909090909091,
            "English,Spanish,Chinese,Malay": 0.3125,
            "English,Spanish,Chinese,Vietnamese": 0.3181818181818182,
            "English,Spanish,Malay,Vietnamese": 0.3409090909090909,
            "English,Chinese,Malay,Vietnamese": 0.3181818181818182,
            "Filipino,Spanish,Chinese,Malay": 0.2784090909090909,
            "Filipino,Spanish,Chinese,Vietnamese": 0.2784090909090909,
            "Filipino,Spanish,Malay,Vietnamese": 0.3068181818181818,
            "Filipino,Chinese,Malay,Vietnamese": 0.26704545454545453,
            "Spanish,Chinese,Malay,Vietnamese": 0.32386363636363635
        },
        "5_combine": {
            "Indonesian,English,Filipino,Spanish,Chinese": 0.2159090909090909,
            "Indonesian,English,Filipino,Spanish,Malay": 0.25,
            "Indonesian,English,Filipino,Spanish,Vietnamese": 0.23863636363636365,
            "Indonesian,English,Filipino,Chinese,Malay": 0.21022727272727273,
            "Indonesian,English,Filipino,Chinese,Vietnamese": 0.2159090909090909,
            "Indonesian,English,Filipino,Malay,Vietnamese": 0.2556818181818182,
            "Indonesian,English,Spanish,Chinese,Malay": 0.25,
            "Indonesian,English,Spanish,Chinese,Vietnamese": 0.2727272727272727,
            "Indonesian,English,Spanish,Malay,Vietnamese": 0.2897727272727273,
            "Indonesian,English,Chinese,Malay,Vietnamese": 0.26136363636363635,
            "Indonesian,Filipino,Spanish,Chinese,Malay": 0.23295454545454544,
            "Indonesian,Filipino,Spanish,Chinese,Vietnamese": 0.23863636363636365,
            "Indonesian,Filipino,Spanish,Malay,Vietnamese": 0.2727272727272727,
            "Indonesian,Filipino,Chinese,Malay,Vietnamese": 0.22727272727272727,
            "Indonesian,Spanish,Chinese,Malay,Vietnamese": 0.26136363636363635,
            "English,Filipino,Spanish,Chinese,Malay": 0.2159090909090909,
            "English,Filipino,Spanish,Chinese,Vietnamese": 0.21022727272727273,
            "English,Filipino,Spanish,Malay,Vietnamese": 0.23863636363636365,
            "English,Filipino,Chinese,Malay,Vietnamese": 0.20454545454545456,
            "English,Spanish,Chinese,Malay,Vietnamese": 0.26136363636363635,
            "Filipino,Spanish,Chinese,Malay,Vietnamese": 0.22727272727272727
        },