{
    "overall_acc": 0.26512605042016807,
    "language_acc": {
        "Vietnamese": 0.2739495798319328,
        "Spanish": 0.23277310924369748,
        "English": 0.27983193277310925,
        "Chinese": 0.2739495798319328
    },
    "consistency_score_2": 0.40574229691876745,
    "consistency_score_3": 0.20546218487394957,
    "consistency_score_4": 0.11428571428571428,
    "detailed_consistency_score": {
        "2_combine": {
            "Vietnamese,Spanish": 0.419327731092437,
            "Vietnamese,English": 0.4579831932773109,
            "Vietnamese,Chinese": 0.37563025210084033,
            "Spanish,English": 0.41596638655462187,
            "Spanish,Chinese": 0.3630252100840336,
            "English,Chinese": 0.40252100840336136
        },
        "3_combine": {
            "Vietnamese,Spanish,English": 0.23529411764705882,
            "Vietnamese,Spanish,Chinese": 0.18571428571428572,
            "Vietnamese,English,Chinese": 0.20840336134453782,
            "Spanish,English,Chinese": 0.19243697478991598
        },
        "4_combine": {
            "Vietnamese,Spanish,English,Chinese": 0.11428571428571428
        }
    },
    "AC3_2": 0.32069735613893025,
    "AC3_3": 0.2315118546927005,
    "AC3_4": 0.15972156300172502
}