{
    "rouge1": 0.35332369180371703,
    "rouge2": 0.13212934688024375,
    "rougeL": 0.2751467196674016,
    "avg_rouge": 0.25353325278378747
}