{
    "rouge1": 0.3375728200639925,
    "rouge2": 0.1289147175962781,
    "rougeL": 0.26195064138633667,
    "avg_rouge": 0.24281272634886908
}