{
    "rouge1": 0.3598875439493886,
    "rouge2": 0.13709311090380896,
    "rougeL": 0.281152520373277,
    "avg_rouge": 0.2593777250754915
}