{
    "rouge1": 0.35049668037175385,
    "rouge2": 0.1358757722654819,
    "rougeL": 0.27365807232254946,
    "avg_rouge": 0.2533435083199284
}