{
    "rouge1": 0.34396543353126563,
    "rouge2": 0.13411811834948725,
    "rougeL": 0.2694215791339607,
    "avg_rouge": 0.24916837700490455
}