{
    "rouge1": 0.4883999304094335,
    "rouge2": 0.2396140799702983,
    "rougeL": 0.40482381144754065,
    "avg_rouge": 0.37761260727575746
}