{
    "rouge1": 0.4895295318667229,
    "rouge2": 0.24117191448518707,
    "rougeL": 0.40644791748868025,
    "avg_rouge": 0.37904978794686334
}