{
    "rouge1": 0.4849018980243311,
    "rouge2": 0.237551200146336,
    "rougeL": 0.40312373253579026,
    "avg_rouge": 0.37519227690215246
}