{
    "rouge1": 0.4866886581108752,
    "rouge2": 0.2394549990808094,
    "rougeL": 0.4058628019738131,
    "avg_rouge": 0.37733548638849923
}