{
    "accuracy": 0.7845579078455791,
    "category_acc": {
        "computer_network": 0.5416666666666666,
        "operating_system": 0.7916666666666666,
        "computer_architecture": 0.6923076923076923,
        "college_programming": 0.8333333333333334,
        "college_physics": 0.5833333333333334,
        "college_chemistry": 0.6206896551724138,
        "advanced_mathematics": 0.20833333333333334,
        "probability_and_statistics": 0.2608695652173913,
        "discrete_mathematics": 0.23809523809523808,
        "electrical_engineer": 0.7380952380952381,
        "metrology_engineer": 0.8275862068965517,
        "high_school_mathematics": 0.17391304347826086,
        "high_school_physics": 0.7916666666666666,
        "high_school_chemistry": 0.7083333333333334,
        "high_school_biology": 0.7916666666666666,
        "middle_school_mathematics": 0.4166666666666667,
        "middle_school_biology": 0.9615384615384616,
        "middle_school_physics": 0.9166666666666666,
        "middle_school_chemistry": 0.96,
        "veterinary_medicine": 0.8571428571428571,
        "college_economics": 0.6666666666666666,
        "business_administration": 0.7894736842105263,
        "marxism": 0.9166666666666666,
        "mao_zedong_thought": 0.9310344827586207,
        "education_science": 0.8823529411764706,
        "teacher_qualification": 0.9387755102040817,
        "high_school_politics": 1.0,
        "high_school_geography": 0.9166666666666666,
        "middle_school_politics": 1.0,
        "middle_school_geography": 0.9411764705882353,
        "modern_chinese_history": 0.8928571428571429,
        "ideological_and_moral_cultivation": 0.9583333333333334,
        "logic": 0.7407407407407407,
        "law": 0.7931034482758621,
        "chinese_language_and_literature": 0.75,
        "art_studies": 0.8947368421052632,
        "professional_tour_guide": 0.9411764705882353,
        "legal_professional": 0.6428571428571429,
        "high_school_chinese": 0.8333333333333334,
        "high_school_history": 1.0,
        "middle_school_history": 0.9629629629629629,
        "civil_servant": 0.7884615384615384,
        "sports_science": 0.9166666666666666,
        "plant_protection": 0.7777777777777778,
        "basic_medicine": 0.9166666666666666,
        "clinical_medicine": 0.8148148148148148,
        "urban_and_rural_planner": 0.803921568627451,
        "accountant": 0.8333333333333334,
        "fire_engineer": 0.7222222222222222,
        "environmental_impact_assessment_engineer": 0.7777777777777778,
        "tax_accountant": 0.8333333333333334,
        "physician": 0.8333333333333334
    }
}