{
    "accuracy": 0.6376089663760897,
    "category_acc": {
        "computer_network": 0.5416666666666666,
        "operating_system": 0.7083333333333334,
        "computer_architecture": 0.6923076923076923,
        "college_programming": 0.7380952380952381,
        "college_physics": 0.20833333333333334,
        "college_chemistry": 0.2413793103448276,
        "advanced_mathematics": 0.3333333333333333,
        "probability_and_statistics": 0.34782608695652173,
        "discrete_mathematics": 0.3333333333333333,
        "electrical_engineer": 0.42857142857142855,
        "metrology_engineer": 0.7241379310344828,
        "high_school_mathematics": 0.21739130434782608,
        "high_school_physics": 0.5,
        "high_school_chemistry": 0.3333333333333333,
        "high_school_biology": 0.7083333333333334,
        "middle_school_mathematics": 0.375,
        "middle_school_biology": 0.9230769230769231,
        "middle_school_physics": 0.7083333333333334,
        "middle_school_chemistry": 0.72,
        "veterinary_medicine": 0.5714285714285714,
        "college_economics": 0.36666666666666664,
        "business_administration": 0.5263157894736842,
        "marxism": 0.7083333333333334,
        "mao_zedong_thought": 0.9655172413793104,
        "education_science": 0.7352941176470589,
        "teacher_qualification": 0.9387755102040817,
        "high_school_politics": 0.7916666666666666,
        "high_school_geography": 0.75,
        "middle_school_politics": 0.9615384615384616,
        "middle_school_geography": 0.8823529411764706,
        "modern_chinese_history": 0.8928571428571429,
        "ideological_and_moral_cultivation": 0.9583333333333334,
        "logic": 0.6666666666666666,
        "law": 0.7241379310344828,
        "chinese_language_and_literature": 0.75,
        "art_studies": 0.8421052631578947,
        "professional_tour_guide": 0.9411764705882353,
        "legal_professional": 0.5357142857142857,
        "high_school_chinese": 0.6666666666666666,
        "high_school_history": 0.84,
        "middle_school_history": 0.9259259259259259,
        "civil_servant": 0.6538461538461539,
        "sports_science": 0.75,
        "plant_protection": 0.4074074074074074,
        "basic_medicine": 0.7916666666666666,
        "clinical_medicine": 0.6296296296296297,
        "urban_and_rural_planner": 0.5098039215686274,
        "accountant": 0.6481481481481481,
        "fire_engineer": 0.4444444444444444,
        "environmental_impact_assessment_engineer": 0.5555555555555556,
        "tax_accountant": 0.5555555555555556,
        "physician": 0.6481481481481481
    }
}