{
    "accuracy": 0.8119551681195517,
    "category_acc": {
        "computer_network": 0.5833333333333334,
        "operating_system": 0.8333333333333334,
        "computer_architecture": 0.8846153846153846,
        "college_programming": 0.8333333333333334,
        "college_physics": 0.75,
        "college_chemistry": 0.6206896551724138,
        "advanced_mathematics": 0.20833333333333334,
        "probability_and_statistics": 0.43478260869565216,
        "discrete_mathematics": 0.2857142857142857,
        "electrical_engineer": 0.7142857142857143,
        "metrology_engineer": 0.896551724137931,
        "high_school_mathematics": 0.21739130434782608,
        "high_school_physics": 0.7916666666666666,
        "high_school_chemistry": 0.7916666666666666,
        "high_school_biology": 0.9166666666666666,
        "middle_school_mathematics": 0.6666666666666666,
        "middle_school_biology": 0.9615384615384616,
        "middle_school_physics": 0.9166666666666666,
        "middle_school_chemistry": 1.0,
        "veterinary_medicine": 0.8571428571428571,
        "college_economics": 0.7166666666666667,
        "business_administration": 0.7631578947368421,
        "marxism": 0.9166666666666666,
        "mao_zedong_thought": 0.9655172413793104,
        "education_science": 0.8823529411764706,
        "teacher_qualification": 0.9183673469387755,
        "high_school_politics": 1.0,
        "high_school_geography": 0.9166666666666666,
        "middle_school_politics": 1.0,
        "middle_school_geography": 0.9411764705882353,
        "modern_chinese_history": 0.9285714285714286,
        "ideological_and_moral_cultivation": 0.9583333333333334,
        "logic": 0.7777777777777778,
        "law": 0.8275862068965517,
        "chinese_language_and_literature": 0.7142857142857143,
        "art_studies": 0.8947368421052632,
        "professional_tour_guide": 0.9411764705882353,
        "legal_professional": 0.6785714285714286,
        "high_school_chinese": 0.875,
        "high_school_history": 1.0,
        "middle_school_history": 0.9259259259259259,
        "civil_servant": 0.75,
        "sports_science": 0.875,
        "plant_protection": 0.8888888888888888,
        "basic_medicine": 0.9166666666666666,
        "clinical_medicine": 0.8148148148148148,
        "urban_and_rural_planner": 0.8235294117647058,
        "accountant": 0.8518518518518519,
        "fire_engineer": 0.8055555555555556,
        "environmental_impact_assessment_engineer": 0.8055555555555556,
        "tax_accountant": 0.8703703703703703,
        "physician": 0.8518518518518519
    }
}