{
    "rouge1": 0.37555740903295204,
    "rouge2": 0.12309897604398988,
    "rougeL": 0.3049472937088673,
    "avg_rouge": 0.2678678929286031
}