{
    "accuracy": 0.7634608509116911,
    "category_acc": {
        "high_school_european_history": 0.8170731707317073,
        "business_ethics": 0.7878787878787878,
        "clinical_knowledge": 0.8446969696969697,
        "medical_genetics": 0.8686868686868687,
        "high_school_us_history": 0.9458128078817734,
        "high_school_physics": 0.58,
        "high_school_world_history": 0.9110169491525424,
        "virology": 0.5454545454545454,
        "high_school_microeconomics": 0.9029535864978903,
        "econometrics": 0.6902654867256637,
        "college_computer_science": 0.6868686868686869,
        "high_school_biology": 0.889967637540453,
        "abstract_algebra": 0.43434343434343436,
        "professional_accounting": 0.604982206405694,
        "philosophy": 0.8290322580645161,
        "professional_medicine": 0.8597785977859779,
        "nutrition": 0.8491803278688524,
        "global_facts": 0.5252525252525253,
        "machine_learning": 0.6756756756756757,
        "security_studies": 0.7909836065573771,
        "public_relations": 0.7431192660550459,
        "professional_psychology": 0.8477905073649754,
        "prehistory": 0.9009287925696594,
        "anatomy": 0.7835820895522388,
        "human_sexuality": 0.8538461538461538,
        "college_medicine": 0.75,
        "high_school_government_and_politics": 0.9791666666666666,
        "college_chemistry": 0.5959595959595959,
        "logical_fallacies": 0.8518518518518519,
        "high_school_geography": 0.9137055837563451,
        "elementary_mathematics": 0.6206896551724138,
        "human_aging": 0.7927927927927928,
        "college_mathematics": 0.5151515151515151,
        "high_school_psychology": 0.9319852941176471,
        "formal_logic": 0.568,
        "high_school_statistics": 0.6976744186046512,
        "international_law": 0.8583333333333333,
        "high_school_mathematics": 0.4423791821561338,
        "high_school_computer_science": 0.8484848484848485,
        "conceptual_physics": 0.782051282051282,
        "miscellaneous": 0.9092071611253197,
        "high_school_chemistry": 0.7277227722772277,
        "marketing": 0.9356223175965666,
        "professional_law": 0.6073059360730594,
        "management": 0.9019607843137255,
        "college_physics": 0.5346534653465347,
        "jurisprudence": 0.8878504672897196,
        "world_religions": 0.8941176470588236,
        "sociology": 0.915,
        "us_foreign_policy": 0.9090909090909091,
        "high_school_macroeconomics": 0.8303341902313625,
        "computer_security": 0.8282828282828283,
        "moral_scenarios": 0.4899328859060403,
        "moral_disputes": 0.8376811594202899,
        "electrical_engineering": 0.7361111111111112,
        "astronomy": 0.9006622516556292,
        "college_biology": 0.9090909090909091
    }
}