{
    "accuracy": 0.5088931099982732,
    "category_acc": {
        "agronomy": 0.4911242603550296,
        "anatomy": 0.3716216216216216,
        "ancient_chinese": 0.2804878048780488,
        "arts": 0.63125,
        "astronomy": 0.36363636363636365,
        "business_ethics": 0.5311004784688995,
        "chinese_civil_service_exam": 0.425,
        "chinese_driving_rule": 0.648854961832061,
        "chinese_food_culture": 0.3897058823529412,
        "chinese_foreign_policy": 0.5887850467289719,
        "chinese_history": 0.5510835913312694,
        "chinese_literature": 0.29901960784313725,
        "chinese_teacher_qualification": 0.6368715083798883,
        "clinical_knowledge": 0.4430379746835443,
        "college_actuarial_science": 0.2641509433962264,
        "college_education": 0.5794392523364486,
        "college_engineering_hydrology": 0.5754716981132075,
        "college_law": 0.46296296296296297,
        "college_mathematics": 0.29523809523809524,
        "college_medical_statistics": 0.5754716981132075,
        "college_medicine": 0.48717948717948717,
        "computer_science": 0.553921568627451,
        "computer_security": 0.6900584795321637,
        "conceptual_physics": 0.5306122448979592,
        "construction_project_management": 0.45323741007194246,
        "economics": 0.5911949685534591,
        "education": 0.558282208588957,
        "electrical_engineering": 0.5058139534883721,
        "elementary_chinese": 0.3373015873015873,
        "elementary_commonsense": 0.5505050505050505,
        "elementary_information_and_technology": 0.7941176470588235,
        "elementary_mathematics": 0.34347826086956523,
        "ethnology": 0.4666666666666667,
        "food_science": 0.5804195804195804,
        "genetics": 0.5227272727272727,
        "global_facts": 0.5436241610738255,
        "high_school_biology": 0.47337278106508873,
        "high_school_chemistry": 0.38636363636363635,
        "high_school_geography": 0.4915254237288136,
        "high_school_mathematics": 0.3231707317073171,
        "high_school_physics": 0.36363636363636365,
        "high_school_politics": 0.5104895104895105,
        "human_sexuality": 0.5079365079365079,
        "international_law": 0.42162162162162165,
        "journalism": 0.6104651162790697,
        "jurisprudence": 0.5109489051094891,
        "legal_and_moral_basis": 0.8411214953271028,
        "logical": 0.5365853658536586,
        "machine_learning": 0.5327868852459017,
        "management": 0.6,
        "marketing": 0.5833333333333334,
        "marxist_theory": 0.6349206349206349,
        "modern_chinese": 0.45689655172413796,
        "nutrition": 0.5517241379310345,
        "philosophy": 0.5428571428571428,
        "professional_accounting": 0.5542857142857143,
        "professional_law": 0.38388625592417064,
        "professional_medicine": 0.39095744680851063,
        "professional_psychology": 0.521551724137931,
        "public_relations": 0.5804597701149425,
        "security_study": 0.6888888888888889,
        "sociology": 0.5442477876106194,
        "sports_science": 0.48484848484848486,
        "traditional_chinese_medicine": 0.3891891891891892,
        "virology": 0.6094674556213018,
        "world_history": 0.5652173913043478,
        "world_religions": 0.54375
    }
}