{
    "rouge1": 0.2156449509326601,
    "rouge2": 0.051271372877158834,
    "rougeL": 0.15762523547298707,
    "avg_rouge": 0.14151385309426867
}