{
    "rouge1": 0.21417352959751168,
    "rouge2": 0.05186922938802024,
    "rougeL": 0.15696263445646286,
    "avg_rouge": 0.14100179781399827
}