{
    "rouge1": 0.21196166804340755,
    "rouge2": 0.048452163740065,
    "rougeL": 0.1531021308500753,
    "avg_rouge": 0.1378386542111826
}