{
    "rouge1": 0.41707374512390494,
    "rouge2": 0.2124796660781807,
    "rougeL": 0.354080814542538,
    "avg_rouge": 0.32787807524820783
}