{
    "rouge1": 0.41321357066826325,
    "rouge2": 0.20913215733645862,
    "rougeL": 0.3501808312576957,
    "avg_rouge": 0.3241755197541392
}