{
    "rouge1": 0.41259329359093655,
    "rouge2": 0.2115510244457223,
    "rougeL": 0.3530618026494755,
    "avg_rouge": 0.3257353735620448
}