{
    "accuracy": 0.6062209510189489,
    "category_acc": {
        "high_school_european_history": 0.7865853658536586,
        "business_ethics": 0.5959595959595959,
        "clinical_knowledge": 0.6704545454545454,
        "medical_genetics": 0.6464646464646465,
        "high_school_us_history": 0.7733990147783252,
        "high_school_physics": 0.34,
        "high_school_world_history": 0.7542372881355932,
        "virology": 0.503030303030303,
        "high_school_microeconomics": 0.6160337552742616,
        "econometrics": 0.4424778761061947,
        "college_computer_science": 0.5353535353535354,
        "high_school_biology": 0.7411003236245954,
        "abstract_algebra": 0.31313131313131315,
        "professional_accounting": 0.505338078291815,
        "philosophy": 0.7,
        "professional_medicine": 0.6789667896678967,
        "nutrition": 0.7311475409836066,
        "global_facts": 0.3838383838383838,
        "machine_learning": 0.42342342342342343,
        "security_studies": 0.6926229508196722,
        "public_relations": 0.6697247706422018,
        "professional_psychology": 0.6546644844517185,
        "prehistory": 0.7151702786377709,
        "anatomy": 0.5746268656716418,
        "human_sexuality": 0.7538461538461538,
        "college_medicine": 0.622093023255814,
        "high_school_government_and_politics": 0.8697916666666666,
        "college_chemistry": 0.41414141414141414,
        "logical_fallacies": 0.7716049382716049,
        "high_school_geography": 0.7868020304568528,
        "elementary_mathematics": 0.40318302387267907,
        "human_aging": 0.6981981981981982,
        "college_mathematics": 0.35353535353535354,
        "high_school_psychology": 0.8014705882352942,
        "formal_logic": 0.392,
        "high_school_statistics": 0.4744186046511628,
        "international_law": 0.8,
        "high_school_mathematics": 0.3680297397769517,
        "high_school_computer_science": 0.6060606060606061,
        "conceptual_physics": 0.5256410256410257,
        "miscellaneous": 0.8171355498721228,
        "high_school_chemistry": 0.49504950495049505,
        "marketing": 0.8497854077253219,
        "professional_law": 0.4435746901500326,
        "management": 0.7745098039215687,
        "college_physics": 0.44554455445544555,
        "jurisprudence": 0.7663551401869159,
        "world_religions": 0.8470588235294118,
        "sociology": 0.835,
        "us_foreign_policy": 0.8383838383838383,
        "high_school_macroeconomics": 0.5861182519280206,
        "computer_security": 0.7474747474747475,
        "moral_scenarios": 0.25838926174496646,
        "moral_disputes": 0.6840579710144927,
        "electrical_engineering": 0.5902777777777778,
        "astronomy": 0.6490066225165563,
        "college_biology": 0.7062937062937062
    }
}