{
    "accuracy": 0.2538421688827491,
    "category_acc": {
        "agronomy": 0.20710059171597633,
        "anatomy": 0.31756756756756754,
        "ancient_chinese": 0.23170731707317074,
        "arts": 0.2875,
        "astronomy": 0.24242424242424243,
        "business_ethics": 0.22488038277511962,
        "chinese_civil_service_exam": 0.21875,
        "chinese_driving_rule": 0.2366412213740458,
        "chinese_food_culture": 0.23529411764705882,
        "chinese_foreign_policy": 0.2523364485981308,
        "chinese_history": 0.24148606811145512,
        "chinese_literature": 0.27450980392156865,
        "chinese_teacher_qualification": 0.26256983240223464,
        "clinical_knowledge": 0.22784810126582278,
        "college_actuarial_science": 0.24528301886792453,
        "college_education": 0.22429906542056074,
        "college_engineering_hydrology": 0.3490566037735849,
        "college_law": 0.3148148148148148,
        "college_mathematics": 0.3142857142857143,
        "college_medical_statistics": 0.19811320754716982,
        "college_medicine": 0.27472527472527475,
        "computer_science": 0.24509803921568626,
        "computer_security": 0.29239766081871343,
        "conceptual_physics": 0.2653061224489796,
        "construction_project_management": 0.2158273381294964,
        "economics": 0.2138364779874214,
        "education": 0.2392638036809816,
        "electrical_engineering": 0.22674418604651161,
        "elementary_chinese": 0.24603174603174602,
        "elementary_commonsense": 0.23737373737373738,
        "elementary_information_and_technology": 0.23949579831932774,
        "elementary_mathematics": 0.27391304347826084,
        "ethnology": 0.21481481481481482,
        "food_science": 0.2727272727272727,
        "genetics": 0.30113636363636365,
        "global_facts": 0.28859060402684567,
        "high_school_biology": 0.2781065088757396,
        "high_school_chemistry": 0.26515151515151514,
        "high_school_geography": 0.2711864406779661,
        "high_school_mathematics": 0.2682926829268293,
        "high_school_physics": 0.2545454545454545,
        "high_school_politics": 0.27972027972027974,
        "human_sexuality": 0.23809523809523808,
        "international_law": 0.24864864864864866,
        "journalism": 0.26744186046511625,
        "jurisprudence": 0.24087591240875914,
        "legal_and_moral_basis": 0.21962616822429906,
        "logical": 0.3170731707317073,
        "machine_learning": 0.20491803278688525,
        "management": 0.26666666666666666,
        "marketing": 0.2111111111111111,
        "marxist_theory": 0.24867724867724866,
        "modern_chinese": 0.23275862068965517,
        "nutrition": 0.30344827586206896,
        "philosophy": 0.3047619047619048,
        "professional_accounting": 0.26857142857142857,
        "professional_law": 0.2559241706161137,
        "professional_medicine": 0.26063829787234044,
        "professional_psychology": 0.23275862068965517,
        "public_relations": 0.25287356321839083,
        "security_study": 0.25925925925925924,
        "sociology": 0.24778761061946902,
        "sports_science": 0.2909090909090909,
        "traditional_chinese_medicine": 0.25405405405405407,
        "virology": 0.23076923076923078,
        "world_history": 0.2795031055900621,
        "world_religions": 0.2125
    }
}