{
    "accuracy": 0.2562597133482991,
    "category_acc": {
        "agronomy": 0.2485207100591716,
        "anatomy": 0.28378378378378377,
        "ancient_chinese": 0.24390243902439024,
        "arts": 0.3125,
        "astronomy": 0.23636363636363636,
        "business_ethics": 0.23923444976076555,
        "chinese_civil_service_exam": 0.26875,
        "chinese_driving_rule": 0.21374045801526717,
        "chinese_food_culture": 0.2647058823529412,
        "chinese_foreign_policy": 0.2616822429906542,
        "chinese_history": 0.25386996904024767,
        "chinese_literature": 0.25,
        "chinese_teacher_qualification": 0.2681564245810056,
        "clinical_knowledge": 0.2742616033755274,
        "college_actuarial_science": 0.18867924528301888,
        "college_education": 0.18691588785046728,
        "college_engineering_hydrology": 0.3113207547169811,
        "college_law": 0.32407407407407407,
        "college_mathematics": 0.2761904761904762,
        "college_medical_statistics": 0.19811320754716982,
        "college_medicine": 0.2454212454212454,
        "computer_science": 0.27941176470588236,
        "computer_security": 0.21052631578947367,
        "conceptual_physics": 0.25170068027210885,
        "construction_project_management": 0.26618705035971224,
        "economics": 0.2389937106918239,
        "education": 0.24539877300613497,
        "electrical_engineering": 0.20348837209302326,
        "elementary_chinese": 0.23015873015873015,
        "elementary_commonsense": 0.24242424242424243,
        "elementary_information_and_technology": 0.23109243697478993,
        "elementary_mathematics": 0.24782608695652175,
        "ethnology": 0.31851851851851853,
        "food_science": 0.27972027972027974,
        "genetics": 0.26136363636363635,
        "global_facts": 0.26174496644295303,
        "high_school_biology": 0.21301775147928995,
        "high_school_chemistry": 0.25,
        "high_school_geography": 0.2966101694915254,
        "high_school_mathematics": 0.22560975609756098,
        "high_school_physics": 0.23636363636363636,
        "high_school_politics": 0.36363636363636365,
        "human_sexuality": 0.2857142857142857,
        "international_law": 0.20540540540540542,
        "journalism": 0.26744186046511625,
        "jurisprudence": 0.2384428223844282,
        "legal_and_moral_basis": 0.26635514018691586,
        "logical": 0.25203252032520324,
        "machine_learning": 0.23770491803278687,
        "management": 0.24285714285714285,
        "marketing": 0.3,
        "marxist_theory": 0.25925925925925924,
        "modern_chinese": 0.2672413793103448,
        "nutrition": 0.27586206896551724,
        "philosophy": 0.29523809523809524,
        "professional_accounting": 0.29714285714285715,
        "professional_law": 0.21800947867298578,
        "professional_medicine": 0.3058510638297872,
        "professional_psychology": 0.27155172413793105,
        "public_relations": 0.22413793103448276,
        "security_study": 0.25925925925925924,
        "sociology": 0.2610619469026549,
        "sports_science": 0.2606060606060606,
        "traditional_chinese_medicine": 0.23783783783783785,
        "virology": 0.2603550295857988,
        "world_history": 0.2919254658385093,
        "world_religions": 0.225
    }
}