{
    "accuracy": 0.25962700742531514,
    "category_acc": {
        "agronomy": 0.2781065088757396,
        "anatomy": 0.25675675675675674,
        "ancient_chinese": 0.2804878048780488,
        "arts": 0.3,
        "astronomy": 0.23636363636363636,
        "business_ethics": 0.22009569377990432,
        "chinese_civil_service_exam": 0.2375,
        "chinese_driving_rule": 0.2366412213740458,
        "chinese_food_culture": 0.2426470588235294,
        "chinese_foreign_policy": 0.2616822429906542,
        "chinese_history": 0.24458204334365324,
        "chinese_literature": 0.24019607843137256,
        "chinese_teacher_qualification": 0.26256983240223464,
        "clinical_knowledge": 0.21518987341772153,
        "college_actuarial_science": 0.25471698113207547,
        "college_education": 0.22429906542056074,
        "college_engineering_hydrology": 0.330188679245283,
        "college_law": 0.3148148148148148,
        "college_mathematics": 0.3047619047619048,
        "college_medical_statistics": 0.2358490566037736,
        "college_medicine": 0.30036630036630035,
        "computer_science": 0.2549019607843137,
        "computer_security": 0.28654970760233917,
        "conceptual_physics": 0.19047619047619047,
        "construction_project_management": 0.26618705035971224,
        "economics": 0.1761006289308176,
        "education": 0.25153374233128833,
        "electrical_engineering": 0.1744186046511628,
        "elementary_chinese": 0.2976190476190476,
        "elementary_commonsense": 0.23232323232323232,
        "elementary_information_and_technology": 0.2647058823529412,
        "elementary_mathematics": 0.2782608695652174,
        "ethnology": 0.23703703703703705,
        "food_science": 0.24475524475524477,
        "genetics": 0.26704545454545453,
        "global_facts": 0.2751677852348993,
        "high_school_biology": 0.26627218934911245,
        "high_school_chemistry": 0.30303030303030304,
        "high_school_geography": 0.3220338983050847,
        "high_school_mathematics": 0.25,
        "high_school_physics": 0.24545454545454545,
        "high_school_politics": 0.3076923076923077,
        "human_sexuality": 0.2857142857142857,
        "international_law": 0.24324324324324326,
        "journalism": 0.28488372093023256,
        "jurisprudence": 0.2749391727493917,
        "legal_and_moral_basis": 0.2616822429906542,
        "logical": 0.2682926829268293,
        "machine_learning": 0.2786885245901639,
        "management": 0.2619047619047619,
        "marketing": 0.26666666666666666,
        "marxist_theory": 0.2698412698412698,
        "modern_chinese": 0.2413793103448276,
        "nutrition": 0.27586206896551724,
        "philosophy": 0.2857142857142857,
        "professional_accounting": 0.26857142857142857,
        "professional_law": 0.27014218009478674,
        "professional_medicine": 0.2473404255319149,
        "professional_psychology": 0.22413793103448276,
        "public_relations": 0.26436781609195403,
        "security_study": 0.18518518518518517,
        "sociology": 0.23008849557522124,
        "sports_science": 0.3333333333333333,
        "traditional_chinese_medicine": 0.23783783783783785,
        "virology": 0.27218934911242604,
        "world_history": 0.2857142857142857,
        "world_religions": 0.275
    }
}