{
    "accuracy": 0.40189598771613594,
    "category_acc": {
        "History": 0.3755020080321285,
        "Geography": 0.4,
        "Lampungic": 0.3401360544217687,
        "Social science": 0.5943238731218697,
        "Balinese": 0.35456475583864117,
        "Makassarese": 0.3225806451612903,
        "Banjarese": 0.375,
        "Chemistry": 0.2291970802919708,
        "Biology": 0.37514792899408284,
        "Science": 0.5036119711042312,
        "Christian religion": 0.43283582089552236,
        "Art": 0.4925124792013311,
        "Islam religion": 0.42816500711237554,
        "Hindu religion": 0.42,
        "Madurese": 0.2983050847457627,
        "Sport": 0.4189189189189189,
        "Indonesian language": 0.44084682440846823,
        "Physics": 0.3575757575757576,
        "Minangkabau culture": 0.35175879396984927,
        "Dayak language": 0.3119266055045872,
        "Sociology": 0.41935483870967744,
        "Economy": 0.3729508196721312,
        "Sundanese": 0.3388072601555748,
        "Javanese": 0.3094758064516129,
        "Civic education": 0.4363376251788269
    }
}