{
    "rouge1": 0.43481455633608285,
    "rouge2": 0.19020306710468923,
    "rougeL": 0.3555281762061519,
    "avg_rouge": 0.326848599882308
}