{
    "overall_acc": 0.4537337662337662,
    "language_acc": {
        "Indonesian": 0.4431818181818182,
        "English": 0.5681818181818182,
        "Filipino": 0.3409090909090909,
        "Spanish": 0.4659090909090909,
        "Chinese": 0.48863636363636365,
        "Malay": 0.4090909090909091,
        "Vietnamese": 0.4602272727272727
    },
    "consistency_score_2": 0.5454545454545454,
    "consistency_score_3": 0.37775974025974035,
    "consistency_score_4": 0.28847402597402594,
    "consistency_score_5": 0.23214285714285715,
    "consistency_score_6": 0.19318181818181818,
    "consistency_score_7": 0.16477272727272727,
    "detailed_consistency_score": {
        "2_combine": {
            "Indonesian,English": 0.5852272727272727,
            "Indonesian,Filipino": 0.5852272727272727,
            "Indonesian,Spanish": 0.6079545454545454,
            "Indonesian,Chinese": 0.5568181818181818,
            "Indonesian,Malay": 0.6136363636363636,
            "Indonesian,Vietnamese": 0.6306818181818182,
            "English,Filipino": 0.4431818181818182,
            "English,Spanish": 0.6420454545454546,
            "English,Chinese": 0.6022727272727273,
            "English,Malay": 0.5397727272727273,
            "English,Vietnamese": 0.5511363636363636,
            "Filipino,Spanish": 0.4715909090909091,
            "Filipino,Chinese": 0.45454545454545453,
            "Filipino,Malay": 0.45454545454545453,
            "Filipino,Vietnamese": 0.5,
            "Spanish,Chinese": 0.5511363636363636,
            "Spanish,Malay": 0.5681818181818182,
            "Spanish,Vietnamese": 0.5511363636363636,
            "Chinese,Malay": 0.4772727272727273,
            "Chinese,Vietnamese": 0.5113636363636364,
            "Malay,Vietnamese": 0.5568181818181818
        },
        "3_combine": {
            "Indonesian,English,Filipino": 0.3693181818181818,
            "Indonesian,English,Spanish": 0.4715909090909091,
            "Indonesian,English,Chinese": 0.4034090909090909,
            "Indonesian,English,Malay": 0.4090909090909091,
            "Indonesian,English,Vietnamese": 0.45454545454545453,
            "Indonesian,Filipino,Spanish": 0.3806818181818182,
            "Indonesian,Filipino,Chinese": 0.375,
            "Indonesian,Filipino,Malay": 0.3806818181818182,
            "Indonesian,Filipino,Vietnamese": 0.4090909090909091,
            "Indonesian,Spanish,Chinese": 0.4090909090909091,
            "Indonesian,Spanish,Malay": 0.44886363636363635,
            "Indonesian,Spanish,Vietnamese": 0.44886363636363635,
            "Indonesian,Chinese,Malay": 0.3806818181818182,
            "Indonesian,Chinese,Vietnamese": 0.4090909090909091,
            "Indonesian,Malay,Vietnamese": 0.4431818181818182,
            "English,Filipino,Spanish": 0.3352272727272727,
            "English,Filipino,Chinese": 0.3125,
            "English,Filipino,Malay": 0.2897727272727273,
            "English,Filipino,Vietnamese": 0.32954545454545453,
            "English,Spanish,Chinese": 0.44886363636363635,
            "English,Spanish,Malay": 0.42045454545454547,
            "English,Spanish,Vietnamese": 0.4318181818181818,
            "English,Chinese,Malay": 0.3465909090909091,
            "English,Chinese,Vietnamese": 0.39204545454545453,
            "English,Malay,Vietnamese": 0.3806818181818182,
            "Filipino,Spanish,Chinese": 0.3125,
            "Filipino,Spanish,Malay": 0.3181818181818182,
            "Filipino,Spanish,Vietnamese": 0.32954545454545453,
            "Filipino,Chinese,Malay": 0.2784090909090909,
            "Filipino,Chinese,Vietnamese": 0.3125,
            "Filipino,Malay,Vietnamese": 0.3181818181818182,
            "Spanish,Chinese,Malay": 0.35795454545454547,
            "Spanish,Chinese,Vietnamese": 0.375,
            "Spanish,Malay,Vietnamese": 0.3977272727272727,
            "Chinese,Malay,Vietnamese": 0.3409090909090909
        },
        "4_combine": {
            "Indonesian,English,Filipino,Spanish": 0.30113636363636365,
            "Indonesian,English,Filipino,Chinese": 0.2727272727272727,
            "Indonesian,English,Filipino,Malay": 0.26704545454545453,
            "Indonesian,English,Filipino,Vietnamese": 0.3068181818181818,
            "Indonesian,English,Spanish,Chinese": 0.3522727272727273,
            "Indonesian,English,Spanish,Malay": 0.3465909090909091,
            "Indonesian,English,Spanish,Vietnamese": 0.3806818181818182,
            "Indonesian,English,Chinese,Malay": 0.2840909090909091,
            "Indonesian,English,Chinese,Vietnamese": 0.3352272727272727,
            "Indonesian,English,Malay,Vietnamese": 0.32386363636363635,
            "Indonesian,Filipino,Spanish,Chinese": 0.2840909090909091,
            "Indonesian,Filipino,Spanish,Malay": 0.29545454545454547,
            "Indonesian,Filipino,Spanish,Vietnamese": 0.29545454545454547,
            "Indonesian,Filipino,Chinese,Malay": 0.26704545454545453,
            "Indonesian,Filipino,Chinese,Vietnamese": 0.2897727272727273,
            "Indonesian,Filipino,Malay,Vietnamese": 0.30113636363636365,
            "Indonesian,Spanish,Chinese,Malay": 0.3125,
            "Indonesian,Spanish,Chinese,Vietnamese": 0.32954545454545453,
            "Indonesian,Spanish,Malay,Vietnamese": 0.3409090909090909,
            "Indonesian,Chinese,Malay,Vietnamese": 0.30113636363636365,
            "English,Filipino,Spanish,Chinese": 0.2556818181818182,
            "English,Filipino,Spanish,Malay": 0.23863636363636365,
            "English,Filipino,Spanish,Vietnamese": 0.2727272727272727,
            "English,Filipino,Chinese,Malay": 0.2159090909090909,
            "English,Filipino,Chinese,Vietnamese": 0.25,
            "English,Filipino,Malay,Vietnamese": 0.23295454545454544,
            "English,Spanish,Chinese,Malay": 0.30113636363636365,
            "English,Spanish,Chinese,Vietnamese": 0.32954545454545453,
            "English,Spanish,Malay,Vietnamese": 0.3125,
            "English,Chinese,Malay,Vietnamese": 0.26704545454545453,
            "Filipino,Spanish,Chinese,Malay": 0.23295454545454544,
            "Filipino,Spanish,Chinese,Vietnamese": 0.24431818181818182,
            "Filipino,Spanish,Malay,Vietnamese": 0.25,
            "Filipino,Chinese,Malay,Vietnamese": 0.22727272727272727,
            "Spanish,Chinese,Malay,Vietnamese": 0.2784090909090909
        },
        "5_combine": {
            "Indonesian,English,Filipino,Spanish,Chinese": 0.23863636363636365,
            "Indonesian,English,Filipino,Spanish,Malay": 0.22727272727272727,
            "Indonesian,English,Filipino,Spanish,Vietnamese": 0.2556818181818182,
            "Indonesian,English,Filipino,Chinese,Malay": 0.20454545454545456,
            "Indonesian,English,Filipino,Chinese,Vietnamese": 0.23295454545454544,
            "Indonesian,English,Filipino,Malay,Vietnamese": 0.22727272727272727,
            "Indonesian,English,Spanish,Chinese,Malay": 0.26136363636363635,
            "Indonesian,English,Spanish,Chinese,Vietnamese": 0.29545454545454547,
            "Indonesian,English,Spanish,Malay,Vietnamese": 0.2840909090909091,
            "Indonesian,English,Chinese,Malay,Vietnamese": 0.23863636363636365,
            "Indonesian,Filipino,Spanish,Chinese,Malay": 0.22727272727272727,
            "Indonesian,Filipino,Spanish,Chinese,Vietnamese": 0.23295454545454544,
            "Indonesian,Filipino,Spanish,Malay,Vietnamese": 0.23863636363636365,
            "Indonesian,Filipino,Chinese,Malay,Vietnamese": 0.2215909090909091,
            "Indonesian,Spanish,Chinese,Malay,Vietnamese": 0.2556818181818182,
            "English,Filipino,Spanish,Chinese,Malay": 0.19318181818181818,
            "English,Filipino,Spanish,Chinese,Vietnamese": 0.2159090909090909,
            "English,Filipino,Spanish,Malay,Vietnamese": 0.20454545454545456,
            "English,Filipino,Chinese,Malay,Vietnamese": 0.18181818181818182,
            "English,Spanish,Chinese,Malay,Vietnamese": 0.23863636363636365,