{
    "accuracy": 0.560672148730783,
    "category_acc": {
        "high_school_european_history": 0.7195121951219512,
        "business_ethics": 0.5555555555555556,
        "clinical_knowledge": 0.6553030303030303,
        "medical_genetics": 0.6262626262626263,
        "high_school_us_history": 0.7536945812807881,
        "high_school_physics": 0.3333333333333333,
        "high_school_world_history": 0.7372881355932204,
        "virology": 0.4727272727272727,
        "high_school_microeconomics": 0.6075949367088608,
        "econometrics": 0.3805309734513274,
        "college_computer_science": 0.5454545454545454,
        "high_school_biology": 0.6731391585760518,
        "abstract_algebra": 0.31313131313131315,
        "professional_accounting": 0.4199288256227758,
        "philosophy": 0.6096774193548387,
        "professional_medicine": 0.6346863468634686,
        "nutrition": 0.5737704918032787,
        "global_facts": 0.36363636363636365,
        "machine_learning": 0.4144144144144144,
        "security_studies": 0.6311475409836066,
        "public_relations": 0.6697247706422018,
        "professional_psychology": 0.5515548281505729,
        "prehistory": 0.6099071207430341,
        "anatomy": 0.5223880597014925,
        "human_sexuality": 0.6384615384615384,
        "college_medicine": 0.5872093023255814,
        "high_school_government_and_politics": 0.796875,
        "college_chemistry": 0.42424242424242425,
        "logical_fallacies": 0.6975308641975309,
        "high_school_geography": 0.751269035532995,
        "elementary_mathematics": 0.3819628647214854,
        "human_aging": 0.6351351351351351,
        "college_mathematics": 0.30303030303030304,
        "high_school_psychology": 0.7830882352941176,
        "formal_logic": 0.464,
        "high_school_statistics": 0.4418604651162791,
        "international_law": 0.7,
        "high_school_mathematics": 0.2825278810408922,
        "high_school_computer_science": 0.5959595959595959,
        "conceptual_physics": 0.48717948717948717,
        "miscellaneous": 0.7902813299232737,
        "high_school_chemistry": 0.4405940594059406,
        "marketing": 0.8669527896995708,
        "professional_law": 0.395955642530985,
        "management": 0.7647058823529411,
        "college_physics": 0.4158415841584158,
        "jurisprudence": 0.6448598130841121,
        "world_religions": 0.8176470588235294,
        "sociology": 0.77,
        "us_foreign_policy": 0.7777777777777778,
        "high_school_macroeconomics": 0.5449871465295629,
        "computer_security": 0.7171717171717171,
        "moral_scenarios": 0.25279642058165547,
        "moral_disputes": 0.6434782608695652,
        "electrical_engineering": 0.5416666666666666,
        "astronomy": 0.5629139072847682,
        "college_biology": 0.6643356643356644
    }
}