{
    "accuracy": 0.5278512692170182,
    "category_acc": {
        "high_school_european_history": 0.6829268292682927,
        "business_ethics": 0.5555555555555556,
        "clinical_knowledge": 0.5795454545454546,
        "medical_genetics": 0.5252525252525253,
        "high_school_us_history": 0.7438423645320197,
        "high_school_physics": 0.28,
        "high_school_world_history": 0.7033898305084746,
        "virology": 0.44242424242424244,
        "high_school_microeconomics": 0.5738396624472574,
        "econometrics": 0.37168141592920356,
        "college_computer_science": 0.5151515151515151,
        "high_school_biology": 0.6310679611650486,
        "abstract_algebra": 0.2727272727272727,
        "professional_accounting": 0.4306049822064057,
        "philosophy": 0.5612903225806452,
        "professional_medicine": 0.5756457564575646,
        "nutrition": 0.5442622950819672,
        "global_facts": 0.35353535353535354,
        "machine_learning": 0.3963963963963964,
        "security_studies": 0.5901639344262295,
        "public_relations": 0.6238532110091743,
        "professional_psychology": 0.5008183306055647,
        "prehistory": 0.5944272445820433,
        "anatomy": 0.5,
        "human_sexuality": 0.6307692307692307,
        "college_medicine": 0.5116279069767442,
        "high_school_government_and_politics": 0.7604166666666666,
        "college_chemistry": 0.40404040404040403,
        "logical_fallacies": 0.6296296296296297,
        "high_school_geography": 0.7208121827411168,
        "elementary_mathematics": 0.38992042440318303,
        "human_aging": 0.6126126126126126,
        "college_mathematics": 0.2828282828282828,
        "high_school_psychology": 0.7113970588235294,
        "formal_logic": 0.464,
        "high_school_statistics": 0.4232558139534884,
        "international_law": 0.6583333333333333,
        "high_school_mathematics": 0.30855018587360594,
        "high_school_computer_science": 0.5454545454545454,
        "conceptual_physics": 0.46153846153846156,
        "miscellaneous": 0.7544757033248082,
        "high_school_chemistry": 0.42574257425742573,
        "marketing": 0.7725321888412017,
        "professional_law": 0.4050880626223092,
        "management": 0.7058823529411765,
        "college_physics": 0.3564356435643564,
        "jurisprudence": 0.6261682242990654,
        "world_religions": 0.7823529411764706,
        "sociology": 0.73,
        "us_foreign_policy": 0.6565656565656566,
        "high_school_macroeconomics": 0.4987146529562982,
        "computer_security": 0.6767676767676768,
        "moral_scenarios": 0.22930648769574943,
        "moral_disputes": 0.5652173913043478,
        "electrical_engineering": 0.5069444444444444,
        "astronomy": 0.48344370860927155,
        "college_biology": 0.5594405594405595
    }
}