{
    "accuracy": 0.5483732570611369,
    "category_acc": {
        "high_school_european_history": 0.6951219512195121,
        "business_ethics": 0.6161616161616161,
        "clinical_knowledge": 0.625,
        "medical_genetics": 0.6464646464646465,
        "high_school_us_history": 0.7487684729064039,
        "high_school_physics": 0.34,
        "high_school_world_history": 0.711864406779661,
        "virology": 0.48484848484848486,
        "high_school_microeconomics": 0.6118143459915611,
        "econometrics": 0.35398230088495575,
        "college_computer_science": 0.5050505050505051,
        "high_school_biology": 0.656957928802589,
        "abstract_algebra": 0.29292929292929293,
        "professional_accounting": 0.40569395017793597,
        "philosophy": 0.6225806451612903,
        "professional_medicine": 0.6088560885608856,
        "nutrition": 0.5606557377049181,
        "global_facts": 0.35353535353535354,
        "machine_learning": 0.38738738738738737,
        "security_studies": 0.6311475409836066,
        "public_relations": 0.6513761467889908,
        "professional_psychology": 0.5368248772504092,
        "prehistory": 0.6037151702786377,
        "anatomy": 0.5074626865671642,
        "human_sexuality": 0.6076923076923076,
        "college_medicine": 0.5581395348837209,
        "high_school_government_and_politics": 0.7760416666666666,
        "college_chemistry": 0.41414141414141414,
        "logical_fallacies": 0.654320987654321,
        "high_school_geography": 0.7157360406091371,
        "elementary_mathematics": 0.3713527851458886,
        "human_aging": 0.6396396396396397,
        "college_mathematics": 0.2828282828282828,
        "high_school_psychology": 0.7573529411764706,
        "formal_logic": 0.48,
        "high_school_statistics": 0.3953488372093023,
        "international_law": 0.7,
        "high_school_mathematics": 0.3048327137546468,
        "high_school_computer_science": 0.5252525252525253,
        "conceptual_physics": 0.44871794871794873,
        "miscellaneous": 0.7749360613810742,
        "high_school_chemistry": 0.42574257425742573,
        "marketing": 0.8154506437768241,
        "professional_law": 0.4116112198303979,
        "management": 0.7450980392156863,
        "college_physics": 0.36633663366336633,
        "jurisprudence": 0.6448598130841121,
        "world_religions": 0.8058823529411765,
        "sociology": 0.73,
        "us_foreign_policy": 0.7272727272727273,
        "high_school_macroeconomics": 0.4961439588688946,
        "computer_security": 0.7070707070707071,
        "moral_scenarios": 0.25615212527964204,
        "moral_disputes": 0.6202898550724638,
        "electrical_engineering": 0.5277777777777778,
        "astronomy": 0.5629139072847682,
        "college_biology": 0.6363636363636364
    }
}