{
    "accuracy": 0.542652842331069,
    "category_acc": {
        "high_school_european_history": 0.7195121951219512,
        "business_ethics": 0.5555555555555556,
        "clinical_knowledge": 0.571969696969697,
        "medical_genetics": 0.6262626262626263,
        "high_school_us_history": 0.7586206896551724,
        "high_school_physics": 0.29333333333333333,
        "high_school_world_history": 0.7203389830508474,
        "virology": 0.48484848484848486,
        "high_school_microeconomics": 0.5780590717299579,
        "econometrics": 0.3274336283185841,
        "college_computer_science": 0.5454545454545454,
        "high_school_biology": 0.656957928802589,
        "abstract_algebra": 0.29292929292929293,
        "professional_accounting": 0.4128113879003559,
        "philosophy": 0.567741935483871,
        "professional_medicine": 0.5867158671586716,
        "nutrition": 0.5967213114754099,
        "global_facts": 0.36363636363636365,
        "machine_learning": 0.36936936936936937,
        "security_studies": 0.5983606557377049,
        "public_relations": 0.6513761467889908,
        "professional_psychology": 0.5122749590834698,
        "prehistory": 0.6006191950464397,
        "anatomy": 0.48507462686567165,
        "human_sexuality": 0.6538461538461539,
        "college_medicine": 0.5581395348837209,
        "high_school_government_and_politics": 0.7864583333333334,
        "college_chemistry": 0.42424242424242425,
        "logical_fallacies": 0.6790123456790124,
        "high_school_geography": 0.7360406091370558,
        "elementary_mathematics": 0.3713527851458886,
        "human_aging": 0.6486486486486487,
        "college_mathematics": 0.31313131313131315,
        "high_school_psychology": 0.7536764705882353,
        "formal_logic": 0.48,
        "high_school_statistics": 0.4186046511627907,
        "international_law": 0.6916666666666667,
        "high_school_mathematics": 0.30111524163568776,
        "high_school_computer_science": 0.5555555555555556,
        "conceptual_physics": 0.44871794871794873,
        "miscellaneous": 0.7595907928388747,
        "high_school_chemistry": 0.42574257425742573,
        "marketing": 0.8025751072961373,
        "professional_law": 0.4044357469015003,
        "management": 0.7549019607843137,
        "college_physics": 0.37623762376237624,
        "jurisprudence": 0.616822429906542,
        "world_religions": 0.8235294117647058,
        "sociology": 0.735,
        "us_foreign_policy": 0.7272727272727273,
        "high_school_macroeconomics": 0.4961439588688946,
        "computer_security": 0.6767676767676768,
        "moral_scenarios": 0.2550335570469799,
        "moral_disputes": 0.5884057971014492,
        "electrical_engineering": 0.5208333333333334,
        "astronomy": 0.5496688741721855,
        "college_biology": 0.6433566433566433
    }
}