{
    "accuracy": 0.5574544154451198,
    "category_acc": {
        "high_school_european_history": 0.7073170731707317,
        "business_ethics": 0.6161616161616161,
        "clinical_knowledge": 0.6287878787878788,
        "medical_genetics": 0.6565656565656566,
        "high_school_us_history": 0.7438423645320197,
        "high_school_physics": 0.2866666666666667,
        "high_school_world_history": 0.7288135593220338,
        "virology": 0.4727272727272727,
        "high_school_microeconomics": 0.5780590717299579,
        "econometrics": 0.336283185840708,
        "college_computer_science": 0.5656565656565656,
        "high_school_biology": 0.6699029126213593,
        "abstract_algebra": 0.35353535353535354,
        "professional_accounting": 0.4128113879003559,
        "philosophy": 0.5838709677419355,
        "professional_medicine": 0.6568265682656826,
        "nutrition": 0.5836065573770491,
        "global_facts": 0.35353535353535354,
        "machine_learning": 0.3963963963963964,
        "security_studies": 0.5819672131147541,
        "public_relations": 0.6513761467889908,
        "professional_psychology": 0.5319148936170213,
        "prehistory": 0.5820433436532507,
        "anatomy": 0.5447761194029851,
        "human_sexuality": 0.6461538461538462,
        "college_medicine": 0.6162790697674418,
        "high_school_government_and_politics": 0.8020833333333334,
        "college_chemistry": 0.3939393939393939,
        "logical_fallacies": 0.7037037037037037,
        "high_school_geography": 0.7258883248730964,
        "elementary_mathematics": 0.3793103448275862,
        "human_aging": 0.6396396396396397,
        "college_mathematics": 0.3434343434343434,
        "high_school_psychology": 0.78125,
        "formal_logic": 0.48,
        "high_school_statistics": 0.40930232558139534,
        "international_law": 0.7166666666666667,
        "high_school_mathematics": 0.31226765799256506,
        "high_school_computer_science": 0.5757575757575758,
        "conceptual_physics": 0.45726495726495725,
        "miscellaneous": 0.7851662404092071,
        "high_school_chemistry": 0.43564356435643564,
        "marketing": 0.8454935622317596,
        "professional_law": 0.42204827136333983,
        "management": 0.7647058823529411,
        "college_physics": 0.36633663366336633,
        "jurisprudence": 0.616822429906542,
        "world_religions": 0.8411764705882353,
        "sociology": 0.76,
        "us_foreign_policy": 0.7474747474747475,
        "high_school_macroeconomics": 0.5347043701799485,
        "computer_security": 0.7272727272727273,
        "moral_scenarios": 0.2550335570469799,
        "moral_disputes": 0.6231884057971014,
        "electrical_engineering": 0.5138888888888888,
        "astronomy": 0.5761589403973509,
        "college_biology": 0.6573426573426573
    }
}