{
    "overall_acc": 0.26461038961038963,
    "language_acc": {
        "Indonesian": 0.26136363636363635,
        "English": 0.2784090909090909,
        "Filipino": 0.24431818181818182,
        "Spanish": 0.2840909090909091,
        "Chinese": 0.2840909090909091,
        "Malay": 0.25,
        "Vietnamese": 0.25
    },
    "consistency_score_2": 0.40854978354978355,
    "consistency_score_3": 0.21217532467532468,
    "consistency_score_4": 0.12045454545454548,
    "consistency_score_5": 0.06737012987012987,
    "consistency_score_6": 0.03327922077922078,
    "consistency_score_7": 0.011363636363636364,
    "detailed_consistency_score": {
        "2_combine": {
            "Indonesian,English": 0.36363636363636365,
            "Indonesian,Filipino": 0.6022727272727273,
            "Indonesian,Spanish": 0.5227272727272727,
            "Indonesian,Chinese": 0.26704545454545453,
            "Indonesian,Malay": 0.5568181818181818,
            "Indonesian,Vietnamese": 0.48863636363636365,
            "English,Filipino": 0.29545454545454547,
            "English,Spanish": 0.45454545454545453,
            "English,Chinese": 0.4090909090909091,
            "English,Malay": 0.29545454545454547,
            "English,Vietnamese": 0.375,
            "Filipino,Spanish": 0.4715909090909091,
            "Filipino,Chinese": 0.25,
            "Filipino,Malay": 0.5113636363636364,
            "Filipino,Vietnamese": 0.48863636363636365,
            "Spanish,Chinese": 0.3465909090909091,
            "Spanish,Malay": 0.44886363636363635,
            "Spanish,Vietnamese": 0.5,
            "Chinese,Malay": 0.23863636363636365,
            "Chinese,Vietnamese": 0.2727272727272727,
            "Malay,Vietnamese": 0.42045454545454547
        },
        "3_combine": {
            "Indonesian,English,Filipino": 0.2159090909090909,
            "Indonesian,English,Spanish": 0.2727272727272727,
            "Indonesian,English,Chinese": 0.125,
            "Indonesian,English,Malay": 0.23863636363636365,
            "Indonesian,English,Vietnamese": 0.2215909090909091,
            "Indonesian,Filipino,Spanish": 0.35795454545454547,
            "Indonesian,Filipino,Chinese": 0.17045454545454544,
            "Indonesian,Filipino,Malay": 0.38636363636363635,
            "Indonesian,Filipino,Vietnamese": 0.3352272727272727,
            "Indonesian,Spanish,Chinese": 0.17045454545454544,
            "Indonesian,Spanish,Malay": 0.3352272727272727,
            "Indonesian,Spanish,Vietnamese": 0.3352272727272727,
            "Indonesian,Chinese,Malay": 0.1590909090909091,
            "Indonesian,Chinese,Vietnamese": 0.13636363636363635,
            "Indonesian,Malay,Vietnamese": 0.2840909090909091,
            "English,Filipino,Spanish": 0.20454545454545456,
            "English,Filipino,Chinese": 0.09090909090909091,
            "English,Filipino,Malay": 0.17613636363636365,
            "English,Filipino,Vietnamese": 0.19318181818181818,
            "English,Spanish,Chinese": 0.18181818181818182,
            "English,Spanish,Malay": 0.2159090909090909,
            "English,Spanish,Vietnamese": 0.2556818181818182,
            "English,Chinese,Malay": 0.09659090909090909,
            "English,Chinese,Vietnamese": 0.13068181818181818,
            "English,Malay,Vietnamese": 0.17045454545454544,
            "Filipino,Spanish,Chinese": 0.1534090909090909,
            "Filipino,Spanish,Malay": 0.2784090909090909,
            "Filipino,Spanish,Vietnamese": 0.2897727272727273,
            "Filipino,Chinese,Malay": 0.1590909090909091,
            "Filipino,Chinese,Vietnamese": 0.14204545454545456,
            "Filipino,Malay,Vietnamese": 0.26136363636363635,
            "Spanish,Chinese,Malay": 0.14772727272727273,
            "Spanish,Chinese,Vietnamese": 0.1534090909090909,
            "Spanish,Malay,Vietnamese": 0.26136363636363635,
            "Chinese,Malay,Vietnamese": 0.11931818181818182
        },
        "4_combine": {
            "Indonesian,English,Filipino,Spanish": 0.1590909090909091,
            "Indonesian,English,Filipino,Chinese": 0.0625,
            "Indonesian,English,Filipino,Malay": 0.1534090909090909,
            "Indonesian,English,Filipino,Vietnamese": 0.13636363636363635,
            "Indonesian,English,Spanish,Chinese": 0.09659090909090909,
            "Indonesian,English,Spanish,Malay": 0.17613636363636365,
            "Indonesian,English,Spanish,Vietnamese": 0.18181818181818182,
            "Indonesian,English,Chinese,Malay": 0.07954545454545454,
            "Indonesian,English,Chinese,Vietnamese": 0.07386363636363637,
            "Indonesian,English,Malay,Vietnamese": 0.14772727272727273,
            "Indonesian,Filipino,Spanish,Chinese": 0.11363636363636363,
            "Indonesian,Filipino,Spanish,Malay": 0.23863636363636365,
            "Indonesian,Filipino,Spanish,Vietnamese": 0.23295454545454544,
            "Indonesian,Filipino,Chinese,Malay": 0.125,
            "Indonesian,Filipino,Chinese,Vietnamese": 0.09090909090909091,
            "Indonesian,Filipino,Malay,Vietnamese": 0.21022727272727273,
            "Indonesian,Spanish,Chinese,Malay": 0.11363636363636363,
            "Indonesian,Spanish,Chinese,Vietnamese": 0.10227272727272728,
            "Indonesian,Spanish,Malay,Vietnamese": 0.21022727272727273,
            "Indonesian,Chinese,Malay,Vietnamese": 0.08522727272727272,
            "English,Filipino,Spanish,Chinese": 0.06818181818181818,
            "English,Filipino,Spanish,Malay": 0.13636363636363635,
            "English,Filipino,Spanish,Vietnamese": 0.13636363636363635,
            "English,Filipino,Chinese,Malay": 0.05113636363636364,
            "English,Filipino,Chinese,Vietnamese": 0.0625,
            "English,Filipino,Malay,Vietnamese": 0.10795454545454546,
            "English,Spanish,Chinese,Malay": 0.06818181818181818,
            "English,Spanish,Chinese,Vietnamese": 0.08522727272727272,
            "English,Spanish,Malay,Vietnamese": 0.13636363636363635,
            "English,Chinese,Malay,Vietnamese": 0.045454545454545456,
            "Filipino,Spanish,Chinese,Malay": 0.10795454545454546,
            "Filipino,Spanish,Chinese,Vietnamese": 0.09659090909090909,
            "Filipino,Spanish,Malay,Vietnamese": 0.16477272727272727,
            "Filipino,Chinese,Malay,Vietnamese": 0.09090909090909091,
            "Spanish,Chinese,Malay,Vietnamese": 0.06818181818181818
        },
        "5_combine": {
            "Indonesian,English,Filipino,Spanish,Chinese": 0.045454545454545456,
            "Indonesian,English,Filipino,Spanish,Malay": 0.11363636363636363,
            "Indonesian,English,Filipino,Spanish,Vietnamese": 0.10227272727272728,
            "Indonesian,English,Filipino,Chinese,Malay": 0.045454545454545456,
            "Indonesian,English,Filipino,Chinese,Vietnamese": 0.03409090909090909,
            "Indonesian,English,Filipino,Malay,Vietnamese": 0.09659090909090909,
            "Indonesian,English,Spanish,Chinese,Malay": 0.056818181818181816,
            "Indonesian,English,Spanish,Chinese,Vietnamese": 0.056818181818181816,
            "Indonesian,English,Spanish,Malay,Vietnamese": 0.11363636363636363,
            "Indonesian,English,Chinese,Malay,Vietnamese": 0.03977272727272727,
            "Indonesian,Filipino,Spanish,Chinese,Malay": 0.09090909090909091,
            "Indonesian,Filipino,Spanish,Chinese,Vietnamese": 0.06818181818181818,
            "Indonesian,Filipino,Spanish,Malay,Vietnamese": 0.14772727272727273,
            "Indonesian,Filipino,Chinese,Malay,Vietnamese": 0.06818181818181818,
            "Indonesian,Spanish,Chinese,Malay,Vietnamese": 0.056818181818181816,
            "English,Filipino,Spanish,Chinese,Malay": 0.03977272727272727,
            "English,Filipino,Spanish,Chinese,Vietnamese": 0.045454545454545456,
            "English,Filipino,Spanish,Malay,Vietnamese": 0.07954545454545454,
            "English,Filipino,Chinese,Malay,Vietnamese": 0.028409090909090908,