{
    "accuracy": 0.5378863742572936,
    "category_acc": {
        "History": 0.5020080321285141,
        "Geography": 0.49183673469387756,
        "Lampungic": 0.2925170068027211,
        "Social science": 0.7779632721202003,
        "Balinese": 0.3524416135881104,
        "Makassarese": 0.3763440860215054,
        "Banjarese": 0.4305555555555556,
        "Chemistry": 0.36934306569343067,
        "Biology": 0.5514792899408284,
        "Science": 0.6893704850361198,
        "Christian religion": 0.6616915422885572,
        "Art": 0.6256239600665557,
        "Islam religion": 0.6258890469416786,
        "Hindu religion": 0.5266666666666666,
        "Madurese": 0.31186440677966104,
        "Sport": 0.5608108108108109,
        "Indonesian language": 0.6014943960149439,
        "Physics": 0.45454545454545453,
        "Minangkabau culture": 0.4321608040201005,
        "Dayak language": 0.3302752293577982,
        "Sociology": 0.5221774193548387,
        "Economy": 0.5020491803278688,
        "Sundanese": 0.45030250648228176,
        "Javanese": 0.42036290322580644,
        "Civic education": 0.6409155937052933
    }
}