{
    "overall_acc": 0.9063025210084034,
    "language_acc": {
        "Spanish": 0.9117647058823529,
        "English": 0.938655462184874,
        "Chinese": 0.9033613445378151,
        "Vietnamese": 0.8714285714285714
    },
    "consistency_score_2": 0.8820728291316526,
    "consistency_score_3": 0.8294117647058823,
    "consistency_score_4": 0.7899159663865546,
    "detailed_consistency_score": {
        "2_combine": {
            "Spanish,English": 0.9159663865546218,
            "Spanish,Chinese": 0.8815126050420168,
            "Spanish,Vietnamese": 0.8613445378151261,
            "English,Chinese": 0.9033613445378151,
            "English,Vietnamese": 0.8764705882352941,
            "Chinese,Vietnamese": 0.853781512605042
        },
        "3_combine": {
            "Spanish,English,Chinese": 0.8571428571428571,
            "Spanish,English,Vietnamese": 0.83109243697479,
            "Spanish,Chinese,Vietnamese": 0.807563025210084,
            "English,Chinese,Vietnamese": 0.8218487394957983
        },
        "4_combine": {
            "Spanish,English,Chinese,Vietnamese": 0.7899159663865546
        }
    },
    "AC3_2": 0.8940235377855366,
    "AC3_3": 0.866154043266771,
    "AC3_4": 0.8441162939783743
}