{
    "overall_acc": 0.915126050420168,
    "language_acc": {
        "Spanish": 0.9226890756302522,
        "English": 0.938655462184874,
        "Chinese": 0.9033613445378151,
        "Vietnamese": 0.8957983193277311
    },
    "consistency_score_2": 0.8943977591036415,
    "consistency_score_3": 0.8453781512605042,
    "consistency_score_4": 0.8058823529411765,
    "detailed_consistency_score": {
        "2_combine": {
            "Spanish,English": 0.9310924369747899,
            "Spanish,Chinese": 0.8899159663865546,
            "Spanish,Vietnamese": 0.8789915966386554,
            "English,Chinese": 0.9092436974789916,
            "English,Vietnamese": 0.8949579831932774,
            "Chinese,Vietnamese": 0.8621848739495799
        },
        "3_combine": {
            "Spanish,English,Chinese": 0.8697478991596639,
            "Spanish,English,Vietnamese": 0.853781512605042,
            "Spanish,Chinese,Vietnamese": 0.8201680672268907,
            "English,Chinese,Vietnamese": 0.8378151260504202
        },
        "4_combine": {
            "Spanish,English,Chinese,Vietnamese": 0.8058823529411765
        }
    },
    "AC3_2": 0.9046431823003461,
    "AC3_3": 0.8788704598285406,
    "AC3_4": 0.8570369944354955
}