{
    "overall_acc": 0.9163865546218487,
    "language_acc": {
        "Spanish": 0.9260504201680673,
        "English": 0.9361344537815126,
        "Chinese": 0.9025210084033614,
        "Vietnamese": 0.9008403361344538
    },
    "consistency_score_2": 0.9007002801120448,
    "consistency_score_3": 0.8552521008403362,
    "consistency_score_4": 0.8243697478991596,
    "detailed_consistency_score": {
        "2_combine": {
            "Spanish,English": 0.9294117647058824,
            "Spanish,Chinese": 0.8941176470588236,
            "Spanish,Vietnamese": 0.8941176470588236,
            "English,Chinese": 0.9025210084033614,
            "English,Vietnamese": 0.9050420168067227,
            "Chinese,Vietnamese": 0.8789915966386554
        },
        "3_combine": {
            "Spanish,English,Chinese": 0.8680672268907563,
            "Spanish,English,Vietnamese": 0.8663865546218488,
            "Spanish,Chinese,Vietnamese": 0.8378151260504202,
            "English,Chinese,Vietnamese": 0.8487394957983193
        },
        "4_combine": {
            "Spanish,English,Chinese,Vietnamese": 0.8243697478991596
        }
    },
    "AC3_2": 0.9084757102587919,
    "AC3_3": 0.8847645354334098,
    "AC3_4": 0.8679461356817676
}