{
    "accuracy": 0.6228720208291608,
    "category_acc": {
        "History": 0.6606425702811245,
        "Geography": 0.6530612244897959,
        "Lampungic": 0.3945578231292517,
        "Social science": 0.8547579298831386,
        "Balinese": 0.3609341825902335,
        "Makassarese": 0.46236559139784944,
        "Banjarese": 0.5277777777777778,
        "Chemistry": 0.4481751824817518,
        "Biology": 0.6437869822485207,
        "Science": 0.7956656346749226,
        "Christian religion": 0.7960199004975125,
        "Art": 0.7104825291181365,
        "Islam religion": 0.7453769559032717,
        "Hindu religion": 0.6333333333333333,
        "Madurese": 0.3288135593220339,
        "Sport": 0.5945945945945946,
        "Indonesian language": 0.6936488169364882,
        "Physics": 0.6080808080808081,
        "Minangkabau culture": 0.4723618090452261,
        "Dayak language": 0.3577981651376147,
        "Sociology": 0.6189516129032258,
        "Economy": 0.6598360655737705,
        "Sundanese": 0.4736387208297321,
        "Javanese": 0.4344758064516129,
        "Civic education": 0.709585121602289
    }
}