{
    "accuracy": 0.24097135740971357,
    "category_acc": {
        "computer_network": 0.20833333333333334,
        "operating_system": 0.125,
        "computer_architecture": 0.23076923076923078,
        "college_programming": 0.2857142857142857,
        "college_physics": 0.16666666666666666,
        "college_chemistry": 0.27586206896551724,
        "advanced_mathematics": 0.3333333333333333,
        "probability_and_statistics": 0.30434782608695654,
        "discrete_mathematics": 0.42857142857142855,
        "electrical_engineer": 0.23809523809523808,
        "metrology_engineer": 0.13793103448275862,
        "high_school_mathematics": 0.30434782608695654,
        "high_school_physics": 0.3333333333333333,
        "high_school_chemistry": 0.25,
        "high_school_biology": 0.25,
        "middle_school_mathematics": 0.125,
        "middle_school_biology": 0.19230769230769232,
        "middle_school_physics": 0.16666666666666666,
        "middle_school_chemistry": 0.2,
        "veterinary_medicine": 0.35714285714285715,
        "college_economics": 0.31666666666666665,
        "business_administration": 0.23684210526315788,
        "marxism": 0.2916666666666667,
        "mao_zedong_thought": 0.27586206896551724,
        "education_science": 0.2647058823529412,
        "teacher_qualification": 0.24489795918367346,
        "high_school_politics": 0.16666666666666666,
        "high_school_geography": 0.16666666666666666,
        "middle_school_politics": 0.15384615384615385,
        "middle_school_geography": 0.23529411764705882,
        "modern_chinese_history": 0.07142857142857142,
        "ideological_and_moral_cultivation": 0.25,
        "logic": 0.25925925925925924,
        "law": 0.27586206896551724,
        "chinese_language_and_literature": 0.21428571428571427,
        "art_studies": 0.47368421052631576,
        "professional_tour_guide": 0.23529411764705882,
        "legal_professional": 0.25,
        "high_school_chinese": 0.25,
        "high_school_history": 0.12,
        "middle_school_history": 0.3333333333333333,
        "civil_servant": 0.19230769230769232,
        "sports_science": 0.08333333333333333,
        "plant_protection": 0.1111111111111111,
        "basic_medicine": 0.16666666666666666,
        "clinical_medicine": 0.2962962962962963,
        "urban_and_rural_planner": 0.29411764705882354,
        "accountant": 0.1111111111111111,
        "fire_engineer": 0.3055555555555556,
        "environmental_impact_assessment_engineer": 0.2222222222222222,
        "tax_accountant": 0.25925925925925924,
        "physician": 0.2962962962962963
    }
}