{
    "accuracy": 0.2521793275217933,
    "category_acc": {
        "computer_network": 0.20833333333333334,
        "operating_system": 0.16666666666666666,
        "computer_architecture": 0.2692307692307692,
        "college_programming": 0.23809523809523808,
        "college_physics": 0.16666666666666666,
        "college_chemistry": 0.20689655172413793,
        "advanced_mathematics": 0.4583333333333333,
        "probability_and_statistics": 0.30434782608695654,
        "discrete_mathematics": 0.2857142857142857,
        "electrical_engineer": 0.16666666666666666,
        "metrology_engineer": 0.13793103448275862,
        "high_school_mathematics": 0.21739130434782608,
        "high_school_physics": 0.2916666666666667,
        "high_school_chemistry": 0.20833333333333334,
        "high_school_biology": 0.375,
        "middle_school_mathematics": 0.16666666666666666,
        "middle_school_biology": 0.15384615384615385,
        "middle_school_physics": 0.16666666666666666,
        "middle_school_chemistry": 0.24,
        "veterinary_medicine": 0.21428571428571427,
        "college_economics": 0.31666666666666665,
        "business_administration": 0.15789473684210525,
        "marxism": 0.2916666666666667,
        "mao_zedong_thought": 0.3448275862068966,
        "education_science": 0.23529411764705882,
        "teacher_qualification": 0.3673469387755102,
        "high_school_politics": 0.20833333333333334,
        "high_school_geography": 0.16666666666666666,
        "middle_school_politics": 0.23076923076923078,
        "middle_school_geography": 0.29411764705882354,
        "modern_chinese_history": 0.2857142857142857,
        "ideological_and_moral_cultivation": 0.3333333333333333,
        "logic": 0.25925925925925924,
        "law": 0.2413793103448276,
        "chinese_language_and_literature": 0.25,
        "art_studies": 0.42105263157894735,
        "professional_tour_guide": 0.23529411764705882,
        "legal_professional": 0.32142857142857145,
        "high_school_chinese": 0.3333333333333333,
        "high_school_history": 0.16,
        "middle_school_history": 0.25925925925925924,
        "civil_servant": 0.2692307692307692,
        "sports_science": 0.16666666666666666,
        "plant_protection": 0.18518518518518517,
        "basic_medicine": 0.125,
        "clinical_medicine": 0.2962962962962963,
        "urban_and_rural_planner": 0.29411764705882354,
        "accountant": 0.16666666666666666,
        "fire_engineer": 0.3055555555555556,
        "environmental_impact_assessment_engineer": 0.2222222222222222,
        "tax_accountant": 0.25925925925925924,
        "physician": 0.2962962962962963
    }
}