{
    "accuracy": 0.24719800747198006,
    "category_acc": {
        "computer_network": 0.25,
        "operating_system": 0.16666666666666666,
        "computer_architecture": 0.3076923076923077,
        "college_programming": 0.19047619047619047,
        "college_physics": 0.041666666666666664,
        "college_chemistry": 0.20689655172413793,
        "advanced_mathematics": 0.4166666666666667,
        "probability_and_statistics": 0.21739130434782608,
        "discrete_mathematics": 0.23809523809523808,
        "electrical_engineer": 0.23809523809523808,
        "metrology_engineer": 0.1724137931034483,
        "high_school_mathematics": 0.2608695652173913,
        "high_school_physics": 0.3333333333333333,
        "high_school_chemistry": 0.375,
        "high_school_biology": 0.4583333333333333,
        "middle_school_mathematics": 0.20833333333333334,
        "middle_school_biology": 0.15384615384615385,
        "middle_school_physics": 0.16666666666666666,
        "middle_school_chemistry": 0.24,
        "veterinary_medicine": 0.21428571428571427,
        "college_economics": 0.31666666666666665,
        "business_administration": 0.15789473684210525,
        "marxism": 0.2916666666666667,
        "mao_zedong_thought": 0.3103448275862069,
        "education_science": 0.23529411764705882,
        "teacher_qualification": 0.30612244897959184,
        "high_school_politics": 0.20833333333333334,
        "high_school_geography": 0.16666666666666666,
        "middle_school_politics": 0.19230769230769232,
        "middle_school_geography": 0.23529411764705882,
        "modern_chinese_history": 0.07142857142857142,
        "ideological_and_moral_cultivation": 0.2916666666666667,
        "logic": 0.25925925925925924,
        "law": 0.2413793103448276,
        "chinese_language_and_literature": 0.25,
        "art_studies": 0.42105263157894735,
        "professional_tour_guide": 0.20588235294117646,
        "legal_professional": 0.32142857142857145,
        "high_school_chinese": 0.3333333333333333,
        "high_school_history": 0.12,
        "middle_school_history": 0.2962962962962963,
        "civil_servant": 0.23076923076923078,
        "sports_science": 0.25,
        "plant_protection": 0.2222222222222222,
        "basic_medicine": 0.125,
        "clinical_medicine": 0.25925925925925924,
        "urban_and_rural_planner": 0.2549019607843137,
        "accountant": 0.18518518518518517,
        "fire_engineer": 0.25,
        "environmental_impact_assessment_engineer": 0.2777777777777778,
        "tax_accountant": 0.2962962962962963,
        "physician": 0.2777777777777778
    }
}