{
    "accuracy": 0.24782067247820672,
    "category_acc": {
        "computer_network": 0.25,
        "operating_system": 0.16666666666666666,
        "computer_architecture": 0.23076923076923078,
        "college_programming": 0.2619047619047619,
        "college_physics": 0.08333333333333333,
        "college_chemistry": 0.2413793103448276,
        "advanced_mathematics": 0.4166666666666667,
        "probability_and_statistics": 0.2608695652173913,
        "discrete_mathematics": 0.2857142857142857,
        "electrical_engineer": 0.2857142857142857,
        "metrology_engineer": 0.1724137931034483,
        "high_school_mathematics": 0.17391304347826086,
        "high_school_physics": 0.2916666666666667,
        "high_school_chemistry": 0.20833333333333334,
        "high_school_biology": 0.4166666666666667,
        "middle_school_mathematics": 0.20833333333333334,
        "middle_school_biology": 0.15384615384615385,
        "middle_school_physics": 0.16666666666666666,
        "middle_school_chemistry": 0.24,
        "veterinary_medicine": 0.25,
        "college_economics": 0.2833333333333333,
        "business_administration": 0.15789473684210525,
        "marxism": 0.2916666666666667,
        "mao_zedong_thought": 0.3448275862068966,
        "education_science": 0.2647058823529412,
        "teacher_qualification": 0.32653061224489793,
        "high_school_politics": 0.125,
        "high_school_geography": 0.16666666666666666,
        "middle_school_politics": 0.19230769230769232,
        "middle_school_geography": 0.29411764705882354,
        "modern_chinese_history": 0.14285714285714285,
        "ideological_and_moral_cultivation": 0.2916666666666667,
        "logic": 0.2962962962962963,
        "law": 0.2413793103448276,
        "chinese_language_and_literature": 0.25,
        "art_studies": 0.4473684210526316,
        "professional_tour_guide": 0.20588235294117646,
        "legal_professional": 0.2857142857142857,
        "high_school_chinese": 0.3333333333333333,
        "high_school_history": 0.16,
        "middle_school_history": 0.25925925925925924,
        "civil_servant": 0.23076923076923078,
        "sports_science": 0.16666666666666666,
        "plant_protection": 0.2222222222222222,
        "basic_medicine": 0.20833333333333334,
        "clinical_medicine": 0.2962962962962963,
        "urban_and_rural_planner": 0.27450980392156865,
        "accountant": 0.14814814814814814,
        "fire_engineer": 0.2777777777777778,
        "environmental_impact_assessment_engineer": 0.2777777777777778,
        "tax_accountant": 0.24074074074074073,
        "physician": 0.2777777777777778
    }
}