{
    "accuracy": 0.25116560179589015,
    "category_acc": {
        "agronomy": 0.23668639053254437,
        "anatomy": 0.2635135135135135,
        "ancient_chinese": 0.2682926829268293,
        "arts": 0.275,
        "astronomy": 0.23030303030303031,
        "business_ethics": 0.2631578947368421,
        "chinese_civil_service_exam": 0.25,
        "chinese_driving_rule": 0.26717557251908397,
        "chinese_food_culture": 0.20588235294117646,
        "chinese_foreign_policy": 0.21495327102803738,
        "chinese_history": 0.26006191950464397,
        "chinese_literature": 0.24509803921568626,
        "chinese_teacher_qualification": 0.21787709497206703,
        "clinical_knowledge": 0.24050632911392406,
        "college_actuarial_science": 0.19811320754716982,
        "college_education": 0.2803738317757009,
        "college_engineering_hydrology": 0.25471698113207547,
        "college_law": 0.17592592592592593,
        "college_mathematics": 0.26666666666666666,
        "college_medical_statistics": 0.1792452830188679,
        "college_medicine": 0.23076923076923078,
        "computer_science": 0.2696078431372549,
        "computer_security": 0.2046783625730994,
        "conceptual_physics": 0.2585034013605442,
        "construction_project_management": 0.2589928057553957,
        "economics": 0.2578616352201258,
        "education": 0.26380368098159507,
        "electrical_engineering": 0.28488372093023256,
        "elementary_chinese": 0.30158730158730157,
        "elementary_commonsense": 0.26262626262626265,
        "elementary_information_and_technology": 0.24789915966386555,
        "elementary_mathematics": 0.2782608695652174,
        "ethnology": 0.3111111111111111,
        "food_science": 0.25874125874125875,
        "genetics": 0.2727272727272727,
        "global_facts": 0.2348993288590604,
        "high_school_biology": 0.24260355029585798,
        "high_school_chemistry": 0.25757575757575757,
        "high_school_geography": 0.2457627118644068,
        "high_school_mathematics": 0.2621951219512195,
        "high_school_physics": 0.2727272727272727,
        "high_school_politics": 0.23776223776223776,
        "human_sexuality": 0.23809523809523808,
        "international_law": 0.25405405405405407,
        "journalism": 0.27325581395348836,
        "jurisprudence": 0.25304136253041365,
        "legal_and_moral_basis": 0.27102803738317754,
        "logical": 0.25203252032520324,
        "machine_learning": 0.27049180327868855,
        "management": 0.22857142857142856,
        "marketing": 0.2611111111111111,
        "marxist_theory": 0.2275132275132275,
        "modern_chinese": 0.25862068965517243,
        "nutrition": 0.2620689655172414,
        "philosophy": 0.29523809523809524,
        "professional_accounting": 0.24,
        "professional_law": 0.27014218009478674,
        "professional_medicine": 0.23404255319148937,
        "professional_psychology": 0.22844827586206898,
        "public_relations": 0.22413793103448276,
        "security_study": 0.22962962962962963,
        "sociology": 0.2345132743362832,
        "sports_science": 0.23030303030303031,
        "traditional_chinese_medicine": 0.3027027027027027,
        "virology": 0.24260355029585798,
        "world_history": 0.2484472049689441,
        "world_religions": 0.25
    }
}