{
    "accuracy": 0.25125194266965983,
    "category_acc": {
        "agronomy": 0.21893491124260356,
        "anatomy": 0.2702702702702703,
        "ancient_chinese": 0.25,
        "arts": 0.25625,
        "astronomy": 0.24848484848484848,
        "business_ethics": 0.2679425837320574,
        "chinese_civil_service_exam": 0.2125,
        "chinese_driving_rule": 0.2748091603053435,
        "chinese_food_culture": 0.25735294117647056,
        "chinese_foreign_policy": 0.24299065420560748,
        "chinese_history": 0.23839009287925697,
        "chinese_literature": 0.25,
        "chinese_teacher_qualification": 0.25139664804469275,
        "clinical_knowledge": 0.25738396624472576,
        "college_actuarial_science": 0.2358490566037736,
        "college_education": 0.2897196261682243,
        "college_engineering_hydrology": 0.3018867924528302,
        "college_law": 0.23148148148148148,
        "college_mathematics": 0.3047619047619048,
        "college_medical_statistics": 0.22641509433962265,
        "college_medicine": 0.2490842490842491,
        "computer_science": 0.22058823529411764,
        "computer_security": 0.21637426900584794,
        "conceptual_physics": 0.24489795918367346,
        "construction_project_management": 0.28776978417266186,
        "economics": 0.2389937106918239,
        "education": 0.26380368098159507,
        "electrical_engineering": 0.27325581395348836,
        "elementary_chinese": 0.2896825396825397,
        "elementary_commonsense": 0.24242424242424243,
        "elementary_information_and_technology": 0.2689075630252101,
        "elementary_mathematics": 0.22608695652173913,
        "ethnology": 0.25925925925925924,
        "food_science": 0.2937062937062937,
        "genetics": 0.23863636363636365,
        "global_facts": 0.2550335570469799,
        "high_school_biology": 0.2603550295857988,
        "high_school_chemistry": 0.2878787878787879,
        "high_school_geography": 0.2627118644067797,
        "high_school_mathematics": 0.25609756097560976,
        "high_school_physics": 0.24545454545454545,
        "high_school_politics": 0.2727272727272727,
        "human_sexuality": 0.2698412698412698,
        "international_law": 0.2594594594594595,
        "journalism": 0.28488372093023256,
        "jurisprudence": 0.24330900243309003,
        "legal_and_moral_basis": 0.24299065420560748,
        "logical": 0.22764227642276422,
        "machine_learning": 0.2459016393442623,
        "management": 0.24285714285714285,
        "marketing": 0.2222222222222222,
        "marxist_theory": 0.2222222222222222,
        "modern_chinese": 0.27586206896551724,
        "nutrition": 0.2689655172413793,
        "philosophy": 0.29523809523809524,
        "professional_accounting": 0.24,
        "professional_law": 0.27014218009478674,
        "professional_medicine": 0.2553191489361702,
        "professional_psychology": 0.2413793103448276,
        "public_relations": 0.22988505747126436,
        "security_study": 0.21481481481481482,
        "sociology": 0.22566371681415928,
        "sports_science": 0.24242424242424243,
        "traditional_chinese_medicine": 0.2918918918918919,
        "virology": 0.23076923076923078,
        "world_history": 0.18012422360248448,
        "world_religions": 0.2625
    }
}