{
    "rouge1": 0.2242608916043325,
    "rouge2": 0.05331708909380924,
    "rougeL": 0.16398737459191393,
    "avg_rouge": 0.14718845176335188
}