{
    "rouge1": 0.22427132271501854,
    "rouge2": 0.052786421931518876,
    "rougeL": 0.16357874102702746,
    "avg_rouge": 0.14687882855785497
}