{
    "rouge1": 0.2234401281407043,
    "rouge2": 0.05283218485911105,
    "rougeL": 0.16327769653604746,
    "avg_rouge": 0.1465166698452876
}