{
    "rouge1": 0.22259900342738578,
    "rouge2": 0.052647787328002134,
    "rougeL": 0.1627164107373179,
    "avg_rouge": 0.14598773383090194
}