{
    "accuracy": 0.48443337484433374,
    "category_acc": {
        "computer_network": 0.7083333333333334,
        "operating_system": 0.7083333333333334,
        "computer_architecture": 0.6153846153846154,
        "college_programming": 0.47619047619047616,
        "college_physics": 0.4166666666666667,
        "college_chemistry": 0.41379310344827586,
        "advanced_mathematics": 0.375,
        "probability_and_statistics": 0.391304347826087,
        "discrete_mathematics": 0.2857142857142857,
        "electrical_engineer": 0.30952380952380953,
        "metrology_engineer": 0.3793103448275862,
        "high_school_mathematics": 0.13043478260869565,
        "high_school_physics": 0.4166666666666667,
        "high_school_chemistry": 0.3333333333333333,
        "high_school_biology": 0.4166666666666667,
        "middle_school_mathematics": 0.25,
        "middle_school_biology": 0.7307692307692307,
        "middle_school_physics": 0.4583333333333333,
        "middle_school_chemistry": 0.44,
        "veterinary_medicine": 0.5,
        "college_economics": 0.4666666666666667,
        "business_administration": 0.4473684210526316,
        "marxism": 0.5833333333333334,
        "mao_zedong_thought": 0.6206896551724138,
        "education_science": 0.6176470588235294,
        "teacher_qualification": 0.7142857142857143,
        "high_school_politics": 0.625,
        "high_school_geography": 0.5416666666666666,
        "middle_school_politics": 0.7307692307692307,
        "middle_school_geography": 0.47058823529411764,
        "modern_chinese_history": 0.5357142857142857,
        "ideological_and_moral_cultivation": 0.6666666666666666,
        "logic": 0.48148148148148145,
        "law": 0.4482758620689655,
        "chinese_language_and_literature": 0.4642857142857143,
        "art_studies": 0.6052631578947368,
        "professional_tour_guide": 0.5294117647058824,
        "legal_professional": 0.32142857142857145,
        "high_school_chinese": 0.20833333333333334,
        "high_school_history": 0.4,
        "middle_school_history": 0.6296296296296297,
        "civil_servant": 0.4423076923076923,
        "sports_science": 0.5416666666666666,
        "plant_protection": 0.7037037037037037,
        "basic_medicine": 0.5,
        "clinical_medicine": 0.4074074074074074,
        "urban_and_rural_planner": 0.5686274509803921,
        "accountant": 0.42592592592592593,
        "fire_engineer": 0.4166666666666667,
        "environmental_impact_assessment_engineer": 0.3611111111111111,
        "tax_accountant": 0.3148148148148148,
        "physician": 0.5740740740740741
    }
}