{
    "accuracy": 0.4726027397260274,
    "category_acc": {
        "computer_network": 0.4166666666666667,
        "operating_system": 0.625,
        "computer_architecture": 0.3076923076923077,
        "college_programming": 0.5952380952380952,
        "college_physics": 0.3333333333333333,
        "college_chemistry": 0.3448275862068966,
        "advanced_mathematics": 0.20833333333333334,
        "probability_and_statistics": 0.391304347826087,
        "discrete_mathematics": 0.2857142857142857,
        "electrical_engineer": 0.42857142857142855,
        "metrology_engineer": 0.5862068965517241,
        "high_school_mathematics": 0.08695652173913043,
        "high_school_physics": 0.4166666666666667,
        "high_school_chemistry": 0.4583333333333333,
        "high_school_biology": 0.4166666666666667,
        "middle_school_mathematics": 0.3333333333333333,
        "middle_school_biology": 0.6923076923076923,
        "middle_school_physics": 0.5416666666666666,
        "middle_school_chemistry": 0.44,
        "veterinary_medicine": 0.42857142857142855,
        "college_economics": 0.38333333333333336,
        "business_administration": 0.42105263157894735,
        "marxism": 0.5833333333333334,
        "mao_zedong_thought": 0.6206896551724138,
        "education_science": 0.5588235294117647,
        "teacher_qualification": 0.673469387755102,
        "high_school_politics": 0.625,
        "high_school_geography": 0.5833333333333334,
        "middle_school_politics": 0.6538461538461539,
        "middle_school_geography": 0.47058823529411764,
        "modern_chinese_history": 0.5357142857142857,
        "ideological_and_moral_cultivation": 0.6666666666666666,
        "logic": 0.4444444444444444,
        "law": 0.41379310344827586,
        "chinese_language_and_literature": 0.4642857142857143,
        "art_studies": 0.39473684210526316,
        "professional_tour_guide": 0.5,
        "legal_professional": 0.39285714285714285,
        "high_school_chinese": 0.3333333333333333,
        "high_school_history": 0.4,
        "middle_school_history": 0.6296296296296297,
        "civil_servant": 0.4230769230769231,
        "sports_science": 0.4583333333333333,
        "plant_protection": 0.5555555555555556,
        "basic_medicine": 0.625,
        "clinical_medicine": 0.48148148148148145,
        "urban_and_rural_planner": 0.5686274509803921,
        "accountant": 0.48148148148148145,
        "fire_engineer": 0.3888888888888889,
        "environmental_impact_assessment_engineer": 0.4722222222222222,
        "tax_accountant": 0.37037037037037035,
        "physician": 0.5185185185185185
    }
}