{
    "accuracy": 0.4713574097135741,
    "category_acc": {
        "computer_network": 0.4166666666666667,
        "operating_system": 0.5833333333333334,
        "computer_architecture": 0.34615384615384615,
        "college_programming": 0.5952380952380952,
        "college_physics": 0.375,
        "college_chemistry": 0.3103448275862069,
        "advanced_mathematics": 0.3333333333333333,
        "probability_and_statistics": 0.43478260869565216,
        "discrete_mathematics": 0.23809523809523808,
        "electrical_engineer": 0.42857142857142855,
        "metrology_engineer": 0.5517241379310345,
        "high_school_mathematics": 0.08695652173913043,
        "high_school_physics": 0.375,
        "high_school_chemistry": 0.4583333333333333,
        "high_school_biology": 0.4166666666666667,
        "middle_school_mathematics": 0.25,
        "middle_school_biology": 0.7307692307692307,
        "middle_school_physics": 0.5,
        "middle_school_chemistry": 0.44,
        "veterinary_medicine": 0.39285714285714285,
        "college_economics": 0.38333333333333336,
        "business_administration": 0.42105263157894735,
        "marxism": 0.5416666666666666,
        "mao_zedong_thought": 0.6551724137931034,
        "education_science": 0.5882352941176471,
        "teacher_qualification": 0.6326530612244898,
        "high_school_politics": 0.5833333333333334,
        "high_school_geography": 0.5833333333333334,
        "middle_school_politics": 0.6923076923076923,
        "middle_school_geography": 0.47058823529411764,
        "modern_chinese_history": 0.5357142857142857,
        "ideological_and_moral_cultivation": 0.6666666666666666,
        "logic": 0.5185185185185185,
        "law": 0.41379310344827586,
        "chinese_language_and_literature": 0.42857142857142855,
        "art_studies": 0.39473684210526316,
        "professional_tour_guide": 0.5,
        "legal_professional": 0.35714285714285715,
        "high_school_chinese": 0.375,
        "high_school_history": 0.4,
        "middle_school_history": 0.6296296296296297,
        "civil_servant": 0.4230769230769231,
        "sports_science": 0.5,
        "plant_protection": 0.5925925925925926,
        "basic_medicine": 0.625,
        "clinical_medicine": 0.48148148148148145,
        "urban_and_rural_planner": 0.5686274509803921,
        "accountant": 0.5,
        "fire_engineer": 0.3611111111111111,
        "environmental_impact_assessment_engineer": 0.3888888888888889,
        "tax_accountant": 0.3888888888888889,
        "physician": 0.5185185185185185
    }
}