{
    "accuracy": 0.4738480697384807,
    "category_acc": {
        "computer_network": 0.375,
        "operating_system": 0.625,
        "computer_architecture": 0.46153846153846156,
        "college_programming": 0.5714285714285714,
        "college_physics": 0.4166666666666667,
        "college_chemistry": 0.41379310344827586,
        "advanced_mathematics": 0.4583333333333333,
        "probability_and_statistics": 0.2608695652173913,
        "discrete_mathematics": 0.23809523809523808,
        "electrical_engineer": 0.38095238095238093,
        "metrology_engineer": 0.6206896551724138,
        "high_school_mathematics": 0.17391304347826086,
        "high_school_physics": 0.4583333333333333,
        "high_school_chemistry": 0.5,
        "high_school_biology": 0.375,
        "middle_school_mathematics": 0.3333333333333333,
        "middle_school_biology": 0.6538461538461539,
        "middle_school_physics": 0.5,
        "middle_school_chemistry": 0.44,
        "veterinary_medicine": 0.42857142857142855,
        "college_economics": 0.4166666666666667,
        "business_administration": 0.3684210526315789,
        "marxism": 0.5833333333333334,
        "mao_zedong_thought": 0.5862068965517241,
        "education_science": 0.5588235294117647,
        "teacher_qualification": 0.7551020408163265,
        "high_school_politics": 0.625,
        "high_school_geography": 0.5416666666666666,
        "middle_school_politics": 0.6538461538461539,
        "middle_school_geography": 0.4117647058823529,
        "modern_chinese_history": 0.4642857142857143,
        "ideological_and_moral_cultivation": 0.5833333333333334,
        "logic": 0.4444444444444444,
        "law": 0.3448275862068966,
        "chinese_language_and_literature": 0.5357142857142857,
        "art_studies": 0.5,
        "professional_tour_guide": 0.5588235294117647,
        "legal_professional": 0.4642857142857143,
        "high_school_chinese": 0.16666666666666666,
        "high_school_history": 0.4,
        "middle_school_history": 0.7037037037037037,
        "civil_servant": 0.4423076923076923,
        "sports_science": 0.4583333333333333,
        "plant_protection": 0.6666666666666666,
        "basic_medicine": 0.625,
        "clinical_medicine": 0.5185185185185185,
        "urban_and_rural_planner": 0.45098039215686275,
        "accountant": 0.35185185185185186,
        "fire_engineer": 0.4166666666666667,
        "environmental_impact_assessment_engineer": 0.3888888888888889,
        "tax_accountant": 0.3333333333333333,
        "physician": 0.5740740740740741
    }
}