{
    "accuracy": 0.39352428393524286,
    "category_acc": {
        "computer_network": 0.4166666666666667,
        "operating_system": 0.5,
        "computer_architecture": 0.46153846153846156,
        "college_programming": 0.47619047619047616,
        "college_physics": 0.25,
        "college_chemistry": 0.3448275862068966,
        "advanced_mathematics": 0.3333333333333333,
        "probability_and_statistics": 0.4782608695652174,
        "discrete_mathematics": 0.19047619047619047,
        "electrical_engineer": 0.3333333333333333,
        "metrology_engineer": 0.4482758620689655,
        "high_school_mathematics": 0.17391304347826086,
        "high_school_physics": 0.16666666666666666,
        "high_school_chemistry": 0.4166666666666667,
        "high_school_biology": 0.375,
        "middle_school_mathematics": 0.2916666666666667,
        "middle_school_biology": 0.46153846153846156,
        "middle_school_physics": 0.5416666666666666,
        "middle_school_chemistry": 0.56,
        "veterinary_medicine": 0.42857142857142855,
        "college_economics": 0.25,
        "business_administration": 0.39473684210526316,
        "marxism": 0.4166666666666667,
        "mao_zedong_thought": 0.3103448275862069,
        "education_science": 0.4411764705882353,
        "teacher_qualification": 0.5102040816326531,
        "high_school_politics": 0.625,
        "high_school_geography": 0.4583333333333333,
        "middle_school_politics": 0.46153846153846156,
        "middle_school_geography": 0.5882352941176471,
        "modern_chinese_history": 0.4642857142857143,
        "ideological_and_moral_cultivation": 0.5,
        "logic": 0.4074074074074074,
        "law": 0.3793103448275862,
        "chinese_language_and_literature": 0.42857142857142855,
        "art_studies": 0.5263157894736842,
        "professional_tour_guide": 0.5,
        "legal_professional": 0.32142857142857145,
        "high_school_chinese": 0.2916666666666667,
        "high_school_history": 0.48,
        "middle_school_history": 0.5555555555555556,
        "civil_servant": 0.3269230769230769,
        "sports_science": 0.3333333333333333,
        "plant_protection": 0.4074074074074074,
        "basic_medicine": 0.4166666666666667,
        "clinical_medicine": 0.25925925925925924,
        "urban_and_rural_planner": 0.35294117647058826,
        "accountant": 0.37037037037037035,
        "fire_engineer": 0.3055555555555556,
        "environmental_impact_assessment_engineer": 0.2777777777777778,
        "tax_accountant": 0.25925925925925924,
        "physician": 0.46296296296296297
    }
}