{
    "accuracy": 0.5062420722344616,
    "category_acc": {
        "History": 0.3714859437751004,
        "Geography": 0.4326530612244898,
        "Lampungic": 0.4557823129251701,
        "Social science": 0.672787979966611,
        "Balinese": 0.4309978768577495,
        "Makassarese": 0.3924731182795699,
        "Banjarese": 0.4166666666666667,
        "Chemistry": 0.22773722627737225,
        "Biology": 0.3562130177514793,
        "Science": 0.5521155830753354,
        "Christian religion": 0.6069651741293532,
        "Art": 0.5640599001663894,
        "Islam religion": 0.6173541963015647,
        "Hindu religion": 0.5533333333333333,
        "Madurese": 0.3152542372881356,
        "Sport": 0.4594594594594595,
        "Indonesian language": 0.573785803237858,
        "Physics": 0.37373737373737376,
        "Minangkabau culture": 0.4020100502512563,
        "Dayak language": 0.3577981651376147,
        "Sociology": 0.4798387096774194,
        "Economy": 0.4733606557377049,
        "Sundanese": 0.6076058772687987,
        "Javanese": 0.5362903225806451,
        "Civic education": 0.5693848354792561
    }
}