{
    "accuracy": 0.5023699846451699,
    "category_acc": {
        "History": 0.3895582329317269,
        "Geography": 0.4489795918367347,
        "Lampungic": 0.38095238095238093,
        "Social science": 0.672787979966611,
        "Balinese": 0.4118895966029724,
        "Makassarese": 0.3870967741935484,
        "Banjarese": 0.4236111111111111,
        "Chemistry": 0.2321167883211679,
        "Biology": 0.35502958579881655,
        "Science": 0.5345717234262126,
        "Christian religion": 0.6019900497512438,
        "Art": 0.5440931780366056,
        "Islam religion": 0.604551920341394,
        "Hindu religion": 0.54,
        "Madurese": 0.3152542372881356,
        "Sport": 0.44594594594594594,
        "Indonesian language": 0.5647571606475716,
        "Physics": 0.37777777777777777,
        "Minangkabau culture": 0.4020100502512563,
        "Dayak language": 0.3486238532110092,
        "Sociology": 0.49798387096774194,
        "Economy": 0.47540983606557374,
        "Sundanese": 0.6101987899740708,
        "Javanese": 0.5282258064516129,
        "Civic education": 0.5822603719599427
    }
}