{
    "accuracy": 0.5037719473930169,
    "category_acc": {
        "History": 0.37751004016064255,
        "Geography": 0.4489795918367347,
        "Lampungic": 0.40816326530612246,
        "Social science": 0.671118530884808,
        "Balinese": 0.42250530785562634,
        "Makassarese": 0.3870967741935484,
        "Banjarese": 0.4166666666666667,
        "Chemistry": 0.22335766423357664,
        "Biology": 0.3562130177514793,
        "Science": 0.542827657378741,
        "Christian religion": 0.5870646766169154,
        "Art": 0.5490848585690515,
        "Islam religion": 0.6145092460881935,
        "Hindu religion": 0.54,
        "Madurese": 0.3050847457627119,
        "Sport": 0.46621621621621623,
        "Indonesian language": 0.5688044831880449,
        "Physics": 0.37777777777777777,
        "Minangkabau culture": 0.39195979899497485,
        "Dayak language": 0.3302752293577982,
        "Sociology": 0.48185483870967744,
        "Economy": 0.48565573770491804,
        "Sundanese": 0.6093344857389801,
        "Javanese": 0.5383064516129032,
        "Civic education": 0.575107296137339
    }
}