{
    "accuracy": 0.5051739101408639,
    "category_acc": {
        "History": 0.3714859437751004,
        "Geography": 0.43673469387755104,
        "Lampungic": 0.41496598639455784,
        "Social science": 0.667779632721202,
        "Balinese": 0.4309978768577495,
        "Makassarese": 0.3978494623655914,
        "Banjarese": 0.4166666666666667,
        "Chemistry": 0.22773722627737225,
        "Biology": 0.35502958579881655,
        "Science": 0.543859649122807,
        "Christian religion": 0.6069651741293532,
        "Art": 0.5490848585690515,
        "Islam religion": 0.6173541963015647,
        "Hindu religion": 0.5533333333333333,
        "Madurese": 0.3050847457627119,
        "Sport": 0.43243243243243246,
        "Indonesian language": 0.5712951432129514,
        "Physics": 0.3717171717171717,
        "Minangkabau culture": 0.40703517587939697,
        "Dayak language": 0.3577981651376147,
        "Sociology": 0.4899193548387097,
        "Economy": 0.48155737704918034,
        "Sundanese": 0.6093344857389801,
        "Javanese": 0.5352822580645161,
        "Civic education": 0.5879828326180258
    }
}