{
    "accuracy": 0.7184424106371956,
    "category_acc": {
        "agronomy": 0.6568047337278107,
        "anatomy": 0.7972972972972973,
        "ancient_chinese": 0.5060975609756098,
        "arts": 0.9375,
        "astronomy": 0.47878787878787876,
        "business_ethics": 0.6220095693779905,
        "chinese_civil_service_exam": 0.68125,
        "chinese_driving_rule": 0.8396946564885496,
        "chinese_food_culture": 0.8014705882352942,
        "chinese_foreign_policy": 0.8037383177570093,
        "chinese_history": 0.8080495356037152,
        "chinese_literature": 0.7401960784313726,
        "chinese_teacher_qualification": 0.8379888268156425,
        "clinical_knowledge": 0.7046413502109705,
        "college_actuarial_science": 0.3018867924528302,
        "college_education": 0.8691588785046729,
        "college_engineering_hydrology": 0.7358490566037735,
        "college_law": 0.6203703703703703,
        "college_mathematics": 0.2857142857142857,
        "college_medical_statistics": 0.4716981132075472,
        "college_medicine": 0.7545787545787546,
        "computer_science": 0.803921568627451,
        "computer_security": 0.7543859649122807,
        "conceptual_physics": 0.8027210884353742,
        "construction_project_management": 0.60431654676259,
        "economics": 0.6729559748427673,
        "education": 0.7177914110429447,
        "electrical_engineering": 0.6627906976744186,
        "elementary_chinese": 0.7619047619047619,
        "elementary_commonsense": 0.7777777777777778,
        "elementary_information_and_technology": 0.8739495798319328,
        "elementary_mathematics": 0.391304347826087,
        "ethnology": 0.8148148148148148,
        "food_science": 0.6783216783216783,
        "genetics": 0.5284090909090909,
        "global_facts": 0.785234899328859,
        "high_school_biology": 0.8224852071005917,
        "high_school_chemistry": 0.7045454545454546,
        "high_school_geography": 0.788135593220339,
        "high_school_mathematics": 0.2926829268292683,
        "high_school_physics": 0.5909090909090909,
        "high_school_politics": 0.7762237762237763,
        "human_sexuality": 0.6190476190476191,
        "international_law": 0.6972972972972973,
        "journalism": 0.7325581395348837,
        "jurisprudence": 0.7980535279805353,
        "legal_and_moral_basis": 0.9392523364485982,
        "logical": 0.6747967479674797,
        "machine_learning": 0.5409836065573771,
        "management": 0.8,
        "marketing": 0.8611111111111112,
        "marxist_theory": 0.8888888888888888,
        "modern_chinese": 0.6551724137931034,
        "nutrition": 0.7034482758620689,
        "philosophy": 0.7619047619047619,
        "professional_accounting": 0.8285714285714286,
        "professional_law": 0.6255924170616114,
        "professional_medicine": 0.6728723404255319,
        "professional_psychology": 0.8318965517241379,
        "public_relations": 0.7126436781609196,
        "security_study": 0.7555555555555555,
        "sociology": 0.7522123893805309,
        "sports_science": 0.7151515151515152,
        "traditional_chinese_medicine": 0.7297297297297297,
        "virology": 0.727810650887574,
        "world_history": 0.7763975155279503,
        "world_religions": 0.8
    }
}