{
    "accuracy": 0.7912277672250043,
    "category_acc": {
        "agronomy": 0.7218934911242604,
        "anatomy": 0.8716216216216216,
        "ancient_chinese": 0.5609756097560976,
        "arts": 0.9625,
        "astronomy": 0.5272727272727272,
        "business_ethics": 0.6889952153110048,
        "chinese_civil_service_exam": 0.75625,
        "chinese_driving_rule": 0.9465648854961832,
        "chinese_food_culture": 0.8161764705882353,
        "chinese_foreign_policy": 0.8878504672897196,
        "chinese_history": 0.913312693498452,
        "chinese_literature": 0.8088235294117647,
        "chinese_teacher_qualification": 0.8938547486033519,
        "clinical_knowledge": 0.8227848101265823,
        "college_actuarial_science": 0.3113207547169811,
        "college_education": 0.9252336448598131,
        "college_engineering_hydrology": 0.7830188679245284,
        "college_law": 0.7592592592592593,
        "college_mathematics": 0.3047619047619048,
        "college_medical_statistics": 0.5660377358490566,
        "college_medicine": 0.8498168498168498,
        "computer_science": 0.8431372549019608,
        "computer_security": 0.9064327485380117,
        "conceptual_physics": 0.8843537414965986,
        "construction_project_management": 0.697841726618705,
        "economics": 0.7610062893081762,
        "education": 0.7668711656441718,
        "electrical_engineering": 0.7558139534883721,
        "elementary_chinese": 0.7777777777777778,
        "elementary_commonsense": 0.797979797979798,
        "elementary_information_and_technology": 0.9285714285714286,
        "elementary_mathematics": 0.41304347826086957,
        "ethnology": 0.837037037037037,
        "food_science": 0.7132867132867133,
        "genetics": 0.6704545454545454,
        "global_facts": 0.87248322147651,
        "high_school_biology": 0.9053254437869822,
        "high_school_chemistry": 0.7803030303030303,
        "high_school_geography": 0.8898305084745762,
        "high_school_mathematics": 0.38414634146341464,
        "high_school_physics": 0.7,
        "high_school_politics": 0.9020979020979021,
        "human_sexuality": 0.7142857142857143,
        "international_law": 0.7783783783783784,
        "journalism": 0.7732558139534884,
        "jurisprudence": 0.8491484184914841,
        "legal_and_moral_basis": 0.9813084112149533,
        "logical": 0.7479674796747967,
        "machine_learning": 0.6557377049180327,
        "management": 0.9095238095238095,
        "marketing": 0.8833333333333333,
        "marxist_theory": 0.9259259259259259,
        "modern_chinese": 0.6810344827586207,
        "nutrition": 0.7931034482758621,
        "philosophy": 0.8285714285714286,
        "professional_accounting": 0.8857142857142857,
        "professional_law": 0.7298578199052133,
        "professional_medicine": 0.8058510638297872,
        "professional_psychology": 0.8793103448275862,
        "public_relations": 0.7701149425287356,
        "security_study": 0.8740740740740741,
        "sociology": 0.7876106194690266,
        "sports_science": 0.806060606060606,
        "traditional_chinese_medicine": 0.8432432432432433,
        "virology": 0.8224852071005917,
        "world_history": 0.9006211180124224,
        "world_religions": 0.83125
    }
}