{
    "accuracy": 0.24719800747198006,
    "category_acc": {
        "computer_network": 0.375,
        "operating_system": 0.08333333333333333,
        "computer_architecture": 0.2692307692307692,
        "college_programming": 0.16666666666666666,
        "college_physics": 0.375,
        "college_chemistry": 0.27586206896551724,
        "advanced_mathematics": 0.20833333333333334,
        "probability_and_statistics": 0.30434782608695654,
        "discrete_mathematics": 0.09523809523809523,
        "electrical_engineer": 0.23809523809523808,
        "metrology_engineer": 0.27586206896551724,
        "high_school_mathematics": 0.2608695652173913,
        "high_school_physics": 0.16666666666666666,
        "high_school_chemistry": 0.16666666666666666,
        "high_school_biology": 0.25,
        "middle_school_mathematics": 0.4166666666666667,
        "middle_school_biology": 0.2692307692307692,
        "middle_school_physics": 0.375,
        "middle_school_chemistry": 0.24,
        "veterinary_medicine": 0.2857142857142857,
        "college_economics": 0.21666666666666667,
        "business_administration": 0.2631578947368421,
        "marxism": 0.20833333333333334,
        "mao_zedong_thought": 0.3448275862068966,
        "education_science": 0.14705882352941177,
        "teacher_qualification": 0.22448979591836735,
        "high_school_politics": 0.20833333333333334,
        "high_school_geography": 0.041666666666666664,
        "middle_school_politics": 0.15384615384615385,
        "middle_school_geography": 0.29411764705882354,
        "modern_chinese_history": 0.25,
        "ideological_and_moral_cultivation": 0.25,
        "logic": 0.2222222222222222,
        "law": 0.2413793103448276,
        "chinese_language_and_literature": 0.10714285714285714,
        "art_studies": 0.2631578947368421,
        "professional_tour_guide": 0.20588235294117646,
        "legal_professional": 0.39285714285714285,
        "high_school_chinese": 0.4583333333333333,
        "high_school_history": 0.44,
        "middle_school_history": 0.1111111111111111,
        "civil_servant": 0.28846153846153844,
        "sports_science": 0.4583333333333333,
        "plant_protection": 0.2962962962962963,
        "basic_medicine": 0.375,
        "clinical_medicine": 0.2222222222222222,
        "urban_and_rural_planner": 0.17647058823529413,
        "accountant": 0.25925925925925924,
        "fire_engineer": 0.2777777777777778,
        "environmental_impact_assessment_engineer": 0.16666666666666666,
        "tax_accountant": 0.2222222222222222,
        "physician": 0.2222222222222222
    }
}