{
    "overall_acc": 0.48761904761904756,
    "language_acc": {
        "Filipino": 0.3333333333333333,
        "Vietnamese": 0.49333333333333335,
        "Chinese": 0.49333333333333335,
        "Spanish": 0.47333333333333333,
        "Malay": 0.5066666666666667,
        "Indonesian": 0.5466666666666666,
        "English": 0.5666666666666667
    },
    "consistency_score_2": 0.633015873015873,
    "consistency_score_3": 0.49161904761904773,
    "consistency_score_4": 0.4108571428571428,
    "consistency_score_5": 0.3558730158730159,
    "consistency_score_6": 0.31428571428571433,
    "consistency_score_7": 0.28,
    "detailed_consistency_score": {
        "2_combine": {
            "Filipino,Vietnamese": 0.47333333333333333,
            "Filipino,Chinese": 0.5466666666666666,
            "Filipino,Spanish": 0.4666666666666667,
            "Filipino,Malay": 0.5333333333333333,
            "Filipino,Indonesian": 0.5266666666666666,
            "Filipino,English": 0.54,
            "Vietnamese,Chinese": 0.6466666666666666,
            "Vietnamese,Spanish": 0.64,
            "Vietnamese,Malay": 0.6666666666666666,
            "Vietnamese,Indonesian": 0.6866666666666666,
            "Vietnamese,English": 0.6933333333333334,
            "Chinese,Spanish": 0.6333333333333333,
            "Chinese,Malay": 0.66,
            "Chinese,Indonesian": 0.6733333333333333,
            "Chinese,English": 0.7333333333333333,
            "Spanish,Malay": 0.6266666666666667,
            "Spanish,Indonesian": 0.7,
            "Spanish,English": 0.6933333333333334,
            "Malay,Indonesian": 0.74,
            "Malay,English": 0.6866666666666666,
            "Indonesian,English": 0.7266666666666667
        },
        "3_combine": {
            "Filipino,Vietnamese,Chinese": 0.4066666666666667,
            "Filipino,Vietnamese,Spanish": 0.3466666666666667,
            "Filipino,Vietnamese,Malay": 0.4,
            "Filipino,Vietnamese,Indonesian": 0.3933333333333333,
            "Filipino,Vietnamese,English": 0.4,
            "Filipino,Chinese,Spanish": 0.38666666666666666,
            "Filipino,Chinese,Malay": 0.42,
            "Filipino,Chinese,Indonesian": 0.42,
            "Filipino,Chinese,English": 0.4533333333333333,
            "Filipino,Spanish,Malay": 0.38,
            "Filipino,Spanish,Indonesian": 0.38666666666666666,
            "Filipino,Spanish,English": 0.3933333333333333,
            "Filipino,Malay,Indonesian": 0.44,
            "Filipino,Malay,English": 0.43333333333333335,
            "Filipino,Indonesian,English": 0.44,
            "Vietnamese,Chinese,Spanish": 0.5066666666666667,
            "Vietnamese,Chinese,Malay": 0.5333333333333333,
            "Vietnamese,Chinese,Indonesian": 0.54,
            "Vietnamese,Chinese,English": 0.56,
            "Vietnamese,Spanish,Malay": 0.5133333333333333,
            "Vietnamese,Spanish,Indonesian": 0.5466666666666666,
            "Vietnamese,Spanish,English": 0.54,
            "Vietnamese,Malay,Indonesian": 0.5866666666666667,
            "Vietnamese,Malay,English": 0.5666666666666667,
            "Vietnamese,Indonesian,English": 0.58,
            "Chinese,Spanish,Malay": 0.52,
            "Chinese,Spanish,Indonesian": 0.5466666666666666,
            "Chinese,Spanish,English": 0.56,
            "Chinese,Malay,Indonesian": 0.56,
            "Chinese,Malay,English": 0.5733333333333334,
            "Chinese,Indonesian,English": 0.6,
            "Spanish,Malay,Indonesian": 0.5533333333333333,
            "Spanish,Malay,English": 0.54,
            "Spanish,Indonesian,English": 0.58,
            "Malay,Indonesian,English": 0.6
        },
        "4_combine": {
            "Filipino,Vietnamese,Chinese,Spanish": 0.32,
            "Filipino,Vietnamese,Chinese,Malay": 0.35333333333333333,
            "Filipino,Vietnamese,Chinese,Indonesian": 0.35333333333333333,
            "Filipino,Vietnamese,Chinese,English": 0.36666666666666664,
            "Filipino,Vietnamese,Spanish,Malay": 0.31333333333333335,
            "Filipino,Vietnamese,Spanish,Indonesian": 0.31333333333333335,
            "Filipino,Vietnamese,Spanish,English": 0.31333333333333335,
            "Filipino,Vietnamese,Malay,Indonesian": 0.36,
            "Filipino,Vietnamese,Malay,English": 0.36,
            "Filipino,Vietnamese,Indonesian,English": 0.36666666666666664,
            "Filipino,Chinese,Spanish,Malay": 0.34,
            "Filipino,Chinese,Spanish,Indonesian": 0.34,
            "Filipino,Chinese,Spanish,English": 0.3466666666666667,
            "Filipino,Chinese,Malay,Indonesian": 0.36666666666666664,
            "Filipino,Chinese,Malay,English": 0.38,
            "Filipino,Chinese,Indonesian,English": 0.3933333333333333,
            "Filipino,Spanish,Malay,Indonesian": 0.35333333333333333,
            "Filipino,Spanish,Malay,English": 0.3466666666666667,
            "Filipino,Spanish,Indonesian,English": 0.35333333333333333,
            "Filipino,Malay,Indonesian,English": 0.38666666666666666,
            "Vietnamese,Chinese,Spanish,Malay": 0.46,
            "Vietnamese,Chinese,Spanish,Indonesian": 0.46,
            "Vietnamese,Chinese,Spanish,English": 0.47333333333333333,
            "Vietnamese,Chinese,Malay,Indonesian": 0.49333333333333335,
            "Vietnamese,Chinese,Malay,English": 0.4866666666666667,
            "Vietnamese,Chinese,Indonesian,English": 0.5,
            "Vietnamese,Spanish,Malay,Indonesian": 0.4866666666666667,
            "Vietnamese,Spanish,Malay,English": 0.48,
            "Vietnamese,Spanish,Indonesian,English": 0.4866666666666667,
            "Vietnamese,Malay,Indonesian,English": 0.5266666666666666,
            "Chinese,Spanish,Malay,Indonesian": 0.4866666666666667,
            "Chinese,Spanish,Malay,English": 0.4866666666666667,
            "Chinese,Spanish,Indonesian,English": 0.5133333333333333,
            "Chinese,Malay,Indonesian,English": 0.5066666666666667,
            "Spanish,Malay,Indonesian,English": 0.5066666666666667
        },
        "5_combine": {
            "Filipino,Vietnamese,Chinese,Spanish,Malay": 0.29333333333333333,
            "Filipino,Vietnamese,Chinese,Spanish,Indonesian": 0.29333333333333333,
            "Filipino,Vietnamese,Chinese,Spanish,English": 0.3,
            "Filipino,Vietnamese,Chinese,Malay,Indonesian": 0.32666666666666666,
            "Filipino,Vietnamese,Chinese,Malay,English": 0.32666666666666666,
            "Filipino,Vietnamese,Chinese,Indonesian,English": 0.34,
            "Filipino,Vietnamese,Spanish,Malay,Indonesian": 0.3,
            "Filipino,Vietnamese,Spanish,Malay,English": 0.3,
            "Filipino,Vietnamese,Spanish,Indonesian,English": 0.3,
            "Filipino,Vietnamese,Malay,Indonesian,English": 0.34,
            "Filipino,Chinese,Spanish,Malay,Indonesian": 0.32666666666666666,
            "Filipino,Chinese,Spanish,Malay,English": 0.32,
            "Filipino,Chinese,Spanish,Indonesian,English": 0.32666666666666666,
            "Filipino,Chinese,Malay,Indonesian,English": 0.3466666666666667,
            "Filipino,Spanish,Malay,Indonesian,English": 0.3333333333333333,
            "Vietnamese,Chinese,Spanish,Malay,Indonesian": 0.44,
            "Vietnamese,Chinese,Spanish,Malay,English": 0.44,
            "Vietnamese,Chinese,Spanish,Indonesian,English": 0.44,
            "Vietnamese,Chinese,Malay,Indonesian,English": 0.46,
            "Vietnamese,Spanish,Malay,Indonesian,English": 0.46,
            "Chinese,Spanish,Malay,Indonesian,English": 0.46
        },
        "6_combine": {
            "Filipino,Vietnamese,Chinese,Spanish,Malay,Indonesian": 0.2866666666666667,
            "Filipino,Vietnamese,Chinese,Spanish,Malay,English": 0.2866666666666667,
            "Filipino,Vietnamese,Chinese,Spanish,Indonesian,English": 0.2866666666666667,
            "Filipino,Vietnamese,Chinese,Malay,Indonesian,English": 0.31333333333333335,
            "Filipino,Vietnamese,Spanish,Malay,Indonesian,English": 0.29333333333333333,