{
    "overall_acc": 0.48,
    "language_acc": {
        "Filipino": 0.36,
        "Vietnamese": 0.4666666666666667,
        "Chinese": 0.49333333333333335,
        "Spanish": 0.4666666666666667,
        "Malay": 0.5333333333333333,
        "Indonesian": 0.48,
        "English": 0.56
    },
    "consistency_score_2": 0.6298412698412699,
    "consistency_score_3": 0.48876190476190484,
    "consistency_score_4": 0.41066666666666674,
    "consistency_score_5": 0.36000000000000004,
    "consistency_score_6": 0.3247619047619047,
    "consistency_score_7": 0.3,
    "detailed_consistency_score": {
        "2_combine": {
            "Filipino,Vietnamese": 0.5,
            "Filipino,Chinese": 0.5066666666666667,
            "Filipino,Spanish": 0.52,
            "Filipino,Malay": 0.5266666666666666,
            "Filipino,Indonesian": 0.52,
            "Filipino,English": 0.56,
            "Vietnamese,Chinese": 0.6266666666666667,
            "Vietnamese,Spanish": 0.5533333333333333,
            "Vietnamese,Malay": 0.68,
            "Vietnamese,Indonesian": 0.6866666666666666,
            "Vietnamese,English": 0.6933333333333334,
            "Chinese,Spanish": 0.58,
            "Chinese,Malay": 0.6866666666666666,
            "Chinese,Indonesian": 0.68,
            "Chinese,English": 0.7533333333333333,
            "Spanish,Malay": 0.6133333333333333,
            "Spanish,Indonesian": 0.64,
            "Spanish,English": 0.6666666666666666,
            "Malay,Indonesian": 0.7533333333333333,
            "Malay,English": 0.72,
            "Indonesian,English": 0.76
        },
        "3_combine": {
            "Filipino,Vietnamese,Chinese": 0.3933333333333333,
            "Filipino,Vietnamese,Spanish": 0.36666666666666664,
            "Filipino,Vietnamese,Malay": 0.41333333333333333,
            "Filipino,Vietnamese,Indonesian": 0.4066666666666667,
            "Filipino,Vietnamese,English": 0.41333333333333333,
            "Filipino,Chinese,Spanish": 0.37333333333333335,
            "Filipino,Chinese,Malay": 0.41333333333333333,
            "Filipino,Chinese,Indonesian": 0.3933333333333333,
            "Filipino,Chinese,English": 0.44666666666666666,
            "Filipino,Spanish,Malay": 0.3933333333333333,
            "Filipino,Spanish,Indonesian": 0.4066666666666667,
            "Filipino,Spanish,English": 0.43333333333333335,
            "Filipino,Malay,Indonesian": 0.44666666666666666,
            "Filipino,Malay,English": 0.4533333333333333,
            "Filipino,Indonesian,English": 0.44666666666666666,
            "Vietnamese,Chinese,Spanish": 0.44,
            "Vietnamese,Chinese,Malay": 0.54,
            "Vietnamese,Chinese,Indonesian": 0.5266666666666666,
            "Vietnamese,Chinese,English": 0.5666666666666667,
            "Vietnamese,Spanish,Malay": 0.4866666666666667,
            "Vietnamese,Spanish,Indonesian": 0.49333333333333335,
            "Vietnamese,Spanish,English": 0.49333333333333335,
            "Vietnamese,Malay,Indonesian": 0.6066666666666667,
            "Vietnamese,Malay,English": 0.6,
            "Vietnamese,Indonesian,English": 0.5933333333333334,
            "Chinese,Spanish,Malay": 0.4866666666666667,
            "Chinese,Spanish,Indonesian": 0.4866666666666667,
            "Chinese,Spanish,English": 0.5266666666666666,
            "Chinese,Malay,Indonesian": 0.58,
            "Chinese,Malay,English": 0.6066666666666667,
            "Chinese,Indonesian,English": 0.62,
            "Spanish,Malay,Indonesian": 0.5333333333333333,
            "Spanish,Malay,English": 0.5333333333333333,
            "Spanish,Indonesian,English": 0.5533333333333333,
            "Malay,Indonesian,English": 0.6333333333333333
        },
        "4_combine": {
            "Filipino,Vietnamese,Chinese,Spanish": 0.32666666666666666,
            "Filipino,Vietnamese,Chinese,Malay": 0.36666666666666664,
            "Filipino,Vietnamese,Chinese,Indonesian": 0.35333333333333333,
            "Filipino,Vietnamese,Chinese,English": 0.37333333333333335,
            "Filipino,Vietnamese,Spanish,Malay": 0.3333333333333333,
            "Filipino,Vietnamese,Spanish,Indonesian": 0.34,
            "Filipino,Vietnamese,Spanish,English": 0.34,
            "Filipino,Vietnamese,Malay,Indonesian": 0.38,
            "Filipino,Vietnamese,Malay,English": 0.38666666666666666,
            "Filipino,Vietnamese,Indonesian,English": 0.37333333333333335,
            "Filipino,Chinese,Spanish,Malay": 0.34,
            "Filipino,Chinese,Spanish,Indonesian": 0.3466666666666667,
            "Filipino,Chinese,Spanish,English": 0.36,
            "Filipino,Chinese,Malay,Indonesian": 0.37333333333333335,
            "Filipino,Chinese,Malay,English": 0.3933333333333333,
            "Filipino,Chinese,Indonesian,English": 0.38,
            "Filipino,Spanish,Malay,Indonesian": 0.36666666666666664,
            "Filipino,Spanish,Malay,English": 0.36666666666666664,
            "Filipino,Spanish,Indonesian,English": 0.38666666666666666,
            "Filipino,Malay,Indonesian,English": 0.4066666666666667,
            "Vietnamese,Chinese,Spanish,Malay": 0.42,
            "Vietnamese,Chinese,Spanish,Indonesian": 0.4066666666666667,
            "Vietnamese,Chinese,Spanish,English": 0.43333333333333335,
            "Vietnamese,Chinese,Malay,Indonesian": 0.49333333333333335,
            "Vietnamese,Chinese,Malay,English": 0.5133333333333333,
            "Vietnamese,Chinese,Indonesian,English": 0.5,
            "Vietnamese,Spanish,Malay,Indonesian": 0.46,
            "Vietnamese,Spanish,Malay,English": 0.46,
            "Vietnamese,Spanish,Indonesian,English": 0.4533333333333333,
            "Vietnamese,Malay,Indonesian,English": 0.5533333333333333,
            "Chinese,Spanish,Malay,Indonesian": 0.44,
            "Chinese,Spanish,Malay,English": 0.4666666666666667,
            "Chinese,Spanish,Indonesian,English": 0.4666666666666667,
            "Chinese,Malay,Indonesian,English": 0.5333333333333333,
            "Spanish,Malay,Indonesian,English": 0.48
        },
        "5_combine": {
            "Filipino,Vietnamese,Chinese,Spanish,Malay": 0.31333333333333335,
            "Filipino,Vietnamese,Chinese,Spanish,Indonesian": 0.31333333333333335,
            "Filipino,Vietnamese,Chinese,Spanish,English": 0.32,
            "Filipino,Vietnamese,Chinese,Malay,Indonesian": 0.3466666666666667,
            "Filipino,Vietnamese,Chinese,Malay,English": 0.35333333333333333,
            "Filipino,Vietnamese,Chinese,Indonesian,English": 0.34,
            "Filipino,Vietnamese,Spanish,Malay,Indonesian": 0.32666666666666666,
            "Filipino,Vietnamese,Spanish,Malay,English": 0.32,
            "Filipino,Vietnamese,Spanish,Indonesian,English": 0.32666666666666666,
            "Filipino,Vietnamese,Malay,Indonesian,English": 0.36,
            "Filipino,Chinese,Spanish,Malay,Indonesian": 0.32666666666666666,
            "Filipino,Chinese,Spanish,Malay,English": 0.3333333333333333,
            "Filipino,Chinese,Spanish,Indonesian,English": 0.34,
            "Filipino,Chinese,Malay,Indonesian,English": 0.36,
            "Filipino,Spanish,Malay,Indonesian,English": 0.3466666666666667,
            "Vietnamese,Chinese,Spanish,Malay,Indonesian": 0.3933333333333333,
            "Vietnamese,Chinese,Spanish,Malay,English": 0.41333333333333333,
            "Vietnamese,Chinese,Spanish,Indonesian,English": 0.4,
            "Vietnamese,Chinese,Malay,Indonesian,English": 0.47333333333333333,
            "Vietnamese,Spanish,Malay,Indonesian,English": 0.43333333333333335,
            "Chinese,Spanish,Malay,Indonesian,English": 0.42
        },
        "6_combine": {
            "Filipino,Vietnamese,Chinese,Spanish,Malay,Indonesian": 0.30666666666666664,
            "Filipino,Vietnamese,Chinese,Spanish,Malay,English": 0.30666666666666664,
            "Filipino,Vietnamese,Chinese,Spanish,Indonesian,English": 0.30666666666666664,
            "Filipino,Vietnamese,Chinese,Malay,Indonesian,English": 0.3333333333333333,