{
    "accuracy": 0.2872688430469324,
    "category_acc": {
        "History": 0.27309236947791166,
        "Geography": 0.20204081632653062,
        "Lampungic": 0.30612244897959184,
        "Social science": 0.34390651085141904,
        "Balinese": 0.3036093418259023,
        "Makassarese": 0.27419354838709675,
        "Banjarese": 0.2013888888888889,
        "Chemistry": 0.22043795620437956,
        "Biology": 0.263905325443787,
        "Science": 0.2786377708978328,
        "Christian religion": 0.34328358208955223,
        "Art": 0.28452579034941766,
        "Islam religion": 0.2958748221906117,
        "Hindu religion": 0.29333333333333333,
        "Madurese": 0.2983050847457627,
        "Sport": 0.30405405405405406,
        "Indonesian language": 0.3234744707347447,
        "Physics": 0.23636363636363636,
        "Minangkabau culture": 0.2663316582914573,
        "Dayak language": 0.25688073394495414,
        "Sociology": 0.28830645161290325,
        "Economy": 0.2725409836065574,
        "Sundanese": 0.2938634399308557,
        "Javanese": 0.2540322580645161,
        "Civic education": 0.3147353361945637
    }
}