{
    "rouge1": 0.09429276780188824,
    "rouge2": 0.0015571897217856114,
    "rougeL": 0.07590220186880957,
    "avg_rouge": 0.05725071979749447
}