{
    "accuracy": 0.5649283370747712,
    "category_acc": {
        "agronomy": 0.6390532544378699,
        "anatomy": 0.5337837837837838,
        "ancient_chinese": 0.3048780487804878,
        "arts": 0.6625,
        "astronomy": 0.42424242424242425,
        "business_ethics": 0.5215311004784688,
        "chinese_civil_service_exam": 0.48125,
        "chinese_driving_rule": 0.7557251908396947,
        "chinese_food_culture": 0.5073529411764706,
        "chinese_foreign_policy": 0.6074766355140186,
        "chinese_history": 0.6377708978328174,
        "chinese_literature": 0.4068627450980392,
        "chinese_teacher_qualification": 0.6871508379888268,
        "clinical_knowledge": 0.6286919831223629,
        "college_actuarial_science": 0.2641509433962264,
        "college_education": 0.7289719626168224,
        "college_engineering_hydrology": 0.5943396226415094,
        "college_law": 0.4722222222222222,
        "college_mathematics": 0.20952380952380953,
        "college_medical_statistics": 0.6415094339622641,
        "college_medicine": 0.6227106227106227,
        "computer_science": 0.6274509803921569,
        "computer_security": 0.6081871345029239,
        "conceptual_physics": 0.4557823129251701,
        "construction_project_management": 0.4316546762589928,
        "economics": 0.559748427672956,
        "education": 0.6134969325153374,
        "electrical_engineering": 0.5872093023255814,
        "elementary_chinese": 0.44841269841269843,
        "elementary_commonsense": 0.5606060606060606,
        "elementary_information_and_technology": 0.7815126050420168,
        "elementary_mathematics": 0.4434782608695652,
        "ethnology": 0.6148148148148148,
        "food_science": 0.5244755244755245,
        "genetics": 0.4943181818181818,
        "global_facts": 0.6174496644295302,
        "high_school_biology": 0.39644970414201186,
        "high_school_chemistry": 0.30303030303030304,
        "high_school_geography": 0.5169491525423728,
        "high_school_mathematics": 0.29878048780487804,
        "high_school_physics": 0.39090909090909093,
        "high_school_politics": 0.5734265734265734,
        "human_sexuality": 0.626984126984127,
        "international_law": 0.6054054054054054,
        "journalism": 0.5813953488372093,
        "jurisprudence": 0.5231143552311436,
        "legal_and_moral_basis": 0.7990654205607477,
        "logical": 0.5365853658536586,
        "machine_learning": 0.5819672131147541,
        "management": 0.7428571428571429,
        "marketing": 0.6833333333333333,
        "marxist_theory": 0.6402116402116402,
        "modern_chinese": 0.3793103448275862,
        "nutrition": 0.6068965517241379,
        "philosophy": 0.580952380952381,
        "professional_accounting": 0.56,
        "professional_law": 0.4549763033175355,
        "professional_medicine": 0.5531914893617021,
        "professional_psychology": 0.6422413793103449,
        "public_relations": 0.6206896551724138,
        "security_study": 0.7407407407407407,
        "sociology": 0.5707964601769911,
        "sports_science": 0.5757575757575758,
        "traditional_chinese_medicine": 0.6162162162162163,
        "virology": 0.6272189349112426,
        "world_history": 0.6645962732919255,
        "world_religions": 0.70625
    }
}