{
    "accuracy": 0.632360559488862,
    "category_acc": {
        "agronomy": 0.6331360946745562,
        "anatomy": 0.6418918918918919,
        "ancient_chinese": 0.3597560975609756,
        "arts": 0.76875,
        "astronomy": 0.43636363636363634,
        "business_ethics": 0.6555023923444976,
        "chinese_civil_service_exam": 0.525,
        "chinese_driving_rule": 0.8244274809160306,
        "chinese_food_culture": 0.5441176470588235,
        "chinese_foreign_policy": 0.6728971962616822,
        "chinese_history": 0.7120743034055728,
        "chinese_literature": 0.45098039215686275,
        "chinese_teacher_qualification": 0.7541899441340782,
        "clinical_knowledge": 0.7215189873417721,
        "college_actuarial_science": 0.3113207547169811,
        "college_education": 0.7009345794392523,
        "college_engineering_hydrology": 0.6037735849056604,
        "college_law": 0.49074074074074076,
        "college_mathematics": 0.29523809523809524,
        "college_medical_statistics": 0.6415094339622641,
        "college_medicine": 0.673992673992674,
        "computer_science": 0.7401960784313726,
        "computer_security": 0.7368421052631579,
        "conceptual_physics": 0.54421768707483,
        "construction_project_management": 0.43884892086330934,
        "economics": 0.6981132075471698,
        "education": 0.6441717791411042,
        "electrical_engineering": 0.622093023255814,
        "elementary_chinese": 0.503968253968254,
        "elementary_commonsense": 0.6414141414141414,
        "elementary_information_and_technology": 0.865546218487395,
        "elementary_mathematics": 0.4652173913043478,
        "ethnology": 0.6518518518518519,
        "food_science": 0.5804195804195804,
        "genetics": 0.5625,
        "global_facts": 0.6912751677852349,
        "high_school_biology": 0.4319526627218935,
        "high_school_chemistry": 0.3560606060606061,
        "high_school_geography": 0.635593220338983,
        "high_school_mathematics": 0.32926829268292684,
        "high_school_physics": 0.5545454545454546,
        "high_school_politics": 0.6783216783216783,
        "human_sexuality": 0.6587301587301587,
        "international_law": 0.6972972972972973,
        "journalism": 0.6511627906976745,
        "jurisprudence": 0.5863746958637469,
        "legal_and_moral_basis": 0.8738317757009346,
        "logical": 0.6178861788617886,
        "machine_learning": 0.5983606557377049,
        "management": 0.7857142857142857,
        "marketing": 0.7444444444444445,
        "marxist_theory": 0.6984126984126984,
        "modern_chinese": 0.5,
        "nutrition": 0.6413793103448275,
        "philosophy": 0.6666666666666666,
        "professional_accounting": 0.6628571428571428,
        "professional_law": 0.47393364928909953,
        "professional_medicine": 0.6861702127659575,
        "professional_psychology": 0.75,
        "public_relations": 0.6264367816091954,
        "security_study": 0.7925925925925926,
        "sociology": 0.7035398230088495,
        "sports_science": 0.6424242424242425,
        "traditional_chinese_medicine": 0.6756756756756757,
        "virology": 0.7337278106508875,
        "world_history": 0.7142857142857143,
        "world_religions": 0.76875
    }
}