{
    "accuracy": 0.26144016577447765,
    "category_acc": {
        "agronomy": 0.2781065088757396,
        "anatomy": 0.30405405405405406,
        "ancient_chinese": 0.2621951219512195,
        "arts": 0.26875,
        "astronomy": 0.24848484848484848,
        "business_ethics": 0.27751196172248804,
        "chinese_civil_service_exam": 0.24375,
        "chinese_driving_rule": 0.29770992366412213,
        "chinese_food_culture": 0.22794117647058823,
        "chinese_foreign_policy": 0.24299065420560748,
        "chinese_history": 0.21981424148606812,
        "chinese_literature": 0.2696078431372549,
        "chinese_teacher_qualification": 0.2737430167597765,
        "clinical_knowledge": 0.24472573839662448,
        "college_actuarial_science": 0.3584905660377358,
        "college_education": 0.17757009345794392,
        "college_engineering_hydrology": 0.3113207547169811,
        "college_law": 0.3055555555555556,
        "college_mathematics": 0.3047619047619048,
        "college_medical_statistics": 0.2358490566037736,
        "college_medicine": 0.2454212454212454,
        "computer_science": 0.2647058823529412,
        "computer_security": 0.2573099415204678,
        "conceptual_physics": 0.21768707482993196,
        "construction_project_management": 0.302158273381295,
        "economics": 0.24528301886792453,
        "education": 0.25766871165644173,
        "electrical_engineering": 0.22674418604651161,
        "elementary_chinese": 0.26587301587301587,
        "elementary_commonsense": 0.2878787878787879,
        "elementary_information_and_technology": 0.2647058823529412,
        "elementary_mathematics": 0.21304347826086956,
        "ethnology": 0.2740740740740741,
        "food_science": 0.2097902097902098,
        "genetics": 0.26136363636363635,
        "global_facts": 0.2214765100671141,
        "high_school_biology": 0.2958579881656805,
        "high_school_chemistry": 0.24242424242424243,
        "high_school_geography": 0.23728813559322035,
        "high_school_mathematics": 0.2621951219512195,
        "high_school_physics": 0.2,
        "high_school_politics": 0.3006993006993007,
        "human_sexuality": 0.2857142857142857,
        "international_law": 0.25405405405405407,
        "journalism": 0.2616279069767442,
        "jurisprudence": 0.25790754257907544,
        "legal_and_moral_basis": 0.29906542056074764,
        "logical": 0.24390243902439024,
        "machine_learning": 0.2459016393442623,
        "management": 0.2571428571428571,
        "marketing": 0.2833333333333333,
        "marxist_theory": 0.2857142857142857,
        "modern_chinese": 0.23275862068965517,
        "nutrition": 0.25517241379310346,
        "philosophy": 0.29523809523809524,
        "professional_accounting": 0.28,
        "professional_law": 0.26066350710900477,
        "professional_medicine": 0.2526595744680851,
        "professional_psychology": 0.27155172413793105,
        "public_relations": 0.27011494252873564,
        "security_study": 0.2740740740740741,
        "sociology": 0.3141592920353982,
        "sports_science": 0.23030303030303031,
        "traditional_chinese_medicine": 0.2918918918918919,
        "virology": 0.26627218934911245,
        "world_history": 0.2236024844720497,
        "world_religions": 0.2625
    }
}