{
    "accuracy": 0.26214196762141967,
    "category_acc": {
        "computer_network": 0.20833333333333334,
        "operating_system": 0.4166666666666667,
        "computer_architecture": 0.23076923076923078,
        "college_programming": 0.14285714285714285,
        "college_physics": 0.16666666666666666,
        "college_chemistry": 0.27586206896551724,
        "advanced_mathematics": 0.20833333333333334,
        "probability_and_statistics": 0.21739130434782608,
        "discrete_mathematics": 0.38095238095238093,
        "electrical_engineer": 0.30952380952380953,
        "metrology_engineer": 0.2413793103448276,
        "high_school_mathematics": 0.34782608695652173,
        "high_school_physics": 0.2916666666666667,
        "high_school_chemistry": 0.3333333333333333,
        "high_school_biology": 0.20833333333333334,
        "middle_school_mathematics": 0.2916666666666667,
        "middle_school_biology": 0.34615384615384615,
        "middle_school_physics": 0.2916666666666667,
        "middle_school_chemistry": 0.32,
        "veterinary_medicine": 0.17857142857142858,
        "college_economics": 0.21666666666666667,
        "business_administration": 0.13157894736842105,
        "marxism": 0.2916666666666667,
        "mao_zedong_thought": 0.1724137931034483,
        "education_science": 0.23529411764705882,
        "teacher_qualification": 0.22448979591836735,
        "high_school_politics": 0.0,
        "high_school_geography": 0.2916666666666667,
        "middle_school_politics": 0.2692307692307692,
        "middle_school_geography": 0.4117647058823529,
        "modern_chinese_history": 0.4642857142857143,
        "ideological_and_moral_cultivation": 0.16666666666666666,
        "logic": 0.2962962962962963,
        "law": 0.3103448275862069,
        "chinese_language_and_literature": 0.32142857142857145,
        "art_studies": 0.18421052631578946,
        "professional_tour_guide": 0.2647058823529412,
        "legal_professional": 0.32142857142857145,
        "high_school_chinese": 0.25,
        "high_school_history": 0.08,
        "middle_school_history": 0.3333333333333333,
        "civil_servant": 0.3076923076923077,
        "sports_science": 0.2916666666666667,
        "plant_protection": 0.14814814814814814,
        "basic_medicine": 0.4166666666666667,
        "clinical_medicine": 0.2962962962962963,
        "urban_and_rural_planner": 0.2549019607843137,
        "accountant": 0.3148148148148148,
        "fire_engineer": 0.19444444444444445,
        "environmental_impact_assessment_engineer": 0.2777777777777778,
        "tax_accountant": 0.3148148148148148,
        "physician": 0.2962962962962963
    }
}