{
    "accuracy": 0.5675278723546299,
    "category_acc": {
        "History": 0.5562248995983936,
        "Geography": 0.5551020408163265,
        "Lampungic": 0.3401360544217687,
        "Social science": 0.8163606010016694,
        "Balinese": 0.32696390658174096,
        "Makassarese": 0.3333333333333333,
        "Banjarese": 0.3541666666666667,
        "Chemistry": 0.39416058394160586,
        "Biology": 0.6,
        "Science": 0.737874097007224,
        "Christian religion": 0.736318407960199,
        "Art": 0.6871880199667221,
        "Islam religion": 0.6571834992887624,
        "Hindu religion": 0.6066666666666667,
        "Madurese": 0.31186440677966104,
        "Sport": 0.5608108108108109,
        "Indonesian language": 0.6438356164383562,
        "Physics": 0.4888888888888889,
        "Minangkabau culture": 0.45226130653266333,
        "Dayak language": 0.3394495412844037,
        "Sociology": 0.5645161290322581,
        "Economy": 0.5901639344262295,
        "Sundanese": 0.44165946413137425,
        "Javanese": 0.3860887096774194,
        "Civic education": 0.6666666666666666
    }
}