{
    "accuracy": 0.5680619534014286,
    "category_acc": {
        "History": 0.5522088353413654,
        "Geography": 0.5857142857142857,
        "Lampungic": 0.3741496598639456,
        "Social science": 0.8146911519198664,
        "Balinese": 0.3057324840764331,
        "Makassarese": 0.3387096774193548,
        "Banjarese": 0.4444444444444444,
        "Chemistry": 0.38686131386861317,
        "Biology": 0.5964497041420118,
        "Science": 0.7420020639834881,
        "Christian religion": 0.736318407960199,
        "Art": 0.6805324459234608,
        "Islam religion": 0.6913229018492176,
        "Hindu religion": 0.6,
        "Madurese": 0.3016949152542373,
        "Sport": 0.5472972972972973,
        "Indonesian language": 0.6438356164383562,
        "Physics": 0.47878787878787876,
        "Minangkabau culture": 0.46733668341708545,
        "Dayak language": 0.3394495412844037,
        "Sociology": 0.5625,
        "Economy": 0.5860655737704918,
        "Sundanese": 0.42955920484010374,
        "Javanese": 0.3800403225806452,
        "Civic education": 0.6695278969957081
    }
}