{
    "rouge1": 0.396495796367978,
    "rouge2": 0.15377765802560428,
    "rougeL": 0.3017766081553505,
    "avg_rouge": 0.284016687516311
}