{
    "rouge1": 0.39047270151523533,
    "rouge2": 0.13972034860096477,
    "rougeL": 0.2993837181267835,
    "avg_rouge": 0.27652558941432787
}