{
    "overall_acc": 0.5323809523809524,
    "language_acc": {
        "Filipino": 0.5,
        "Vietnamese": 0.5266666666666666,
        "Chinese": 0.5733333333333334,
        "Spanish": 0.5466666666666666,
        "Malay": 0.47333333333333333,
        "Indonesian": 0.48,
        "English": 0.6266666666666667
    },
    "consistency_score_2": 0.6098412698412697,
    "consistency_score_3": 0.4560000000000002,
    "consistency_score_4": 0.3704761904761905,
    "consistency_score_5": 0.31460317460317466,
    "consistency_score_6": 0.27714285714285714,
    "consistency_score_7": 0.25333333333333335,
    "detailed_consistency_score": {
        "2_combine": {
            "Filipino,Vietnamese": 0.5933333333333334,
            "Filipino,Chinese": 0.6066666666666667,
            "Filipino,Spanish": 0.64,
            "Filipino,Malay": 0.56,
            "Filipino,Indonesian": 0.6066666666666667,
            "Filipino,English": 0.5933333333333334,
            "Vietnamese,Chinese": 0.6,
            "Vietnamese,Spanish": 0.66,
            "Vietnamese,Malay": 0.54,
            "Vietnamese,Indonesian": 0.5933333333333334,
            "Vietnamese,English": 0.64,
            "Chinese,Spanish": 0.5866666666666667,
            "Chinese,Malay": 0.5266666666666666,
            "Chinese,Indonesian": 0.54,
            "Chinese,English": 0.5866666666666667,
            "Spanish,Malay": 0.62,
            "Spanish,Indonesian": 0.6333333333333333,
            "Spanish,English": 0.7266666666666667,
            "Malay,Indonesian": 0.7333333333333333,
            "Malay,English": 0.6133333333333333,
            "Indonesian,English": 0.6066666666666667
        },
        "3_combine": {
            "Filipino,Vietnamese,Chinese": 0.4533333333333333,
            "Filipino,Vietnamese,Spanish": 0.4866666666666667,
            "Filipino,Vietnamese,Malay": 0.38666666666666666,
            "Filipino,Vietnamese,Indonesian": 0.4266666666666667,
            "Filipino,Vietnamese,English": 0.47333333333333333,
            "Filipino,Chinese,Spanish": 0.44666666666666666,
            "Filipino,Chinese,Malay": 0.3933333333333333,
            "Filipino,Chinese,Indonesian": 0.42,
            "Filipino,Chinese,English": 0.44666666666666666,
            "Filipino,Spanish,Malay": 0.4533333333333333,
            "Filipino,Spanish,Indonesian": 0.47333333333333333,
            "Filipino,Spanish,English": 0.52,
            "Filipino,Malay,Indonesian": 0.4666666666666667,
            "Filipino,Malay,English": 0.42,
            "Filipino,Indonesian,English": 0.44666666666666666,
            "Vietnamese,Chinese,Spanish": 0.4666666666666667,
            "Vietnamese,Chinese,Malay": 0.37333333333333335,
            "Vietnamese,Chinese,Indonesian": 0.42,
            "Vietnamese,Chinese,English": 0.47333333333333333,
            "Vietnamese,Spanish,Malay": 0.46,
            "Vietnamese,Spanish,Indonesian": 0.48,
            "Vietnamese,Spanish,English": 0.54,
            "Vietnamese,Malay,Indonesian": 0.46,
            "Vietnamese,Malay,English": 0.4533333333333333,
            "Vietnamese,Indonesian,English": 0.46,
            "Chinese,Spanish,Malay": 0.41333333333333333,
            "Chinese,Spanish,Indonesian": 0.42,
            "Chinese,Spanish,English": 0.49333333333333335,
            "Chinese,Malay,Indonesian": 0.44,
            "Chinese,Malay,English": 0.41333333333333333,
            "Chinese,Indonesian,English": 0.42,
            "Spanish,Malay,Indonesian": 0.5266666666666666,
            "Spanish,Malay,English": 0.52,
            "Spanish,Indonesian,English": 0.5133333333333333,
            "Malay,Indonesian,English": 0.5
        },
        "4_combine": {
            "Filipino,Vietnamese,Chinese,Spanish": 0.38666666666666666,
            "Filipino,Vietnamese,Chinese,Malay": 0.30666666666666664,
            "Filipino,Vietnamese,Chinese,Indonesian": 0.34,
            "Filipino,Vietnamese,Chinese,English": 0.38666666666666666,
            "Filipino,Vietnamese,Spanish,Malay": 0.36,
            "Filipino,Vietnamese,Spanish,Indonesian": 0.37333333333333335,
            "Filipino,Vietnamese,Spanish,English": 0.4266666666666667,
            "Filipino,Vietnamese,Malay,Indonesian": 0.34,
            "Filipino,Vietnamese,Malay,English": 0.34,
            "Filipino,Vietnamese,Indonesian,English": 0.35333333333333333,
            "Filipino,Chinese,Spanish,Malay": 0.3466666666666667,
            "Filipino,Chinese,Spanish,Indonesian": 0.3466666666666667,
            "Filipino,Chinese,Spanish,English": 0.4,
            "Filipino,Chinese,Malay,Indonesian": 0.3466666666666667,
            "Filipino,Chinese,Malay,English": 0.32666666666666666,
            "Filipino,Chinese,Indonesian,English": 0.34,
            "Filipino,Spanish,Malay,Indonesian": 0.3933333333333333,
            "Filipino,Spanish,Malay,English": 0.4,
            "Filipino,Spanish,Indonesian,English": 0.4066666666666667,
            "Filipino,Malay,Indonesian,English": 0.36,
            "Vietnamese,Chinese,Spanish,Malay": 0.3466666666666667,
            "Vietnamese,Chinese,Spanish,Indonesian": 0.36,
            "Vietnamese,Chinese,Spanish,English": 0.41333333333333333,
            "Vietnamese,Chinese,Malay,Indonesian": 0.3333333333333333,
            "Vietnamese,Chinese,Malay,English": 0.34,
            "Vietnamese,Chinese,Indonesian,English": 0.36,
            "Vietnamese,Spanish,Malay,Indonesian": 0.41333333333333333,
            "Vietnamese,Spanish,Malay,English": 0.4066666666666667,
            "Vietnamese,Spanish,Indonesian,English": 0.4066666666666667,
            "Vietnamese,Malay,Indonesian,English": 0.38666666666666666,
            "Chinese,Spanish,Malay,Indonesian": 0.37333333333333335,
            "Chinese,Spanish,Malay,English": 0.37333333333333335,
            "Chinese,Spanish,Indonesian,English": 0.37333333333333335,
            "Chinese,Malay,Indonesian,English": 0.35333333333333333,
            "Spanish,Malay,Indonesian,English": 0.44666666666666666
        },
        "5_combine": {
            "Filipino,Vietnamese,Chinese,Spanish,Malay": 0.3,
            "Filipino,Vietnamese,Chinese,Spanish,Indonesian": 0.30666666666666664,
            "Filipino,Vietnamese,Chinese,Spanish,English": 0.35333333333333333,
            "Filipino,Vietnamese,Chinese,Malay,Indonesian": 0.28,
            "Filipino,Vietnamese,Chinese,Malay,English": 0.28,
            "Filipino,Vietnamese,Chinese,Indonesian,English": 0.3,
            "Filipino,Vietnamese,Spanish,Malay,Indonesian": 0.32,
            "Filipino,Vietnamese,Spanish,Malay,English": 0.32666666666666666,
            "Filipino,Vietnamese,Spanish,Indonesian,English": 0.32666666666666666,
            "Filipino,Vietnamese,Malay,Indonesian,English": 0.29333333333333333,
            "Filipino,Chinese,Spanish,Malay,Indonesian": 0.31333333333333335,
            "Filipino,Chinese,Spanish,Malay,English": 0.31333333333333335,
            "Filipino,Chinese,Spanish,Indonesian,English": 0.31333333333333335,
            "Filipino,Chinese,Malay,Indonesian,English": 0.2866666666666667,
            "Filipino,Spanish,Malay,Indonesian,English": 0.3466666666666667,
            "Vietnamese,Chinese,Spanish,Malay,Indonesian": 0.32,
            "Vietnamese,Chinese,Spanish,Malay,English": 0.31333333333333335,
            "Vietnamese,Chinese,Spanish,Indonesian,English": 0.32,
            "Vietnamese,Chinese,Malay,Indonesian,English": 0.3,
            "Vietnamese,Spanish,Malay,Indonesian,English": 0.36,
            "Chinese,Spanish,Malay,Indonesian,English": 0.3333333333333333
        },
        "6_combine": {
            "Filipino,Vietnamese,Chinese,Spanish,Malay,Indonesian": 0.28,
            "Filipino,Vietnamese,Chinese,Spanish,Malay,English": 0.2733333333333333,
            "Filipino,Vietnamese,Chinese,Spanish,Indonesian,English": 0.28,
            "Filipino,Vietnamese,Chinese,Malay,Indonesian,English": 0.25333333333333335,
            "Filipino,Vietnamese,Spanish,Malay,Indonesian,English": 0.2866666666666667,