{
    "overall_acc": 0.5352380952380953,
    "language_acc": {
        "Filipino": 0.5,
        "Vietnamese": 0.5133333333333333,
        "Chinese": 0.5866666666666667,
        "Spanish": 0.5733333333333334,
        "Malay": 0.44666666666666666,
        "Indonesian": 0.4666666666666667,
        "English": 0.66
    },
    "consistency_score_2": 0.6057142857142856,
    "consistency_score_3": 0.4464761904761905,
    "consistency_score_4": 0.35866666666666663,
    "consistency_score_5": 0.3025396825396825,
    "consistency_score_6": 0.26285714285714284,
    "consistency_score_7": 0.23333333333333334,
    "detailed_consistency_score": {
        "2_combine": {
            "Filipino,Vietnamese": 0.56,
            "Filipino,Chinese": 0.5733333333333334,
            "Filipino,Spanish": 0.6266666666666667,
            "Filipino,Malay": 0.54,
            "Filipino,Indonesian": 0.62,
            "Filipino,English": 0.5866666666666667,
            "Vietnamese,Chinese": 0.62,
            "Vietnamese,Spanish": 0.6133333333333333,
            "Vietnamese,Malay": 0.54,
            "Vietnamese,Indonesian": 0.5733333333333334,
            "Vietnamese,English": 0.5733333333333334,
            "Chinese,Spanish": 0.62,
            "Chinese,Malay": 0.5666666666666667,
            "Chinese,Indonesian": 0.5333333333333333,
            "Chinese,English": 0.5733333333333334,
            "Spanish,Malay": 0.6466666666666666,
            "Spanish,Indonesian": 0.6933333333333334,
            "Spanish,English": 0.7333333333333333,
            "Malay,Indonesian": 0.6866666666666666,
            "Malay,English": 0.5866666666666667,
            "Indonesian,English": 0.6533333333333333
        },
        "3_combine": {
            "Filipino,Vietnamese,Chinese": 0.43333333333333335,
            "Filipino,Vietnamese,Spanish": 0.44,
            "Filipino,Vietnamese,Malay": 0.36666666666666664,
            "Filipino,Vietnamese,Indonesian": 0.4066666666666667,
            "Filipino,Vietnamese,English": 0.42,
            "Filipino,Chinese,Spanish": 0.44666666666666666,
            "Filipino,Chinese,Malay": 0.38666666666666666,
            "Filipino,Chinese,Indonesian": 0.3933333333333333,
            "Filipino,Chinese,English": 0.41333333333333333,
            "Filipino,Spanish,Malay": 0.44666666666666666,
            "Filipino,Spanish,Indonesian": 0.5066666666666667,
            "Filipino,Spanish,English": 0.5066666666666667,
            "Filipino,Malay,Indonesian": 0.4533333333333333,
            "Filipino,Malay,English": 0.4066666666666667,
            "Filipino,Indonesian,English": 0.4666666666666667,
            "Vietnamese,Chinese,Spanish": 0.47333333333333333,
            "Vietnamese,Chinese,Malay": 0.4066666666666667,
            "Vietnamese,Chinese,Indonesian": 0.4066666666666667,
            "Vietnamese,Chinese,English": 0.4266666666666667,
            "Vietnamese,Spanish,Malay": 0.44666666666666666,
            "Vietnamese,Spanish,Indonesian": 0.48,
            "Vietnamese,Spanish,English": 0.48,
            "Vietnamese,Malay,Indonesian": 0.44666666666666666,
            "Vietnamese,Malay,English": 0.4,
            "Vietnamese,Indonesian,English": 0.44,
            "Chinese,Spanish,Malay": 0.44666666666666666,
            "Chinese,Spanish,Indonesian": 0.46,
            "Chinese,Spanish,English": 0.4866666666666667,
            "Chinese,Malay,Indonesian": 0.43333333333333335,
            "Chinese,Malay,English": 0.4,
            "Chinese,Indonesian,English": 0.42,
            "Spanish,Malay,Indonesian": 0.54,
            "Spanish,Malay,English": 0.5,
            "Spanish,Indonesian,English": 0.5533333333333333,
            "Malay,Indonesian,English": 0.4866666666666667
        },
        "4_combine": {
            "Filipino,Vietnamese,Chinese,Spanish": 0.35333333333333333,
            "Filipino,Vietnamese,Chinese,Malay": 0.3,
            "Filipino,Vietnamese,Chinese,Indonesian": 0.30666666666666664,
            "Filipino,Vietnamese,Chinese,English": 0.34,
            "Filipino,Vietnamese,Spanish,Malay": 0.34,
            "Filipino,Vietnamese,Spanish,Indonesian": 0.36666666666666664,
            "Filipino,Vietnamese,Spanish,English": 0.37333333333333335,
            "Filipino,Vietnamese,Malay,Indonesian": 0.32,
            "Filipino,Vietnamese,Malay,English": 0.31333333333333335,
            "Filipino,Vietnamese,Indonesian,English": 0.3466666666666667,
            "Filipino,Chinese,Spanish,Malay": 0.34,
            "Filipino,Chinese,Spanish,Indonesian": 0.36,
            "Filipino,Chinese,Spanish,English": 0.37333333333333335,
            "Filipino,Chinese,Malay,Indonesian": 0.32666666666666666,
            "Filipino,Chinese,Malay,English": 0.31333333333333335,
            "Filipino,Chinese,Indonesian,English": 0.34,
            "Filipino,Spanish,Malay,Indonesian": 0.4,
            "Filipino,Spanish,Malay,English": 0.38666666666666666,
            "Filipino,Spanish,Indonesian,English": 0.4266666666666667,
            "Filipino,Malay,Indonesian,English": 0.35333333333333333,
            "Vietnamese,Chinese,Spanish,Malay": 0.36,
            "Vietnamese,Chinese,Spanish,Indonesian": 0.36666666666666664,
            "Vietnamese,Chinese,Spanish,English": 0.36666666666666664,
            "Vietnamese,Chinese,Malay,Indonesian": 0.34,
            "Vietnamese,Chinese,Malay,English": 0.31333333333333335,
            "Vietnamese,Chinese,Indonesian,English": 0.34,
            "Vietnamese,Spanish,Malay,Indonesian": 0.41333333333333333,
            "Vietnamese,Spanish,Malay,English": 0.36,
            "Vietnamese,Spanish,Indonesian,English": 0.4,
            "Vietnamese,Malay,Indonesian,English": 0.35333333333333333,
            "Chinese,Spanish,Malay,Indonesian": 0.4066666666666667,
            "Chinese,Spanish,Malay,English": 0.37333333333333335,
            "Chinese,Spanish,Indonesian,English": 0.3933333333333333,
            "Chinese,Malay,Indonesian,English": 0.3466666666666667,
            "Spanish,Malay,Indonesian,English": 0.44
        },
        "5_combine": {
            "Filipino,Vietnamese,Chinese,Spanish,Malay": 0.28,
            "Filipino,Vietnamese,Chinese,Spanish,Indonesian": 0.2866666666666667,
            "Filipino,Vietnamese,Chinese,Spanish,English": 0.3,
            "Filipino,Vietnamese,Chinese,Malay,Indonesian": 0.26,
            "Filipino,Vietnamese,Chinese,Malay,English": 0.26,
            "Filipino,Vietnamese,Chinese,Indonesian,English": 0.28,
            "Filipino,Vietnamese,Spanish,Malay,Indonesian": 0.31333333333333335,
            "Filipino,Vietnamese,Spanish,Malay,English": 0.3,
            "Filipino,Vietnamese,Spanish,Indonesian,English": 0.32666666666666666,
            "Filipino,Vietnamese,Malay,Indonesian,English": 0.28,
            "Filipino,Chinese,Spanish,Malay,Indonesian": 0.31333333333333335,
            "Filipino,Chinese,Spanish,Malay,English": 0.3,
            "Filipino,Chinese,Spanish,Indonesian,English": 0.32,
            "Filipino,Chinese,Malay,Indonesian,English": 0.28,
            "Filipino,Spanish,Malay,Indonesian,English": 0.3466666666666667,
            "Vietnamese,Chinese,Spanish,Malay,Indonesian": 0.3333333333333333,
            "Vietnamese,Chinese,Spanish,Malay,English": 0.29333333333333333,
            "Vietnamese,Chinese,Spanish,Indonesian,English": 0.31333333333333335,
            "Vietnamese,Chinese,Malay,Indonesian,English": 0.28,
            "Vietnamese,Spanish,Malay,Indonesian,English": 0.34,
            "Chinese,Spanish,Malay,Indonesian,English": 0.3466666666666667
        },
        "6_combine": {
            "Filipino,Vietnamese,Chinese,Spanish,Malay,Indonesian": 0.26,
            "Filipino,Vietnamese,Chinese,Spanish,Malay,English": 0.24666666666666667,
            "Filipino,Vietnamese,Chinese,Spanish,Indonesian,English": 0.26,
            "Filipino,Vietnamese,Chinese,Malay,Indonesian,English": 0.23333333333333334,
            "Filipino,Vietnamese,Spanish,Malay,Indonesian,English": 0.28,