{
    "overall_acc": 0.5514285714285714,
    "language_acc": {
        "Filipino": 0.56,
        "Vietnamese": 0.47333333333333333,
        "Chinese": 0.5866666666666667,
        "Spanish": 0.5533333333333333,
        "Malay": 0.48,
        "Indonesian": 0.5533333333333333,
        "English": 0.6533333333333333
    },
    "consistency_score_2": 0.5107936507936508,
    "consistency_score_3": 0.33161904761904765,
    "consistency_score_4": 0.23600000000000004,
    "consistency_score_5": 0.17650793650793647,
    "consistency_score_6": 0.1361904761904762,
    "consistency_score_7": 0.10666666666666667,
    "detailed_consistency_score": {
        "2_combine": {
            "Filipino,Vietnamese": 0.4866666666666667,
            "Filipino,Chinese": 0.54,
            "Filipino,Spanish": 0.5066666666666667,
            "Filipino,Malay": 0.49333333333333335,
            "Filipino,Indonesian": 0.44,
            "Filipino,English": 0.5666666666666667,
            "Vietnamese,Chinese": 0.48,
            "Vietnamese,Spanish": 0.5,
            "Vietnamese,Malay": 0.4866666666666667,
            "Vietnamese,Indonesian": 0.54,
            "Vietnamese,English": 0.48,
            "Chinese,Spanish": 0.48,
            "Chinese,Malay": 0.49333333333333335,
            "Chinese,Indonesian": 0.4866666666666667,
            "Chinese,English": 0.5333333333333333,
            "Spanish,Malay": 0.56,
            "Spanish,Indonesian": 0.5333333333333333,
            "Spanish,English": 0.5666666666666667,
            "Malay,Indonesian": 0.5266666666666666,
            "Malay,English": 0.5466666666666666,
            "Indonesian,English": 0.48
        },
        "3_combine": {
            "Filipino,Vietnamese,Chinese": 0.31333333333333335,
            "Filipino,Vietnamese,Spanish": 0.32,
            "Filipino,Vietnamese,Malay": 0.31333333333333335,
            "Filipino,Vietnamese,Indonesian": 0.3,
            "Filipino,Vietnamese,English": 0.32666666666666666,
            "Filipino,Chinese,Spanish": 0.34,
            "Filipino,Chinese,Malay": 0.3333333333333333,
            "Filipino,Chinese,Indonesian": 0.29333333333333333,
            "Filipino,Chinese,English": 0.36666666666666664,
            "Filipino,Spanish,Malay": 0.3466666666666667,
            "Filipino,Spanish,Indonesian": 0.31333333333333335,
            "Filipino,Spanish,English": 0.38,
            "Filipino,Malay,Indonesian": 0.30666666666666664,
            "Filipino,Malay,English": 0.36666666666666664,
            "Filipino,Indonesian,English": 0.31333333333333335,
            "Vietnamese,Chinese,Spanish": 0.29333333333333333,
            "Vietnamese,Chinese,Malay": 0.28,
            "Vietnamese,Chinese,Indonesian": 0.30666666666666664,
            "Vietnamese,Chinese,English": 0.30666666666666664,
            "Vietnamese,Spanish,Malay": 0.34,
            "Vietnamese,Spanish,Indonesian": 0.36,
            "Vietnamese,Spanish,English": 0.3466666666666667,
            "Vietnamese,Malay,Indonesian": 0.34,
            "Vietnamese,Malay,English": 0.3333333333333333,
            "Vietnamese,Indonesian,English": 0.3,
            "Chinese,Spanish,Malay": 0.3333333333333333,
            "Chinese,Spanish,Indonesian": 0.32666666666666666,
            "Chinese,Spanish,English": 0.3333333333333333,
            "Chinese,Malay,Indonesian": 0.31333333333333335,
            "Chinese,Malay,English": 0.35333333333333333,
            "Chinese,Indonesian,English": 0.3333333333333333,
            "Spanish,Malay,Indonesian": 0.37333333333333335,
            "Spanish,Malay,English": 0.38,
            "Spanish,Indonesian,English": 0.36,
            "Malay,Indonesian,English": 0.36
        },
        "4_combine": {
            "Filipino,Vietnamese,Chinese,Spanish": 0.21333333333333335,
            "Filipino,Vietnamese,Chinese,Malay": 0.21333333333333335,
            "Filipino,Vietnamese,Chinese,Indonesian": 0.20666666666666667,
            "Filipino,Vietnamese,Chinese,English": 0.22,
            "Filipino,Vietnamese,Spanish,Malay": 0.25333333333333335,
            "Filipino,Vietnamese,Spanish,Indonesian": 0.24,
            "Filipino,Vietnamese,Spanish,English": 0.26,
            "Filipino,Vietnamese,Malay,Indonesian": 0.23333333333333334,
            "Filipino,Vietnamese,Malay,English": 0.24666666666666667,
            "Filipino,Vietnamese,Indonesian,English": 0.21333333333333335,
            "Filipino,Chinese,Spanish,Malay": 0.24,
            "Filipino,Chinese,Spanish,Indonesian": 0.21333333333333335,
            "Filipino,Chinese,Spanish,English": 0.24,
            "Filipino,Chinese,Malay,Indonesian": 0.20666666666666667,
            "Filipino,Chinese,Malay,English": 0.24666666666666667,
            "Filipino,Chinese,Indonesian,English": 0.22666666666666666,
            "Filipino,Spanish,Malay,Indonesian": 0.25333333333333335,
            "Filipino,Spanish,Malay,English": 0.26,
            "Filipino,Spanish,Indonesian,English": 0.24666666666666667,
            "Filipino,Malay,Indonesian,English": 0.23333333333333334,
            "Vietnamese,Chinese,Spanish,Malay": 0.21333333333333335,
            "Vietnamese,Chinese,Spanish,Indonesian": 0.23333333333333334,
            "Vietnamese,Chinese,Spanish,English": 0.22,
            "Vietnamese,Chinese,Malay,Indonesian": 0.20666666666666667,
            "Vietnamese,Chinese,Malay,English": 0.22,
            "Vietnamese,Chinese,Indonesian,English": 0.20666666666666667,
            "Vietnamese,Spanish,Malay,Indonesian": 0.26,
            "Vietnamese,Spanish,Malay,English": 0.26666666666666666,
            "Vietnamese,Spanish,Indonesian,English": 0.24666666666666667,
            "Vietnamese,Malay,Indonesian,English": 0.24,
            "Chinese,Spanish,Malay,Indonesian": 0.24666666666666667,
            "Chinese,Spanish,Malay,English": 0.24666666666666667,
            "Chinese,Spanish,Indonesian,English": 0.24666666666666667,
            "Chinese,Malay,Indonesian,English": 0.24666666666666667,
            "Spanish,Malay,Indonesian,English": 0.29333333333333333
        },
        "5_combine": {
            "Filipino,Vietnamese,Chinese,Spanish,Malay": 0.16666666666666666,
            "Filipino,Vietnamese,Chinese,Spanish,Indonesian": 0.16,
            "Filipino,Vietnamese,Chinese,Spanish,English": 0.16666666666666666,
            "Filipino,Vietnamese,Chinese,Malay,Indonesian": 0.16,
            "Filipino,Vietnamese,Chinese,Malay,English": 0.16666666666666666,
            "Filipino,Vietnamese,Chinese,Indonesian,English": 0.14666666666666667,
            "Filipino,Vietnamese,Spanish,Malay,Indonesian": 0.2,
            "Filipino,Vietnamese,Spanish,Malay,English": 0.20666666666666667,
            "Filipino,Vietnamese,Spanish,Indonesian,English": 0.18666666666666668,
            "Filipino,Vietnamese,Malay,Indonesian,English": 0.18,
            "Filipino,Chinese,Spanish,Malay,Indonesian": 0.17333333333333334,
            "Filipino,Chinese,Spanish,Malay,English": 0.17333333333333334,
            "Filipino,Chinese,Spanish,Indonesian,English": 0.16666666666666666,
            "Filipino,Chinese,Malay,Indonesian,English": 0.16666666666666666,
            "Filipino,Spanish,Malay,Indonesian,English": 0.2,
            "Vietnamese,Chinese,Spanish,Malay,Indonesian": 0.17333333333333334,
            "Vietnamese,Chinese,Spanish,Malay,English": 0.17333333333333334,
            "Vietnamese,Chinese,Spanish,Indonesian,English": 0.16666666666666666,
            "Vietnamese,Chinese,Malay,Indonesian,English": 0.16666666666666666,
            "Vietnamese,Spanish,Malay,Indonesian,English": 0.20666666666666667,
            "Chinese,Spanish,Malay,Indonesian,English": 0.2
        },
        "6_combine": {
            "Filipino,Vietnamese,Chinese,Spanish,Malay,Indonesian": 0.13333333333333333,
            "Filipino,Vietnamese,Chinese,Spanish,Malay,English": 0.13333333333333333,
            "Filipino,Vietnamese,Chinese,Spanish,Indonesian,English": 0.12,