{
    "overall_acc": 0.5333333333333333,
    "language_acc": {
        "Filipino": 0.52,
        "Vietnamese": 0.5,
        "Chinese": 0.5466666666666666,
        "Spanish": 0.5733333333333334,
        "Malay": 0.46,
        "Indonesian": 0.5,
        "English": 0.6333333333333333
    },
    "consistency_score_2": 0.5165079365079365,
    "consistency_score_3": 0.3436190476190476,
    "consistency_score_4": 0.2561904761904762,
    "consistency_score_5": 0.2053968253968254,
    "consistency_score_6": 0.1742857142857143,
    "consistency_score_7": 0.15333333333333332,
    "detailed_consistency_score": {
        "2_combine": {
            "Filipino,Vietnamese": 0.47333333333333333,
            "Filipino,Chinese": 0.44,
            "Filipino,Spanish": 0.5066666666666667,
            "Filipino,Malay": 0.52,
            "Filipino,Indonesian": 0.5066666666666667,
            "Filipino,English": 0.54,
            "Vietnamese,Chinese": 0.49333333333333335,
            "Vietnamese,Spanish": 0.5,
            "Vietnamese,Malay": 0.49333333333333335,
            "Vietnamese,Indonesian": 0.5733333333333334,
            "Vietnamese,English": 0.5,
            "Chinese,Spanish": 0.54,
            "Chinese,Malay": 0.3933333333333333,
            "Chinese,Indonesian": 0.44666666666666666,
            "Chinese,English": 0.54,
            "Spanish,Malay": 0.5866666666666667,
            "Spanish,Indonesian": 0.5466666666666666,
            "Spanish,English": 0.62,
            "Malay,Indonesian": 0.6,
            "Malay,English": 0.49333333333333335,
            "Indonesian,English": 0.5333333333333333
        },
        "3_combine": {
            "Filipino,Vietnamese,Chinese": 0.3,
            "Filipino,Vietnamese,Spanish": 0.31333333333333335,
            "Filipino,Vietnamese,Malay": 0.30666666666666664,
            "Filipino,Vietnamese,Indonesian": 0.3333333333333333,
            "Filipino,Vietnamese,English": 0.32666666666666666,
            "Filipino,Chinese,Spanish": 0.32,
            "Filipino,Chinese,Malay": 0.28,
            "Filipino,Chinese,Indonesian": 0.2866666666666667,
            "Filipino,Chinese,English": 0.34,
            "Filipino,Spanish,Malay": 0.38,
            "Filipino,Spanish,Indonesian": 0.36,
            "Filipino,Spanish,English": 0.4066666666666667,
            "Filipino,Malay,Indonesian": 0.38,
            "Filipino,Malay,English": 0.36,
            "Filipino,Indonesian,English": 0.35333333333333333,
            "Vietnamese,Chinese,Spanish": 0.3333333333333333,
            "Vietnamese,Chinese,Malay": 0.29333333333333333,
            "Vietnamese,Chinese,Indonesian": 0.32,
            "Vietnamese,Chinese,English": 0.3466666666666667,
            "Vietnamese,Spanish,Malay": 0.36666666666666664,
            "Vietnamese,Spanish,Indonesian": 0.3466666666666667,
            "Vietnamese,Spanish,English": 0.35333333333333333,
            "Vietnamese,Malay,Indonesian": 0.3933333333333333,
            "Vietnamese,Malay,English": 0.32,
            "Vietnamese,Indonesian,English": 0.3466666666666667,
            "Chinese,Spanish,Malay": 0.32666666666666666,
            "Chinese,Spanish,Indonesian": 0.3333333333333333,
            "Chinese,Spanish,English": 0.4,
            "Chinese,Malay,Indonesian": 0.29333333333333333,
            "Chinese,Malay,English": 0.29333333333333333,
            "Chinese,Indonesian,English": 0.3333333333333333,
            "Spanish,Malay,Indonesian": 0.42,
            "Spanish,Malay,English": 0.3933333333333333,
            "Spanish,Indonesian,English": 0.38666666666666666,
            "Malay,Indonesian,English": 0.38
        },
        "4_combine": {
            "Filipino,Vietnamese,Chinese,Spanish": 0.24,
            "Filipino,Vietnamese,Chinese,Malay": 0.22,
            "Filipino,Vietnamese,Chinese,Indonesian": 0.22666666666666666,
            "Filipino,Vietnamese,Chinese,English": 0.25333333333333335,
            "Filipino,Vietnamese,Spanish,Malay": 0.25333333333333335,
            "Filipino,Vietnamese,Spanish,Indonesian": 0.25333333333333335,
            "Filipino,Vietnamese,Spanish,English": 0.26666666666666666,
            "Filipino,Vietnamese,Malay,Indonesian": 0.26666666666666666,
            "Filipino,Vietnamese,Malay,English": 0.24666666666666667,
            "Filipino,Vietnamese,Indonesian,English": 0.24666666666666667,
            "Filipino,Chinese,Spanish,Malay": 0.24666666666666667,
            "Filipino,Chinese,Spanish,Indonesian": 0.24,
            "Filipino,Chinese,Spanish,English": 0.28,
            "Filipino,Chinese,Malay,Indonesian": 0.22666666666666666,
            "Filipino,Chinese,Malay,English": 0.23333333333333334,
            "Filipino,Chinese,Indonesian,English": 0.24,
            "Filipino,Spanish,Malay,Indonesian": 0.30666666666666664,
            "Filipino,Spanish,Malay,English": 0.3,
            "Filipino,Spanish,Indonesian,English": 0.2866666666666667,
            "Filipino,Malay,Indonesian,English": 0.2866666666666667,
            "Vietnamese,Chinese,Spanish,Malay": 0.25333333333333335,
            "Vietnamese,Chinese,Spanish,Indonesian": 0.24666666666666667,
            "Vietnamese,Chinese,Spanish,English": 0.2733333333333333,
            "Vietnamese,Chinese,Malay,Indonesian": 0.24,
            "Vietnamese,Chinese,Malay,English": 0.22666666666666666,
            "Vietnamese,Chinese,Indonesian,English": 0.24,
            "Vietnamese,Spanish,Malay,Indonesian": 0.3,
            "Vietnamese,Spanish,Malay,English": 0.25333333333333335,
            "Vietnamese,Spanish,Indonesian,English": 0.24666666666666667,
            "Vietnamese,Malay,Indonesian,English": 0.2733333333333333,
            "Chinese,Spanish,Malay,Indonesian": 0.25333333333333335,
            "Chinese,Spanish,Malay,English": 0.24666666666666667,
            "Chinese,Spanish,Indonesian,English": 0.26666666666666666,
            "Chinese,Malay,Indonesian,English": 0.23333333333333334,
            "Spanish,Malay,Indonesian,English": 0.29333333333333333
        },
        "5_combine": {
            "Filipino,Vietnamese,Chinese,Spanish,Malay": 0.2,
            "Filipino,Vietnamese,Chinese,Spanish,Indonesian": 0.2,
            "Filipino,Vietnamese,Chinese,Spanish,English": 0.21333333333333335,
            "Filipino,Vietnamese,Chinese,Malay,Indonesian": 0.19333333333333333,
            "Filipino,Vietnamese,Chinese,Malay,English": 0.19333333333333333,
            "Filipino,Vietnamese,Chinese,Indonesian,English": 0.19333333333333333,
            "Filipino,Vietnamese,Spanish,Malay,Indonesian": 0.22666666666666666,
            "Filipino,Vietnamese,Spanish,Malay,English": 0.21333333333333335,
            "Filipino,Vietnamese,Spanish,Indonesian,English": 0.20666666666666667,
            "Filipino,Vietnamese,Malay,Indonesian,English": 0.21333333333333335,
            "Filipino,Chinese,Spanish,Malay,Indonesian": 0.20666666666666667,
            "Filipino,Chinese,Spanish,Malay,English": 0.20666666666666667,
            "Filipino,Chinese,Spanish,Indonesian,English": 0.20666666666666667,
            "Filipino,Chinese,Malay,Indonesian,English": 0.19333333333333333,
            "Filipino,Spanish,Malay,Indonesian,English": 0.24,
            "Vietnamese,Chinese,Spanish,Malay,Indonesian": 0.21333333333333335,
            "Vietnamese,Chinese,Spanish,Malay,English": 0.19333333333333333,
            "Vietnamese,Chinese,Spanish,Indonesian,English": 0.2,
            "Vietnamese,Chinese,Malay,Indonesian,English": 0.19333333333333333,
            "Vietnamese,Spanish,Malay,Indonesian,English": 0.21333333333333335,
            "Chinese,Spanish,Malay,Indonesian,English": 0.19333333333333333
        },
        "6_combine": {
            "Filipino,Vietnamese,Chinese,Spanish,Malay,Indonesian": 0.18,
            "Filipino,Vietnamese,Chinese,Spanish,Malay,English": 0.17333333333333334,
            "Filipino,Vietnamese,Chinese,Spanish,Indonesian,English": 0.17333333333333334,
            "Filipino,Vietnamese,Chinese,Malay,Indonesian,English": 0.16666666666666666,