{
    "overall_acc": 0.3876190476190477,
    "language_acc": {
        "Filipino": 0.38666666666666666,
        "Vietnamese": 0.2866666666666667,
        "Chinese": 0.25333333333333335,
        "Spanish": 0.4533333333333333,
        "Malay": 0.3466666666666667,
        "Indonesian": 0.4,
        "English": 0.5866666666666667
    },
    "consistency_score_2": 0.4428571428571428,
    "consistency_score_3": 0.2472380952380952,
    "consistency_score_4": 0.15333333333333332,
    "consistency_score_5": 0.09936507936507938,
    "consistency_score_6": 0.06476190476190476,
    "consistency_score_7": 0.04,
    "detailed_consistency_score": {
        "2_combine": {
            "Filipino,Vietnamese": 0.44666666666666666,
            "Filipino,Chinese": 0.3933333333333333,
            "Filipino,Spanish": 0.47333333333333333,
            "Filipino,Malay": 0.4666666666666667,
            "Filipino,Indonesian": 0.47333333333333333,
            "Filipino,English": 0.48,
            "Vietnamese,Chinese": 0.43333333333333335,
            "Vietnamese,Spanish": 0.35333333333333333,
            "Vietnamese,Malay": 0.36666666666666664,
            "Vietnamese,Indonesian": 0.38666666666666666,
            "Vietnamese,English": 0.34,
            "Chinese,Spanish": 0.37333333333333335,
            "Chinese,Malay": 0.38,
            "Chinese,Indonesian": 0.38,
            "Chinese,English": 0.3333333333333333,
            "Spanish,Malay": 0.46,
            "Spanish,Indonesian": 0.5933333333333334,
            "Spanish,English": 0.6066666666666667,
            "Malay,Indonesian": 0.5933333333333334,
            "Malay,English": 0.44,
            "Indonesian,English": 0.5266666666666666
        },
        "3_combine": {
            "Filipino,Vietnamese,Chinese": 0.21333333333333335,
            "Filipino,Vietnamese,Spanish": 0.22666666666666666,
            "Filipino,Vietnamese,Malay": 0.22666666666666666,
            "Filipino,Vietnamese,Indonesian": 0.24,
            "Filipino,Vietnamese,English": 0.22,
            "Filipino,Chinese,Spanish": 0.24,
            "Filipino,Chinese,Malay": 0.2,
            "Filipino,Chinese,Indonesian": 0.2,
            "Filipino,Chinese,English": 0.20666666666666667,
            "Filipino,Spanish,Malay": 0.29333333333333333,
            "Filipino,Spanish,Indonesian": 0.3333333333333333,
            "Filipino,Spanish,English": 0.32666666666666666,
            "Filipino,Malay,Indonesian": 0.32666666666666666,
            "Filipino,Malay,English": 0.2866666666666667,
            "Filipino,Indonesian,English": 0.30666666666666664,
            "Vietnamese,Chinese,Spanish": 0.18,
            "Vietnamese,Chinese,Malay": 0.18666666666666668,
            "Vietnamese,Chinese,Indonesian": 0.17333333333333334,
            "Vietnamese,Chinese,English": 0.14,
            "Vietnamese,Spanish,Malay": 0.19333333333333333,
            "Vietnamese,Spanish,Indonesian": 0.26,
            "Vietnamese,Spanish,English": 0.22666666666666666,
            "Vietnamese,Malay,Indonesian": 0.24,
            "Vietnamese,Malay,English": 0.18,
            "Vietnamese,Indonesian,English": 0.22666666666666666,
            "Chinese,Spanish,Malay": 0.22,
            "Chinese,Spanish,Indonesian": 0.26,
            "Chinese,Spanish,English": 0.22,
            "Chinese,Malay,Indonesian": 0.25333333333333335,
            "Chinese,Malay,English": 0.18,
            "Chinese,Indonesian,English": 0.21333333333333335,
            "Spanish,Malay,Indonesian": 0.38666666666666666,
            "Spanish,Malay,English": 0.31333333333333335,
            "Spanish,Indonesian,English": 0.4066666666666667,
            "Malay,Indonesian,English": 0.3466666666666667
        },
        "4_combine": {
            "Filipino,Vietnamese,Chinese,Spanish": 0.12,
            "Filipino,Vietnamese,Chinese,Malay": 0.12,
            "Filipino,Vietnamese,Chinese,Indonesian": 0.1,
            "Filipino,Vietnamese,Chinese,English": 0.09333333333333334,
            "Filipino,Vietnamese,Spanish,Malay": 0.14,
            "Filipino,Vietnamese,Spanish,Indonesian": 0.17333333333333334,
            "Filipino,Vietnamese,Spanish,English": 0.14666666666666667,
            "Filipino,Vietnamese,Malay,Indonesian": 0.16,
            "Filipino,Vietnamese,Malay,English": 0.13333333333333333,
            "Filipino,Vietnamese,Indonesian,English": 0.16,
            "Filipino,Chinese,Spanish,Malay": 0.14666666666666667,
            "Filipino,Chinese,Spanish,Indonesian": 0.15333333333333332,
            "Filipino,Chinese,Spanish,English": 0.14666666666666667,
            "Filipino,Chinese,Malay,Indonesian": 0.14,
            "Filipino,Chinese,Malay,English": 0.12666666666666668,
            "Filipino,Chinese,Indonesian,English": 0.12666666666666668,
            "Filipino,Spanish,Malay,Indonesian": 0.24666666666666667,
            "Filipino,Spanish,Malay,English": 0.22,
            "Filipino,Spanish,Indonesian,English": 0.26,
            "Filipino,Malay,Indonesian,English": 0.23333333333333334,
            "Vietnamese,Chinese,Spanish,Malay": 0.12,
            "Vietnamese,Chinese,Spanish,Indonesian": 0.12,
            "Vietnamese,Chinese,Spanish,English": 0.09333333333333334,
            "Vietnamese,Chinese,Malay,Indonesian": 0.12666666666666668,
            "Vietnamese,Chinese,Malay,English": 0.08,
            "Vietnamese,Chinese,Indonesian,English": 0.08,
            "Vietnamese,Spanish,Malay,Indonesian": 0.17333333333333334,
            "Vietnamese,Spanish,Malay,English": 0.13333333333333333,
            "Vietnamese,Spanish,Indonesian,English": 0.19333333333333333,
            "Vietnamese,Malay,Indonesian,English": 0.14666666666666667,
            "Chinese,Spanish,Malay,Indonesian": 0.19333333333333333,
            "Chinese,Spanish,Malay,English": 0.14666666666666667,
            "Chinese,Spanish,Indonesian,English": 0.18,
            "Chinese,Malay,Indonesian,English": 0.16,
            "Spanish,Malay,Indonesian,English": 0.2733333333333333
        },
        "5_combine": {
            "Filipino,Vietnamese,Chinese,Spanish,Malay": 0.08,
            "Filipino,Vietnamese,Chinese,Spanish,Indonesian": 0.07333333333333333,
            "Filipino,Vietnamese,Chinese,Spanish,English": 0.06,
            "Filipino,Vietnamese,Chinese,Malay,Indonesian": 0.07333333333333333,
            "Filipino,Vietnamese,Chinese,Malay,English": 0.06,
            "Filipino,Vietnamese,Chinese,Indonesian,English": 0.05333333333333334,
            "Filipino,Vietnamese,Spanish,Malay,Indonesian": 0.12,
            "Filipino,Vietnamese,Spanish,Malay,English": 0.1,
            "Filipino,Vietnamese,Spanish,Indonesian,English": 0.14,
            "Filipino,Vietnamese,Malay,Indonesian,English": 0.10666666666666667,
            "Filipino,Chinese,Spanish,Malay,Indonesian": 0.12,
            "Filipino,Chinese,Spanish,Malay,English": 0.10666666666666667,
            "Filipino,Chinese,Spanish,Indonesian,English": 0.11333333333333333,
            "Filipino,Chinese,Malay,Indonesian,English": 0.10666666666666667,
            "Filipino,Spanish,Malay,Indonesian,English": 0.2,
            "Vietnamese,Chinese,Spanish,Malay,Indonesian": 0.1,
            "Vietnamese,Chinese,Spanish,Malay,English": 0.06666666666666667,
            "Vietnamese,Chinese,Spanish,Indonesian,English": 0.08,
            "Vietnamese,Chinese,Malay,Indonesian,English": 0.06,
            "Vietnamese,Spanish,Malay,Indonesian,English": 0.12666666666666668,
            "Chinese,Spanish,Malay,Indonesian,English": 0.14
        },
        "6_combine": {
            "Filipino,Vietnamese,Chinese,Spanish,Malay,Indonesian": 0.06,
            "Filipino,Vietnamese,Chinese,Spanish,Malay,English": 0.04666666666666667,
            "Filipino,Vietnamese,Chinese,Spanish,Indonesian,English": 0.05333333333333334,
            "Filipino,Vietnamese,Chinese,Malay,Indonesian,English": 0.04,
            "Filipino,Vietnamese,Spanish,Malay,Indonesian,English": 0.09333333333333334,