{
    "rouge1": 0.23272168097538612,
    "rouge2": 0.06643126452079036,
    "rougeL": 0.17368331730278494,
    "avg_rouge": 0.1576120875996538
}