{
    "overall_acc": 0.26136363636363635,
    "language_acc": {
        "Vietnamese": 0.26136363636363635,
        "Indonesian": 0.2556818181818182,
        "Spanish": 0.2784090909090909,
        "Malay": 0.2556818181818182,
        "Filipino": 0.2556818181818182,
        "English": 0.2840909090909091,
        "Chinese": 0.23863636363636365
    },
    "consistency_score_2": 0.5192099567099567,
    "consistency_score_3": 0.3410714285714286,
    "consistency_score_4": 0.249512987012987,
    "consistency_score_5": 0.19426406926406928,
    "consistency_score_6": 0.15746753246753248,
    "consistency_score_7": 0.13068181818181818,
    "detailed_consistency_score": {
        "2_combine": {
            "Vietnamese,Indonesian": 0.5852272727272727,
            "Vietnamese,Spanish": 0.5113636363636364,
            "Vietnamese,Malay": 0.5795454545454546,
            "Vietnamese,Filipino": 0.4772727272727273,
            "Vietnamese,English": 0.5284090909090909,
            "Vietnamese,Chinese": 0.48863636363636365,
            "Indonesian,Spanish": 0.5056818181818182,
            "Indonesian,Malay": 0.5965909090909091,
            "Indonesian,Filipino": 0.48863636363636365,
            "Indonesian,English": 0.5625,
            "Indonesian,Chinese": 0.48863636363636365,
            "Spanish,Malay": 0.5340909090909091,
            "Spanish,Filipino": 0.48295454545454547,
            "Spanish,English": 0.5454545454545454,
            "Spanish,Chinese": 0.4772727272727273,
            "Malay,Filipino": 0.4715909090909091,
            "Malay,English": 0.5625,
            "Malay,Chinese": 0.5738636363636364,
            "Filipino,English": 0.44886363636363635,
            "Filipino,Chinese": 0.4147727272727273,
            "English,Chinese": 0.5795454545454546
        },
        "3_combine": {
            "Vietnamese,Indonesian,Spanish": 0.35795454545454547,
            "Vietnamese,Indonesian,Malay": 0.42613636363636365,
            "Vietnamese,Indonesian,Filipino": 0.3352272727272727,
            "Vietnamese,Indonesian,English": 0.38636363636363635,
            "Vietnamese,Indonesian,Chinese": 0.3352272727272727,
            "Vietnamese,Spanish,Malay": 0.3693181818181818,
            "Vietnamese,Spanish,Filipino": 0.3181818181818182,
            "Vietnamese,Spanish,English": 0.3465909090909091,
            "Vietnamese,Spanish,Chinese": 0.2897727272727273,
            "Vietnamese,Malay,Filipino": 0.32954545454545453,
            "Vietnamese,Malay,English": 0.38636363636363635,
            "Vietnamese,Malay,Chinese": 0.3693181818181818,
            "Vietnamese,Filipino,English": 0.3068181818181818,
            "Vietnamese,Filipino,Chinese": 0.2556818181818182,
            "Vietnamese,English,Chinese": 0.36363636363636365,
            "Indonesian,Spanish,Malay": 0.3693181818181818,
            "Indonesian,Spanish,Filipino": 0.32386363636363635,
            "Indonesian,Spanish,English": 0.3522727272727273,
            "Indonesian,Spanish,Chinese": 0.30113636363636365,
            "Indonesian,Malay,Filipino": 0.3465909090909091,
            "Indonesian,Malay,English": 0.4034090909090909,
            "Indonesian,Malay,Chinese": 0.3693181818181818,
            "Indonesian,Filipino,English": 0.3181818181818182,
            "Indonesian,Filipino,Chinese": 0.2784090909090909,
            "Indonesian,English,Chinese": 0.3806818181818182,
            "Spanish,Malay,Filipino": 0.3181818181818182,
            "Spanish,Malay,English": 0.3806818181818182,
            "Spanish,Malay,Chinese": 0.35795454545454547,
            "Spanish,Filipino,English": 0.3125,
            "Spanish,Filipino,Chinese": 0.2727272727272727,
            "Spanish,English,Chinese": 0.3522727272727273,
            "Malay,Filipino,English": 0.3181818181818182,
            "Malay,Filipino,Chinese": 0.29545454545454547,
            "Malay,English,Chinese": 0.4034090909090909,
            "Filipino,English,Chinese": 0.3068181818181818
        },
        "4_combine": {
            "Vietnamese,Indonesian,Spanish,Malay": 0.2840909090909091,
            "Vietnamese,Indonesian,Spanish,Filipino": 0.25,
            "Vietnamese,Indonesian,Spanish,English": 0.26704545454545453,
            "Vietnamese,Indonesian,Spanish,Chinese": 0.21022727272727273,
            "Vietnamese,Indonesian,Malay,Filipino": 0.2727272727272727,
            "Vietnamese,Indonesian,Malay,English": 0.3068181818181818,
            "Vietnamese,Indonesian,Malay,Chinese": 0.2840909090909091,
            "Vietnamese,Indonesian,Filipino,English": 0.25,
            "Vietnamese,Indonesian,Filipino,Chinese": 0.20454545454545456,
            "Vietnamese,Indonesian,English,Chinese": 0.2784090909090909,
            "Vietnamese,Spanish,Malay,Filipino": 0.2556818181818182,
            "Vietnamese,Spanish,Malay,English": 0.2784090909090909,
            "Vietnamese,Spanish,Malay,Chinese": 0.24431818181818182,
            "Vietnamese,Spanish,Filipino,English": 0.23295454545454544,
            "Vietnamese,Spanish,Filipino,Chinese": 0.1875,
            "Vietnamese,Spanish,English,Chinese": 0.23295454545454544,
            "Vietnamese,Malay,Filipino,English": 0.25,
            "Vietnamese,Malay,Filipino,Chinese": 0.2159090909090909,
            "Vietnamese,Malay,English,Chinese": 0.29545454545454547,
            "Vietnamese,Filipino,English,Chinese": 0.2159090909090909,
            "Indonesian,Spanish,Malay,Filipino": 0.2556818181818182,
            "Indonesian,Spanish,Malay,English": 0.2784090909090909,
            "Indonesian,Spanish,Malay,Chinese": 0.25,
            "Indonesian,Spanish,Filipino,English": 0.23863636363636365,
            "Indonesian,Spanish,Filipino,Chinese": 0.21022727272727273,
            "Indonesian,Spanish,English,Chinese": 0.2556818181818182,
            "Indonesian,Malay,Filipino,English": 0.2556818181818182,
            "Indonesian,Malay,Filipino,Chinese": 0.2215909090909091,
            "Indonesian,Malay,English,Chinese": 0.29545454545454547,
            "Indonesian,Filipino,English,Chinese": 0.23863636363636365,
            "Spanish,Malay,Filipino,English": 0.24431818181818182,
            "Spanish,Malay,Filipino,Chinese": 0.2159090909090909,
            "Spanish,Malay,English,Chinese": 0.2897727272727273,
            "Spanish,Filipino,English,Chinese": 0.22727272727272727,
            "Malay,Filipino,English,Chinese": 0.23863636363636365
        },
        "5_combine": {
            "Vietnamese,Indonesian,Spanish,Malay,Filipino": 0.2159090909090909,
            "Vietnamese,Indonesian,Spanish,Malay,English": 0.2215909090909091,
            "Vietnamese,Indonesian,Spanish,Malay,Chinese": 0.1875,
            "Vietnamese,Indonesian,Spanish,Filipino,English": 0.19318181818181818,
            "Vietnamese,Indonesian,Spanish,Filipino,Chinese": 0.1534090909090909,
            "Vietnamese,Indonesian,Spanish,English,Chinese": 0.1875,
            "Vietnamese,Indonesian,Malay,Filipino,English": 0.2159090909090909,
            "Vietnamese,Indonesian,Malay,Filipino,Chinese": 0.18181818181818182,
            "Vietnamese,Indonesian,Malay,English,Chinese": 0.23863636363636365,
            "Vietnamese,Indonesian,Filipino,English,Chinese": 0.18181818181818182,
            "Vietnamese,Spanish,Malay,Filipino,English": 0.20454545454545456,
            "Vietnamese,Spanish,Malay,Filipino,Chinese": 0.17045454545454544,
            "Vietnamese,Spanish,Malay,English,Chinese": 0.21022727272727273,
            "Vietnamese,Spanish,Filipino,English,Chinese": 0.16477272727272727,
            "Vietnamese,Malay,Filipino,English,Chinese": 0.1875,
            "Indonesian,Spanish,Malay,Filipino,English": 0.20454545454545456,
            "Indonesian,Spanish,Malay,Filipino,Chinese": 0.17613636363636365,
            "Indonesian,Spanish,Malay,English,Chinese": 0.2159090909090909,
            "Indonesian,Spanish,Filipino,English,Chinese": 0.1875,
            "Indonesian,Malay,Filipino,English,Chinese": 0.19318181818181818,