{
    "overall_acc": 0.2792207792207792,
    "language_acc": {
        "Vietnamese": 0.23863636363636365,
        "Indonesian": 0.25,
        "Spanish": 0.3352272727272727,
        "Malay": 0.2784090909090909,
        "Filipino": 0.3068181818181818,
        "English": 0.2727272727272727,
        "Chinese": 0.2727272727272727
    },
    "consistency_score_2": 0.531655844155844,
    "consistency_score_3": 0.34610389610389614,
    "consistency_score_4": 0.2457792207792207,
    "consistency_score_5": 0.18262987012987017,
    "consistency_score_6": 0.1396103896103896,
    "consistency_score_7": 0.10795454545454546,
    "detailed_consistency_score": {
        "2_combine": {
            "Vietnamese,Indonesian": 0.5340909090909091,
            "Vietnamese,Spanish": 0.5056818181818182,
            "Vietnamese,Malay": 0.5738636363636364,
            "Vietnamese,Filipino": 0.5170454545454546,
            "Vietnamese,English": 0.5,
            "Vietnamese,Chinese": 0.5,
            "Indonesian,Spanish": 0.5795454545454546,
            "Indonesian,Malay": 0.6761363636363636,
            "Indonesian,Filipino": 0.5397727272727273,
            "Indonesian,English": 0.5625,
            "Indonesian,Chinese": 0.45454545454545453,
            "Spanish,Malay": 0.5625,
            "Spanish,Filipino": 0.5227272727272727,
            "Spanish,English": 0.5795454545454546,
            "Spanish,Chinese": 0.5056818181818182,
            "Malay,Filipino": 0.5511363636363636,
            "Malay,English": 0.5511363636363636,
            "Malay,Chinese": 0.4943181818181818,
            "Filipino,English": 0.4715909090909091,
            "Filipino,Chinese": 0.48295454545454547,
            "English,Chinese": 0.5
        },
        "3_combine": {
            "Vietnamese,Indonesian,Spanish": 0.3465909090909091,
            "Vietnamese,Indonesian,Malay": 0.42045454545454547,
            "Vietnamese,Indonesian,Filipino": 0.3352272727272727,
            "Vietnamese,Indonesian,English": 0.3522727272727273,
            "Vietnamese,Indonesian,Chinese": 0.29545454545454547,
            "Vietnamese,Spanish,Malay": 0.36363636363636365,
            "Vietnamese,Spanish,Filipino": 0.32386363636363635,
            "Vietnamese,Spanish,English": 0.3409090909090909,
            "Vietnamese,Spanish,Chinese": 0.3181818181818182,
            "Vietnamese,Malay,Filipino": 0.35795454545454547,
            "Vietnamese,Malay,English": 0.3693181818181818,
            "Vietnamese,Malay,Chinese": 0.32386363636363635,
            "Vietnamese,Filipino,English": 0.3068181818181818,
            "Vietnamese,Filipino,Chinese": 0.29545454545454547,
            "Vietnamese,English,Chinese": 0.30113636363636365,
            "Indonesian,Spanish,Malay": 0.4318181818181818,
            "Indonesian,Spanish,Filipino": 0.36363636363636365,
            "Indonesian,Spanish,English": 0.38636363636363635,
            "Indonesian,Spanish,Chinese": 0.3181818181818182,
            "Indonesian,Malay,Filipino": 0.42613636363636365,
            "Indonesian,Malay,English": 0.4375,
            "Indonesian,Malay,Chinese": 0.3522727272727273,
            "Indonesian,Filipino,English": 0.32954545454545453,
            "Indonesian,Filipino,Chinese": 0.3068181818181818,
            "Indonesian,English,Chinese": 0.32386363636363635,
            "Spanish,Malay,Filipino": 0.375,
            "Spanish,Malay,English": 0.38636363636363635,
            "Spanish,Malay,Chinese": 0.3409090909090909,
            "Spanish,Filipino,English": 0.32954545454545453,
            "Spanish,Filipino,Chinese": 0.3125,
            "Spanish,English,Chinese": 0.3409090909090909,
            "Malay,Filipino,English": 0.3352272727272727,
            "Malay,Filipino,Chinese": 0.3125,
            "Malay,English,Chinese": 0.3465909090909091,
            "Filipino,English,Chinese": 0.3068181818181818
        },
        "4_combine": {
            "Vietnamese,Indonesian,Spanish,Malay": 0.2840909090909091,
            "Vietnamese,Indonesian,Spanish,Filipino": 0.25,
            "Vietnamese,Indonesian,Spanish,English": 0.24431818181818182,
            "Vietnamese,Indonesian,Spanish,Chinese": 0.2159090909090909,
            "Vietnamese,Indonesian,Malay,Filipino": 0.2727272727272727,
            "Vietnamese,Indonesian,Malay,English": 0.30113636363636365,
            "Vietnamese,Indonesian,Malay,Chinese": 0.24431818181818182,
            "Vietnamese,Indonesian,Filipino,English": 0.2215909090909091,
            "Vietnamese,Indonesian,Filipino,Chinese": 0.19886363636363635,
            "Vietnamese,Indonesian,English,Chinese": 0.2159090909090909,
            "Vietnamese,Spanish,Malay,Filipino": 0.25,
            "Vietnamese,Spanish,Malay,English": 0.26704545454545453,
            "Vietnamese,Spanish,Malay,Chinese": 0.2215909090909091,
            "Vietnamese,Spanish,Filipino,English": 0.23863636363636365,
            "Vietnamese,Spanish,Filipino,Chinese": 0.19886363636363635,
            "Vietnamese,Spanish,English,Chinese": 0.23295454545454544,
            "Vietnamese,Malay,Filipino,English": 0.23295454545454544,
            "Vietnamese,Malay,Filipino,Chinese": 0.21022727272727273,
            "Vietnamese,Malay,English,Chinese": 0.24431818181818182,
            "Vietnamese,Filipino,English,Chinese": 0.20454545454545456,
            "Indonesian,Spanish,Malay,Filipino": 0.3125,
            "Indonesian,Spanish,Malay,English": 0.3068181818181818,
            "Indonesian,Spanish,Malay,Chinese": 0.26136363636363635,
            "Indonesian,Spanish,Filipino,English": 0.24431818181818182,
            "Indonesian,Spanish,Filipino,Chinese": 0.23863636363636365,
            "Indonesian,Spanish,English,Chinese": 0.24431818181818182,
            "Indonesian,Malay,Filipino,English": 0.2784090909090909,
            "Indonesian,Malay,Filipino,Chinese": 0.24431818181818182,
            "Indonesian,Malay,English,Chinese": 0.2727272727272727,
            "Indonesian,Filipino,English,Chinese": 0.22727272727272727,
            "Spanish,Malay,Filipino,English": 0.26136363636363635,
            "Spanish,Malay,Filipino,Chinese": 0.23863636363636365,
            "Spanish,Malay,English,Chinese": 0.26704545454545453,
            "Spanish,Filipino,English,Chinese": 0.2215909090909091,
            "Malay,Filipino,English,Chinese": 0.23295454545454544
        },
        "5_combine": {
            "Vietnamese,Indonesian,Spanish,Malay,Filipino": 0.21022727272727273,
            "Vietnamese,Indonesian,Spanish,Malay,English": 0.21022727272727273,
            "Vietnamese,Indonesian,Spanish,Malay,Chinese": 0.17613636363636365,
            "Vietnamese,Indonesian,Spanish,Filipino,English": 0.18181818181818182,
            "Vietnamese,Indonesian,Spanish,Filipino,Chinese": 0.1590909090909091,
            "Vietnamese,Indonesian,Spanish,English,Chinese": 0.17045454545454544,
            "Vietnamese,Indonesian,Malay,Filipino,English": 0.1875,
            "Vietnamese,Indonesian,Malay,Filipino,Chinese": 0.1590909090909091,
            "Vietnamese,Indonesian,Malay,English,Chinese": 0.19318181818181818,
            "Vietnamese,Indonesian,Filipino,English,Chinese": 0.1534090909090909,
            "Vietnamese,Spanish,Malay,Filipino,English": 0.1875,
            "Vietnamese,Spanish,Malay,Filipino,Chinese": 0.14772727272727273,
            "Vietnamese,Spanish,Malay,English,Chinese": 0.1875,
            "Vietnamese,Spanish,Filipino,English,Chinese": 0.1590909090909091,
            "Vietnamese,Malay,Filipino,English,Chinese": 0.1590909090909091,
            "Indonesian,Spanish,Malay,Filipino,English": 0.2159090909090909,
            "Indonesian,Spanish,Malay,Filipino,Chinese": 0.20454545454545456,
            "Indonesian,Spanish,Malay,English,Chinese": 0.21022727272727273,
            "Indonesian,Spanish,Filipino,English,Chinese": 0.18181818181818182,
            "Indonesian,Malay,Filipino,English,Chinese": 0.19318181818181818,
            "Spanish,Malay,Filipino,English,Chinese": 0.1875
        },