{
    "rouge1": 0.5185659226290711,
    "rouge2": 0.26879953180572064,
    "rougeL": 0.43275638022449625,
    "avg_rouge": 0.40670727821976266
}