{
    "rouge1": 0.5164177682133352,
    "rouge2": 0.2634396180719505,
    "rougeL": 0.4281279644017568,
    "avg_rouge": 0.40266178356234744
}