{
    "rouge1": 0.5175029512092139,
    "rouge2": 0.26827791419756786,
    "rougeL": 0.4309740774155282,
    "avg_rouge": 0.40558498094076995
}