{
    "accuracy": 0.5024906600249066,
    "category_acc": {
        "computer_network": 0.5416666666666666,
        "operating_system": 0.5,
        "computer_architecture": 0.5769230769230769,
        "college_programming": 0.5,
        "college_physics": 0.25,
        "college_chemistry": 0.4482758620689655,
        "advanced_mathematics": 0.4583333333333333,
        "probability_and_statistics": 0.30434782608695654,
        "discrete_mathematics": 0.3333333333333333,
        "electrical_engineer": 0.35714285714285715,
        "metrology_engineer": 0.5517241379310345,
        "high_school_mathematics": 0.17391304347826086,
        "high_school_physics": 0.375,
        "high_school_chemistry": 0.5,
        "high_school_biology": 0.4583333333333333,
        "middle_school_mathematics": 0.3333333333333333,
        "middle_school_biology": 0.8461538461538461,
        "middle_school_physics": 0.625,
        "middle_school_chemistry": 0.68,
        "veterinary_medicine": 0.7142857142857143,
        "college_economics": 0.5166666666666667,
        "business_administration": 0.34210526315789475,
        "marxism": 0.4583333333333333,
        "mao_zedong_thought": 0.5172413793103449,
        "education_science": 0.6176470588235294,
        "teacher_qualification": 0.673469387755102,
        "high_school_politics": 0.5,
        "high_school_geography": 0.625,
        "middle_school_politics": 0.6923076923076923,
        "middle_school_geography": 0.5882352941176471,
        "modern_chinese_history": 0.6071428571428571,
        "ideological_and_moral_cultivation": 0.625,
        "logic": 0.5555555555555556,
        "law": 0.41379310344827586,
        "chinese_language_and_literature": 0.5357142857142857,
        "art_studies": 0.6052631578947368,
        "professional_tour_guide": 0.5588235294117647,
        "legal_professional": 0.39285714285714285,
        "high_school_chinese": 0.3333333333333333,
        "high_school_history": 0.6,
        "middle_school_history": 0.5185185185185185,
        "civil_servant": 0.5,
        "sports_science": 0.4583333333333333,
        "plant_protection": 0.7037037037037037,
        "basic_medicine": 0.4583333333333333,
        "clinical_medicine": 0.5185185185185185,
        "urban_and_rural_planner": 0.5294117647058824,
        "accountant": 0.35185185185185186,
        "fire_engineer": 0.4166666666666667,
        "environmental_impact_assessment_engineer": 0.4722222222222222,
        "tax_accountant": 0.37037037037037035,
        "physician": 0.5740740740740741
    }
}