{
    "accuracy": 0.3464183189799052,
    "category_acc": {
        "History": 0.3032128514056225,
        "Geography": 0.2510204081632653,
        "Lampungic": 0.2653061224489796,
        "Social science": 0.49081803005008345,
        "Balinese": 0.2823779193205945,
        "Makassarese": 0.3333333333333333,
        "Banjarese": 0.3263888888888889,
        "Chemistry": 0.22043795620437956,
        "Biology": 0.2603550295857988,
        "Science": 0.40970072239422084,
        "Christian religion": 0.40298507462686567,
        "Art": 0.39267886855241263,
        "Islam religion": 0.41109530583214793,
        "Hindu religion": 0.35333333333333333,
        "Madurese": 0.3016949152542373,
        "Sport": 0.3918918918918919,
        "Indonesian language": 0.3866749688667497,
        "Physics": 0.30303030303030304,
        "Minangkabau culture": 0.3316582914572864,
        "Dayak language": 0.3302752293577982,
        "Sociology": 0.29838709677419356,
        "Economy": 0.29918032786885246,
        "Sundanese": 0.34485738980121,
        "Javanese": 0.3064516129032258,
        "Civic education": 0.39341917024320455
    }
}