{
    "accuracy": 0.34681887976500436,
    "category_acc": {
        "History": 0.3473895582329317,
        "Geography": 0.2816326530612245,
        "Lampungic": 0.35374149659863946,
        "Social science": 0.5008347245409015,
        "Balinese": 0.2781316348195329,
        "Makassarese": 0.27956989247311825,
        "Banjarese": 0.3472222222222222,
        "Chemistry": 0.24817518248175183,
        "Biology": 0.2591715976331361,
        "Science": 0.4004127966976264,
        "Christian religion": 0.3781094527363184,
        "Art": 0.3826955074875208,
        "Islam religion": 0.40825035561877665,
        "Hindu religion": 0.38,
        "Madurese": 0.28135593220338984,
        "Sport": 0.40540540540540543,
        "Indonesian language": 0.37951432129514323,
        "Physics": 0.298989898989899,
        "Minangkabau culture": 0.36180904522613067,
        "Dayak language": 0.26605504587155965,
        "Sociology": 0.2903225806451613,
        "Economy": 0.2766393442622951,
        "Sundanese": 0.34312878133102853,
        "Javanese": 0.3155241935483871,
        "Civic education": 0.38912732474964234
    }
}