{
    "accuracy": 0.3440817144001602,
    "category_acc": {
        "History": 0.3172690763052209,
        "Geography": 0.2836734693877551,
        "Lampungic": 0.2585034013605442,
        "Social science": 0.49248747913188645,
        "Balinese": 0.29936305732484075,
        "Makassarese": 0.3333333333333333,
        "Banjarese": 0.3125,
        "Chemistry": 0.21897810218978103,
        "Biology": 0.25088757396449707,
        "Science": 0.39628482972136225,
        "Christian religion": 0.39800995024875624,
        "Art": 0.37603993344425957,
        "Islam religion": 0.4167852062588905,
        "Hindu religion": 0.35333333333333333,
        "Madurese": 0.31864406779661014,
        "Sport": 0.39864864864864863,
        "Indonesian language": 0.3866749688667497,
        "Physics": 0.27070707070707073,
        "Minangkabau culture": 0.33668341708542715,
        "Dayak language": 0.3211009174311927,
        "Sociology": 0.2923387096774194,
        "Economy": 0.2581967213114754,
        "Sundanese": 0.3327571305099395,
        "Javanese": 0.3215725806451613,
        "Civic education": 0.38912732474964234
    }
}