{
    "accuracy": 0.3378730222311236,
    "category_acc": {
        "History": 0.3092369477911647,
        "Geography": 0.25918367346938775,
        "Lampungic": 0.272108843537415,
        "Social science": 0.4774624373956594,
        "Balinese": 0.28450106157112526,
        "Makassarese": 0.2956989247311828,
        "Banjarese": 0.3541666666666667,
        "Chemistry": 0.20583941605839415,
        "Biology": 0.27455621301775146,
        "Science": 0.3849329205366357,
        "Christian religion": 0.38308457711442784,
        "Art": 0.36605657237936773,
        "Islam religion": 0.3968705547652916,
        "Hindu religion": 0.36666666666666664,
        "Madurese": 0.2847457627118644,
        "Sport": 0.34459459459459457,
        "Indonesian language": 0.37391033623910336,
        "Physics": 0.298989898989899,
        "Minangkabau culture": 0.3417085427135678,
        "Dayak language": 0.3486238532110092,
        "Sociology": 0.29435483870967744,
        "Economy": 0.305327868852459,
        "Sundanese": 0.32757130509939497,
        "Javanese": 0.3084677419354839,
        "Civic education": 0.38197424892703863
    }
}