{
    "overall_acc": 0.9497899159663865,
    "language_acc": {
        "Vietnamese": 0.9529411764705882,
        "Spanish": 0.9478991596638655,
        "English": 0.9563025210084034,
        "Chinese": 0.9420168067226891
    },
    "consistency_score_2": 0.9507002801120449,
    "consistency_score_3": 0.9273109243697479,
    "consistency_score_4": 0.9100840336134454,
    "detailed_consistency_score": {
        "2_combine": {
            "Vietnamese,Spanish": 0.9521008403361344,
            "Vietnamese,English": 0.9630252100840336,
            "Vietnamese,Chinese": 0.9403361344537815,
            "Spanish,English": 0.9613445378151261,
            "Spanish,Chinese": 0.9352941176470588,
            "English,Chinese": 0.9521008403361344
        },
        "3_combine": {
            "Vietnamese,Spanish,English": 0.9394957983193277,
            "Vietnamese,Spanish,Chinese": 0.915126050420168,
            "Vietnamese,English,Chinese": 0.9285714285714286,
            "Spanish,English,Chinese": 0.9260504201680673
        },
        "4_combine": {
            "Vietnamese,Spanish,English,Chinese": 0.9100840336134454
        }
    },
    "AC3_2": 0.9502448799499753,
    "AC3_3": 0.9384158229104169,
    "AC3_4": 0.9295131403468117
}