{
    "overall_acc": 0.9535714285714285,
    "language_acc": {
        "Vietnamese": 0.9546218487394958,
        "Spanish": 0.9588235294117647,
        "English": 0.9588235294117647,
        "Chinese": 0.9420168067226891
    },
    "consistency_score_2": 0.953921568627451,
    "consistency_score_3": 0.9315126050420168,
    "consistency_score_4": 0.9117647058823529,
    "detailed_consistency_score": {
        "2_combine": {
            "Vietnamese,Spanish": 0.9596638655462185,
            "Vietnamese,English": 0.965546218487395,
            "Vietnamese,Chinese": 0.9436974789915966,
            "Spanish,English": 0.9638655462184874,
            "Spanish,Chinese": 0.9445378151260504,
            "English,Chinese": 0.946218487394958
        },
        "3_combine": {
            "Vietnamese,Spanish,English": 0.9453781512605042,
            "Vietnamese,Spanish,Chinese": 0.9243697478991597,
            "Vietnamese,English,Chinese": 0.9285714285714286,
            "Spanish,English,Chinese": 0.9277310924369748
        },
        "4_combine": {
            "Vietnamese,Spanish,English,Chinese": 0.9117647058823529
        }
    },
    "AC3_2": 0.9537464664135267,
    "AC3_3": 0.9424129530951566,
    "AC3_4": 0.9321995719739016
}