{
    "overall_acc": 0.9508403361344537,
    "language_acc": {
        "Vietnamese": 0.9529411764705882,
        "Spanish": 0.9487394957983193,
        "English": 0.9605042016806723,
        "Chinese": 0.9411764705882353
    },
    "consistency_score_2": 0.9481792717086835,
    "consistency_score_3": 0.9245798319327732,
    "consistency_score_4": 0.907563025210084,
    "detailed_consistency_score": {
        "2_combine": {
            "Vietnamese,Spanish": 0.9495798319327731,
            "Vietnamese,English": 0.9605042016806723,
            "Vietnamese,Chinese": 0.9369747899159664,
            "Spanish,English": 0.9571428571428572,
            "Spanish,Chinese": 0.9394957983193277,
            "English,Chinese": 0.9453781512605042
        },
        "3_combine": {
            "Vietnamese,Spanish,English": 0.9352941176470588,
            "Vietnamese,Spanish,Chinese": 0.915126050420168,
            "Vietnamese,English,Chinese": 0.9235294117647059,
            "Spanish,English,Chinese": 0.9243697478991597
        },
        "4_combine": {
            "Vietnamese,Spanish,English,Chinese": 0.907563025210084
        }
    },
    "AC3_2": 0.9495079394190248,
    "AC3_3": 0.9375262280955752,
    "AC3_4": 0.9286977734297558
}