{
    "rouge1": 0.32016444453648835,
    "rouge2": 0.10572427291148377,
    "rougeL": 0.24004692556166563,
    "avg_rouge": 0.22197854766987923
}