{
    "rouge1": 0.3461243017709684,
    "rouge2": 0.1196525210050174,
    "rougeL": 0.26254524986557515,
    "avg_rouge": 0.24277402421385363
}