{
    "rouge1": 0.3166185955051697,
    "rouge2": 0.10917539998518976,
    "rougeL": 0.23837567739925294,
    "avg_rouge": 0.22138989096320413
}