{
    "rouge1": 0.33083257013215717,
    "rouge2": 0.10462933943338155,
    "rougeL": 0.24150892295839743,
    "avg_rouge": 0.22565694417464535
}