{
    "accuracy": 0.2910260993922059,
    "category_acc": {
        "high_school_european_history": 0.34146341463414637,
        "business_ethics": 0.29292929292929293,
        "clinical_knowledge": 0.2765151515151515,
        "medical_genetics": 0.1919191919191919,
        "high_school_us_history": 0.3694581280788177,
        "high_school_physics": 0.26,
        "high_school_world_history": 0.3050847457627119,
        "virology": 0.26666666666666666,
        "high_school_microeconomics": 0.28270042194092826,
        "econometrics": 0.26548672566371684,
        "college_computer_science": 0.2727272727272727,
        "high_school_biology": 0.2977346278317152,
        "abstract_algebra": 0.24242424242424243,
        "professional_accounting": 0.24555160142348753,
        "philosophy": 0.2903225806451613,
        "professional_medicine": 0.35793357933579334,
        "nutrition": 0.32131147540983607,
        "global_facts": 0.20202020202020202,
        "machine_learning": 0.2882882882882883,
        "security_studies": 0.29098360655737704,
        "public_relations": 0.3211009174311927,
        "professional_psychology": 0.28805237315875615,
        "prehistory": 0.29102167182662536,
        "anatomy": 0.2835820895522388,
        "human_sexuality": 0.3230769230769231,
        "college_medicine": 0.27906976744186046,
        "high_school_government_and_politics": 0.3072916666666667,
        "college_chemistry": 0.24242424242424243,
        "logical_fallacies": 0.35802469135802467,
        "high_school_geography": 0.28426395939086296,
        "elementary_mathematics": 0.27055702917771884,
        "human_aging": 0.2702702702702703,
        "college_mathematics": 0.2727272727272727,
        "high_school_psychology": 0.3161764705882353,
        "formal_logic": 0.24,
        "high_school_statistics": 0.26976744186046514,
        "international_law": 0.275,
        "high_school_mathematics": 0.22676579925650558,
        "high_school_computer_science": 0.29292929292929293,
        "conceptual_physics": 0.29914529914529914,
        "miscellaneous": 0.2979539641943734,
        "high_school_chemistry": 0.22772277227722773,
        "marketing": 0.39914163090128757,
        "professional_law": 0.29158512720156554,
        "management": 0.3431372549019608,
        "college_physics": 0.2079207920792079,
        "jurisprudence": 0.34579439252336447,
        "world_religions": 0.25882352941176473,
        "sociology": 0.345,
        "us_foreign_policy": 0.30303030303030304,
        "high_school_macroeconomics": 0.29562982005141386,
        "computer_security": 0.29292929292929293,
        "moral_scenarios": 0.24608501118568232,
        "moral_disputes": 0.3159420289855073,
        "electrical_engineering": 0.3333333333333333,
        "astronomy": 0.3576158940397351,
        "college_biology": 0.3076923076923077
    }
}