{
    "accuracy": 0.2889524490525563,
    "category_acc": {
        "high_school_european_history": 0.3231707317073171,
        "business_ethics": 0.32323232323232326,
        "clinical_knowledge": 0.30303030303030304,
        "medical_genetics": 0.1919191919191919,
        "high_school_us_history": 0.3399014778325123,
        "high_school_physics": 0.29333333333333333,
        "high_school_world_history": 0.3220338983050847,
        "virology": 0.26666666666666666,
        "high_school_microeconomics": 0.3291139240506329,
        "econometrics": 0.24778761061946902,
        "college_computer_science": 0.25252525252525254,
        "high_school_biology": 0.2977346278317152,
        "abstract_algebra": 0.2828282828282828,
        "professional_accounting": 0.26334519572953735,
        "philosophy": 0.3,
        "professional_medicine": 0.36531365313653136,
        "nutrition": 0.3442622950819672,
        "global_facts": 0.21212121212121213,
        "machine_learning": 0.17117117117117117,
        "security_studies": 0.22950819672131148,
        "public_relations": 0.3302752293577982,
        "professional_psychology": 0.2684124386252046,
        "prehistory": 0.28792569659442724,
        "anatomy": 0.2462686567164179,
        "human_sexuality": 0.3384615384615385,
        "college_medicine": 0.26744186046511625,
        "high_school_government_and_politics": 0.328125,
        "college_chemistry": 0.29292929292929293,
        "logical_fallacies": 0.345679012345679,
        "high_school_geography": 0.27411167512690354,
        "elementary_mathematics": 0.26790450928381965,
        "human_aging": 0.25225225225225223,
        "college_mathematics": 0.23232323232323232,
        "high_school_psychology": 0.3180147058823529,
        "formal_logic": 0.32,
        "high_school_statistics": 0.25116279069767444,
        "international_law": 0.2916666666666667,
        "high_school_mathematics": 0.2527881040892193,
        "high_school_computer_science": 0.26262626262626265,
        "conceptual_physics": 0.29914529914529914,
        "miscellaneous": 0.27365728900255754,
        "high_school_chemistry": 0.23267326732673269,
        "marketing": 0.41630901287553645,
        "professional_law": 0.30071754729288974,
        "management": 0.3627450980392157,
        "college_physics": 0.19801980198019803,
        "jurisprudence": 0.29906542056074764,
        "world_religions": 0.23529411764705882,
        "sociology": 0.325,
        "us_foreign_policy": 0.35353535353535354,
        "high_school_macroeconomics": 0.3033419023136247,
        "computer_security": 0.21212121212121213,
        "moral_scenarios": 0.24608501118568232,
        "moral_disputes": 0.2898550724637681,
        "electrical_engineering": 0.2986111111111111,
        "astronomy": 0.3443708609271523,
        "college_biology": 0.27972027972027974
    }
}