{
    "overall_acc": 0.4375,
    "language_acc": {
        "Indonesian": 0.39204545454545453,
        "English": 0.5,
        "Filipino": 0.3068181818181818,
        "Spanish": 0.45454545454545453,
        "Chinese": 0.4772727272727273,
        "Malay": 0.44886363636363635,
        "Vietnamese": 0.48295454545454547
    },
    "consistency_score_2": 0.5151515151515151,
    "consistency_score_3": 0.33522727272727276,
    "consistency_score_4": 0.24675324675324675,
    "consistency_score_5": 0.19561688311688313,
    "consistency_score_6": 0.16152597402597402,
    "consistency_score_7": 0.13636363636363635,
    "detailed_consistency_score": {
        "2_combine": {
            "Indonesian,English": 0.5340909090909091,
            "Indonesian,Filipino": 0.5056818181818182,
            "Indonesian,Spanish": 0.5454545454545454,
            "Indonesian,Chinese": 0.48863636363636365,
            "Indonesian,Malay": 0.6136363636363636,
            "Indonesian,Vietnamese": 0.4943181818181818,
            "English,Filipino": 0.375,
            "English,Spanish": 0.6363636363636364,
            "English,Chinese": 0.5340909090909091,
            "English,Malay": 0.5625,
            "English,Vietnamese": 0.5511363636363636,
            "Filipino,Spanish": 0.42613636363636365,
            "Filipino,Chinese": 0.3806818181818182,
            "Filipino,Malay": 0.4715909090909091,
            "Filipino,Vietnamese": 0.42613636363636365,
            "Spanish,Chinese": 0.5511363636363636,
            "Spanish,Malay": 0.5795454545454546,
            "Spanish,Vietnamese": 0.5795454545454546,
            "Chinese,Malay": 0.5113636363636364,
            "Chinese,Vietnamese": 0.5340909090909091,
            "Malay,Vietnamese": 0.5170454545454546
        },
        "3_combine": {
            "Indonesian,English,Filipino": 0.2784090909090909,
            "Indonesian,English,Spanish": 0.4147727272727273,
            "Indonesian,English,Chinese": 0.3409090909090909,
            "Indonesian,English,Malay": 0.4034090909090909,
            "Indonesian,English,Vietnamese": 0.35795454545454547,
            "Indonesian,Filipino,Spanish": 0.29545454545454547,
            "Indonesian,Filipino,Chinese": 0.23863636363636365,
            "Indonesian,Filipino,Malay": 0.3409090909090909,
            "Indonesian,Filipino,Vietnamese": 0.29545454545454547,
            "Indonesian,Spanish,Chinese": 0.3522727272727273,
            "Indonesian,Spanish,Malay": 0.42045454545454547,
            "Indonesian,Spanish,Vietnamese": 0.3693181818181818,
            "Indonesian,Chinese,Malay": 0.36363636363636365,
            "Indonesian,Chinese,Vietnamese": 0.3409090909090909,
            "Indonesian,Malay,Vietnamese": 0.35795454545454547,
            "English,Filipino,Spanish": 0.30113636363636365,
            "English,Filipino,Chinese": 0.2159090909090909,
            "English,Filipino,Malay": 0.2840909090909091,
            "English,Filipino,Vietnamese": 0.24431818181818182,
            "English,Spanish,Chinese": 0.4090909090909091,
            "English,Spanish,Malay": 0.4375,
            "English,Spanish,Vietnamese": 0.4318181818181818,
            "English,Chinese,Malay": 0.375,
            "English,Chinese,Vietnamese": 0.36363636363636365,
            "English,Malay,Vietnamese": 0.3693181818181818,
            "Filipino,Spanish,Chinese": 0.25,
            "Filipino,Spanish,Malay": 0.3125,
            "Filipino,Spanish,Vietnamese": 0.2727272727272727,
            "Filipino,Chinese,Malay": 0.24431818181818182,
            "Filipino,Chinese,Vietnamese": 0.24431818181818182,
            "Filipino,Malay,Vietnamese": 0.3068181818181818,
            "Spanish,Chinese,Malay": 0.3693181818181818,
            "Spanish,Chinese,Vietnamese": 0.39204545454545453,
            "Spanish,Malay,Vietnamese": 0.3977272727272727,
            "Chinese,Malay,Vietnamese": 0.3409090909090909
        },
        "4_combine": {
            "Indonesian,English,Filipino,Spanish": 0.23863636363636365,
            "Indonesian,English,Filipino,Chinese": 0.16477272727272727,
            "Indonesian,English,Filipino,Malay": 0.23295454545454544,
            "Indonesian,English,Filipino,Vietnamese": 0.21022727272727273,
            "Indonesian,English,Spanish,Chinese": 0.29545454545454547,
            "Indonesian,English,Spanish,Malay": 0.3409090909090909,
            "Indonesian,English,Spanish,Vietnamese": 0.30113636363636365,
            "Indonesian,English,Chinese,Malay": 0.2897727272727273,
            "Indonesian,English,Chinese,Vietnamese": 0.26136363636363635,
            "Indonesian,English,Malay,Vietnamese": 0.2840909090909091,
            "Indonesian,Filipino,Spanish,Chinese": 0.19318181818181818,
            "Indonesian,Filipino,Spanish,Malay": 0.24431818181818182,
            "Indonesian,Filipino,Spanish,Vietnamese": 0.23295454545454544,
            "Indonesian,Filipino,Chinese,Malay": 0.19886363636363635,
            "Indonesian,Filipino,Chinese,Vietnamese": 0.1875,
            "Indonesian,Filipino,Malay,Vietnamese": 0.25,
            "Indonesian,Spanish,Chinese,Malay": 0.2840909090909091,
            "Indonesian,Spanish,Chinese,Vietnamese": 0.2840909090909091,
            "Indonesian,Spanish,Malay,Vietnamese": 0.3068181818181818,
            "Indonesian,Chinese,Malay,Vietnamese": 0.26136363636363635,
            "English,Filipino,Spanish,Chinese": 0.19886363636363635,
            "English,Filipino,Spanish,Malay": 0.25,
            "English,Filipino,Spanish,Vietnamese": 0.21022727272727273,
            "English,Filipino,Chinese,Malay": 0.1875,
            "English,Filipino,Chinese,Vietnamese": 0.17613636363636365,
            "English,Filipino,Malay,Vietnamese": 0.2215909090909091,
            "English,Spanish,Chinese,Malay": 0.3125,
            "English,Spanish,Chinese,Vietnamese": 0.3068181818181818,
            "English,Spanish,Malay,Vietnamese": 0.3181818181818182,
            "English,Chinese,Malay,Vietnamese": 0.2784090909090909,
            "Filipino,Spanish,Chinese,Malay": 0.19886363636363635,
            "Filipino,Spanish,Chinese,Vietnamese": 0.19318181818181818,
            "Filipino,Spanish,Malay,Vietnamese": 0.23863636363636365,
            "Filipino,Chinese,Malay,Vietnamese": 0.19318181818181818,
            "Spanish,Chinese,Malay,Vietnamese": 0.2897727272727273
        },
        "5_combine": {
            "Indonesian,English,Filipino,Spanish,Chinese": 0.1590909090909091,
            "Indonesian,English,Filipino,Spanish,Malay": 0.21022727272727273,
            "Indonesian,English,Filipino,Spanish,Vietnamese": 0.1875,
            "Indonesian,English,Filipino,Chinese,Malay": 0.1590909090909091,
            "Indonesian,English,Filipino,Chinese,Vietnamese": 0.14772727272727273,
            "Indonesian,English,Filipino,Malay,Vietnamese": 0.19318181818181818,
            "Indonesian,English,Spanish,Chinese,Malay": 0.2556818181818182,
            "Indonesian,English,Spanish,Chinese,Vietnamese": 0.23863636363636365,
            "Indonesian,English,Spanish,Malay,Vietnamese": 0.26136363636363635,
            "Indonesian,English,Chinese,Malay,Vietnamese": 0.2215909090909091,
            "Indonesian,Filipino,Spanish,Chinese,Malay": 0.17045454545454544,
            "Indonesian,Filipino,Spanish,Chinese,Vietnamese": 0.17045454545454544,
            "Indonesian,Filipino,Spanish,Malay,Vietnamese": 0.21022727272727273,
            "Indonesian,Filipino,Chinese,Malay,Vietnamese": 0.17045454545454544,
            "Indonesian,Spanish,Chinese,Malay,Vietnamese": 0.23295454545454544,
            "English,Filipino,Spanish,Chinese,Malay": 0.17613636363636365,
            "English,Filipino,Spanish,Chinese,Vietnamese": 0.1590909090909091,
            "English,Filipino,Spanish,Malay,Vietnamese": 0.19886363636363635,
            "English,Filipino,Chinese,Malay,Vietnamese": 0.16477272727272727,
            "English,Spanish,Chinese,Malay,Vietnamese": 0.25,
            "Filipino,Spanish,Chinese,Malay,Vietnamese": 0.17045454545454544
        },