{
    "overall_acc": 0.45454545454545453,
    "language_acc": {
        "Indonesian": 0.42613636363636365,
        "English": 0.5568181818181818,
        "Filipino": 0.32386363636363635,
        "Spanish": 0.4602272727272727,
        "Chinese": 0.4943181818181818,
        "Malay": 0.42613636363636365,
        "Vietnamese": 0.4943181818181818
    },
    "consistency_score_2": 0.5311147186147187,
    "consistency_score_3": 0.3503246753246753,
    "consistency_score_4": 0.25762987012987015,
    "consistency_score_5": 0.2021103896103896,
    "consistency_score_6": 0.16477272727272727,
    "consistency_score_7": 0.13636363636363635,
    "detailed_consistency_score": {
        "2_combine": {
            "Indonesian,English": 0.5568181818181818,
            "Indonesian,Filipino": 0.5113636363636364,
            "Indonesian,Spanish": 0.5852272727272727,
            "Indonesian,Chinese": 0.5170454545454546,
            "Indonesian,Malay": 0.6079545454545454,
            "Indonesian,Vietnamese": 0.5056818181818182,
            "English,Filipino": 0.4318181818181818,
            "English,Spanish": 0.6136363636363636,
            "English,Chinese": 0.5113636363636364,
            "English,Malay": 0.5681818181818182,
            "English,Vietnamese": 0.5738636363636364,
            "Filipino,Spanish": 0.5113636363636364,
            "Filipino,Chinese": 0.38636363636363635,
            "Filipino,Malay": 0.4943181818181818,
            "Filipino,Vietnamese": 0.4659090909090909,
            "Spanish,Chinese": 0.5340909090909091,
            "Spanish,Malay": 0.6420454545454546,
            "Spanish,Vietnamese": 0.5511363636363636,
            "Chinese,Malay": 0.4943181818181818,
            "Chinese,Vietnamese": 0.5681818181818182,
            "Malay,Vietnamese": 0.5227272727272727
        },
        "3_combine": {
            "Indonesian,English,Filipino": 0.3068181818181818,
            "Indonesian,English,Spanish": 0.42045454545454547,
            "Indonesian,English,Chinese": 0.3522727272727273,
            "Indonesian,English,Malay": 0.42045454545454547,
            "Indonesian,English,Vietnamese": 0.36363636363636365,
            "Indonesian,Filipino,Spanish": 0.35795454545454547,
            "Indonesian,Filipino,Chinese": 0.26136363636363635,
            "Indonesian,Filipino,Malay": 0.36363636363636365,
            "Indonesian,Filipino,Vietnamese": 0.30113636363636365,
            "Indonesian,Spanish,Chinese": 0.35795454545454547,
            "Indonesian,Spanish,Malay": 0.4602272727272727,
            "Indonesian,Spanish,Vietnamese": 0.3693181818181818,
            "Indonesian,Chinese,Malay": 0.36363636363636365,
            "Indonesian,Chinese,Vietnamese": 0.36363636363636365,
            "Indonesian,Malay,Vietnamese": 0.3693181818181818,
            "English,Filipino,Spanish": 0.3352272727272727,
            "English,Filipino,Chinese": 0.23295454545454544,
            "English,Filipino,Malay": 0.30113636363636365,
            "English,Filipino,Vietnamese": 0.30113636363636365,
            "English,Spanish,Chinese": 0.375,
            "English,Spanish,Malay": 0.4431818181818182,
            "English,Spanish,Vietnamese": 0.4090909090909091,
            "English,Chinese,Malay": 0.3693181818181818,
            "English,Chinese,Vietnamese": 0.375,
            "English,Malay,Vietnamese": 0.38636363636363635,
            "Filipino,Spanish,Chinese": 0.2727272727272727,
            "Filipino,Spanish,Malay": 0.375,
            "Filipino,Spanish,Vietnamese": 0.32386363636363635,
            "Filipino,Chinese,Malay": 0.2556818181818182,
            "Filipino,Chinese,Vietnamese": 0.2727272727272727,
            "Filipino,Malay,Vietnamese": 0.3068181818181818,
            "Spanish,Chinese,Malay": 0.3693181818181818,
            "Spanish,Chinese,Vietnamese": 0.3806818181818182,
            "Spanish,Malay,Vietnamese": 0.38636363636363635,
            "Chinese,Malay,Vietnamese": 0.35795454545454547
        },
        "4_combine": {
            "Indonesian,English,Filipino,Spanish": 0.26704545454545453,
            "Indonesian,English,Filipino,Chinese": 0.19886363636363635,
            "Indonesian,English,Filipino,Malay": 0.25,
            "Indonesian,English,Filipino,Vietnamese": 0.23295454545454544,
            "Indonesian,English,Spanish,Chinese": 0.2840909090909091,
            "Indonesian,English,Spanish,Malay": 0.3522727272727273,
            "Indonesian,English,Spanish,Vietnamese": 0.2897727272727273,
            "Indonesian,English,Chinese,Malay": 0.30113636363636365,
            "Indonesian,English,Chinese,Vietnamese": 0.2784090909090909,
            "Indonesian,English,Malay,Vietnamese": 0.30113636363636365,
            "Indonesian,Filipino,Spanish,Chinese": 0.21022727272727273,
            "Indonesian,Filipino,Spanish,Malay": 0.29545454545454547,
            "Indonesian,Filipino,Spanish,Vietnamese": 0.23295454545454544,
            "Indonesian,Filipino,Chinese,Malay": 0.21022727272727273,
            "Indonesian,Filipino,Chinese,Vietnamese": 0.19886363636363635,
            "Indonesian,Filipino,Malay,Vietnamese": 0.22727272727272727,
            "Indonesian,Spanish,Chinese,Malay": 0.29545454545454547,
            "Indonesian,Spanish,Chinese,Vietnamese": 0.2784090909090909,
            "Indonesian,Spanish,Malay,Vietnamese": 0.30113636363636365,
            "Indonesian,Chinese,Malay,Vietnamese": 0.2784090909090909,
            "English,Filipino,Spanish,Chinese": 0.20454545454545456,
            "English,Filipino,Spanish,Malay": 0.2727272727272727,
            "English,Filipino,Spanish,Vietnamese": 0.24431818181818182,
            "English,Filipino,Chinese,Malay": 0.19886363636363635,
            "English,Filipino,Chinese,Vietnamese": 0.19318181818181818,
            "English,Filipino,Malay,Vietnamese": 0.23295454545454544,
            "English,Spanish,Chinese,Malay": 0.3068181818181818,
            "English,Spanish,Chinese,Vietnamese": 0.30113636363636365,
            "English,Spanish,Malay,Vietnamese": 0.3181818181818182,
            "English,Chinese,Malay,Vietnamese": 0.2897727272727273,
            "Filipino,Spanish,Chinese,Malay": 0.21022727272727273,
            "Filipino,Spanish,Chinese,Vietnamese": 0.2159090909090909,
            "Filipino,Spanish,Malay,Vietnamese": 0.24431818181818182,
            "Filipino,Chinese,Malay,Vietnamese": 0.2159090909090909,
            "Spanish,Chinese,Malay,Vietnamese": 0.2840909090909091
        },
        "5_combine": {
            "Indonesian,English,Filipino,Spanish,Chinese": 0.17613636363636365,
            "Indonesian,English,Filipino,Spanish,Malay": 0.23295454545454544,
            "Indonesian,English,Filipino,Spanish,Vietnamese": 0.19886363636363635,
            "Indonesian,English,Filipino,Chinese,Malay": 0.17613636363636365,
            "Indonesian,English,Filipino,Chinese,Vietnamese": 0.17045454545454544,
            "Indonesian,English,Filipino,Malay,Vietnamese": 0.19318181818181818,
            "Indonesian,English,Spanish,Chinese,Malay": 0.2556818181818182,
            "Indonesian,English,Spanish,Chinese,Vietnamese": 0.23295454545454544,
            "Indonesian,English,Spanish,Malay,Vietnamese": 0.2556818181818182,
            "Indonesian,English,Chinese,Malay,Vietnamese": 0.24431818181818182,
            "Indonesian,Filipino,Spanish,Chinese,Malay": 0.18181818181818182,
            "Indonesian,Filipino,Spanish,Chinese,Vietnamese": 0.16477272727272727,
            "Indonesian,Filipino,Spanish,Malay,Vietnamese": 0.19318181818181818,
            "Indonesian,Filipino,Chinese,Malay,Vietnamese": 0.17045454545454544,
            "Indonesian,Spanish,Chinese,Malay,Vietnamese": 0.23295454545454544,
            "English,Filipino,Spanish,Chinese,Malay": 0.18181818181818182,
            "English,Filipino,Spanish,Chinese,Vietnamese": 0.17045454545454544,
            "English,Filipino,Spanish,Malay,Vietnamese": 0.21022727272727273,
            "English,Filipino,Chinese,Malay,Vietnamese": 0.17613636363636365,