{
    "overall_acc": 0.4082792207792207,
    "language_acc": {
        "Indonesian": 0.3409090909090909,
        "English": 0.4715909090909091,
        "Filipino": 0.3181818181818182,
        "Spanish": 0.42045454545454547,
        "Chinese": 0.5056818181818182,
        "Malay": 0.4034090909090909,
        "Vietnamese": 0.3977272727272727
    },
    "consistency_score_2": 0.44372294372294374,
    "consistency_score_3": 0.24707792207792215,
    "consistency_score_4": 0.15340909090909094,
    "consistency_score_5": 0.10064935064935066,
    "consistency_score_6": 0.06574675324675325,
    "consistency_score_7": 0.03977272727272727,
    "detailed_consistency_score": {
        "2_combine": {
            "Indonesian,English": 0.4943181818181818,
            "Indonesian,Filipino": 0.4090909090909091,
            "Indonesian,Spanish": 0.5397727272727273,
            "Indonesian,Chinese": 0.3977272727272727,
            "Indonesian,Malay": 0.5170454545454546,
            "Indonesian,Vietnamese": 0.4090909090909091,
            "English,Filipino": 0.39204545454545453,
            "English,Spanish": 0.5,
            "English,Chinese": 0.4943181818181818,
            "English,Malay": 0.4943181818181818,
            "English,Vietnamese": 0.4715909090909091,
            "Filipino,Spanish": 0.375,
            "Filipino,Chinese": 0.32386363636363635,
            "Filipino,Malay": 0.4147727272727273,
            "Filipino,Vietnamese": 0.375,
            "Spanish,Chinese": 0.4375,
            "Spanish,Malay": 0.48295454545454547,
            "Spanish,Vietnamese": 0.45454545454545453,
            "Chinese,Malay": 0.4147727272727273,
            "Chinese,Vietnamese": 0.4375,
            "Malay,Vietnamese": 0.48295454545454547
        },
        "3_combine": {
            "Indonesian,English,Filipino": 0.22727272727272727,
            "Indonesian,English,Spanish": 0.3125,
            "Indonesian,English,Chinese": 0.26136363636363635,
            "Indonesian,English,Malay": 0.3181818181818182,
            "Indonesian,English,Vietnamese": 0.25,
            "Indonesian,Filipino,Spanish": 0.24431818181818182,
            "Indonesian,Filipino,Chinese": 0.1534090909090909,
            "Indonesian,Filipino,Malay": 0.23863636363636365,
            "Indonesian,Filipino,Vietnamese": 0.19886363636363635,
            "Indonesian,Spanish,Chinese": 0.26136363636363635,
            "Indonesian,Spanish,Malay": 0.3352272727272727,
            "Indonesian,Spanish,Vietnamese": 0.26704545454545453,
            "Indonesian,Chinese,Malay": 0.24431818181818182,
            "Indonesian,Chinese,Vietnamese": 0.2159090909090909,
            "Indonesian,Malay,Vietnamese": 0.2897727272727273,
            "English,Filipino,Spanish": 0.2215909090909091,
            "English,Filipino,Chinese": 0.1875,
            "English,Filipino,Malay": 0.22727272727272727,
            "English,Filipino,Vietnamese": 0.19318181818181818,
            "English,Spanish,Chinese": 0.2897727272727273,
            "English,Spanish,Malay": 0.3125,
            "English,Spanish,Vietnamese": 0.29545454545454547,
            "English,Chinese,Malay": 0.26704545454545453,
            "English,Chinese,Vietnamese": 0.2897727272727273,
            "English,Malay,Vietnamese": 0.3068181818181818,
            "Filipino,Spanish,Chinese": 0.17045454545454544,
            "Filipino,Spanish,Malay": 0.2215909090909091,
            "Filipino,Spanish,Vietnamese": 0.19318181818181818,
            "Filipino,Chinese,Malay": 0.17045454545454544,
            "Filipino,Chinese,Vietnamese": 0.1875,
            "Filipino,Malay,Vietnamese": 0.22727272727272727,
            "Spanish,Chinese,Malay": 0.25,
            "Spanish,Chinese,Vietnamese": 0.25,
            "Spanish,Malay,Vietnamese": 0.30113636363636365,
            "Chinese,Malay,Vietnamese": 0.26704545454545453
        },
        "4_combine": {
            "Indonesian,English,Filipino,Spanish": 0.14204545454545456,
            "Indonesian,English,Filipino,Chinese": 0.10795454545454546,
            "Indonesian,English,Filipino,Malay": 0.1590909090909091,
            "Indonesian,English,Filipino,Vietnamese": 0.125,
            "Indonesian,English,Spanish,Chinese": 0.1875,
            "Indonesian,English,Spanish,Malay": 0.23295454545454544,
            "Indonesian,English,Spanish,Vietnamese": 0.17045454545454544,
            "Indonesian,English,Chinese,Malay": 0.16477272727272727,
            "Indonesian,English,Chinese,Vietnamese": 0.16477272727272727,
            "Indonesian,English,Malay,Vietnamese": 0.20454545454545456,
            "Indonesian,Filipino,Spanish,Chinese": 0.10227272727272728,
            "Indonesian,Filipino,Spanish,Malay": 0.14772727272727273,
            "Indonesian,Filipino,Spanish,Vietnamese": 0.13068181818181818,
            "Indonesian,Filipino,Chinese,Malay": 0.10795454545454546,
            "Indonesian,Filipino,Chinese,Vietnamese": 0.09090909090909091,
            "Indonesian,Filipino,Malay,Vietnamese": 0.14772727272727273,
            "Indonesian,Spanish,Chinese,Malay": 0.1875,
            "Indonesian,Spanish,Chinese,Vietnamese": 0.1590909090909091,
            "Indonesian,Spanish,Malay,Vietnamese": 0.21022727272727273,
            "Indonesian,Chinese,Malay,Vietnamese": 0.16477272727272727,
            "English,Filipino,Spanish,Chinese": 0.125,
            "English,Filipino,Spanish,Malay": 0.16477272727272727,
            "English,Filipino,Spanish,Vietnamese": 0.13068181818181818,
            "English,Filipino,Chinese,Malay": 0.11363636363636363,
            "English,Filipino,Chinese,Vietnamese": 0.11363636363636363,
            "English,Filipino,Malay,Vietnamese": 0.1590909090909091,
            "English,Spanish,Chinese,Malay": 0.1875,
            "English,Spanish,Chinese,Vietnamese": 0.19318181818181818,
            "English,Spanish,Malay,Vietnamese": 0.2159090909090909,
            "English,Chinese,Malay,Vietnamese": 0.19318181818181818,
            "Filipino,Spanish,Chinese,Malay": 0.11363636363636363,
            "Filipino,Spanish,Chinese,Vietnamese": 0.10227272727272728,
            "Filipino,Spanish,Malay,Vietnamese": 0.1534090909090909,
            "Filipino,Chinese,Malay,Vietnamese": 0.11931818181818182,
            "Spanish,Chinese,Malay,Vietnamese": 0.17613636363636365
        },
        "5_combine": {
            "Indonesian,English,Filipino,Spanish,Chinese": 0.07386363636363637,
            "Indonesian,English,Filipino,Spanish,Malay": 0.11363636363636363,
            "Indonesian,English,Filipino,Spanish,Vietnamese": 0.08522727272727272,
            "Indonesian,English,Filipino,Chinese,Malay": 0.07386363636363637,
            "Indonesian,English,Filipino,Chinese,Vietnamese": 0.06818181818181818,
            "Indonesian,English,Filipino,Malay,Vietnamese": 0.11363636363636363,
            "Indonesian,English,Spanish,Chinese,Malay": 0.14204545454545456,
            "Indonesian,English,Spanish,Chinese,Vietnamese": 0.125,
            "Indonesian,English,Spanish,Malay,Vietnamese": 0.1534090909090909,
            "Indonesian,English,Chinese,Malay,Vietnamese": 0.13068181818181818,
            "Indonesian,Filipino,Spanish,Chinese,Malay": 0.07386363636363637,
            "Indonesian,Filipino,Spanish,Chinese,Vietnamese": 0.0625,
            "Indonesian,Filipino,Spanish,Malay,Vietnamese": 0.10227272727272728,
            "Indonesian,Filipino,Chinese,Malay,Vietnamese": 0.07386363636363637,
            "Indonesian,Spanish,Chinese,Malay,Vietnamese": 0.13068181818181818,
            "English,Filipino,Spanish,Chinese,Malay": 0.09090909090909091,
            "English,Filipino,Spanish,Chinese,Vietnamese": 0.07386363636363637,
            "English,Filipino,Spanish,Malay,Vietnamese": 0.11931818181818182,
            "English,Filipino,Chinese,Malay,Vietnamese": 0.08522727272727272,
            "English,Spanish,Chinese,Malay,Vietnamese": 0.14204545454545456,
            "Filipino,Spanish,Chinese,Malay,Vietnamese": 0.07954545454545454
        },