{
    "overall_acc": 0.4439935064935065,
    "language_acc": {
        "Indonesian": 0.42613636363636365,
        "English": 0.5284090909090909,
        "Filipino": 0.3125,
        "Spanish": 0.4375,
        "Chinese": 0.4772727272727273,
        "Malay": 0.42045454545454547,
        "Vietnamese": 0.5056818181818182
    },
    "consistency_score_2": 0.5075757575757576,
    "consistency_score_3": 0.32337662337662343,
    "consistency_score_4": 0.23474025974025972,
    "consistency_score_5": 0.18452380952380953,
    "consistency_score_6": 0.15097402597402598,
    "consistency_score_7": 0.125,
    "detailed_consistency_score": {
        "2_combine": {
            "Indonesian,English": 0.5397727272727273,
            "Indonesian,Filipino": 0.48295454545454547,
            "Indonesian,Spanish": 0.5113636363636364,
            "Indonesian,Chinese": 0.5170454545454546,
            "Indonesian,Malay": 0.6022727272727273,
            "Indonesian,Vietnamese": 0.4659090909090909,
            "English,Filipino": 0.375,
            "English,Spanish": 0.5795454545454546,
            "English,Chinese": 0.5284090909090909,
            "English,Malay": 0.5625,
            "English,Vietnamese": 0.5511363636363636,
            "Filipino,Spanish": 0.42045454545454547,
            "Filipino,Chinese": 0.38636363636363635,
            "Filipino,Malay": 0.5,
            "Filipino,Vietnamese": 0.4318181818181818,
            "Spanish,Chinese": 0.4943181818181818,
            "Spanish,Malay": 0.5454545454545454,
            "Spanish,Vietnamese": 0.5909090909090909,
            "Chinese,Malay": 0.5170454545454546,
            "Chinese,Vietnamese": 0.5227272727272727,
            "Malay,Vietnamese": 0.5340909090909091
        },
        "3_combine": {
            "Indonesian,English,Filipino": 0.26136363636363635,
            "Indonesian,English,Spanish": 0.375,
            "Indonesian,English,Chinese": 0.35795454545454547,
            "Indonesian,English,Malay": 0.39204545454545453,
            "Indonesian,English,Vietnamese": 0.3522727272727273,
            "Indonesian,Filipino,Spanish": 0.2727272727272727,
            "Indonesian,Filipino,Chinese": 0.2556818181818182,
            "Indonesian,Filipino,Malay": 0.3352272727272727,
            "Indonesian,Filipino,Vietnamese": 0.2727272727272727,
            "Indonesian,Spanish,Chinese": 0.32386363636363635,
            "Indonesian,Spanish,Malay": 0.38636363636363635,
            "Indonesian,Spanish,Vietnamese": 0.32954545454545453,
            "Indonesian,Chinese,Malay": 0.3693181818181818,
            "Indonesian,Chinese,Vietnamese": 0.3352272727272727,
            "Indonesian,Malay,Vietnamese": 0.3693181818181818,
            "English,Filipino,Spanish": 0.26704545454545453,
            "English,Filipino,Chinese": 0.22727272727272727,
            "English,Filipino,Malay": 0.2784090909090909,
            "English,Filipino,Vietnamese": 0.26704545454545453,
            "English,Spanish,Chinese": 0.35795454545454547,
            "English,Spanish,Malay": 0.375,
            "English,Spanish,Vietnamese": 0.39204545454545453,
            "English,Chinese,Malay": 0.35795454545454547,
            "English,Chinese,Vietnamese": 0.36363636363636365,
            "English,Malay,Vietnamese": 0.375,
            "Filipino,Spanish,Chinese": 0.24431818181818182,
            "Filipino,Spanish,Malay": 0.29545454545454547,
            "Filipino,Spanish,Vietnamese": 0.26704545454545453,
            "Filipino,Chinese,Malay": 0.26704545454545453,
            "Filipino,Chinese,Vietnamese": 0.26136363636363635,
            "Filipino,Malay,Vietnamese": 0.3125,
            "Spanish,Chinese,Malay": 0.3352272727272727,
            "Spanish,Chinese,Vietnamese": 0.35795454545454547,
            "Spanish,Malay,Vietnamese": 0.38636363636363635,
            "Chinese,Malay,Vietnamese": 0.3409090909090909
        },
        "4_combine": {
            "Indonesian,English,Filipino,Spanish": 0.20454545454545456,
            "Indonesian,English,Filipino,Chinese": 0.18181818181818182,
            "Indonesian,English,Filipino,Malay": 0.20454545454545456,
            "Indonesian,English,Filipino,Vietnamese": 0.21022727272727273,
            "Indonesian,English,Spanish,Chinese": 0.2784090909090909,
            "Indonesian,English,Spanish,Malay": 0.29545454545454547,
            "Indonesian,English,Spanish,Vietnamese": 0.2727272727272727,
            "Indonesian,English,Chinese,Malay": 0.2840909090909091,
            "Indonesian,English,Chinese,Vietnamese": 0.26704545454545453,
            "Indonesian,English,Malay,Vietnamese": 0.2897727272727273,
            "Indonesian,Filipino,Spanish,Chinese": 0.18181818181818182,
            "Indonesian,Filipino,Spanish,Malay": 0.21022727272727273,
            "Indonesian,Filipino,Spanish,Vietnamese": 0.19886363636363635,
            "Indonesian,Filipino,Chinese,Malay": 0.20454545454545456,
            "Indonesian,Filipino,Chinese,Vietnamese": 0.19886363636363635,
            "Indonesian,Filipino,Malay,Vietnamese": 0.23295454545454544,
            "Indonesian,Spanish,Chinese,Malay": 0.26704545454545453,
            "Indonesian,Spanish,Chinese,Vietnamese": 0.25,
            "Indonesian,Spanish,Malay,Vietnamese": 0.2840909090909091,
            "Indonesian,Chinese,Malay,Vietnamese": 0.2727272727272727,
            "English,Filipino,Spanish,Chinese": 0.18181818181818182,
            "English,Filipino,Spanish,Malay": 0.2159090909090909,
            "English,Filipino,Spanish,Vietnamese": 0.20454545454545456,
            "English,Filipino,Chinese,Malay": 0.1875,
            "English,Filipino,Chinese,Vietnamese": 0.20454545454545456,
            "English,Filipino,Malay,Vietnamese": 0.22727272727272727,
            "English,Spanish,Chinese,Malay": 0.2727272727272727,
            "English,Spanish,Chinese,Vietnamese": 0.2727272727272727,
            "English,Spanish,Malay,Vietnamese": 0.29545454545454547,
            "English,Chinese,Malay,Vietnamese": 0.2727272727272727,
            "Filipino,Spanish,Chinese,Malay": 0.19318181818181818,
            "Filipino,Spanish,Chinese,Vietnamese": 0.19318181818181818,
            "Filipino,Spanish,Malay,Vietnamese": 0.2215909090909091,
            "Filipino,Chinese,Malay,Vietnamese": 0.21022727272727273,
            "Spanish,Chinese,Malay,Vietnamese": 0.2727272727272727
        },
        "5_combine": {
            "Indonesian,English,Filipino,Spanish,Chinese": 0.1534090909090909,
            "Indonesian,English,Filipino,Spanish,Malay": 0.16477272727272727,
            "Indonesian,English,Filipino,Spanish,Vietnamese": 0.17045454545454544,
            "Indonesian,English,Filipino,Chinese,Malay": 0.1534090909090909,
            "Indonesian,English,Filipino,Chinese,Vietnamese": 0.16477272727272727,
            "Indonesian,English,Filipino,Malay,Vietnamese": 0.18181818181818182,
            "Indonesian,English,Spanish,Chinese,Malay": 0.23295454545454544,
            "Indonesian,English,Spanish,Chinese,Vietnamese": 0.2215909090909091,
            "Indonesian,English,Spanish,Malay,Vietnamese": 0.23863636363636365,
            "Indonesian,English,Chinese,Malay,Vietnamese": 0.22727272727272727,
            "Indonesian,Filipino,Spanish,Chinese,Malay": 0.1534090909090909,
            "Indonesian,Filipino,Spanish,Chinese,Vietnamese": 0.1590909090909091,
            "Indonesian,Filipino,Spanish,Malay,Vietnamese": 0.17613636363636365,
            "Indonesian,Filipino,Chinese,Malay,Vietnamese": 0.17613636363636365,
            "Indonesian,Spanish,Chinese,Malay,Vietnamese": 0.2215909090909091,
            "English,Filipino,Spanish,Chinese,Malay": 0.1590909090909091,
            "English,Filipino,Spanish,Chinese,Vietnamese": 0.16477272727272727,
            "English,Filipino,Spanish,Malay,Vietnamese": 0.18181818181818182,
            "English,Filipino,Chinese,Malay,Vietnamese": 0.17613636363636365,
            "English,Spanish,Chinese,Malay,Vietnamese": 0.22727272727272727,