{
    "overall_acc": 0.43344155844155846,
    "language_acc": {
        "Indonesian": 0.3977272727272727,
        "English": 0.4943181818181818,
        "Filipino": 0.3068181818181818,
        "Spanish": 0.4659090909090909,
        "Chinese": 0.4659090909090909,
        "Malay": 0.4431818181818182,
        "Vietnamese": 0.4602272727272727
    },
    "consistency_score_2": 0.49485930735930744,
    "consistency_score_3": 0.3073051948051948,
    "consistency_score_4": 0.21704545454545454,
    "consistency_score_5": 0.16639610389610388,
    "consistency_score_6": 0.13311688311688313,
    "consistency_score_7": 0.10795454545454546,
    "detailed_consistency_score": {
        "2_combine": {
            "Indonesian,English": 0.4715909090909091,
            "Indonesian,Filipino": 0.4659090909090909,
            "Indonesian,Spanish": 0.5056818181818182,
            "Indonesian,Chinese": 0.4943181818181818,
            "Indonesian,Malay": 0.6193181818181818,
            "Indonesian,Vietnamese": 0.48863636363636365,
            "English,Filipino": 0.3806818181818182,
            "English,Spanish": 0.6136363636363636,
            "English,Chinese": 0.5113636363636364,
            "English,Malay": 0.5454545454545454,
            "English,Vietnamese": 0.4715909090909091,
            "Filipino,Spanish": 0.44886363636363635,
            "Filipino,Chinese": 0.3693181818181818,
            "Filipino,Malay": 0.4659090909090909,
            "Filipino,Vietnamese": 0.42045454545454547,
            "Spanish,Chinese": 0.5113636363636364,
            "Spanish,Malay": 0.5511363636363636,
            "Spanish,Vietnamese": 0.5056818181818182,
            "Chinese,Malay": 0.48863636363636365,
            "Chinese,Vietnamese": 0.5511363636363636,
            "Malay,Vietnamese": 0.5113636363636364
        },
        "3_combine": {
            "Indonesian,English,Filipino": 0.23863636363636365,
            "Indonesian,English,Spanish": 0.3409090909090909,
            "Indonesian,English,Chinese": 0.3068181818181818,
            "Indonesian,English,Malay": 0.36363636363636365,
            "Indonesian,English,Vietnamese": 0.2840909090909091,
            "Indonesian,Filipino,Spanish": 0.26704545454545453,
            "Indonesian,Filipino,Chinese": 0.23863636363636365,
            "Indonesian,Filipino,Malay": 0.32386363636363635,
            "Indonesian,Filipino,Vietnamese": 0.2784090909090909,
            "Indonesian,Spanish,Chinese": 0.3181818181818182,
            "Indonesian,Spanish,Malay": 0.39204545454545453,
            "Indonesian,Spanish,Vietnamese": 0.30113636363636365,
            "Indonesian,Chinese,Malay": 0.36363636363636365,
            "Indonesian,Chinese,Vietnamese": 0.3409090909090909,
            "Indonesian,Malay,Vietnamese": 0.3693181818181818,
            "English,Filipino,Spanish": 0.29545454545454547,
            "English,Filipino,Chinese": 0.21022727272727273,
            "English,Filipino,Malay": 0.26136363636363635,
            "English,Filipino,Vietnamese": 0.21022727272727273,
            "English,Spanish,Chinese": 0.36363636363636365,
            "English,Spanish,Malay": 0.39204545454545453,
            "English,Spanish,Vietnamese": 0.3409090909090909,
            "English,Chinese,Malay": 0.3522727272727273,
            "English,Chinese,Vietnamese": 0.32954545454545453,
            "English,Malay,Vietnamese": 0.3181818181818182,
            "Filipino,Spanish,Chinese": 0.26136363636363635,
            "Filipino,Spanish,Malay": 0.3125,
            "Filipino,Spanish,Vietnamese": 0.26704545454545453,
            "Filipino,Chinese,Malay": 0.25,
            "Filipino,Chinese,Vietnamese": 0.25,
            "Filipino,Malay,Vietnamese": 0.2897727272727273,
            "Spanish,Chinese,Malay": 0.32386363636363635,
            "Spanish,Chinese,Vietnamese": 0.3465909090909091,
            "Spanish,Malay,Vietnamese": 0.32954545454545453,
            "Chinese,Malay,Vietnamese": 0.32386363636363635
        },
        "4_combine": {
            "Indonesian,English,Filipino,Spanish": 0.19886363636363635,
            "Indonesian,English,Filipino,Chinese": 0.14772727272727273,
            "Indonesian,English,Filipino,Malay": 0.19886363636363635,
            "Indonesian,English,Filipino,Vietnamese": 0.16477272727272727,
            "Indonesian,English,Spanish,Chinese": 0.25,
            "Indonesian,English,Spanish,Malay": 0.2840909090909091,
            "Indonesian,English,Spanish,Vietnamese": 0.22727272727272727,
            "Indonesian,English,Chinese,Malay": 0.26136363636363635,
            "Indonesian,English,Chinese,Vietnamese": 0.22727272727272727,
            "Indonesian,English,Malay,Vietnamese": 0.23863636363636365,
            "Indonesian,Filipino,Spanish,Chinese": 0.17613636363636365,
            "Indonesian,Filipino,Spanish,Malay": 0.22727272727272727,
            "Indonesian,Filipino,Spanish,Vietnamese": 0.19318181818181818,
            "Indonesian,Filipino,Chinese,Malay": 0.1875,
            "Indonesian,Filipino,Chinese,Vietnamese": 0.1875,
            "Indonesian,Filipino,Malay,Vietnamese": 0.23863636363636365,
            "Indonesian,Spanish,Chinese,Malay": 0.2556818181818182,
            "Indonesian,Spanish,Chinese,Vietnamese": 0.25,
            "Indonesian,Spanish,Malay,Vietnamese": 0.2556818181818182,
            "Indonesian,Chinese,Malay,Vietnamese": 0.2727272727272727,
            "English,Filipino,Spanish,Chinese": 0.1875,
            "English,Filipino,Spanish,Malay": 0.2215909090909091,
            "English,Filipino,Spanish,Vietnamese": 0.17613636363636365,
            "English,Filipino,Chinese,Malay": 0.17045454545454544,
            "English,Filipino,Chinese,Vietnamese": 0.1534090909090909,
            "English,Filipino,Malay,Vietnamese": 0.17613636363636365,
            "English,Spanish,Chinese,Malay": 0.2784090909090909,
            "English,Spanish,Chinese,Vietnamese": 0.25,
            "English,Spanish,Malay,Vietnamese": 0.2556818181818182,
            "English,Chinese,Malay,Vietnamese": 0.24431818181818182,
            "Filipino,Spanish,Chinese,Malay": 0.19886363636363635,
            "Filipino,Spanish,Chinese,Vietnamese": 0.19318181818181818,
            "Filipino,Spanish,Malay,Vietnamese": 0.2159090909090909,
            "Filipino,Chinese,Malay,Vietnamese": 0.1875,
            "Spanish,Chinese,Malay,Vietnamese": 0.24431818181818182
        },
        "5_combine": {
            "Indonesian,English,Filipino,Spanish,Chinese": 0.13636363636363635,
            "Indonesian,English,Filipino,Spanish,Malay": 0.17045454545454544,
            "Indonesian,English,Filipino,Spanish,Vietnamese": 0.14772727272727273,
            "Indonesian,English,Filipino,Chinese,Malay": 0.13068181818181818,
            "Indonesian,English,Filipino,Chinese,Vietnamese": 0.125,
            "Indonesian,English,Filipino,Malay,Vietnamese": 0.1534090909090909,
            "Indonesian,English,Spanish,Chinese,Malay": 0.2159090909090909,
            "Indonesian,English,Spanish,Chinese,Vietnamese": 0.19886363636363635,
            "Indonesian,English,Spanish,Malay,Vietnamese": 0.20454545454545456,
            "Indonesian,English,Chinese,Malay,Vietnamese": 0.19886363636363635,
            "Indonesian,Filipino,Spanish,Chinese,Malay": 0.1590909090909091,
            "Indonesian,Filipino,Spanish,Chinese,Vietnamese": 0.1534090909090909,
            "Indonesian,Filipino,Spanish,Malay,Vietnamese": 0.18181818181818182,
            "Indonesian,Filipino,Chinese,Malay,Vietnamese": 0.16477272727272727,
            "Indonesian,Spanish,Chinese,Malay,Vietnamese": 0.21022727272727273,
            "English,Filipino,Spanish,Chinese,Malay": 0.1590909090909091,
            "English,Filipino,Spanish,Chinese,Vietnamese": 0.13636363636363635,
            "English,Filipino,Spanish,Malay,Vietnamese": 0.1534090909090909,
            "English,Filipino,Chinese,Malay,Vietnamese": 0.13068181818181818,
            "English,Spanish,Chinese,Malay,Vietnamese": 0.20454545454545456,