{
    "accuracy": 0.2531283518055059,
    "category_acc": {
        "high_school_european_history": 0.2865853658536585,
        "business_ethics": 0.30303030303030304,
        "clinical_knowledge": 0.26515151515151514,
        "medical_genetics": 0.29292929292929293,
        "high_school_us_history": 0.21674876847290642,
        "high_school_physics": 0.21333333333333335,
        "high_school_world_history": 0.2966101694915254,
        "virology": 0.23030303030303031,
        "high_school_microeconomics": 0.3206751054852321,
        "econometrics": 0.2743362831858407,
        "college_computer_science": 0.32323232323232326,
        "high_school_biology": 0.23948220064724918,
        "abstract_algebra": 0.30303030303030304,
        "professional_accounting": 0.2846975088967972,
        "philosophy": 0.23548387096774193,
        "professional_medicine": 0.2730627306273063,
        "nutrition": 0.23934426229508196,
        "global_facts": 0.23232323232323232,
        "machine_learning": 0.24324324324324326,
        "security_studies": 0.26229508196721313,
        "public_relations": 0.3211009174311927,
        "professional_psychology": 0.23731587561374795,
        "prehistory": 0.26006191950464397,
        "anatomy": 0.20149253731343283,
        "human_sexuality": 0.27692307692307694,
        "college_medicine": 0.23837209302325582,
        "high_school_government_and_politics": 0.22916666666666666,
        "college_chemistry": 0.2222222222222222,
        "logical_fallacies": 0.21604938271604937,
        "high_school_geography": 0.233502538071066,
        "elementary_mathematics": 0.22281167108753316,
        "human_aging": 0.25675675675675674,
        "college_mathematics": 0.2727272727272727,
        "high_school_psychology": 0.24080882352941177,
        "formal_logic": 0.24,
        "high_school_statistics": 0.24186046511627907,
        "international_law": 0.25833333333333336,
        "high_school_mathematics": 0.24535315985130113,
        "high_school_computer_science": 0.32323232323232326,
        "conceptual_physics": 0.23504273504273504,
        "miscellaneous": 0.27877237851662406,
        "high_school_chemistry": 0.25742574257425743,
        "marketing": 0.21030042918454936,
        "professional_law": 0.2563600782778865,
        "management": 0.22549019607843138,
        "college_physics": 0.26732673267326734,
        "jurisprudence": 0.308411214953271,
        "world_religions": 0.2529411764705882,
        "sociology": 0.255,
        "us_foreign_policy": 0.1919191919191919,
        "high_school_macroeconomics": 0.2442159383033419,
        "computer_security": 0.2222222222222222,
        "moral_scenarios": 0.2360178970917226,
        "moral_disputes": 0.26666666666666666,
        "electrical_engineering": 0.2222222222222222,
        "astronomy": 0.2781456953642384,
        "college_biology": 0.2867132867132867
    }
}