{
    "accuracy": 0.2474794422595638,
    "category_acc": {
        "high_school_european_history": 0.23170731707317074,
        "business_ethics": 0.2222222222222222,
        "clinical_knowledge": 0.2765151515151515,
        "medical_genetics": 0.1919191919191919,
        "high_school_us_history": 0.18226600985221675,
        "high_school_physics": 0.22,
        "high_school_world_history": 0.24152542372881355,
        "virology": 0.3090909090909091,
        "high_school_microeconomics": 0.22362869198312235,
        "econometrics": 0.24778761061946902,
        "college_computer_science": 0.21212121212121213,
        "high_school_biology": 0.24919093851132687,
        "abstract_algebra": 0.32323232323232326,
        "professional_accounting": 0.2669039145907473,
        "philosophy": 0.2645161290322581,
        "professional_medicine": 0.2693726937269373,
        "nutrition": 0.24262295081967214,
        "global_facts": 0.1919191919191919,
        "machine_learning": 0.18018018018018017,
        "security_studies": 0.25,
        "public_relations": 0.1834862385321101,
        "professional_psychology": 0.25859247135842883,
        "prehistory": 0.23219814241486067,
        "anatomy": 0.2537313432835821,
        "human_sexuality": 0.25384615384615383,
        "college_medicine": 0.20930232558139536,
        "high_school_government_and_politics": 0.234375,
        "college_chemistry": 0.32323232323232326,
        "logical_fallacies": 0.2777777777777778,
        "high_school_geography": 0.2639593908629442,
        "elementary_mathematics": 0.2440318302387268,
        "human_aging": 0.25675675675675674,
        "college_mathematics": 0.2727272727272727,
        "high_school_psychology": 0.2775735294117647,
        "formal_logic": 0.264,
        "high_school_statistics": 0.19069767441860466,
        "international_law": 0.21666666666666667,
        "high_school_mathematics": 0.26765799256505574,
        "high_school_computer_science": 0.30303030303030304,
        "conceptual_physics": 0.21794871794871795,
        "miscellaneous": 0.24808184143222506,
        "high_school_chemistry": 0.2722772277227723,
        "marketing": 0.2532188841201717,
        "professional_law": 0.23352902804957598,
        "management": 0.3137254901960784,
        "college_physics": 0.37623762376237624,
        "jurisprudence": 0.17757009345794392,
        "world_religions": 0.27058823529411763,
        "sociology": 0.26,
        "us_foreign_policy": 0.2222222222222222,
        "high_school_macroeconomics": 0.2519280205655527,
        "computer_security": 0.2828282828282828,
        "moral_scenarios": 0.24161073825503357,
        "moral_disputes": 0.25507246376811593,
        "electrical_engineering": 0.20833333333333334,
        "astronomy": 0.2119205298013245,
        "college_biology": 0.2727272727272727
    }
}