{
    "accuracy": 0.24669288523417948,
    "category_acc": {
        "high_school_european_history": 0.24390243902439024,
        "business_ethics": 0.2222222222222222,
        "clinical_knowledge": 0.26136363636363635,
        "medical_genetics": 0.25252525252525254,
        "high_school_us_history": 0.26108374384236455,
        "high_school_physics": 0.22,
        "high_school_world_history": 0.3135593220338983,
        "virology": 0.2787878787878788,
        "high_school_microeconomics": 0.2320675105485232,
        "econometrics": 0.22123893805309736,
        "college_computer_science": 0.21212121212121213,
        "high_school_biology": 0.20388349514563106,
        "abstract_algebra": 0.18181818181818182,
        "professional_accounting": 0.20640569395017794,
        "philosophy": 0.2129032258064516,
        "professional_medicine": 0.2656826568265683,
        "nutrition": 0.26229508196721313,
        "global_facts": 0.26262626262626265,
        "machine_learning": 0.24324324324324326,
        "security_studies": 0.21721311475409835,
        "public_relations": 0.29357798165137616,
        "professional_psychology": 0.2225859247135843,
        "prehistory": 0.3126934984520124,
        "anatomy": 0.27611940298507465,
        "human_sexuality": 0.2692307692307692,
        "college_medicine": 0.23255813953488372,
        "high_school_government_and_politics": 0.2604166666666667,
        "college_chemistry": 0.25252525252525254,
        "logical_fallacies": 0.20987654320987653,
        "high_school_geography": 0.2131979695431472,
        "elementary_mathematics": 0.23076923076923078,
        "human_aging": 0.2927927927927928,
        "college_mathematics": 0.26262626262626265,
        "high_school_psychology": 0.25,
        "formal_logic": 0.2,
        "high_school_statistics": 0.2186046511627907,
        "international_law": 0.2833333333333333,
        "high_school_mathematics": 0.26394052044609667,
        "high_school_computer_science": 0.2828282828282828,
        "conceptual_physics": 0.23076923076923078,
        "miscellaneous": 0.26854219948849106,
        "high_school_chemistry": 0.26732673267326734,
        "marketing": 0.26180257510729615,
        "professional_law": 0.24266144814090018,
        "management": 0.19607843137254902,
        "college_physics": 0.25742574257425743,
        "jurisprudence": 0.27102803738317754,
        "world_religions": 0.22941176470588234,
        "sociology": 0.25,
        "us_foreign_policy": 0.23232323232323232,
        "high_school_macroeconomics": 0.2442159383033419,
        "computer_security": 0.29292929292929293,
        "moral_scenarios": 0.24049217002237136,
        "moral_disputes": 0.2463768115942029,
        "electrical_engineering": 0.19444444444444445,
        "astronomy": 0.24503311258278146,
        "college_biology": 0.32167832167832167
    }
}