{
    "accuracy": 0.24461923489452986,
    "category_acc": {
        "high_school_european_history": 0.23170731707317074,
        "business_ethics": 0.23232323232323232,
        "clinical_knowledge": 0.21212121212121213,
        "medical_genetics": 0.3333333333333333,
        "high_school_us_history": 0.22660098522167488,
        "high_school_physics": 0.19333333333333333,
        "high_school_world_history": 0.2457627118644068,
        "virology": 0.21818181818181817,
        "high_school_microeconomics": 0.24472573839662448,
        "econometrics": 0.26548672566371684,
        "college_computer_science": 0.25252525252525254,
        "high_school_biology": 0.2588996763754045,
        "abstract_algebra": 0.1919191919191919,
        "professional_accounting": 0.20284697508896798,
        "philosophy": 0.2709677419354839,
        "professional_medicine": 0.23985239852398524,
        "nutrition": 0.25245901639344265,
        "global_facts": 0.2828282828282828,
        "machine_learning": 0.26126126126126126,
        "security_studies": 0.2459016393442623,
        "public_relations": 0.25688073394495414,
        "professional_psychology": 0.2569558101472995,
        "prehistory": 0.22291021671826625,
        "anatomy": 0.21641791044776118,
        "human_sexuality": 0.26153846153846155,
        "college_medicine": 0.22674418604651161,
        "high_school_government_and_politics": 0.2552083333333333,
        "college_chemistry": 0.21212121212121213,
        "logical_fallacies": 0.2654320987654321,
        "high_school_geography": 0.28426395939086296,
        "elementary_mathematics": 0.26525198938992045,
        "human_aging": 0.23873873873873874,
        "college_mathematics": 0.24242424242424243,
        "high_school_psychology": 0.25183823529411764,
        "formal_logic": 0.264,
        "high_school_statistics": 0.24186046511627907,
        "international_law": 0.20833333333333334,
        "high_school_mathematics": 0.21189591078066913,
        "high_school_computer_science": 0.2222222222222222,
        "conceptual_physics": 0.2564102564102564,
        "miscellaneous": 0.22506393861892582,
        "high_school_chemistry": 0.20297029702970298,
        "marketing": 0.21888412017167383,
        "professional_law": 0.2517938682322244,
        "management": 0.23529411764705882,
        "college_physics": 0.31683168316831684,
        "jurisprudence": 0.29906542056074764,
        "world_religions": 0.2823529411764706,
        "sociology": 0.24,
        "us_foreign_policy": 0.2222222222222222,
        "high_school_macroeconomics": 0.2442159383033419,
        "computer_security": 0.23232323232323232,
        "moral_scenarios": 0.24720357941834453,
        "moral_disputes": 0.2579710144927536,
        "electrical_engineering": 0.2152777777777778,
        "astronomy": 0.31788079470198677,
        "college_biology": 0.22377622377622378
    }
}