{
    "accuracy": 0.32392015488350356,
    "category_acc": {
        "History": 0.28112449799196787,
        "Geography": 0.25510204081632654,
        "Lampungic": 0.3673469387755102,
        "Social science": 0.4590984974958264,
        "Balinese": 0.2929936305732484,
        "Makassarese": 0.27956989247311825,
        "Banjarese": 0.2916666666666667,
        "Chemistry": 0.2364963503649635,
        "Biology": 0.29467455621301775,
        "Science": 0.3323013415892673,
        "Christian religion": 0.3482587064676617,
        "Art": 0.32945091514143093,
        "Islam religion": 0.33001422475106684,
        "Hindu religion": 0.36,
        "Madurese": 0.26101694915254237,
        "Sport": 0.2905405405405405,
        "Indonesian language": 0.36924034869240346,
        "Physics": 0.296969696969697,
        "Minangkabau culture": 0.2663316582914573,
        "Dayak language": 0.30275229357798167,
        "Sociology": 0.30443548387096775,
        "Economy": 0.26844262295081966,
        "Sundanese": 0.3267070008643042,
        "Javanese": 0.2872983870967742,
        "Civic education": 0.3648068669527897
    }
}