{
    "accuracy": 0.3142399359102744,
    "category_acc": {
        "History": 0.2751004016064257,
        "Geography": 0.27346938775510204,
        "Lampungic": 0.29931972789115646,
        "Social science": 0.41736227045075125,
        "Balinese": 0.31634819532908703,
        "Makassarese": 0.26344086021505375,
        "Banjarese": 0.2847222222222222,
        "Chemistry": 0.23503649635036497,
        "Biology": 0.28402366863905326,
        "Science": 0.3219814241486068,
        "Christian religion": 0.32338308457711445,
        "Art": 0.34442595673876875,
        "Islam religion": 0.30725462304409673,
        "Hindu religion": 0.36,
        "Madurese": 0.2677966101694915,
        "Sport": 0.3108108108108108,
        "Indonesian language": 0.3530510585305106,
        "Physics": 0.24646464646464647,
        "Minangkabau culture": 0.24120603015075376,
        "Dayak language": 0.29357798165137616,
        "Sociology": 0.3064516129032258,
        "Economy": 0.27049180327868855,
        "Sundanese": 0.32497839239412274,
        "Javanese": 0.2762096774193548,
        "Civic education": 0.36194563662374823
    }
}