{
    "accuracy": 0.32558915815475,
    "category_acc": {
        "History": 0.29518072289156627,
        "Geography": 0.24285714285714285,
        "Lampungic": 0.3673469387755102,
        "Social science": 0.4590984974958264,
        "Balinese": 0.3057324840764331,
        "Makassarese": 0.2956989247311828,
        "Banjarese": 0.3402777777777778,
        "Chemistry": 0.24233576642335766,
        "Biology": 0.2923076923076923,
        "Science": 0.34055727554179566,
        "Christian religion": 0.3582089552238806,
        "Art": 0.3227953410981697,
        "Islam religion": 0.33428165007112376,
        "Hindu religion": 0.35333333333333333,
        "Madurese": 0.2576271186440678,
        "Sport": 0.31756756756756754,
        "Indonesian language": 0.37017434620174344,
        "Physics": 0.2828282828282828,
        "Minangkabau culture": 0.2864321608040201,
        "Dayak language": 0.26605504587155965,
        "Sociology": 0.3125,
        "Economy": 0.2807377049180328,
        "Sundanese": 0.324114088159032,
        "Javanese": 0.27923387096774194,
        "Civic education": 0.3648068669527897
    }
}