{
    "accuracy": 0.3103678483209827,
    "category_acc": {
        "History": 0.26907630522088355,
        "Geography": 0.25918367346938775,
        "Lampungic": 0.36054421768707484,
        "Social science": 0.4373956594323873,
        "Balinese": 0.27176220806794055,
        "Makassarese": 0.2849462365591398,
        "Banjarese": 0.2986111111111111,
        "Chemistry": 0.2364963503649635,
        "Biology": 0.30414201183431955,
        "Science": 0.31475748194014447,
        "Christian religion": 0.3582089552238806,
        "Art": 0.3427620632279534,
        "Islam religion": 0.3029871977240398,
        "Hindu religion": 0.3,
        "Madurese": 0.2711864406779661,
        "Sport": 0.3310810810810811,
        "Indonesian language": 0.34526774595267745,
        "Physics": 0.2585858585858586,
        "Minangkabau culture": 0.271356783919598,
        "Dayak language": 0.28440366972477066,
        "Sociology": 0.2842741935483871,
        "Economy": 0.2766393442622951,
        "Sundanese": 0.2964563526361279,
        "Javanese": 0.27419354838709675,
        "Civic education": 0.35336194563662376
    }
}