{
    "accuracy": 0.3128379731624274,
    "category_acc": {
        "History": 0.28112449799196787,
        "Geography": 0.25918367346938775,
        "Lampungic": 0.29931972789115646,
        "Social science": 0.41903171953255425,
        "Balinese": 0.3184713375796178,
        "Makassarese": 0.26344086021505375,
        "Banjarese": 0.2847222222222222,
        "Chemistry": 0.23357664233576642,
        "Biology": 0.2911242603550296,
        "Science": 0.32094943240454077,
        "Christian religion": 0.3482587064676617,
        "Art": 0.3178036605657238,
        "Islam religion": 0.3058321479374111,
        "Hindu religion": 0.35333333333333333,
        "Madurese": 0.26101694915254237,
        "Sport": 0.33783783783783783,
        "Indonesian language": 0.34869240348692404,
        "Physics": 0.26666666666666666,
        "Minangkabau culture": 0.27638190954773867,
        "Dayak language": 0.28440366972477066,
        "Sociology": 0.2963709677419355,
        "Economy": 0.2827868852459016,
        "Sundanese": 0.30855661192739847,
        "Javanese": 0.2842741935483871,
        "Civic education": 0.3562231759656652
    }
}