{
    "overall_acc": 0.6525974025974026,
    "language_acc": {
        "Indonesian": 0.6306818181818182,
        "English": 0.7386363636363636,
        "Filipino": 0.5511363636363636,
        "Spanish": 0.6534090909090909,
        "Chinese": 0.6818181818181818,
        "Malay": 0.6420454545454546,
        "Vietnamese": 0.6704545454545454
    },
    "consistency_score_2": 0.6915584415584416,
    "consistency_score_3": 0.5625,
    "consistency_score_4": 0.4834415584415585,
    "consistency_score_5": 0.4272186147186148,
    "consistency_score_6": 0.3847402597402597,
    "consistency_score_7": 0.3522727272727273,
    "detailed_consistency_score": {
        "2_combine": {
            "Indonesian,English": 0.7102272727272727,
            "Indonesian,Filipino": 0.6704545454545454,
            "Indonesian,Spanish": 0.7556818181818182,
            "Indonesian,Chinese": 0.6363636363636364,
            "Indonesian,Malay": 0.7954545454545454,
            "Indonesian,Vietnamese": 0.7784090909090909,
            "English,Filipino": 0.5965909090909091,
            "English,Spanish": 0.7215909090909091,
            "English,Chinese": 0.6534090909090909,
            "English,Malay": 0.7329545454545454,
            "English,Vietnamese": 0.7272727272727273,
            "Filipino,Spanish": 0.6647727272727273,
            "Filipino,Chinese": 0.5681818181818182,
            "Filipino,Malay": 0.7329545454545454,
            "Filipino,Vietnamese": 0.6306818181818182,
            "Spanish,Chinese": 0.6534090909090909,
            "Spanish,Malay": 0.7443181818181818,
            "Spanish,Vietnamese": 0.7613636363636364,
            "Chinese,Malay": 0.6193181818181818,
            "Chinese,Vietnamese": 0.6590909090909091,
            "Malay,Vietnamese": 0.7102272727272727
        },
        "3_combine": {
            "Indonesian,English,Filipino": 0.5227272727272727,
            "Indonesian,English,Spanish": 0.6193181818181818,
            "Indonesian,English,Chinese": 0.5227272727272727,
            "Indonesian,English,Malay": 0.6306818181818182,
            "Indonesian,English,Vietnamese": 0.6193181818181818,
            "Indonesian,Filipino,Spanish": 0.5681818181818182,
            "Indonesian,Filipino,Chinese": 0.48863636363636365,
            "Indonesian,Filipino,Malay": 0.625,
            "Indonesian,Filipino,Vietnamese": 0.5625,
            "Indonesian,Spanish,Chinese": 0.5454545454545454,
            "Indonesian,Spanish,Malay": 0.6590909090909091,
            "Indonesian,Spanish,Vietnamese": 0.6590909090909091,
            "Indonesian,Chinese,Malay": 0.5511363636363636,
            "Indonesian,Chinese,Vietnamese": 0.5511363636363636,
            "Indonesian,Malay,Vietnamese": 0.6477272727272727,
            "English,Filipino,Spanish": 0.5284090909090909,
            "English,Filipino,Chinese": 0.45454545454545453,
            "English,Filipino,Malay": 0.5568181818181818,
            "English,Filipino,Vietnamese": 0.5056818181818182,
            "English,Spanish,Chinese": 0.5340909090909091,
            "English,Spanish,Malay": 0.625,
            "English,Spanish,Vietnamese": 0.6306818181818182,
            "English,Chinese,Malay": 0.5340909090909091,
            "English,Chinese,Vietnamese": 0.5340909090909091,
            "English,Malay,Vietnamese": 0.6022727272727273,
            "Filipino,Spanish,Chinese": 0.5,
            "Filipino,Spanish,Malay": 0.5909090909090909,
            "Filipino,Spanish,Vietnamese": 0.5454545454545454,
            "Filipino,Chinese,Malay": 0.5056818181818182,
            "Filipino,Chinese,Vietnamese": 0.4602272727272727,
            "Filipino,Malay,Vietnamese": 0.5625,
            "Spanish,Chinese,Malay": 0.5340909090909091,
            "Spanish,Chinese,Vietnamese": 0.5625,
            "Spanish,Malay,Vietnamese": 0.625,
            "Chinese,Malay,Vietnamese": 0.5227272727272727
        },
        "4_combine": {
            "Indonesian,English,Filipino,Spanish": 0.48863636363636365,
            "Indonesian,English,Filipino,Chinese": 0.42045454545454547,
            "Indonesian,English,Filipino,Malay": 0.5,
            "Indonesian,English,Filipino,Vietnamese": 0.4602272727272727,
            "Indonesian,English,Spanish,Chinese": 0.48295454545454547,
            "Indonesian,English,Spanish,Malay": 0.5625,
            "Indonesian,English,Spanish,Vietnamese": 0.5625,
            "Indonesian,English,Chinese,Malay": 0.48295454545454547,
            "Indonesian,English,Chinese,Vietnamese": 0.4715909090909091,
            "Indonesian,English,Malay,Vietnamese": 0.5511363636363636,
            "Indonesian,Filipino,Spanish,Chinese": 0.44886363636363635,
            "Indonesian,Filipino,Spanish,Malay": 0.5397727272727273,
            "Indonesian,Filipino,Spanish,Vietnamese": 0.5056818181818182,
            "Indonesian,Filipino,Chinese,Malay": 0.4659090909090909,
            "Indonesian,Filipino,Chinese,Vietnamese": 0.42613636363636365,
            "Indonesian,Filipino,Malay,Vietnamese": 0.5227272727272727,
            "Indonesian,Spanish,Chinese,Malay": 0.4943181818181818,
            "Indonesian,Spanish,Chinese,Vietnamese": 0.48295454545454547,
            "Indonesian,Spanish,Malay,Vietnamese": 0.5738636363636364,
            "Indonesian,Chinese,Malay,Vietnamese": 0.4772727272727273,
            "English,Filipino,Spanish,Chinese": 0.42613636363636365,
            "English,Filipino,Spanish,Malay": 0.5113636363636364,
            "English,Filipino,Spanish,Vietnamese": 0.4659090909090909,
            "English,Filipino,Chinese,Malay": 0.4431818181818182,
            "English,Filipino,Chinese,Vietnamese": 0.3977272727272727,
            "English,Filipino,Malay,Vietnamese": 0.4772727272727273,
            "English,Spanish,Chinese,Malay": 0.4772727272727273,
            "English,Spanish,Chinese,Vietnamese": 0.48863636363636365,
            "English,Spanish,Malay,Vietnamese": 0.5454545454545454,
            "English,Chinese,Malay,Vietnamese": 0.4659090909090909,
            "Filipino,Spanish,Chinese,Malay": 0.45454545454545453,
            "Filipino,Spanish,Chinese,Vietnamese": 0.4318181818181818,
            "Filipino,Spanish,Malay,Vietnamese": 0.5113636363636364,
            "Filipino,Chinese,Malay,Vietnamese": 0.4318181818181818,
            "Spanish,Chinese,Malay,Vietnamese": 0.4715909090909091
        },
        "5_combine": {
            "Indonesian,English,Filipino,Spanish,Chinese": 0.4034090909090909,
            "Indonesian,English,Filipino,Spanish,Malay": 0.4715909090909091,
            "Indonesian,English,Filipino,Spanish,Vietnamese": 0.4375,
            "Indonesian,English,Filipino,Chinese,Malay": 0.4090909090909091,
            "Indonesian,English,Filipino,Chinese,Vietnamese": 0.375,
            "Indonesian,English,Filipino,Malay,Vietnamese": 0.4431818181818182,
            "Indonesian,English,Spanish,Chinese,Malay": 0.44886363636363635,
            "Indonesian,English,Spanish,Chinese,Vietnamese": 0.4375,
            "Indonesian,English,Spanish,Malay,Vietnamese": 0.5056818181818182,
            "Indonesian,English,Chinese,Malay,Vietnamese": 0.4318181818181818,
            "Indonesian,Filipino,Spanish,Chinese,Malay": 0.42613636363636365,
            "Indonesian,Filipino,Spanish,Chinese,Vietnamese": 0.3977272727272727,
            "Indonesian,Filipino,Spanish,Malay,Vietnamese": 0.4772727272727273,
            "Indonesian,Filipino,Chinese,Malay,Vietnamese": 0.4034090909090909,
            "Indonesian,Spanish,Chinese,Malay,Vietnamese": 0.4318181818181818,
            "English,Filipino,Spanish,Chinese,Malay": 0.4147727272727273,
            "English,Filipino,Spanish,Chinese,Vietnamese": 0.38636363636363635,
            "English,Filipino,Spanish,Malay,Vietnamese": 0.44886363636363635,
            "English,Filipino,Chinese,Malay,Vietnamese": 0.38636363636363635,
            "English,Spanish,Chinese,Malay,Vietnamese": 0.4318181818181818,
            "Filipino,Spanish,Chinese,Malay,Vietnamese": 0.4034090909090909
        },