{
    "overall_acc": 0.6347402597402597,
    "language_acc": {
        "Indonesian": 0.6079545454545454,
        "English": 0.7329545454545454,
        "Filipino": 0.5511363636363636,
        "Spanish": 0.6420454545454546,
        "Chinese": 0.6704545454545454,
        "Malay": 0.5965909090909091,
        "Vietnamese": 0.6420454545454546
    },
    "consistency_score_2": 0.702651515151515,
    "consistency_score_3": 0.5780844155844157,
    "consistency_score_4": 0.504383116883117,
    "consistency_score_5": 0.4540043290043291,
    "consistency_score_6": 0.4180194805194806,
    "consistency_score_7": 0.39204545454545453,
    "detailed_consistency_score": {
        "2_combine": {
            "Indonesian,English": 0.6931818181818182,
            "Indonesian,Filipino": 0.6931818181818182,
            "Indonesian,Spanish": 0.7613636363636364,
            "Indonesian,Chinese": 0.6534090909090909,
            "Indonesian,Malay": 0.7897727272727273,
            "Indonesian,Vietnamese": 0.7443181818181818,
            "English,Filipino": 0.6306818181818182,
            "English,Spanish": 0.7386363636363636,
            "English,Chinese": 0.7159090909090909,
            "English,Malay": 0.6875,
            "English,Vietnamese": 0.7159090909090909,
            "Filipino,Spanish": 0.6761363636363636,
            "Filipino,Chinese": 0.6079545454545454,
            "Filipino,Malay": 0.7329545454545454,
            "Filipino,Vietnamese": 0.6534090909090909,
            "Spanish,Chinese": 0.6875,
            "Spanish,Malay": 0.7670454545454546,
            "Spanish,Vietnamese": 0.7556818181818182,
            "Chinese,Malay": 0.6590909090909091,
            "Chinese,Vietnamese": 0.6704545454545454,
            "Malay,Vietnamese": 0.7215909090909091
        },
        "3_combine": {
            "Indonesian,English,Filipino": 0.5340909090909091,
            "Indonesian,English,Spanish": 0.6193181818181818,
            "Indonesian,English,Chinese": 0.5625,
            "Indonesian,English,Malay": 0.5965909090909091,
            "Indonesian,English,Vietnamese": 0.6079545454545454,
            "Indonesian,Filipino,Spanish": 0.5852272727272727,
            "Indonesian,Filipino,Chinese": 0.5056818181818182,
            "Indonesian,Filipino,Malay": 0.625,
            "Indonesian,Filipino,Vietnamese": 0.5681818181818182,
            "Indonesian,Spanish,Chinese": 0.5681818181818182,
            "Indonesian,Spanish,Malay": 0.6818181818181818,
            "Indonesian,Spanish,Vietnamese": 0.6534090909090909,
            "Indonesian,Chinese,Malay": 0.5738636363636364,
            "Indonesian,Chinese,Vietnamese": 0.5568181818181818,
            "Indonesian,Malay,Vietnamese": 0.6363636363636364,
            "English,Filipino,Spanish": 0.5454545454545454,
            "English,Filipino,Chinese": 0.5113636363636364,
            "English,Filipino,Malay": 0.5511363636363636,
            "English,Filipino,Vietnamese": 0.5284090909090909,
            "English,Spanish,Chinese": 0.5852272727272727,
            "English,Spanish,Malay": 0.6193181818181818,
            "English,Spanish,Vietnamese": 0.6306818181818182,
            "English,Chinese,Malay": 0.5568181818181818,
            "English,Chinese,Vietnamese": 0.5738636363636364,
            "English,Malay,Vietnamese": 0.5852272727272727,
            "Filipino,Spanish,Chinese": 0.5227272727272727,
            "Filipino,Spanish,Malay": 0.6079545454545454,
            "Filipino,Spanish,Vietnamese": 0.5738636363636364,
            "Filipino,Chinese,Malay": 0.5340909090909091,
            "Filipino,Chinese,Vietnamese": 0.4943181818181818,
            "Filipino,Malay,Vietnamese": 0.5795454545454546,
            "Spanish,Chinese,Malay": 0.5852272727272727,
            "Spanish,Chinese,Vietnamese": 0.5852272727272727,
            "Spanish,Malay,Vietnamese": 0.6420454545454546,
            "Chinese,Malay,Vietnamese": 0.5454545454545454
        },
        "4_combine": {
            "Indonesian,English,Filipino,Spanish": 0.5,
            "Indonesian,English,Filipino,Chinese": 0.4602272727272727,
            "Indonesian,English,Filipino,Malay": 0.4943181818181818,
            "Indonesian,English,Filipino,Vietnamese": 0.48295454545454547,
            "Indonesian,English,Spanish,Chinese": 0.5,
            "Indonesian,English,Spanish,Malay": 0.5625,
            "Indonesian,English,Spanish,Vietnamese": 0.5625,
            "Indonesian,English,Chinese,Malay": 0.5056818181818182,
            "Indonesian,English,Chinese,Vietnamese": 0.5,
            "Indonesian,English,Malay,Vietnamese": 0.5284090909090909,
            "Indonesian,Filipino,Spanish,Chinese": 0.4659090909090909,
            "Indonesian,Filipino,Spanish,Malay": 0.5568181818181818,
            "Indonesian,Filipino,Spanish,Vietnamese": 0.5284090909090909,
            "Indonesian,Filipino,Chinese,Malay": 0.48295454545454547,
            "Indonesian,Filipino,Chinese,Vietnamese": 0.44886363636363635,
            "Indonesian,Filipino,Malay,Vietnamese": 0.5284090909090909,
            "Indonesian,Spanish,Chinese,Malay": 0.5284090909090909,
            "Indonesian,Spanish,Chinese,Vietnamese": 0.5113636363636364,
            "Indonesian,Spanish,Malay,Vietnamese": 0.5965909090909091,
            "Indonesian,Chinese,Malay,Vietnamese": 0.5,
            "English,Filipino,Spanish,Chinese": 0.4659090909090909,
            "English,Filipino,Spanish,Malay": 0.5056818181818182,
            "English,Filipino,Spanish,Vietnamese": 0.4943181818181818,
            "English,Filipino,Chinese,Malay": 0.4715909090909091,
            "English,Filipino,Chinese,Vietnamese": 0.45454545454545453,
            "English,Filipino,Malay,Vietnamese": 0.48863636363636365,
            "English,Spanish,Chinese,Malay": 0.5113636363636364,
            "English,Spanish,Chinese,Vietnamese": 0.5227272727272727,
            "English,Spanish,Malay,Vietnamese": 0.5454545454545454,
            "English,Chinese,Malay,Vietnamese": 0.4943181818181818,
            "Filipino,Spanish,Chinese,Malay": 0.48295454545454547,
            "Filipino,Spanish,Chinese,Vietnamese": 0.4659090909090909,
            "Filipino,Spanish,Malay,Vietnamese": 0.5340909090909091,
            "Filipino,Chinese,Malay,Vietnamese": 0.4602272727272727,
            "Spanish,Chinese,Malay,Vietnamese": 0.5113636363636364
        },
        "5_combine": {
            "Indonesian,English,Filipino,Spanish,Chinese": 0.4318181818181818,
            "Indonesian,English,Filipino,Spanish,Malay": 0.4715909090909091,
            "Indonesian,English,Filipino,Spanish,Vietnamese": 0.4659090909090909,
            "Indonesian,English,Filipino,Chinese,Malay": 0.4375,
            "Indonesian,English,Filipino,Chinese,Vietnamese": 0.42045454545454547,
            "Indonesian,English,Filipino,Malay,Vietnamese": 0.44886363636363635,
            "Indonesian,English,Spanish,Chinese,Malay": 0.4715909090909091,
            "Indonesian,English,Spanish,Chinese,Vietnamese": 0.4659090909090909,
            "Indonesian,English,Spanish,Malay,Vietnamese": 0.5113636363636364,
            "Indonesian,English,Chinese,Malay,Vietnamese": 0.45454545454545453,
            "Indonesian,Filipino,Spanish,Chinese,Malay": 0.44886363636363635,
            "Indonesian,Filipino,Spanish,Chinese,Vietnamese": 0.4318181818181818,
            "Indonesian,Filipino,Spanish,Malay,Vietnamese": 0.5056818181818182,
            "Indonesian,Filipino,Chinese,Malay,Vietnamese": 0.42613636363636365,
            "Indonesian,Spanish,Chinese,Malay,Vietnamese": 0.4772727272727273,
            "English,Filipino,Spanish,Chinese,Malay": 0.4375,
            "English,Filipino,Spanish,Chinese,Vietnamese": 0.4318181818181818,
            "English,Filipino,Spanish,Malay,Vietnamese": 0.4659090909090909,
            "English,Filipino,Chinese,Malay,Vietnamese": 0.42613636363636365,
            "English,Spanish,Chinese,Malay,Vietnamese": 0.4659090909090909,
            "Filipino,Spanish,Chinese,Malay,Vietnamese": 0.4375
        },