{
    "rouge1": 0.17458000087891037,
    "rouge2": 0.04185218070044238,
    "rougeL": 0.1286382832296819,
    "avg_rouge": 0.11502348826967823
}