{
    "rouge1": 0.14272835035532452,
    "rouge2": 0.031426216985853635,
    "rougeL": 0.10874297216711339,
    "avg_rouge": 0.09429917983609719
}