{
    "rouge1": 0.17935557506829655,
    "rouge2": 0.03903281064676857,
    "rougeL": 0.13073031041529273,
    "avg_rouge": 0.11637289871011929
}