{
    "overall_acc": 0.660952380952381,
    "language_acc": {
        "Filipino": 0.6466666666666666,
        "Vietnamese": 0.64,
        "Chinese": 0.6733333333333333,
        "Spanish": 0.7,
        "Malay": 0.58,
        "Indonesian": 0.66,
        "English": 0.7266666666666667
    },
    "consistency_score_2": 0.6752380952380954,
    "consistency_score_3": 0.5586666666666668,
    "consistency_score_4": 0.49676190476190474,
    "consistency_score_5": 0.4555555555555556,
    "consistency_score_6": 0.42476190476190473,
    "consistency_score_7": 0.4,
    "detailed_consistency_score": {
        "2_combine": {
            "Filipino,Vietnamese": 0.6333333333333333,
            "Filipino,Chinese": 0.6733333333333333,
            "Filipino,Spanish": 0.68,
            "Filipino,Malay": 0.62,
            "Filipino,Indonesian": 0.6533333333333333,
            "Filipino,English": 0.6666666666666666,
            "Vietnamese,Chinese": 0.6933333333333334,
            "Vietnamese,Spanish": 0.6933333333333334,
            "Vietnamese,Malay": 0.6,
            "Vietnamese,Indonesian": 0.64,
            "Vietnamese,English": 0.7,
            "Chinese,Spanish": 0.7333333333333333,
            "Chinese,Malay": 0.6066666666666667,
            "Chinese,Indonesian": 0.7266666666666667,
            "Chinese,English": 0.7666666666666667,
            "Spanish,Malay": 0.6266666666666667,
            "Spanish,Indonesian": 0.7533333333333333,
            "Spanish,English": 0.76,
            "Malay,Indonesian": 0.66,
            "Malay,English": 0.6066666666666667,
            "Indonesian,English": 0.6866666666666666
        },
        "3_combine": {
            "Filipino,Vietnamese,Chinese": 0.56,
            "Filipino,Vietnamese,Spanish": 0.5466666666666666,
            "Filipino,Vietnamese,Malay": 0.48,
            "Filipino,Vietnamese,Indonesian": 0.5333333333333333,
            "Filipino,Vietnamese,English": 0.5466666666666666,
            "Filipino,Chinese,Spanish": 0.5866666666666667,
            "Filipino,Chinese,Malay": 0.5,
            "Filipino,Chinese,Indonesian": 0.5666666666666667,
            "Filipino,Chinese,English": 0.5933333333333334,
            "Filipino,Spanish,Malay": 0.5,
            "Filipino,Spanish,Indonesian": 0.58,
            "Filipino,Spanish,English": 0.58,
            "Filipino,Malay,Indonesian": 0.5133333333333333,
            "Filipino,Malay,English": 0.4866666666666667,
            "Filipino,Indonesian,English": 0.5533333333333333,
            "Vietnamese,Chinese,Spanish": 0.6,
            "Vietnamese,Chinese,Malay": 0.5133333333333333,
            "Vietnamese,Chinese,Indonesian": 0.58,
            "Vietnamese,Chinese,English": 0.62,
            "Vietnamese,Spanish,Malay": 0.5133333333333333,
            "Vietnamese,Spanish,Indonesian": 0.5866666666666667,
            "Vietnamese,Spanish,English": 0.6066666666666667,
            "Vietnamese,Malay,Indonesian": 0.5133333333333333,
            "Vietnamese,Malay,English": 0.5066666666666667,
            "Vietnamese,Indonesian,English": 0.5733333333333334,
            "Chinese,Spanish,Malay": 0.5466666666666666,
            "Chinese,Spanish,Indonesian": 0.6333333333333333,
            "Chinese,Spanish,English": 0.6533333333333333,
            "Chinese,Malay,Indonesian": 0.5533333333333333,
            "Chinese,Malay,English": 0.54,
            "Chinese,Indonesian,English": 0.6266666666666667,
            "Spanish,Malay,Indonesian": 0.5666666666666667,
            "Spanish,Malay,English": 0.5333333333333333,
            "Spanish,Indonesian,English": 0.6266666666666667,
            "Malay,Indonesian,English": 0.5333333333333333
        },
        "4_combine": {
            "Filipino,Vietnamese,Chinese,Spanish": 0.5133333333333333,
            "Filipino,Vietnamese,Chinese,Malay": 0.4533333333333333,
            "Filipino,Vietnamese,Chinese,Indonesian": 0.5066666666666667,
            "Filipino,Vietnamese,Chinese,English": 0.5266666666666666,
            "Filipino,Vietnamese,Spanish,Malay": 0.43333333333333335,
            "Filipino,Vietnamese,Spanish,Indonesian": 0.5066666666666667,
            "Filipino,Vietnamese,Spanish,English": 0.5133333333333333,
            "Filipino,Vietnamese,Malay,Indonesian": 0.44666666666666666,
            "Filipino,Vietnamese,Malay,English": 0.43333333333333335,
            "Filipino,Vietnamese,Indonesian,English": 0.5,
            "Filipino,Chinese,Spanish,Malay": 0.4666666666666667,
            "Filipino,Chinese,Spanish,Indonesian": 0.5266666666666666,
            "Filipino,Chinese,Spanish,English": 0.54,
            "Filipino,Chinese,Malay,Indonesian": 0.4666666666666667,
            "Filipino,Chinese,Malay,English": 0.4533333333333333,
            "Filipino,Chinese,Indonesian,English": 0.52,
            "Filipino,Spanish,Malay,Indonesian": 0.47333333333333333,
            "Filipino,Spanish,Malay,English": 0.44666666666666666,
            "Filipino,Spanish,Indonesian,English": 0.5266666666666666,
            "Filipino,Malay,Indonesian,English": 0.44666666666666666,
            "Vietnamese,Chinese,Spanish,Malay": 0.48,
            "Vietnamese,Chinese,Spanish,Indonesian": 0.5533333333333333,
            "Vietnamese,Chinese,Spanish,English": 0.5666666666666667,
            "Vietnamese,Chinese,Malay,Indonesian": 0.4866666666666667,
            "Vietnamese,Chinese,Malay,English": 0.48,
            "Vietnamese,Chinese,Indonesian,English": 0.5333333333333333,
            "Vietnamese,Spanish,Malay,Indonesian": 0.4866666666666667,
            "Vietnamese,Spanish,Malay,English": 0.47333333333333333,
            "Vietnamese,Spanish,Indonesian,English": 0.5533333333333333,
            "Vietnamese,Malay,Indonesian,English": 0.48,
            "Chinese,Spanish,Malay,Indonesian": 0.52,
            "Chinese,Spanish,Malay,English": 0.49333333333333335,
            "Chinese,Spanish,Indonesian,English": 0.5733333333333334,
            "Chinese,Malay,Indonesian,English": 0.5066666666666667,
            "Spanish,Malay,Indonesian,English": 0.5
        },
        "5_combine": {
            "Filipino,Vietnamese,Chinese,Spanish,Malay": 0.4266666666666667,
            "Filipino,Vietnamese,Chinese,Spanish,Indonesian": 0.4866666666666667,
            "Filipino,Vietnamese,Chinese,Spanish,English": 0.49333333333333335,
            "Filipino,Vietnamese,Chinese,Malay,Indonesian": 0.43333333333333335,
            "Filipino,Vietnamese,Chinese,Malay,English": 0.4266666666666667,
            "Filipino,Vietnamese,Chinese,Indonesian,English": 0.48,
            "Filipino,Vietnamese,Spanish,Malay,Indonesian": 0.4266666666666667,
            "Filipino,Vietnamese,Spanish,Malay,English": 0.41333333333333333,
            "Filipino,Vietnamese,Spanish,Indonesian,English": 0.4866666666666667,
            "Filipino,Vietnamese,Malay,Indonesian,English": 0.42,
            "Filipino,Chinese,Spanish,Malay,Indonesian": 0.44666666666666666,
            "Filipino,Chinese,Spanish,Malay,English": 0.4266666666666667,
            "Filipino,Chinese,Spanish,Indonesian,English": 0.49333333333333335,
            "Filipino,Chinese,Malay,Indonesian,English": 0.43333333333333335,
            "Filipino,Spanish,Malay,Indonesian,English": 0.4266666666666667,
            "Vietnamese,Chinese,Spanish,Malay,Indonesian": 0.47333333333333333,
            "Vietnamese,Chinese,Spanish,Malay,English": 0.4533333333333333,
            "Vietnamese,Chinese,Spanish,Indonesian,English": 0.52,
            "Vietnamese,Chinese,Malay,Indonesian,English": 0.46,
            "Vietnamese,Spanish,Malay,Indonesian,English": 0.46,
            "Chinese,Spanish,Malay,Indonesian,English": 0.48
        },
        "6_combine": {
            "Filipino,Vietnamese,Chinese,Spanish,Malay,Indonesian": 0.42,
            "Filipino,Vietnamese,Chinese,Spanish,Malay,English": 0.4066666666666667,
            "Filipino,Vietnamese,Chinese,Spanish,Indonesian,English": 0.4666666666666667,
            "Filipino,Vietnamese,Chinese,Malay,Indonesian,English": 0.41333333333333333,