{
    "rouge1": 0.2174604871339299,
    "rouge2": 0.05475645193832106,
    "rougeL": 0.15851239276061685,
    "avg_rouge": 0.14357644394428928
}