{
    "rouge1": 0.2217691129634524,
    "rouge2": 0.05864590992084784,
    "rougeL": 0.16271839979241123,
    "avg_rouge": 0.14771114089223714
}