{
    "rouge1": 0.217054414110199,
    "rouge2": 0.055400616357914836,
    "rougeL": 0.15783238159600757,
    "avg_rouge": 0.1434291373547071
}