{
    "accuracy": 0.34522702895959956,
    "category_acc": {
        "high_school_european_history": 0.4817073170731707,
        "business_ethics": 0.37373737373737376,
        "clinical_knowledge": 0.35984848484848486,
        "medical_genetics": 0.3838383838383838,
        "high_school_us_history": 0.43349753694581283,
        "high_school_physics": 0.24,
        "high_school_world_history": 0.4703389830508475,
        "virology": 0.3333333333333333,
        "high_school_microeconomics": 0.33755274261603374,
        "econometrics": 0.22123893805309736,
        "college_computer_science": 0.31313131313131315,
        "high_school_biology": 0.3106796116504854,
        "abstract_algebra": 0.24242424242424243,
        "professional_accounting": 0.35231316725978645,
        "philosophy": 0.3419354838709677,
        "professional_medicine": 0.31365313653136534,
        "nutrition": 0.3442622950819672,
        "global_facts": 0.31313131313131315,
        "machine_learning": 0.25225225225225223,
        "security_studies": 0.36065573770491804,
        "public_relations": 0.3761467889908257,
        "professional_psychology": 0.35515548281505727,
        "prehistory": 0.34674922600619196,
        "anatomy": 0.29850746268656714,
        "human_sexuality": 0.38461538461538464,
        "college_medicine": 0.313953488372093,
        "high_school_government_and_politics": 0.4166666666666667,
        "college_chemistry": 0.21212121212121213,
        "logical_fallacies": 0.41975308641975306,
        "high_school_geography": 0.4010152284263959,
        "elementary_mathematics": 0.2625994694960212,
        "human_aging": 0.4009009009009009,
        "college_mathematics": 0.26262626262626265,
        "high_school_psychology": 0.42463235294117646,
        "formal_logic": 0.32,
        "high_school_statistics": 0.26976744186046514,
        "international_law": 0.5083333333333333,
        "high_school_mathematics": 0.2379182156133829,
        "high_school_computer_science": 0.3434343434343434,
        "conceptual_physics": 0.2863247863247863,
        "miscellaneous": 0.39514066496163686,
        "high_school_chemistry": 0.2623762376237624,
        "marketing": 0.592274678111588,
        "professional_law": 0.32811480756686234,
        "management": 0.4411764705882353,
        "college_physics": 0.25742574257425743,
        "jurisprudence": 0.3925233644859813,
        "world_religions": 0.27058823529411763,
        "sociology": 0.53,
        "us_foreign_policy": 0.46464646464646464,
        "high_school_macroeconomics": 0.34190231362467866,
        "computer_security": 0.40404040404040403,
        "moral_scenarios": 0.23825503355704697,
        "moral_disputes": 0.3710144927536232,
        "electrical_engineering": 0.2986111111111111,
        "astronomy": 0.31125827814569534,
        "college_biology": 0.2937062937062937
    }
}