{
    "accuracy": 0.3471576689309975,
    "category_acc": {
        "high_school_european_history": 0.49390243902439024,
        "business_ethics": 0.3434343434343434,
        "clinical_knowledge": 0.38257575757575757,
        "medical_genetics": 0.40404040404040403,
        "high_school_us_history": 0.4236453201970443,
        "high_school_physics": 0.2733333333333333,
        "high_school_world_history": 0.4703389830508475,
        "virology": 0.3515151515151515,
        "high_school_microeconomics": 0.37130801687763715,
        "econometrics": 0.25663716814159293,
        "college_computer_science": 0.32323232323232326,
        "high_school_biology": 0.3042071197411003,
        "abstract_algebra": 0.2222222222222222,
        "professional_accounting": 0.33807829181494664,
        "philosophy": 0.34838709677419355,
        "professional_medicine": 0.3173431734317343,
        "nutrition": 0.3540983606557377,
        "global_facts": 0.21212121212121213,
        "machine_learning": 0.2702702702702703,
        "security_studies": 0.36475409836065575,
        "public_relations": 0.42201834862385323,
        "professional_psychology": 0.353518821603928,
        "prehistory": 0.33126934984520123,
        "anatomy": 0.27611940298507465,
        "human_sexuality": 0.35384615384615387,
        "college_medicine": 0.3430232558139535,
        "high_school_government_and_politics": 0.4114583333333333,
        "college_chemistry": 0.21212121212121213,
        "logical_fallacies": 0.4074074074074074,
        "high_school_geography": 0.4010152284263959,
        "elementary_mathematics": 0.26525198938992045,
        "human_aging": 0.3918918918918919,
        "college_mathematics": 0.25252525252525254,
        "high_school_psychology": 0.43566176470588236,
        "formal_logic": 0.328,
        "high_school_statistics": 0.26976744186046514,
        "international_law": 0.5,
        "high_school_mathematics": 0.2527881040892193,
        "high_school_computer_science": 0.32323232323232326,
        "conceptual_physics": 0.3034188034188034,
        "miscellaneous": 0.3938618925831202,
        "high_school_chemistry": 0.27722772277227725,
        "marketing": 0.5793991416309013,
        "professional_law": 0.33268101761252444,
        "management": 0.45098039215686275,
        "college_physics": 0.26732673267326734,
        "jurisprudence": 0.3644859813084112,
        "world_religions": 0.27058823529411763,
        "sociology": 0.54,
        "us_foreign_policy": 0.47474747474747475,
        "high_school_macroeconomics": 0.3393316195372751,
        "computer_security": 0.41414141414141414,
        "moral_scenarios": 0.23825503355704697,
        "moral_disputes": 0.3565217391304348,
        "electrical_engineering": 0.3194444444444444,
        "astronomy": 0.32450331125827814,
        "college_biology": 0.27972027972027974
    }
}