{
    "accuracy": 0.3511619592420451,
    "category_acc": {
        "high_school_european_history": 0.4878048780487805,
        "business_ethics": 0.3838383838383838,
        "clinical_knowledge": 0.3787878787878788,
        "medical_genetics": 0.45454545454545453,
        "high_school_us_history": 0.4236453201970443,
        "high_school_physics": 0.25333333333333335,
        "high_school_world_history": 0.4576271186440678,
        "virology": 0.36363636363636365,
        "high_school_microeconomics": 0.379746835443038,
        "econometrics": 0.24778761061946902,
        "college_computer_science": 0.2828282828282828,
        "high_school_biology": 0.32362459546925565,
        "abstract_algebra": 0.30303030303030304,
        "professional_accounting": 0.33807829181494664,
        "philosophy": 0.34838709677419355,
        "professional_medicine": 0.3025830258302583,
        "nutrition": 0.34098360655737703,
        "global_facts": 0.30303030303030304,
        "machine_learning": 0.23423423423423423,
        "security_studies": 0.36065573770491804,
        "public_relations": 0.41284403669724773,
        "professional_psychology": 0.353518821603928,
        "prehistory": 0.35294117647058826,
        "anatomy": 0.31343283582089554,
        "human_sexuality": 0.3769230769230769,
        "college_medicine": 0.3313953488372093,
        "high_school_government_and_politics": 0.4270833333333333,
        "college_chemistry": 0.20202020202020202,
        "logical_fallacies": 0.41975308641975306,
        "high_school_geography": 0.41116751269035534,
        "elementary_mathematics": 0.26525198938992045,
        "human_aging": 0.3783783783783784,
        "college_mathematics": 0.25252525252525254,
        "high_school_psychology": 0.4485294117647059,
        "formal_logic": 0.344,
        "high_school_statistics": 0.26976744186046514,
        "international_law": 0.525,
        "high_school_mathematics": 0.2379182156133829,
        "high_school_computer_science": 0.31313131313131315,
        "conceptual_physics": 0.2863247863247863,
        "miscellaneous": 0.40664961636828645,
        "high_school_chemistry": 0.2623762376237624,
        "marketing": 0.6008583690987125,
        "professional_law": 0.3333333333333333,
        "management": 0.4411764705882353,
        "college_physics": 0.25742574257425743,
        "jurisprudence": 0.3925233644859813,
        "world_religions": 0.29411764705882354,
        "sociology": 0.535,
        "us_foreign_policy": 0.5151515151515151,
        "high_school_macroeconomics": 0.33161953727506427,
        "computer_security": 0.42424242424242425,
        "moral_scenarios": 0.23825503355704697,
        "moral_disputes": 0.39420289855072466,
        "electrical_engineering": 0.3194444444444444,
        "astronomy": 0.304635761589404,
        "college_biology": 0.2727272727272727
    }
}