{
    "rouge1": 0.4231691817172813,
    "rouge2": 0.17154835835598875,
    "rougeL": 0.35000262687479355,
    "avg_rouge": 0.3149067223160212
}