{
    "overall_acc": 0.5876190476190477,
    "language_acc": {
        "Filipino": 0.52,
        "Vietnamese": 0.6,
        "Chinese": 0.62,
        "Spanish": 0.6266666666666667,
        "Malay": 0.4866666666666667,
        "Indonesian": 0.56,
        "English": 0.7
    },
    "consistency_score_2": 0.6253968253968255,
    "consistency_score_3": 0.47352380952380957,
    "consistency_score_4": 0.38476190476190475,
    "consistency_score_5": 0.3234920634920635,
    "consistency_score_6": 0.27714285714285714,
    "consistency_score_7": 0.24,
    "detailed_consistency_score": {
        "2_combine": {
            "Filipino,Vietnamese": 0.5666666666666667,
            "Filipino,Chinese": 0.5933333333333334,
            "Filipino,Spanish": 0.6066666666666667,
            "Filipino,Malay": 0.56,
            "Filipino,Indonesian": 0.5933333333333334,
            "Filipino,English": 0.5666666666666667,
            "Vietnamese,Chinese": 0.6666666666666666,
            "Vietnamese,Spanish": 0.66,
            "Vietnamese,Malay": 0.6266666666666667,
            "Vietnamese,Indonesian": 0.66,
            "Vietnamese,English": 0.6333333333333333,
            "Chinese,Spanish": 0.6866666666666666,
            "Chinese,Malay": 0.6133333333333333,
            "Chinese,Indonesian": 0.62,
            "Chinese,English": 0.64,
            "Spanish,Malay": 0.64,
            "Spanish,Indonesian": 0.66,
            "Spanish,English": 0.72,
            "Malay,Indonesian": 0.64,
            "Malay,English": 0.58,
            "Indonesian,English": 0.6
        },
        "3_combine": {
            "Filipino,Vietnamese,Chinese": 0.44,
            "Filipino,Vietnamese,Spanish": 0.44666666666666666,
            "Filipino,Vietnamese,Malay": 0.42,
            "Filipino,Vietnamese,Indonesian": 0.4533333333333333,
            "Filipino,Vietnamese,English": 0.41333333333333333,
            "Filipino,Chinese,Spanish": 0.46,
            "Filipino,Chinese,Malay": 0.4266666666666667,
            "Filipino,Chinese,Indonesian": 0.44666666666666666,
            "Filipino,Chinese,English": 0.44,
            "Filipino,Spanish,Malay": 0.43333333333333335,
            "Filipino,Spanish,Indonesian": 0.4533333333333333,
            "Filipino,Spanish,English": 0.4666666666666667,
            "Filipino,Malay,Indonesian": 0.44,
            "Filipino,Malay,English": 0.3933333333333333,
            "Filipino,Indonesian,English": 0.42,
            "Vietnamese,Chinese,Spanish": 0.5333333333333333,
            "Vietnamese,Chinese,Malay": 0.48,
            "Vietnamese,Chinese,Indonesian": 0.52,
            "Vietnamese,Chinese,English": 0.5133333333333333,
            "Vietnamese,Spanish,Malay": 0.5,
            "Vietnamese,Spanish,Indonesian": 0.5333333333333333,
            "Vietnamese,Spanish,English": 0.5133333333333333,
            "Vietnamese,Malay,Indonesian": 0.5,
            "Vietnamese,Malay,English": 0.4533333333333333,
            "Vietnamese,Indonesian,English": 0.5,
            "Chinese,Spanish,Malay": 0.5,
            "Chinese,Spanish,Indonesian": 0.5333333333333333,
            "Chinese,Spanish,English": 0.5466666666666666,
            "Chinese,Malay,Indonesian": 0.48,
            "Chinese,Malay,English": 0.44666666666666666,
            "Chinese,Indonesian,English": 0.48,
            "Spanish,Malay,Indonesian": 0.5066666666666667,
            "Spanish,Malay,English": 0.49333333333333335,
            "Spanish,Indonesian,English": 0.5266666666666666,
            "Malay,Indonesian,English": 0.46
        },
        "4_combine": {
            "Filipino,Vietnamese,Chinese,Spanish": 0.37333333333333335,
            "Filipino,Vietnamese,Chinese,Malay": 0.3466666666666667,
            "Filipino,Vietnamese,Chinese,Indonesian": 0.38666666666666666,
            "Filipino,Vietnamese,Chinese,English": 0.36,
            "Filipino,Vietnamese,Spanish,Malay": 0.36,
            "Filipino,Vietnamese,Spanish,Indonesian": 0.38,
            "Filipino,Vietnamese,Spanish,English": 0.35333333333333333,
            "Filipino,Vietnamese,Malay,Indonesian": 0.36666666666666664,
            "Filipino,Vietnamese,Malay,English": 0.32,
            "Filipino,Vietnamese,Indonesian,English": 0.36,
            "Filipino,Chinese,Spanish,Malay": 0.36,
            "Filipino,Chinese,Spanish,Indonesian": 0.3933333333333333,
            "Filipino,Chinese,Spanish,English": 0.38,
            "Filipino,Chinese,Malay,Indonesian": 0.35333333333333333,
            "Filipino,Chinese,Malay,English": 0.32666666666666666,
            "Filipino,Chinese,Indonesian,English": 0.36,
            "Filipino,Spanish,Malay,Indonesian": 0.36666666666666664,
            "Filipino,Spanish,Malay,English": 0.34,
            "Filipino,Spanish,Indonesian,English": 0.37333333333333335,
            "Filipino,Malay,Indonesian,English": 0.3333333333333333,
            "Vietnamese,Chinese,Spanish,Malay": 0.42,
            "Vietnamese,Chinese,Spanish,Indonesian": 0.46,
            "Vietnamese,Chinese,Spanish,English": 0.44666666666666666,
            "Vietnamese,Chinese,Malay,Indonesian": 0.4266666666666667,
            "Vietnamese,Chinese,Malay,English": 0.38,
            "Vietnamese,Chinese,Indonesian,English": 0.42,
            "Vietnamese,Spanish,Malay,Indonesian": 0.43333333333333335,
            "Vietnamese,Spanish,Malay,English": 0.38666666666666666,
            "Vietnamese,Spanish,Indonesian,English": 0.43333333333333335,
            "Vietnamese,Malay,Indonesian,English": 0.4,
            "Chinese,Spanish,Malay,Indonesian": 0.4266666666666667,
            "Chinese,Spanish,Malay,English": 0.41333333333333333,
            "Chinese,Spanish,Indonesian,English": 0.44,
            "Chinese,Malay,Indonesian,English": 0.37333333333333335,
            "Spanish,Malay,Indonesian,English": 0.41333333333333333
        },
        "5_combine": {
            "Filipino,Vietnamese,Chinese,Spanish,Malay": 0.30666666666666664,
            "Filipino,Vietnamese,Chinese,Spanish,Indonesian": 0.3466666666666667,
            "Filipino,Vietnamese,Chinese,Spanish,English": 0.31333333333333335,
            "Filipino,Vietnamese,Chinese,Malay,Indonesian": 0.32,
            "Filipino,Vietnamese,Chinese,Malay,English": 0.28,
            "Filipino,Vietnamese,Chinese,Indonesian,English": 0.32,
            "Filipino,Vietnamese,Spanish,Malay,Indonesian": 0.32,
            "Filipino,Vietnamese,Spanish,Malay,English": 0.28,
            "Filipino,Vietnamese,Spanish,Indonesian,English": 0.31333333333333335,
            "Filipino,Vietnamese,Malay,Indonesian,English": 0.3,
            "Filipino,Chinese,Spanish,Malay,Indonesian": 0.32,
            "Filipino,Chinese,Spanish,Malay,English": 0.3,
            "Filipino,Chinese,Spanish,Indonesian,English": 0.32666666666666666,
            "Filipino,Chinese,Malay,Indonesian,English": 0.28,
            "Filipino,Spanish,Malay,Indonesian,English": 0.3,
            "Vietnamese,Chinese,Spanish,Malay,Indonesian": 0.38666666666666666,
            "Vietnamese,Chinese,Spanish,Malay,English": 0.3466666666666667,
            "Vietnamese,Chinese,Spanish,Indonesian,English": 0.38,
            "Vietnamese,Chinese,Malay,Indonesian,English": 0.34,
            "Vietnamese,Spanish,Malay,Indonesian,English": 0.36,
            "Chinese,Spanish,Malay,Indonesian,English": 0.35333333333333333
        },
        "6_combine": {
            "Filipino,Vietnamese,Chinese,Spanish,Malay,Indonesian": 0.29333333333333333,
            "Filipino,Vietnamese,Chinese,Spanish,Malay,English": 0.25333333333333335,
            "Filipino,Vietnamese,Chinese,Spanish,Indonesian,English": 0.2866666666666667,
            "Filipino,Vietnamese,Chinese,Malay,Indonesian,English": 0.26,
            "Filipino,Vietnamese,Spanish,Malay,Indonesian,English": 0.26666666666666666,
            "Filipino,Chinese,Spanish,Malay,Indonesian,English": 0.26,
            "Vietnamese,Chinese,Spanish,Malay,Indonesian,English": 0.32
        },