{
    "rouge1": 0.21398263404053994,
    "rouge2": 0.057143774377134346,
    "rougeL": 0.15730363685762183,
    "avg_rouge": 0.14281001509176536
}