{
    "overall_acc": 0.6590909090909091,
    "language_acc": {
        "Vietnamese": 0.6193181818181818,
        "Indonesian": 0.6306818181818182,
        "Spanish": 0.6647727272727273,
        "Malay": 0.6590909090909091,
        "Filipino": 0.6420454545454546,
        "English": 0.7329545454545454,
        "Chinese": 0.6647727272727273
    },
    "consistency_score_2": 0.7372835497835497,
    "consistency_score_3": 0.6230519480519479,
    "consistency_score_4": 0.552435064935065,
    "consistency_score_5": 0.5021645021645023,
    "consistency_score_6": 0.4634740259740259,
    "consistency_score_7": 0.4318181818181818,
    "detailed_consistency_score": {
        "2_combine": {
            "Vietnamese,Indonesian": 0.6988636363636364,
            "Vietnamese,Spanish": 0.75,
            "Vietnamese,Malay": 0.7045454545454546,
            "Vietnamese,Filipino": 0.7159090909090909,
            "Vietnamese,English": 0.75,
            "Vietnamese,Chinese": 0.6477272727272727,
            "Indonesian,Spanish": 0.7727272727272727,
            "Indonesian,Malay": 0.7613636363636364,
            "Indonesian,Filipino": 0.7443181818181818,
            "Indonesian,English": 0.7727272727272727,
            "Indonesian,Chinese": 0.7159090909090909,
            "Spanish,Malay": 0.75,
            "Spanish,Filipino": 0.7954545454545454,
            "Spanish,English": 0.8409090909090909,
            "Spanish,Chinese": 0.7272727272727273,
            "Malay,Filipino": 0.7329545454545454,
            "Malay,English": 0.7556818181818182,
            "Malay,Chinese": 0.6818181818181818,
            "Filipino,English": 0.7784090909090909,
            "Filipino,Chinese": 0.6931818181818182,
            "English,Chinese": 0.6931818181818182
        },
        "3_combine": {
            "Vietnamese,Indonesian,Spanish": 0.625,
            "Vietnamese,Indonesian,Malay": 0.5965909090909091,
            "Vietnamese,Indonesian,Filipino": 0.6022727272727273,
            "Vietnamese,Indonesian,English": 0.6193181818181818,
            "Vietnamese,Indonesian,Chinese": 0.5568181818181818,
            "Vietnamese,Spanish,Malay": 0.6193181818181818,
            "Vietnamese,Spanish,Filipino": 0.6534090909090909,
            "Vietnamese,Spanish,English": 0.6818181818181818,
            "Vietnamese,Spanish,Chinese": 0.5738636363636364,
            "Vietnamese,Malay,Filipino": 0.5965909090909091,
            "Vietnamese,Malay,English": 0.6193181818181818,
            "Vietnamese,Malay,Chinese": 0.5511363636363636,
            "Vietnamese,Filipino,English": 0.6363636363636364,
            "Vietnamese,Filipino,Chinese": 0.5511363636363636,
            "Vietnamese,English,Chinese": 0.5568181818181818,
            "Indonesian,Spanish,Malay": 0.6647727272727273,
            "Indonesian,Spanish,Filipino": 0.6704545454545454,
            "Indonesian,Spanish,English": 0.7045454545454546,
            "Indonesian,Spanish,Chinese": 0.6306818181818182,
            "Indonesian,Malay,Filipino": 0.6420454545454546,
            "Indonesian,Malay,English": 0.6534090909090909,
            "Indonesian,Malay,Chinese": 0.6022727272727273,
            "Indonesian,Filipino,English": 0.6647727272727273,
            "Indonesian,Filipino,Chinese": 0.6022727272727273,
            "Indonesian,English,Chinese": 0.6136363636363636,
            "Spanish,Malay,Filipino": 0.6477272727272727,
            "Spanish,Malay,English": 0.6875,
            "Spanish,Malay,Chinese": 0.6022727272727273,
            "Spanish,Filipino,English": 0.7159090909090909,
            "Spanish,Filipino,Chinese": 0.6193181818181818,
            "Spanish,English,Chinese": 0.6420454545454546,
            "Malay,Filipino,English": 0.6477272727272727,
            "Malay,Filipino,Chinese": 0.5681818181818182,
            "Malay,English,Chinese": 0.5852272727272727,
            "Filipino,English,Chinese": 0.6022727272727273
        },
        "4_combine": {
            "Vietnamese,Indonesian,Spanish,Malay": 0.5511363636363636,
            "Vietnamese,Indonesian,Spanish,Filipino": 0.5738636363636364,
            "Vietnamese,Indonesian,Spanish,English": 0.5909090909090909,
            "Vietnamese,Indonesian,Spanish,Chinese": 0.5227272727272727,
            "Vietnamese,Indonesian,Malay,Filipino": 0.5397727272727273,
            "Vietnamese,Indonesian,Malay,English": 0.5625,
            "Vietnamese,Indonesian,Malay,Chinese": 0.5,
            "Vietnamese,Indonesian,Filipino,English": 0.5568181818181818,
            "Vietnamese,Indonesian,Filipino,Chinese": 0.5056818181818182,
            "Vietnamese,Indonesian,English,Chinese": 0.5056818181818182,
            "Vietnamese,Spanish,Malay,Filipino": 0.5625,
            "Vietnamese,Spanish,Malay,English": 0.5965909090909091,
            "Vietnamese,Spanish,Malay,Chinese": 0.5056818181818182,
            "Vietnamese,Spanish,Filipino,English": 0.6136363636363636,
            "Vietnamese,Spanish,Filipino,Chinese": 0.5227272727272727,
            "Vietnamese,Spanish,English,Chinese": 0.5284090909090909,
            "Vietnamese,Malay,Filipino,English": 0.5625,
            "Vietnamese,Malay,Filipino,Chinese": 0.48863636363636365,
            "Vietnamese,Malay,English,Chinese": 0.5056818181818182,
            "Vietnamese,Filipino,English,Chinese": 0.5056818181818182,
            "Indonesian,Spanish,Malay,Filipino": 0.5909090909090909,
            "Indonesian,Spanish,Malay,English": 0.6193181818181818,
            "Indonesian,Spanish,Malay,Chinese": 0.5568181818181818,
            "Indonesian,Spanish,Filipino,English": 0.625,
            "Indonesian,Spanish,Filipino,Chinese": 0.5625,
            "Indonesian,Spanish,English,Chinese": 0.5738636363636364,
            "Indonesian,Malay,Filipino,English": 0.5852272727272727,
            "Indonesian,Malay,Filipino,Chinese": 0.5284090909090909,
            "Indonesian,Malay,English,Chinese": 0.5454545454545454,
            "Indonesian,Filipino,English,Chinese": 0.5511363636363636,
            "Spanish,Malay,Filipino,English": 0.6136363636363636,
            "Spanish,Malay,Filipino,Chinese": 0.5284090909090909,
            "Spanish,Malay,English,Chinese": 0.5625,
            "Spanish,Filipino,English,Chinese": 0.5681818181818182,
            "Malay,Filipino,English,Chinese": 0.5227272727272727
        },
        "5_combine": {
            "Vietnamese,Indonesian,Spanish,Malay,Filipino": 0.5170454545454546,
            "Vietnamese,Indonesian,Spanish,Malay,English": 0.5397727272727273,
            "Vietnamese,Indonesian,Spanish,Malay,Chinese": 0.4715909090909091,
            "Vietnamese,Indonesian,Spanish,Filipino,English": 0.5454545454545454,
            "Vietnamese,Indonesian,Spanish,Filipino,Chinese": 0.48863636363636365,
            "Vietnamese,Indonesian,Spanish,English,Chinese": 0.48863636363636365,
            "Vietnamese,Indonesian,Malay,Filipino,English": 0.5170454545454546,
            "Vietnamese,Indonesian,Malay,Filipino,Chinese": 0.4602272727272727,
            "Vietnamese,Indonesian,Malay,English,Chinese": 0.4772727272727273,
            "Vietnamese,Indonesian,Filipino,English,Chinese": 0.4715909090909091,
            "Vietnamese,Spanish,Malay,Filipino,English": 0.5511363636363636,
            "Vietnamese,Spanish,Malay,Filipino,Chinese": 0.4659090909090909,
            "Vietnamese,Spanish,Malay,English,Chinese": 0.48863636363636365,
            "Vietnamese,Spanish,Filipino,English,Chinese": 0.48863636363636365,
            "Vietnamese,Malay,Filipino,English,Chinese": 0.4659090909090909,
            "Indonesian,Spanish,Malay,Filipino,English": 0.5625,
            "Indonesian,Spanish,Malay,Filipino,Chinese": 0.5,
            "Indonesian,Spanish,Malay,English,Chinese": 0.5227272727272727,
            "Indonesian,Spanish,Filipino,English,Chinese": 0.5227272727272727,
            "Indonesian,Malay,Filipino,English,Chinese": 0.4943181818181818,
            "Spanish,Malay,Filipino,English,Chinese": 0.5056818181818182
        },