{
    "overall_acc": 0.6542207792207793,
    "language_acc": {
        "Vietnamese": 0.5965909090909091,
        "Indonesian": 0.6420454545454546,
        "Spanish": 0.6761363636363636,
        "Malay": 0.6647727272727273,
        "Filipino": 0.6477272727272727,
        "English": 0.6988636363636364,
        "Chinese": 0.6534090909090909
    },
    "consistency_score_2": 0.7351190476190477,
    "consistency_score_3": 0.6209415584415584,
    "consistency_score_4": 0.5501623376623376,
    "consistency_score_5": 0.5,
    "consistency_score_6": 0.4618506493506494,
    "consistency_score_7": 0.4318181818181818,
    "detailed_consistency_score": {
        "2_combine": {
            "Vietnamese,Indonesian": 0.6818181818181818,
            "Vietnamese,Spanish": 0.6931818181818182,
            "Vietnamese,Malay": 0.6931818181818182,
            "Vietnamese,Filipino": 0.6761363636363636,
            "Vietnamese,English": 0.6988636363636364,
            "Vietnamese,Chinese": 0.6420454545454546,
            "Indonesian,Spanish": 0.7784090909090909,
            "Indonesian,Malay": 0.7840909090909091,
            "Indonesian,Filipino": 0.7556818181818182,
            "Indonesian,English": 0.7784090909090909,
            "Indonesian,Chinese": 0.7159090909090909,
            "Spanish,Malay": 0.7840909090909091,
            "Spanish,Filipino": 0.7784090909090909,
            "Spanish,English": 0.7784090909090909,
            "Spanish,Chinese": 0.7329545454545454,
            "Malay,Filipino": 0.7386363636363636,
            "Malay,English": 0.7556818181818182,
            "Malay,Chinese": 0.7386363636363636,
            "Filipino,English": 0.7727272727272727,
            "Filipino,Chinese": 0.7272727272727273,
            "English,Chinese": 0.7329545454545454
        },
        "3_combine": {
            "Vietnamese,Indonesian,Spanish": 0.5965909090909091,
            "Vietnamese,Indonesian,Malay": 0.5965909090909091,
            "Vietnamese,Indonesian,Filipino": 0.5738636363636364,
            "Vietnamese,Indonesian,English": 0.5965909090909091,
            "Vietnamese,Indonesian,Chinese": 0.5454545454545454,
            "Vietnamese,Spanish,Malay": 0.6136363636363636,
            "Vietnamese,Spanish,Filipino": 0.5965909090909091,
            "Vietnamese,Spanish,English": 0.6079545454545454,
            "Vietnamese,Spanish,Chinese": 0.5568181818181818,
            "Vietnamese,Malay,Filipino": 0.5795454545454546,
            "Vietnamese,Malay,English": 0.5965909090909091,
            "Vietnamese,Malay,Chinese": 0.5568181818181818,
            "Vietnamese,Filipino,English": 0.5852272727272727,
            "Vietnamese,Filipino,Chinese": 0.5454545454545454,
            "Vietnamese,English,Chinese": 0.5454545454545454,
            "Indonesian,Spanish,Malay": 0.6818181818181818,
            "Indonesian,Spanish,Filipino": 0.6704545454545454,
            "Indonesian,Spanish,English": 0.6875,
            "Indonesian,Spanish,Chinese": 0.6306818181818182,
            "Indonesian,Malay,Filipino": 0.6590909090909091,
            "Indonesian,Malay,English": 0.6761363636363636,
            "Indonesian,Malay,Chinese": 0.6363636363636364,
            "Indonesian,Filipino,English": 0.6647727272727273,
            "Indonesian,Filipino,Chinese": 0.6193181818181818,
            "Indonesian,English,Chinese": 0.625,
            "Spanish,Malay,Filipino": 0.6704545454545454,
            "Spanish,Malay,English": 0.6818181818181818,
            "Spanish,Malay,Chinese": 0.6363636363636364,
            "Spanish,Filipino,English": 0.6761363636363636,
            "Spanish,Filipino,Chinese": 0.6363636363636364,
            "Spanish,English,Chinese": 0.6420454545454546,
            "Malay,Filipino,English": 0.6590909090909091,
            "Malay,Filipino,Chinese": 0.625,
            "Malay,English,Chinese": 0.625,
            "Filipino,English,Chinese": 0.6363636363636364
        },
        "4_combine": {
            "Vietnamese,Indonesian,Spanish,Malay": 0.5568181818181818,
            "Vietnamese,Indonesian,Spanish,Filipino": 0.5340909090909091,
            "Vietnamese,Indonesian,Spanish,English": 0.5511363636363636,
            "Vietnamese,Indonesian,Spanish,Chinese": 0.5056818181818182,
            "Vietnamese,Indonesian,Malay,Filipino": 0.5340909090909091,
            "Vietnamese,Indonesian,Malay,English": 0.5511363636363636,
            "Vietnamese,Indonesian,Malay,Chinese": 0.5,
            "Vietnamese,Indonesian,Filipino,English": 0.5170454545454546,
            "Vietnamese,Indonesian,Filipino,Chinese": 0.4943181818181818,
            "Vietnamese,Indonesian,English,Chinese": 0.4943181818181818,
            "Vietnamese,Spanish,Malay,Filipino": 0.5454545454545454,
            "Vietnamese,Spanish,Malay,English": 0.5625,
            "Vietnamese,Spanish,Malay,Chinese": 0.5170454545454546,
            "Vietnamese,Spanish,Filipino,English": 0.5454545454545454,
            "Vietnamese,Spanish,Filipino,Chinese": 0.5,
            "Vietnamese,Spanish,English,Chinese": 0.5,
            "Vietnamese,Malay,Filipino,English": 0.5454545454545454,
            "Vietnamese,Malay,Filipino,Chinese": 0.5056818181818182,
            "Vietnamese,Malay,English,Chinese": 0.5056818181818182,
            "Vietnamese,Filipino,English,Chinese": 0.48863636363636365,
            "Indonesian,Spanish,Malay,Filipino": 0.6136363636363636,
            "Indonesian,Spanish,Malay,English": 0.6306818181818182,
            "Indonesian,Spanish,Malay,Chinese": 0.5738636363636364,
            "Indonesian,Spanish,Filipino,English": 0.6079545454545454,
            "Indonesian,Spanish,Filipino,Chinese": 0.5738636363636364,
            "Indonesian,Spanish,English,Chinese": 0.5852272727272727,
            "Indonesian,Malay,Filipino,English": 0.6079545454545454,
            "Indonesian,Malay,Filipino,Chinese": 0.5625,
            "Indonesian,Malay,English,Chinese": 0.5738636363636364,
            "Indonesian,Filipino,English,Chinese": 0.5568181818181818,
            "Spanish,Malay,Filipino,English": 0.6079545454545454,
            "Spanish,Malay,Filipino,Chinese": 0.5795454545454546,
            "Spanish,Malay,English,Chinese": 0.5795454545454546,
            "Spanish,Filipino,English,Chinese": 0.5738636363636364,
            "Malay,Filipino,English,Chinese": 0.5738636363636364
        },
        "5_combine": {
            "Vietnamese,Indonesian,Spanish,Malay,Filipino": 0.5113636363636364,
            "Vietnamese,Indonesian,Spanish,Malay,English": 0.5284090909090909,
            "Vietnamese,Indonesian,Spanish,Malay,Chinese": 0.4772727272727273,
            "Vietnamese,Indonesian,Spanish,Filipino,English": 0.4943181818181818,
            "Vietnamese,Indonesian,Spanish,Filipino,Chinese": 0.4659090909090909,
            "Vietnamese,Indonesian,Spanish,English,Chinese": 0.4715909090909091,
            "Vietnamese,Indonesian,Malay,Filipino,English": 0.5056818181818182,
            "Vietnamese,Indonesian,Malay,Filipino,Chinese": 0.4659090909090909,
            "Vietnamese,Indonesian,Malay,English,Chinese": 0.4715909090909091,
            "Vietnamese,Indonesian,Filipino,English,Chinese": 0.44886363636363635,
            "Vietnamese,Spanish,Malay,Filipino,English": 0.5170454545454546,
            "Vietnamese,Spanish,Malay,Filipino,Chinese": 0.4772727272727273,
            "Vietnamese,Spanish,Malay,English,Chinese": 0.48295454545454547,
            "Vietnamese,Spanish,Filipino,English,Chinese": 0.4602272727272727,
            "Vietnamese,Malay,Filipino,English,Chinese": 0.4772727272727273,
            "Indonesian,Spanish,Malay,Filipino,English": 0.5738636363636364,
            "Indonesian,Spanish,Malay,Filipino,Chinese": 0.5340909090909091,
            "Indonesian,Spanish,Malay,English,Chinese": 0.5454545454545454,
            "Indonesian,Spanish,Filipino,English,Chinese": 0.5284090909090909,
            "Indonesian,Malay,Filipino,English,Chinese": 0.5284090909090909,
            "Spanish,Malay,Filipino,English,Chinese": 0.5340909090909091
        },