{
    "overall_acc": 0.661525974025974,
    "language_acc": {
        "Vietnamese": 0.6136363636363636,
        "Indonesian": 0.6647727272727273,
        "Spanish": 0.6931818181818182,
        "Malay": 0.6193181818181818,
        "Filipino": 0.6193181818181818,
        "English": 0.7272727272727273,
        "Chinese": 0.6931818181818182
    },
    "consistency_score_2": 0.7394480519480519,
    "consistency_score_3": 0.6262987012987011,
    "consistency_score_4": 0.558116883116883,
    "consistency_score_5": 0.5113636363636362,
    "consistency_score_6": 0.476461038961039,
    "consistency_score_7": 0.44886363636363635,
    "detailed_consistency_score": {
        "2_combine": {
            "Vietnamese,Indonesian": 0.7215909090909091,
            "Vietnamese,Spanish": 0.7727272727272727,
            "Vietnamese,Malay": 0.6931818181818182,
            "Vietnamese,Filipino": 0.7045454545454546,
            "Vietnamese,English": 0.7159090909090909,
            "Vietnamese,Chinese": 0.6875,
            "Indonesian,Spanish": 0.7897727272727273,
            "Indonesian,Malay": 0.7670454545454546,
            "Indonesian,Filipino": 0.7386363636363636,
            "Indonesian,English": 0.7329545454545454,
            "Indonesian,Chinese": 0.7272727272727273,
            "Spanish,Malay": 0.7727272727272727,
            "Spanish,Filipino": 0.7954545454545454,
            "Spanish,English": 0.8181818181818182,
            "Spanish,Chinese": 0.7556818181818182,
            "Malay,Filipino": 0.7329545454545454,
            "Malay,English": 0.7329545454545454,
            "Malay,Chinese": 0.6988636363636364,
            "Filipino,English": 0.7727272727272727,
            "Filipino,Chinese": 0.6988636363636364,
            "English,Chinese": 0.6988636363636364
        },
        "3_combine": {
            "Vietnamese,Indonesian,Spanish": 0.6534090909090909,
            "Vietnamese,Indonesian,Malay": 0.6079545454545454,
            "Vietnamese,Indonesian,Filipino": 0.6022727272727273,
            "Vietnamese,Indonesian,English": 0.6022727272727273,
            "Vietnamese,Indonesian,Chinese": 0.5852272727272727,
            "Vietnamese,Spanish,Malay": 0.6363636363636364,
            "Vietnamese,Spanish,Filipino": 0.6477272727272727,
            "Vietnamese,Spanish,English": 0.6647727272727273,
            "Vietnamese,Spanish,Chinese": 0.6193181818181818,
            "Vietnamese,Malay,Filipino": 0.5795454545454546,
            "Vietnamese,Malay,English": 0.5909090909090909,
            "Vietnamese,Malay,Chinese": 0.5625,
            "Vietnamese,Filipino,English": 0.6193181818181818,
            "Vietnamese,Filipino,Chinese": 0.5681818181818182,
            "Vietnamese,English,Chinese": 0.5681818181818182,
            "Indonesian,Spanish,Malay": 0.6761363636363636,
            "Indonesian,Spanish,Filipino": 0.6761363636363636,
            "Indonesian,Spanish,English": 0.6875,
            "Indonesian,Spanish,Chinese": 0.6534090909090909,
            "Indonesian,Malay,Filipino": 0.6420454545454546,
            "Indonesian,Malay,English": 0.625,
            "Indonesian,Malay,Chinese": 0.6136363636363636,
            "Indonesian,Filipino,English": 0.6363636363636364,
            "Indonesian,Filipino,Chinese": 0.6079545454545454,
            "Indonesian,English,Chinese": 0.5965909090909091,
            "Spanish,Malay,Filipino": 0.6647727272727273,
            "Spanish,Malay,English": 0.6761363636363636,
            "Spanish,Malay,Chinese": 0.6306818181818182,
            "Spanish,Filipino,English": 0.7102272727272727,
            "Spanish,Filipino,Chinese": 0.6363636363636364,
            "Spanish,English,Chinese": 0.6534090909090909,
            "Malay,Filipino,English": 0.6420454545454546,
            "Malay,Filipino,Chinese": 0.5795454545454546,
            "Malay,English,Chinese": 0.5909090909090909,
            "Filipino,English,Chinese": 0.6136363636363636
        },
        "4_combine": {
            "Vietnamese,Indonesian,Spanish,Malay": 0.5738636363636364,
            "Vietnamese,Indonesian,Spanish,Filipino": 0.5738636363636364,
            "Vietnamese,Indonesian,Spanish,English": 0.5681818181818182,
            "Vietnamese,Indonesian,Spanish,Chinese": 0.5625,
            "Vietnamese,Indonesian,Malay,Filipino": 0.5284090909090909,
            "Vietnamese,Indonesian,Malay,English": 0.5340909090909091,
            "Vietnamese,Indonesian,Malay,Chinese": 0.5340909090909091,
            "Vietnamese,Indonesian,Filipino,English": 0.5454545454545454,
            "Vietnamese,Indonesian,Filipino,Chinese": 0.5227272727272727,
            "Vietnamese,Indonesian,English,Chinese": 0.5113636363636364,
            "Vietnamese,Spanish,Malay,Filipino": 0.5511363636363636,
            "Vietnamese,Spanish,Malay,English": 0.5681818181818182,
            "Vietnamese,Spanish,Malay,Chinese": 0.5454545454545454,
            "Vietnamese,Spanish,Filipino,English": 0.5965909090909091,
            "Vietnamese,Spanish,Filipino,Chinese": 0.5340909090909091,
            "Vietnamese,Spanish,English,Chinese": 0.5511363636363636,
            "Vietnamese,Malay,Filipino,English": 0.5397727272727273,
            "Vietnamese,Malay,Filipino,Chinese": 0.5,
            "Vietnamese,Malay,English,Chinese": 0.5,
            "Vietnamese,Filipino,English,Chinese": 0.5284090909090909,
            "Indonesian,Spanish,Malay,Filipino": 0.6079545454545454,
            "Indonesian,Spanish,Malay,English": 0.6079545454545454,
            "Indonesian,Spanish,Malay,Chinese": 0.5909090909090909,
            "Indonesian,Spanish,Filipino,English": 0.6136363636363636,
            "Indonesian,Spanish,Filipino,Chinese": 0.5681818181818182,
            "Indonesian,Spanish,English,Chinese": 0.5795454545454546,
            "Indonesian,Malay,Filipino,English": 0.5852272727272727,
            "Indonesian,Malay,Filipino,Chinese": 0.5397727272727273,
            "Indonesian,Malay,English,Chinese": 0.5397727272727273,
            "Indonesian,Filipino,English,Chinese": 0.5511363636363636,
            "Spanish,Malay,Filipino,English": 0.625,
            "Spanish,Malay,Filipino,Chinese": 0.5625,
            "Spanish,Malay,English,Chinese": 0.5625,
            "Spanish,Filipino,English,Chinese": 0.5909090909090909,
            "Malay,Filipino,English,Chinese": 0.5397727272727273
        },
        "5_combine": {
            "Vietnamese,Indonesian,Spanish,Malay,Filipino": 0.5113636363636364,
            "Vietnamese,Indonesian,Spanish,Malay,English": 0.5170454545454546,
            "Vietnamese,Indonesian,Spanish,Malay,Chinese": 0.5227272727272727,
            "Vietnamese,Indonesian,Spanish,Filipino,English": 0.5284090909090909,
            "Vietnamese,Indonesian,Spanish,Filipino,Chinese": 0.5,
            "Vietnamese,Indonesian,Spanish,English,Chinese": 0.5,
            "Vietnamese,Indonesian,Malay,Filipino,English": 0.5,
            "Vietnamese,Indonesian,Malay,Filipino,Chinese": 0.4772727272727273,
            "Vietnamese,Indonesian,Malay,English,Chinese": 0.4772727272727273,
            "Vietnamese,Indonesian,Filipino,English,Chinese": 0.48863636363636365,
            "Vietnamese,Spanish,Malay,Filipino,English": 0.5284090909090909,
            "Vietnamese,Spanish,Malay,Filipino,Chinese": 0.48863636363636365,
            "Vietnamese,Spanish,Malay,English,Chinese": 0.4943181818181818,
            "Vietnamese,Spanish,Filipino,English,Chinese": 0.5113636363636364,
            "Vietnamese,Malay,Filipino,English,Chinese": 0.4772727272727273,
            "Indonesian,Spanish,Malay,Filipino,English": 0.5738636363636364,
            "Indonesian,Spanish,Malay,Filipino,Chinese": 0.5284090909090909,
            "Indonesian,Spanish,Malay,English,Chinese": 0.5340909090909091,
            "Indonesian,Spanish,Filipino,English,Chinese": 0.5340909090909091,
            "Indonesian,Malay,Filipino,English,Chinese": 0.5113636363636364,
            "Spanish,Malay,Filipino,English,Chinese": 0.5340909090909091
        },