{
    "rouge1": 0.18930219636318057,
    "rouge2": 0.0509957241945143,
    "rougeL": 0.14481650495763934,
    "avg_rouge": 0.12837147517177808
}