{
    "rouge1": 0.21951377873070885,
    "rouge2": 0.054306230540633486,
    "rougeL": 0.15617467192439893,
    "avg_rouge": 0.14333156039858042
}