{
    "rouge1": 0.22324097016418196,
    "rouge2": 0.056535321282525815,
    "rougeL": 0.16041089625980098,
    "avg_rouge": 0.14672906256883625
}