{
    "overall_acc": 0.8815126050420169,
    "language_acc": {
        "Spanish": 0.9,
        "English": 0.9159663865546218,
        "Chinese": 0.8697478991596639,
        "Vietnamese": 0.8403361344537815
    },
    "consistency_score_2": 0.8579831932773109,
    "consistency_score_3": 0.7964285714285714,
    "consistency_score_4": 0.7571428571428571,
    "detailed_consistency_score": {
        "2_combine": {
            "Spanish,English": 0.907563025210084,
            "Spanish,Chinese": 0.8638655462184874,
            "Spanish,Vietnamese": 0.8403361344537815,
            "English,Chinese": 0.8689075630252101,
            "English,Vietnamese": 0.8369747899159664,
            "Chinese,Vietnamese": 0.8302521008403362
        },
        "3_combine": {
            "Spanish,English,Chinese": 0.8285714285714286,
            "Spanish,English,Vietnamese": 0.8025210084033614,
            "Spanish,Chinese,Vietnamese": 0.7773109243697479,
            "English,Chinese,Vietnamese": 0.7773109243697479
        },
        "4_combine": {
            "Spanish,English,Chinese,Vietnamese": 0.7571428571428571
        }
    },
    "AC3_2": 0.8695887629914576,
    "AC3_3": 0.8368133931426378,
    "AC3_4": 0.8146080585583467
}