{
    "overall_acc": 0.88109243697479,
    "language_acc": {
        "Spanish": 0.8991596638655462,
        "English": 0.9126050420168067,
        "Chinese": 0.8714285714285714,
        "Vietnamese": 0.8411764705882353
    },
    "consistency_score_2": 0.8586834733893557,
    "consistency_score_3": 0.7972689075630252,
    "consistency_score_4": 0.7571428571428571,
    "detailed_consistency_score": {
        "2_combine": {
            "Spanish,English": 0.9109243697478991,
            "Spanish,Chinese": 0.873109243697479,
            "Spanish,Vietnamese": 0.8445378151260504,
            "English,Chinese": 0.865546218487395,
            "English,Vietnamese": 0.8336134453781513,
            "Chinese,Vietnamese": 0.8243697478991596
        },
        "3_combine": {
            "Spanish,English,Chinese": 0.8327731092436975,
            "Spanish,English,Vietnamese": 0.8042016806722689,
            "Spanish,Chinese,Vietnamese": 0.780672268907563,
            "English,Chinese,Vietnamese": 0.7714285714285715
        },
        "4_combine": {
            "Spanish,English,Chinese,Vietnamese": 0.7571428571428571
        }
    },
    "AC3_2": 0.8697436372213716,
    "AC3_3": 0.8370874447665793,
    "AC3_4": 0.8144286080182891
}