{
    "overall_acc": 0.3961904761904762,
    "language_acc": {
        "Filipino": 0.38666666666666666,
        "Vietnamese": 0.3466666666666667,
        "Chinese": 0.34,
        "Spanish": 0.46,
        "Malay": 0.3933333333333333,
        "Indonesian": 0.38,
        "English": 0.4666666666666667
    },
    "consistency_score_2": 0.5098412698412699,
    "consistency_score_3": 0.32495238095238094,
    "consistency_score_4": 0.23085714285714282,
    "consistency_score_5": 0.1761904761904762,
    "consistency_score_6": 0.14190476190476192,
    "consistency_score_7": 0.12,
    "detailed_consistency_score": {
        "2_combine": {
            "Filipino,Vietnamese": 0.44666666666666666,
            "Filipino,Chinese": 0.43333333333333335,
            "Filipino,Spanish": 0.48,
            "Filipino,Malay": 0.5133333333333333,
            "Filipino,Indonesian": 0.5,
            "Filipino,English": 0.54,
            "Vietnamese,Chinese": 0.5533333333333333,
            "Vietnamese,Spanish": 0.5333333333333333,
            "Vietnamese,Malay": 0.5666666666666667,
            "Vietnamese,Indonesian": 0.5866666666666667,
            "Vietnamese,English": 0.4866666666666667,
            "Chinese,Spanish": 0.5466666666666666,
            "Chinese,Malay": 0.47333333333333333,
            "Chinese,Indonesian": 0.52,
            "Chinese,English": 0.46,
            "Spanish,Malay": 0.44,
            "Spanish,Indonesian": 0.56,
            "Spanish,English": 0.5,
            "Malay,Indonesian": 0.6466666666666666,
            "Malay,English": 0.4066666666666667,
            "Indonesian,English": 0.5133333333333333
        },
        "3_combine": {
            "Filipino,Vietnamese,Chinese": 0.3,
            "Filipino,Vietnamese,Spanish": 0.29333333333333333,
            "Filipino,Vietnamese,Malay": 0.32666666666666666,
            "Filipino,Vietnamese,Indonesian": 0.3333333333333333,
            "Filipino,Vietnamese,English": 0.3,
            "Filipino,Chinese,Spanish": 0.29333333333333333,
            "Filipino,Chinese,Malay": 0.28,
            "Filipino,Chinese,Indonesian": 0.28,
            "Filipino,Chinese,English": 0.29333333333333333,
            "Filipino,Spanish,Malay": 0.26666666666666666,
            "Filipino,Spanish,Indonesian": 0.32666666666666666,
            "Filipino,Spanish,English": 0.32666666666666666,
            "Filipino,Malay,Indonesian": 0.37333333333333335,
            "Filipino,Malay,English": 0.2866666666666667,
            "Filipino,Indonesian,English": 0.34,
            "Vietnamese,Chinese,Spanish": 0.38666666666666666,
            "Vietnamese,Chinese,Malay": 0.36,
            "Vietnamese,Chinese,Indonesian": 0.38,
            "Vietnamese,Chinese,English": 0.30666666666666664,
            "Vietnamese,Spanish,Malay": 0.3333333333333333,
            "Vietnamese,Spanish,Indonesian": 0.4066666666666667,
            "Vietnamese,Spanish,English": 0.3333333333333333,
            "Vietnamese,Malay,Indonesian": 0.44666666666666666,
            "Vietnamese,Malay,English": 0.3,
            "Vietnamese,Indonesian,English": 0.3466666666666667,
            "Chinese,Spanish,Malay": 0.3,
            "Chinese,Spanish,Indonesian": 0.37333333333333335,
            "Chinese,Spanish,English": 0.30666666666666664,
            "Chinese,Malay,Indonesian": 0.36,
            "Chinese,Malay,English": 0.24666666666666667,
            "Chinese,Indonesian,English": 0.3,
            "Spanish,Malay,Indonesian": 0.36666666666666664,
            "Spanish,Malay,English": 0.24,
            "Spanish,Indonesian,English": 0.34,
            "Malay,Indonesian,English": 0.32
        },
        "4_combine": {
            "Filipino,Vietnamese,Chinese,Spanish": 0.22,
            "Filipino,Vietnamese,Chinese,Malay": 0.23333333333333334,
            "Filipino,Vietnamese,Chinese,Indonesian": 0.22666666666666666,
            "Filipino,Vietnamese,Chinese,English": 0.22666666666666666,
            "Filipino,Vietnamese,Spanish,Malay": 0.21333333333333335,
            "Filipino,Vietnamese,Spanish,Indonesian": 0.24666666666666667,
            "Filipino,Vietnamese,Spanish,English": 0.22,
            "Filipino,Vietnamese,Malay,Indonesian": 0.28,
            "Filipino,Vietnamese,Malay,English": 0.22,
            "Filipino,Vietnamese,Indonesian,English": 0.24,
            "Filipino,Chinese,Spanish,Malay": 0.19333333333333333,
            "Filipino,Chinese,Spanish,Indonesian": 0.21333333333333335,
            "Filipino,Chinese,Spanish,English": 0.2,
            "Filipino,Chinese,Malay,Indonesian": 0.22666666666666666,
            "Filipino,Chinese,Malay,English": 0.19333333333333333,
            "Filipino,Chinese,Indonesian,English": 0.22666666666666666,
            "Filipino,Spanish,Malay,Indonesian": 0.23333333333333334,
            "Filipino,Spanish,Malay,English": 0.18666666666666668,
            "Filipino,Spanish,Indonesian,English": 0.25333333333333335,
            "Filipino,Malay,Indonesian,English": 0.24,
            "Vietnamese,Chinese,Spanish,Malay": 0.26,
            "Vietnamese,Chinese,Spanish,Indonesian": 0.29333333333333333,
            "Vietnamese,Chinese,Spanish,English": 0.22666666666666666,
            "Vietnamese,Chinese,Malay,Indonesian": 0.30666666666666664,
            "Vietnamese,Chinese,Malay,English": 0.21333333333333335,
            "Vietnamese,Chinese,Indonesian,English": 0.23333333333333334,
            "Vietnamese,Spanish,Malay,Indonesian": 0.3,
            "Vietnamese,Spanish,Malay,English": 0.2,
            "Vietnamese,Spanish,Indonesian,English": 0.25333333333333335,
            "Vietnamese,Malay,Indonesian,English": 0.25333333333333335,
            "Chinese,Spanish,Malay,Indonesian": 0.25333333333333335,
            "Chinese,Spanish,Malay,English": 0.16,
            "Chinese,Spanish,Indonesian,English": 0.22,
            "Chinese,Malay,Indonesian,English": 0.2,
            "Spanish,Malay,Indonesian,English": 0.21333333333333335
        },
        "5_combine": {
            "Filipino,Vietnamese,Chinese,Spanish,Malay": 0.17333333333333334,
            "Filipino,Vietnamese,Chinese,Spanish,Indonesian": 0.18,
            "Filipino,Vietnamese,Chinese,Spanish,English": 0.16,
            "Filipino,Vietnamese,Chinese,Malay,Indonesian": 0.20666666666666667,
            "Filipino,Vietnamese,Chinese,Malay,English": 0.18,
            "Filipino,Vietnamese,Chinese,Indonesian,English": 0.18,
            "Filipino,Vietnamese,Spanish,Malay,Indonesian": 0.20666666666666667,
            "Filipino,Vietnamese,Spanish,Malay,English": 0.16,
            "Filipino,Vietnamese,Spanish,Indonesian,English": 0.18666666666666668,
            "Filipino,Vietnamese,Malay,Indonesian,English": 0.2,
            "Filipino,Chinese,Spanish,Malay,Indonesian": 0.17333333333333334,
            "Filipino,Chinese,Spanish,Malay,English": 0.13333333333333333,
            "Filipino,Chinese,Spanish,Indonesian,English": 0.16666666666666666,
            "Filipino,Chinese,Malay,Indonesian,English": 0.17333333333333334,
            "Filipino,Spanish,Malay,Indonesian,English": 0.17333333333333334,
            "Vietnamese,Chinese,Spanish,Malay,Indonesian": 0.22666666666666666,
            "Vietnamese,Chinese,Spanish,Malay,English": 0.14666666666666667,
            "Vietnamese,Chinese,Spanish,Indonesian,English": 0.17333333333333334,
            "Vietnamese,Chinese,Malay,Indonesian,English": 0.18,
            "Vietnamese,Spanish,Malay,Indonesian,English": 0.18,
            "Chinese,Spanish,Malay,Indonesian,English": 0.14
        },
        "6_combine": {
            "Filipino,Vietnamese,Chinese,Spanish,Malay,Indonesian": 0.16666666666666666,
            "Filipino,Vietnamese,Chinese,Spanish,Malay,English": 0.12666666666666668,
            "Filipino,Vietnamese,Chinese,Spanish,Indonesian,English": 0.13333333333333333,
            "Filipino,Vietnamese,Chinese,Malay,Indonesian,English": 0.16,
            "Filipino,Vietnamese,Spanish,Malay,Indonesian,English": 0.15333333333333332,