{
    "accuracy": 0.3584554880228817,
    "category_acc": {
        "high_school_european_history": 0.4695121951219512,
        "business_ethics": 0.43434343434343436,
        "clinical_knowledge": 0.39015151515151514,
        "medical_genetics": 0.30303030303030304,
        "high_school_us_history": 0.4433497536945813,
        "high_school_physics": 0.26,
        "high_school_world_history": 0.5296610169491526,
        "virology": 0.36363636363636365,
        "high_school_microeconomics": 0.34177215189873417,
        "econometrics": 0.24778761061946902,
        "college_computer_science": 0.30303030303030304,
        "high_school_biology": 0.36893203883495146,
        "abstract_algebra": 0.30303030303030304,
        "professional_accounting": 0.33451957295373663,
        "philosophy": 0.3903225806451613,
        "professional_medicine": 0.3062730627306273,
        "nutrition": 0.419672131147541,
        "global_facts": 0.2727272727272727,
        "machine_learning": 0.3063063063063063,
        "security_studies": 0.29918032786885246,
        "public_relations": 0.44036697247706424,
        "professional_psychology": 0.3469721767594108,
        "prehistory": 0.4055727554179567,
        "anatomy": 0.44029850746268656,
        "human_sexuality": 0.4461538461538462,
        "college_medicine": 0.3488372093023256,
        "high_school_government_and_politics": 0.4010416666666667,
        "college_chemistry": 0.24242424242424243,
        "logical_fallacies": 0.37037037037037035,
        "high_school_geography": 0.47715736040609136,
        "elementary_mathematics": 0.27851458885941643,
        "human_aging": 0.3918918918918919,
        "college_mathematics": 0.29292929292929293,
        "high_school_psychology": 0.4099264705882353,
        "formal_logic": 0.304,
        "high_school_statistics": 0.2558139534883721,
        "international_law": 0.5166666666666667,
        "high_school_mathematics": 0.2342007434944238,
        "high_school_computer_science": 0.32323232323232326,
        "conceptual_physics": 0.2948717948717949,
        "miscellaneous": 0.4782608695652174,
        "high_school_chemistry": 0.2722772277227723,
        "marketing": 0.48497854077253216,
        "professional_law": 0.30071754729288974,
        "management": 0.5,
        "college_physics": 0.25742574257425743,
        "jurisprudence": 0.3644859813084112,
        "world_religions": 0.4411764705882353,
        "sociology": 0.465,
        "us_foreign_policy": 0.5858585858585859,
        "high_school_macroeconomics": 0.3059125964010283,
        "computer_security": 0.37373737373737376,
        "moral_scenarios": 0.23825503355704697,
        "moral_disputes": 0.3855072463768116,
        "electrical_engineering": 0.3541666666666667,
        "astronomy": 0.44370860927152317,
        "college_biology": 0.36363636363636365
    }
}