{
    "accuracy": 0.3643189131212013,
    "category_acc": {
        "high_school_european_history": 0.4817073170731707,
        "business_ethics": 0.42424242424242425,
        "clinical_knowledge": 0.3939393939393939,
        "medical_genetics": 0.3333333333333333,
        "high_school_us_history": 0.4630541871921182,
        "high_school_physics": 0.26,
        "high_school_world_history": 0.5550847457627118,
        "virology": 0.3090909090909091,
        "high_school_microeconomics": 0.34177215189873417,
        "econometrics": 0.21238938053097345,
        "college_computer_science": 0.3333333333333333,
        "high_school_biology": 0.36893203883495146,
        "abstract_algebra": 0.23232323232323232,
        "professional_accounting": 0.3202846975088968,
        "philosophy": 0.3903225806451613,
        "professional_medicine": 0.3247232472324723,
        "nutrition": 0.4065573770491803,
        "global_facts": 0.21212121212121213,
        "machine_learning": 0.2972972972972973,
        "security_studies": 0.3155737704918033,
        "public_relations": 0.43119266055045874,
        "professional_psychology": 0.33387888707037644,
        "prehistory": 0.38699690402476783,
        "anatomy": 0.3880597014925373,
        "human_sexuality": 0.4230769230769231,
        "college_medicine": 0.3546511627906977,
        "high_school_government_and_politics": 0.4010416666666667,
        "college_chemistry": 0.29292929292929293,
        "logical_fallacies": 0.4074074074074074,
        "high_school_geography": 0.4416243654822335,
        "elementary_mathematics": 0.29708222811671087,
        "human_aging": 0.4009009009009009,
        "college_mathematics": 0.31313131313131315,
        "high_school_psychology": 0.4227941176470588,
        "formal_logic": 0.36,
        "high_school_statistics": 0.2651162790697674,
        "international_law": 0.49166666666666664,
        "high_school_mathematics": 0.21561338289962825,
        "high_school_computer_science": 0.41414141414141414,
        "conceptual_physics": 0.3162393162393162,
        "miscellaneous": 0.46547314578005117,
        "high_school_chemistry": 0.2722772277227723,
        "marketing": 0.5278969957081545,
        "professional_law": 0.32615786040443573,
        "management": 0.5,
        "college_physics": 0.24752475247524752,
        "jurisprudence": 0.34579439252336447,
        "world_religions": 0.4117647058823529,
        "sociology": 0.5,
        "us_foreign_policy": 0.6161616161616161,
        "high_school_macroeconomics": 0.33676092544987146,
        "computer_security": 0.47474747474747475,
        "moral_scenarios": 0.26174496644295303,
        "moral_disputes": 0.36231884057971014,
        "electrical_engineering": 0.4166666666666667,
        "astronomy": 0.423841059602649,
        "college_biology": 0.32867132867132864
    }
}