{
    "rouge1": 0.4564631701453641,
    "rouge2": 0.22051547995794582,
    "rougeL": 0.37967966456606417,
    "avg_rouge": 0.35221943822312474
}