{
    "overall_acc": 0.288961038961039,
    "language_acc": {
        "Indonesian": 0.25,
        "English": 0.44886363636363635,
        "Filipino": 0.26136363636363635,
        "Spanish": 0.32386363636363635,
        "Chinese": 0.25,
        "Malay": 0.23295454545454544,
        "Vietnamese": 0.2556818181818182
    },
    "consistency_score_2": 0.4507575757575758,
    "consistency_score_3": 0.2568181818181819,
    "consistency_score_4": 0.16103896103896104,
    "consistency_score_5": 0.10470779220779221,
    "consistency_score_6": 0.0689935064935065,
    "consistency_score_7": 0.045454545454545456,
    "detailed_consistency_score": {
        "2_combine": {
            "Indonesian,English": 0.3465909090909091,
            "Indonesian,Filipino": 0.5625,
            "Indonesian,Spanish": 0.44886363636363635,
            "Indonesian,Chinese": 0.48295454545454547,
            "Indonesian,Malay": 0.6647727272727273,
            "Indonesian,Vietnamese": 0.4772727272727273,
            "English,Filipino": 0.29545454545454547,
            "English,Spanish": 0.48863636363636365,
            "English,Chinese": 0.30113636363636365,
            "English,Malay": 0.2840909090909091,
            "English,Vietnamese": 0.3352272727272727,
            "Filipino,Spanish": 0.45454545454545453,
            "Filipino,Chinese": 0.4772727272727273,
            "Filipino,Malay": 0.5681818181818182,
            "Filipino,Vietnamese": 0.4659090909090909,
            "Spanish,Chinese": 0.35795454545454547,
            "Spanish,Malay": 0.48295454545454547,
            "Spanish,Vietnamese": 0.4090909090909091,
            "Chinese,Malay": 0.4715909090909091,
            "Chinese,Vietnamese": 0.5681818181818182,
            "Malay,Vietnamese": 0.5227272727272727
        },
        "3_combine": {
            "Indonesian,English,Filipino": 0.19318181818181818,
            "Indonesian,English,Spanish": 0.22727272727272727,
            "Indonesian,English,Chinese": 0.18181818181818182,
            "Indonesian,English,Malay": 0.22727272727272727,
            "Indonesian,English,Vietnamese": 0.19886363636363635,
            "Indonesian,Filipino,Spanish": 0.3068181818181818,
            "Indonesian,Filipino,Chinese": 0.32386363636363635,
            "Indonesian,Filipino,Malay": 0.44886363636363635,
            "Indonesian,Filipino,Vietnamese": 0.3125,
            "Indonesian,Spanish,Chinese": 0.21022727272727273,
            "Indonesian,Spanish,Malay": 0.35795454545454547,
            "Indonesian,Spanish,Vietnamese": 0.25,
            "Indonesian,Chinese,Malay": 0.35795454545454547,
            "Indonesian,Chinese,Vietnamese": 0.3181818181818182,
            "Indonesian,Malay,Vietnamese": 0.375,
            "English,Filipino,Spanish": 0.2159090909090909,
            "English,Filipino,Chinese": 0.1534090909090909,
            "English,Filipino,Malay": 0.17613636363636365,
            "English,Filipino,Vietnamese": 0.16477272727272727,
            "English,Spanish,Chinese": 0.17045454545454544,
            "English,Spanish,Malay": 0.2215909090909091,
            "English,Spanish,Vietnamese": 0.2215909090909091,
            "English,Chinese,Malay": 0.14772727272727273,
            "English,Chinese,Vietnamese": 0.19318181818181818,
            "English,Malay,Vietnamese": 0.17045454545454544,
            "Filipino,Spanish,Chinese": 0.23863636363636365,
            "Filipino,Spanish,Malay": 0.32386363636363635,
            "Filipino,Spanish,Vietnamese": 0.24431818181818182,
            "Filipino,Chinese,Malay": 0.3181818181818182,
            "Filipino,Chinese,Vietnamese": 0.3068181818181818,
            "Filipino,Malay,Vietnamese": 0.32386363636363635,
            "Spanish,Chinese,Malay": 0.23863636363636365,
            "Spanish,Chinese,Vietnamese": 0.2556818181818182,
            "Spanish,Malay,Vietnamese": 0.2727272727272727,
            "Chinese,Malay,Vietnamese": 0.3409090909090909
        },
        "4_combine": {
            "Indonesian,English,Filipino,Spanish": 0.13636363636363635,
            "Indonesian,English,Filipino,Chinese": 0.11931818181818182,
            "Indonesian,English,Filipino,Malay": 0.1534090909090909,
            "Indonesian,English,Filipino,Vietnamese": 0.13068181818181818,
            "Indonesian,English,Spanish,Chinese": 0.10227272727272728,
            "Indonesian,English,Spanish,Malay": 0.17613636363636365,
            "Indonesian,English,Spanish,Vietnamese": 0.13636363636363635,
            "Indonesian,English,Chinese,Malay": 0.13068181818181818,
            "Indonesian,English,Chinese,Vietnamese": 0.13636363636363635,
            "Indonesian,English,Malay,Vietnamese": 0.14772727272727273,
            "Indonesian,Filipino,Spanish,Chinese": 0.16477272727272727,
            "Indonesian,Filipino,Spanish,Malay": 0.2840909090909091,
            "Indonesian,Filipino,Spanish,Vietnamese": 0.18181818181818182,
            "Indonesian,Filipino,Chinese,Malay": 0.26136363636363635,
            "Indonesian,Filipino,Chinese,Vietnamese": 0.2159090909090909,
            "Indonesian,Filipino,Malay,Vietnamese": 0.26136363636363635,
            "Indonesian,Spanish,Chinese,Malay": 0.1875,
            "Indonesian,Spanish,Chinese,Vietnamese": 0.1590909090909091,
            "Indonesian,Spanish,Malay,Vietnamese": 0.2159090909090909,
            "Indonesian,Chinese,Malay,Vietnamese": 0.2556818181818182,
            "English,Filipino,Spanish,Chinese": 0.10227272727272728,
            "English,Filipino,Spanish,Malay": 0.14204545454545456,
            "English,Filipino,Spanish,Vietnamese": 0.11931818181818182,
            "English,Filipino,Chinese,Malay": 0.09659090909090909,
            "English,Filipino,Chinese,Vietnamese": 0.10227272727272728,
            "English,Filipino,Malay,Vietnamese": 0.10795454545454546,
            "English,Spanish,Chinese,Malay": 0.10227272727272728,
            "English,Spanish,Chinese,Vietnamese": 0.13068181818181818,
            "English,Spanish,Malay,Vietnamese": 0.13068181818181818,
            "English,Chinese,Malay,Vietnamese": 0.11363636363636363,
            "Filipino,Spanish,Chinese,Malay": 0.18181818181818182,
            "Filipino,Spanish,Chinese,Vietnamese": 0.1590909090909091,
            "Filipino,Spanish,Malay,Vietnamese": 0.1875,
            "Filipino,Chinese,Malay,Vietnamese": 0.2215909090909091,
            "Spanish,Chinese,Malay,Vietnamese": 0.18181818181818182
        },
        "5_combine": {
            "Indonesian,English,Filipino,Spanish,Chinese": 0.06818181818181818,
            "Indonesian,English,Filipino,Spanish,Malay": 0.125,
            "Indonesian,English,Filipino,Spanish,Vietnamese": 0.09090909090909091,
            "Indonesian,English,Filipino,Chinese,Malay": 0.09090909090909091,
            "Indonesian,English,Filipino,Chinese,Vietnamese": 0.08522727272727272,
            "Indonesian,English,Filipino,Malay,Vietnamese": 0.10227272727272728,
            "Indonesian,English,Spanish,Chinese,Malay": 0.08522727272727272,
            "Indonesian,English,Spanish,Chinese,Vietnamese": 0.08522727272727272,
            "Indonesian,English,Spanish,Malay,Vietnamese": 0.11363636363636363,
            "Indonesian,English,Chinese,Malay,Vietnamese": 0.10227272727272728,
            "Indonesian,Filipino,Spanish,Chinese,Malay": 0.1534090909090909,
            "Indonesian,Filipino,Spanish,Chinese,Vietnamese": 0.11363636363636363,
            "Indonesian,Filipino,Spanish,Malay,Vietnamese": 0.16477272727272727,
            "Indonesian,Filipino,Chinese,Malay,Vietnamese": 0.18181818181818182,
            "Indonesian,Spanish,Chinese,Malay,Vietnamese": 0.14204545454545456,
            "English,Filipino,Spanish,Chinese,Malay": 0.06818181818181818,
            "English,Filipino,Spanish,Chinese,Vietnamese": 0.06818181818181818,
            "English,Filipino,Spanish,Malay,Vietnamese": 0.08522727272727272,
            "English,Filipino,Chinese,Malay,Vietnamese": 0.06818181818181818,