{
    "overall_acc": 0.2938311688311689,
    "language_acc": {
        "Indonesian": 0.22727272727272727,
        "English": 0.4943181818181818,
        "Filipino": 0.2556818181818182,
        "Spanish": 0.32954545454545453,
        "Chinese": 0.26136363636363635,
        "Malay": 0.23295454545454544,
        "Vietnamese": 0.2556818181818182
    },
    "consistency_score_2": 0.43290043290043295,
    "consistency_score_3": 0.23538961038961043,
    "consistency_score_4": 0.14090909090909093,
    "consistency_score_5": 0.08793290043290043,
    "consistency_score_6": 0.056818181818181816,
    "consistency_score_7": 0.03977272727272727,
    "detailed_consistency_score": {
        "2_combine": {
            "Indonesian,English": 0.30113636363636365,
            "Indonesian,Filipino": 0.5681818181818182,
            "Indonesian,Spanish": 0.3977272727272727,
            "Indonesian,Chinese": 0.45454545454545453,
            "Indonesian,Malay": 0.6193181818181818,
            "Indonesian,Vietnamese": 0.48863636363636365,
            "English,Filipino": 0.3352272727272727,
            "English,Spanish": 0.4659090909090909,
            "English,Chinese": 0.30113636363636365,
            "English,Malay": 0.3068181818181818,
            "English,Vietnamese": 0.36363636363636365,
            "Filipino,Spanish": 0.4147727272727273,
            "Filipino,Chinese": 0.4715909090909091,
            "Filipino,Malay": 0.5625,
            "Filipino,Vietnamese": 0.48295454545454547,
            "Spanish,Chinese": 0.32386363636363635,
            "Spanish,Malay": 0.4318181818181818,
            "Spanish,Vietnamese": 0.3806818181818182,
            "Chinese,Malay": 0.42613636363636365,
            "Chinese,Vietnamese": 0.5170454545454546,
            "Malay,Vietnamese": 0.4772727272727273
        },
        "3_combine": {
            "Indonesian,English,Filipino": 0.19318181818181818,
            "Indonesian,English,Spanish": 0.18181818181818182,
            "Indonesian,English,Chinese": 0.14772727272727273,
            "Indonesian,English,Malay": 0.20454545454545456,
            "Indonesian,English,Vietnamese": 0.19318181818181818,
            "Indonesian,Filipino,Spanish": 0.2727272727272727,
            "Indonesian,Filipino,Chinese": 0.3125,
            "Indonesian,Filipino,Malay": 0.4318181818181818,
            "Indonesian,Filipino,Vietnamese": 0.3352272727272727,
            "Indonesian,Spanish,Chinese": 0.18181818181818182,
            "Indonesian,Spanish,Malay": 0.2784090909090909,
            "Indonesian,Spanish,Vietnamese": 0.22727272727272727,
            "Indonesian,Chinese,Malay": 0.30113636363636365,
            "Indonesian,Chinese,Vietnamese": 0.3125,
            "Indonesian,Malay,Vietnamese": 0.3522727272727273,
            "English,Filipino,Spanish": 0.19886363636363635,
            "English,Filipino,Chinese": 0.1590909090909091,
            "English,Filipino,Malay": 0.17613636363636365,
            "English,Filipino,Vietnamese": 0.1875,
            "English,Spanish,Chinese": 0.13636363636363635,
            "English,Spanish,Malay": 0.19318181818181818,
            "English,Spanish,Vietnamese": 0.19886363636363635,
            "English,Chinese,Malay": 0.14772727272727273,
            "English,Chinese,Vietnamese": 0.1875,
            "English,Malay,Vietnamese": 0.19886363636363635,
            "Filipino,Spanish,Chinese": 0.20454545454545456,
            "Filipino,Spanish,Malay": 0.2840909090909091,
            "Filipino,Spanish,Vietnamese": 0.2215909090909091,
            "Filipino,Chinese,Malay": 0.2897727272727273,
            "Filipino,Chinese,Vietnamese": 0.29545454545454547,
            "Filipino,Malay,Vietnamese": 0.3181818181818182,
            "Spanish,Chinese,Malay": 0.19318181818181818,
            "Spanish,Chinese,Vietnamese": 0.20454545454545456,
            "Spanish,Malay,Vietnamese": 0.23295454545454544,
            "Chinese,Malay,Vietnamese": 0.2840909090909091
        },
        "4_combine": {
            "Indonesian,English,Filipino,Spanish": 0.11931818181818182,
            "Indonesian,English,Filipino,Chinese": 0.10795454545454546,
            "Indonesian,English,Filipino,Malay": 0.13636363636363635,
            "Indonesian,English,Filipino,Vietnamese": 0.13068181818181818,
            "Indonesian,English,Spanish,Chinese": 0.07386363636363637,
            "Indonesian,English,Spanish,Malay": 0.14204545454545456,
            "Indonesian,English,Spanish,Vietnamese": 0.10227272727272728,
            "Indonesian,English,Chinese,Malay": 0.10795454545454546,
            "Indonesian,English,Chinese,Vietnamese": 0.11931818181818182,
            "Indonesian,English,Malay,Vietnamese": 0.14204545454545456,
            "Indonesian,Filipino,Spanish,Chinese": 0.14772727272727273,
            "Indonesian,Filipino,Spanish,Malay": 0.2159090909090909,
            "Indonesian,Filipino,Spanish,Vietnamese": 0.17045454545454544,
            "Indonesian,Filipino,Chinese,Malay": 0.23295454545454544,
            "Indonesian,Filipino,Chinese,Vietnamese": 0.21022727272727273,
            "Indonesian,Filipino,Malay,Vietnamese": 0.26136363636363635,
            "Indonesian,Spanish,Chinese,Malay": 0.13636363636363635,
            "Indonesian,Spanish,Chinese,Vietnamese": 0.13636363636363635,
            "Indonesian,Spanish,Malay,Vietnamese": 0.18181818181818182,
            "Indonesian,Chinese,Malay,Vietnamese": 0.2215909090909091,
            "English,Filipino,Spanish,Chinese": 0.08522727272727272,
            "English,Filipino,Spanish,Malay": 0.11931818181818182,
            "English,Filipino,Spanish,Vietnamese": 0.11363636363636363,
            "English,Filipino,Chinese,Malay": 0.09090909090909091,
            "English,Filipino,Chinese,Vietnamese": 0.10795454545454546,
            "English,Filipino,Malay,Vietnamese": 0.11363636363636363,
            "English,Spanish,Chinese,Malay": 0.07954545454545454,
            "English,Spanish,Chinese,Vietnamese": 0.11363636363636363,
            "English,Spanish,Malay,Vietnamese": 0.11931818181818182,
            "English,Chinese,Malay,Vietnamese": 0.11931818181818182,
            "Filipino,Spanish,Chinese,Malay": 0.14204545454545456,
            "Filipino,Spanish,Chinese,Vietnamese": 0.13068181818181818,
            "Filipino,Spanish,Malay,Vietnamese": 0.17045454545454544,
            "Filipino,Chinese,Malay,Vietnamese": 0.19318181818181818,
            "Spanish,Chinese,Malay,Vietnamese": 0.13636363636363635
        },
        "5_combine": {
            "Indonesian,English,Filipino,Spanish,Chinese": 0.056818181818181816,
            "Indonesian,English,Filipino,Spanish,Malay": 0.09659090909090909,
            "Indonesian,English,Filipino,Spanish,Vietnamese": 0.07386363636363637,
            "Indonesian,English,Filipino,Chinese,Malay": 0.07386363636363637,
            "Indonesian,English,Filipino,Chinese,Vietnamese": 0.07954545454545454,
            "Indonesian,English,Filipino,Malay,Vietnamese": 0.09090909090909091,
            "Indonesian,English,Spanish,Chinese,Malay": 0.0625,
            "Indonesian,English,Spanish,Chinese,Vietnamese": 0.0625,
            "Indonesian,English,Spanish,Malay,Vietnamese": 0.09090909090909091,
            "Indonesian,English,Chinese,Malay,Vietnamese": 0.09090909090909091,
            "Indonesian,Filipino,Spanish,Chinese,Malay": 0.11363636363636363,
            "Indonesian,Filipino,Spanish,Chinese,Vietnamese": 0.10227272727272728,
            "Indonesian,Filipino,Spanish,Malay,Vietnamese": 0.14204545454545456,
            "Indonesian,Filipino,Chinese,Malay,Vietnamese": 0.16477272727272727,
            "Indonesian,Spanish,Chinese,Malay,Vietnamese": 0.10795454545454546,
            "English,Filipino,Spanish,Chinese,Malay": 0.05113636363636364,
            "English,Filipino,Spanish,Chinese,Vietnamese": 0.06818181818181818,
            "English,Filipino,Spanish,Malay,Vietnamese": 0.07954545454545454,
            "English,Filipino,Chinese,Malay,Vietnamese": 0.06818181818181818,