{
    "overall_acc": 0.3003246753246754,
    "language_acc": {
        "Indonesian": 0.26136363636363635,
        "English": 0.5113636363636364,
        "Filipino": 0.2556818181818182,
        "Spanish": 0.32954545454545453,
        "Chinese": 0.24431818181818182,
        "Malay": 0.24431818181818182,
        "Vietnamese": 0.2556818181818182
    },
    "consistency_score_2": 0.449404761904762,
    "consistency_score_3": 0.2490259740259741,
    "consistency_score_4": 0.14853896103896105,
    "consistency_score_5": 0.09063852813852814,
    "consistency_score_6": 0.05519480519480519,
    "consistency_score_7": 0.03409090909090909,
    "detailed_consistency_score": {
        "2_combine": {
            "Indonesian,English": 0.3352272727272727,
            "Indonesian,Filipino": 0.5909090909090909,
            "Indonesian,Spanish": 0.4659090909090909,
            "Indonesian,Chinese": 0.48295454545454547,
            "Indonesian,Malay": 0.6193181818181818,
            "Indonesian,Vietnamese": 0.5056818181818182,
            "English,Filipino": 0.3181818181818182,
            "English,Spanish": 0.4602272727272727,
            "English,Chinese": 0.2840909090909091,
            "English,Malay": 0.32386363636363635,
            "English,Vietnamese": 0.3409090909090909,
            "Filipino,Spanish": 0.4147727272727273,
            "Filipino,Chinese": 0.5056818181818182,
            "Filipino,Malay": 0.5511363636363636,
            "Filipino,Vietnamese": 0.5170454545454546,
            "Spanish,Chinese": 0.3522727272727273,
            "Spanish,Malay": 0.42613636363636365,
            "Spanish,Vietnamese": 0.4090909090909091,
            "Chinese,Malay": 0.44886363636363635,
            "Chinese,Vietnamese": 0.5738636363636364,
            "Malay,Vietnamese": 0.5113636363636364
        },
        "3_combine": {
            "Indonesian,English,Filipino": 0.19318181818181818,
            "Indonesian,English,Spanish": 0.22727272727272727,
            "Indonesian,English,Chinese": 0.1590909090909091,
            "Indonesian,English,Malay": 0.23863636363636365,
            "Indonesian,English,Vietnamese": 0.18181818181818182,
            "Indonesian,Filipino,Spanish": 0.30113636363636365,
            "Indonesian,Filipino,Chinese": 0.3522727272727273,
            "Indonesian,Filipino,Malay": 0.4431818181818182,
            "Indonesian,Filipino,Vietnamese": 0.35795454545454547,
            "Indonesian,Spanish,Chinese": 0.2215909090909091,
            "Indonesian,Spanish,Malay": 0.3125,
            "Indonesian,Spanish,Vietnamese": 0.25,
            "Indonesian,Chinese,Malay": 0.3409090909090909,
            "Indonesian,Chinese,Vietnamese": 0.3465909090909091,
            "Indonesian,Malay,Vietnamese": 0.36363636363636365,
            "English,Filipino,Spanish": 0.1875,
            "English,Filipino,Chinese": 0.14204545454545456,
            "English,Filipino,Malay": 0.17045454545454544,
            "English,Filipino,Vietnamese": 0.1590909090909091,
            "English,Spanish,Chinese": 0.14772727272727273,
            "English,Spanish,Malay": 0.19886363636363635,
            "English,Spanish,Vietnamese": 0.19886363636363635,
            "English,Chinese,Malay": 0.14772727272727273,
            "English,Chinese,Vietnamese": 0.17045454545454544,
            "English,Malay,Vietnamese": 0.19318181818181818,
            "Filipino,Spanish,Chinese": 0.2215909090909091,
            "Filipino,Spanish,Malay": 0.2784090909090909,
            "Filipino,Spanish,Vietnamese": 0.22727272727272727,
            "Filipino,Chinese,Malay": 0.3181818181818182,
            "Filipino,Chinese,Vietnamese": 0.3522727272727273,
            "Filipino,Malay,Vietnamese": 0.32386363636363635,
            "Spanish,Chinese,Malay": 0.19886363636363635,
            "Spanish,Chinese,Vietnamese": 0.25,
            "Spanish,Malay,Vietnamese": 0.2215909090909091,
            "Chinese,Malay,Vietnamese": 0.3181818181818182
        },
        "4_combine": {
            "Indonesian,English,Filipino,Spanish": 0.13068181818181818,
            "Indonesian,English,Filipino,Chinese": 0.10795454545454546,
            "Indonesian,English,Filipino,Malay": 0.1534090909090909,
            "Indonesian,English,Filipino,Vietnamese": 0.10795454545454546,
            "Indonesian,English,Spanish,Chinese": 0.09090909090909091,
            "Indonesian,English,Spanish,Malay": 0.1590909090909091,
            "Indonesian,English,Spanish,Vietnamese": 0.10795454545454546,
            "Indonesian,English,Chinese,Malay": 0.125,
            "Indonesian,English,Chinese,Vietnamese": 0.11931818181818182,
            "Indonesian,English,Malay,Vietnamese": 0.13636363636363635,
            "Indonesian,Filipino,Spanish,Chinese": 0.16477272727272727,
            "Indonesian,Filipino,Spanish,Malay": 0.23863636363636365,
            "Indonesian,Filipino,Spanish,Vietnamese": 0.17613636363636365,
            "Indonesian,Filipino,Chinese,Malay": 0.26136363636363635,
            "Indonesian,Filipino,Chinese,Vietnamese": 0.26704545454545453,
            "Indonesian,Filipino,Malay,Vietnamese": 0.26704545454545453,
            "Indonesian,Spanish,Chinese,Malay": 0.1590909090909091,
            "Indonesian,Spanish,Chinese,Vietnamese": 0.17613636363636365,
            "Indonesian,Spanish,Malay,Vietnamese": 0.17613636363636365,
            "Indonesian,Chinese,Malay,Vietnamese": 0.25,
            "English,Filipino,Spanish,Chinese": 0.07954545454545454,
            "English,Filipino,Spanish,Malay": 0.11363636363636363,
            "English,Filipino,Spanish,Vietnamese": 0.09090909090909091,
            "English,Filipino,Chinese,Malay": 0.09090909090909091,
            "English,Filipino,Chinese,Vietnamese": 0.09659090909090909,
            "English,Filipino,Malay,Vietnamese": 0.09659090909090909,
            "English,Spanish,Chinese,Malay": 0.07954545454545454,
            "English,Spanish,Chinese,Vietnamese": 0.10795454545454546,
            "English,Spanish,Malay,Vietnamese": 0.11363636363636363,
            "English,Chinese,Malay,Vietnamese": 0.10795454545454546,
            "Filipino,Spanish,Chinese,Malay": 0.1534090909090909,
            "Filipino,Spanish,Chinese,Vietnamese": 0.16477272727272727,
            "Filipino,Spanish,Malay,Vietnamese": 0.14772727272727273,
            "Filipino,Chinese,Malay,Vietnamese": 0.23863636363636365,
            "Spanish,Chinese,Malay,Vietnamese": 0.14204545454545456
        },
        "5_combine": {
            "Indonesian,English,Filipino,Spanish,Chinese": 0.056818181818181816,
            "Indonesian,English,Filipino,Spanish,Malay": 0.10795454545454546,
            "Indonesian,English,Filipino,Spanish,Vietnamese": 0.0625,
            "Indonesian,English,Filipino,Chinese,Malay": 0.08522727272727272,
            "Indonesian,English,Filipino,Chinese,Vietnamese": 0.07954545454545454,
            "Indonesian,English,Filipino,Malay,Vietnamese": 0.07954545454545454,
            "Indonesian,English,Spanish,Chinese,Malay": 0.06818181818181818,
            "Indonesian,English,Spanish,Chinese,Vietnamese": 0.07386363636363637,
            "Indonesian,English,Spanish,Malay,Vietnamese": 0.08522727272727272,
            "Indonesian,English,Chinese,Malay,Vietnamese": 0.08522727272727272,
            "Indonesian,Filipino,Spanish,Chinese,Malay": 0.13068181818181818,
            "Indonesian,Filipino,Spanish,Chinese,Vietnamese": 0.13636363636363635,
            "Indonesian,Filipino,Spanish,Malay,Vietnamese": 0.13068181818181818,
            "Indonesian,Filipino,Chinese,Malay,Vietnamese": 0.20454545454545456,
            "Indonesian,Spanish,Chinese,Malay,Vietnamese": 0.11931818181818182,
            "English,Filipino,Spanish,Chinese,Malay": 0.045454545454545456,
            "English,Filipino,Spanish,Chinese,Vietnamese": 0.056818181818181816,
            "English,Filipino,Spanish,Malay,Vietnamese": 0.056818181818181816,
            "English,Filipino,Chinese,Malay,Vietnamese": 0.0625,