{
    "accuracy": 0.40224159402241594,
    "category_acc": {
        "computer_network": 0.5,
        "operating_system": 0.5,
        "computer_architecture": 0.46153846153846156,
        "college_programming": 0.5476190476190477,
        "college_physics": 0.3333333333333333,
        "college_chemistry": 0.20689655172413793,
        "advanced_mathematics": 0.3333333333333333,
        "probability_and_statistics": 0.30434782608695654,
        "discrete_mathematics": 0.23809523809523808,
        "electrical_engineer": 0.2857142857142857,
        "metrology_engineer": 0.3793103448275862,
        "high_school_mathematics": 0.21739130434782608,
        "high_school_physics": 0.20833333333333334,
        "high_school_chemistry": 0.3333333333333333,
        "high_school_biology": 0.4166666666666667,
        "middle_school_mathematics": 0.25,
        "middle_school_biology": 0.6153846153846154,
        "middle_school_physics": 0.4166666666666667,
        "middle_school_chemistry": 0.4,
        "veterinary_medicine": 0.2857142857142857,
        "college_economics": 0.35,
        "business_administration": 0.3157894736842105,
        "marxism": 0.4583333333333333,
        "mao_zedong_thought": 0.5862068965517241,
        "education_science": 0.5,
        "teacher_qualification": 0.5714285714285714,
        "high_school_politics": 0.5833333333333334,
        "high_school_geography": 0.5416666666666666,
        "middle_school_politics": 0.5,
        "middle_school_geography": 0.35294117647058826,
        "modern_chinese_history": 0.39285714285714285,
        "ideological_and_moral_cultivation": 0.5833333333333334,
        "logic": 0.4444444444444444,
        "law": 0.41379310344827586,
        "chinese_language_and_literature": 0.32142857142857145,
        "art_studies": 0.23684210526315788,
        "professional_tour_guide": 0.38235294117647056,
        "legal_professional": 0.4642857142857143,
        "high_school_chinese": 0.2916666666666667,
        "high_school_history": 0.6,
        "middle_school_history": 0.6296296296296297,
        "civil_servant": 0.4423076923076923,
        "sports_science": 0.375,
        "plant_protection": 0.5185185185185185,
        "basic_medicine": 0.3333333333333333,
        "clinical_medicine": 0.2962962962962963,
        "urban_and_rural_planner": 0.45098039215686275,
        "accountant": 0.3888888888888889,
        "fire_engineer": 0.3333333333333333,
        "environmental_impact_assessment_engineer": 0.5277777777777778,
        "tax_accountant": 0.25925925925925924,
        "physician": 0.3148148148148148
    }
}