{
    "accuracy": 0.25116560179589015,
    "category_acc": {
        "agronomy": 0.24260355029585798,
        "anatomy": 0.24324324324324326,
        "ancient_chinese": 0.2804878048780488,
        "arts": 0.28125,
        "astronomy": 0.19393939393939394,
        "business_ethics": 0.24401913875598086,
        "chinese_civil_service_exam": 0.2375,
        "chinese_driving_rule": 0.2824427480916031,
        "chinese_food_culture": 0.25,
        "chinese_foreign_policy": 0.308411214953271,
        "chinese_history": 0.23529411764705882,
        "chinese_literature": 0.24509803921568626,
        "chinese_teacher_qualification": 0.30726256983240224,
        "clinical_knowledge": 0.270042194092827,
        "college_actuarial_science": 0.2641509433962264,
        "college_education": 0.1588785046728972,
        "college_engineering_hydrology": 0.2641509433962264,
        "college_law": 0.25,
        "college_mathematics": 0.2571428571428571,
        "college_medical_statistics": 0.2358490566037736,
        "college_medicine": 0.23076923076923078,
        "computer_science": 0.20588235294117646,
        "computer_security": 0.23391812865497075,
        "conceptual_physics": 0.2653061224489796,
        "construction_project_management": 0.2302158273381295,
        "economics": 0.27044025157232704,
        "education": 0.25766871165644173,
        "electrical_engineering": 0.23255813953488372,
        "elementary_chinese": 0.2261904761904762,
        "elementary_commonsense": 0.2828282828282828,
        "elementary_information_and_technology": 0.25630252100840334,
        "elementary_mathematics": 0.2391304347826087,
        "ethnology": 0.25925925925925924,
        "food_science": 0.24475524475524477,
        "genetics": 0.2727272727272727,
        "global_facts": 0.2751677852348993,
        "high_school_biology": 0.20710059171597633,
        "high_school_chemistry": 0.2196969696969697,
        "high_school_geography": 0.2796610169491525,
        "high_school_mathematics": 0.3048780487804878,
        "high_school_physics": 0.19090909090909092,
        "high_school_politics": 0.32167832167832167,
        "human_sexuality": 0.2619047619047619,
        "international_law": 0.2702702702702703,
        "journalism": 0.22674418604651161,
        "jurisprudence": 0.23357664233576642,
        "legal_and_moral_basis": 0.2803738317757009,
        "logical": 0.2601626016260163,
        "machine_learning": 0.22131147540983606,
        "management": 0.2619047619047619,
        "marketing": 0.2611111111111111,
        "marxist_theory": 0.23809523809523808,
        "modern_chinese": 0.23275862068965517,
        "nutrition": 0.25517241379310346,
        "philosophy": 0.23809523809523808,
        "professional_accounting": 0.2857142857142857,
        "professional_law": 0.23696682464454977,
        "professional_medicine": 0.2473404255319149,
        "professional_psychology": 0.23275862068965517,
        "public_relations": 0.26436781609195403,
        "security_study": 0.25925925925925924,
        "sociology": 0.2831858407079646,
        "sports_science": 0.24848484848484848,
        "traditional_chinese_medicine": 0.22702702702702704,
        "virology": 0.25443786982248523,
        "world_history": 0.2422360248447205,
        "world_religions": 0.2875
    }
}