{
    "accuracy": 0.2518563287860473,
    "category_acc": {
        "agronomy": 0.2485207100591716,
        "anatomy": 0.24324324324324326,
        "ancient_chinese": 0.27439024390243905,
        "arts": 0.275,
        "astronomy": 0.2,
        "business_ethics": 0.24401913875598086,
        "chinese_civil_service_exam": 0.2375,
        "chinese_driving_rule": 0.2824427480916031,
        "chinese_food_culture": 0.2426470588235294,
        "chinese_foreign_policy": 0.3177570093457944,
        "chinese_history": 0.23529411764705882,
        "chinese_literature": 0.25,
        "chinese_teacher_qualification": 0.30726256983240224,
        "clinical_knowledge": 0.270042194092827,
        "college_actuarial_science": 0.2358490566037736,
        "college_education": 0.1588785046728972,
        "college_engineering_hydrology": 0.2830188679245283,
        "college_law": 0.25,
        "college_mathematics": 0.26666666666666666,
        "college_medical_statistics": 0.29245283018867924,
        "college_medicine": 0.22344322344322345,
        "computer_science": 0.21568627450980393,
        "computer_security": 0.22807017543859648,
        "conceptual_physics": 0.2585034013605442,
        "construction_project_management": 0.2302158273381295,
        "economics": 0.27044025157232704,
        "education": 0.25766871165644173,
        "electrical_engineering": 0.23837209302325582,
        "elementary_chinese": 0.23015873015873015,
        "elementary_commonsense": 0.2828282828282828,
        "elementary_information_and_technology": 0.2605042016806723,
        "elementary_mathematics": 0.22608695652173913,
        "ethnology": 0.25925925925925924,
        "food_science": 0.23776223776223776,
        "genetics": 0.2727272727272727,
        "global_facts": 0.2751677852348993,
        "high_school_biology": 0.22485207100591717,
        "high_school_chemistry": 0.22727272727272727,
        "high_school_geography": 0.2711864406779661,
        "high_school_mathematics": 0.3170731707317073,
        "high_school_physics": 0.19090909090909092,
        "high_school_politics": 0.32167832167832167,
        "human_sexuality": 0.2619047619047619,
        "international_law": 0.2756756756756757,
        "journalism": 0.22674418604651161,
        "jurisprudence": 0.2384428223844282,
        "legal_and_moral_basis": 0.2803738317757009,
        "logical": 0.2601626016260163,
        "machine_learning": 0.21311475409836064,
        "management": 0.2619047619047619,
        "marketing": 0.2611111111111111,
        "marxist_theory": 0.23809523809523808,
        "modern_chinese": 0.23275862068965517,
        "nutrition": 0.25517241379310346,
        "philosophy": 0.22857142857142856,
        "professional_accounting": 0.28,
        "professional_law": 0.23222748815165878,
        "professional_medicine": 0.2473404255319149,
        "professional_psychology": 0.23275862068965517,
        "public_relations": 0.26436781609195403,
        "security_study": 0.26666666666666666,
        "sociology": 0.2831858407079646,
        "sports_science": 0.24848484848484848,
        "traditional_chinese_medicine": 0.22702702702702704,
        "virology": 0.25443786982248523,
        "world_history": 0.2484472049689441,
        "world_religions": 0.275
    }
}