{
    "accuracy": 0.2522880331548955,
    "category_acc": {
        "agronomy": 0.2485207100591716,
        "anatomy": 0.25,
        "ancient_chinese": 0.2682926829268293,
        "arts": 0.28125,
        "astronomy": 0.19393939393939394,
        "business_ethics": 0.24880382775119617,
        "chinese_civil_service_exam": 0.23125,
        "chinese_driving_rule": 0.2824427480916031,
        "chinese_food_culture": 0.2426470588235294,
        "chinese_foreign_policy": 0.308411214953271,
        "chinese_history": 0.23529411764705882,
        "chinese_literature": 0.2549019607843137,
        "chinese_teacher_qualification": 0.30726256983240224,
        "clinical_knowledge": 0.27848101265822783,
        "college_actuarial_science": 0.24528301886792453,
        "college_education": 0.16822429906542055,
        "college_engineering_hydrology": 0.2358490566037736,
        "college_law": 0.25,
        "college_mathematics": 0.2857142857142857,
        "college_medical_statistics": 0.2641509433962264,
        "college_medicine": 0.2454212454212454,
        "computer_science": 0.2107843137254902,
        "computer_security": 0.21637426900584794,
        "conceptual_physics": 0.25170068027210885,
        "construction_project_management": 0.22302158273381295,
        "economics": 0.27044025157232704,
        "education": 0.25766871165644173,
        "electrical_engineering": 0.23255813953488372,
        "elementary_chinese": 0.23015873015873015,
        "elementary_commonsense": 0.2828282828282828,
        "elementary_information_and_technology": 0.25630252100840334,
        "elementary_mathematics": 0.23478260869565218,
        "ethnology": 0.25925925925925924,
        "food_science": 0.24475524475524477,
        "genetics": 0.2784090909090909,
        "global_facts": 0.2751677852348993,
        "high_school_biology": 0.21301775147928995,
        "high_school_chemistry": 0.26515151515151514,
        "high_school_geography": 0.2711864406779661,
        "high_school_mathematics": 0.3170731707317073,
        "high_school_physics": 0.20909090909090908,
        "high_school_politics": 0.3146853146853147,
        "human_sexuality": 0.2619047619047619,
        "international_law": 0.2702702702702703,
        "journalism": 0.22674418604651161,
        "jurisprudence": 0.23357664233576642,
        "legal_and_moral_basis": 0.2803738317757009,
        "logical": 0.2601626016260163,
        "machine_learning": 0.22950819672131148,
        "management": 0.2619047619047619,
        "marketing": 0.2611111111111111,
        "marxist_theory": 0.23809523809523808,
        "modern_chinese": 0.25,
        "nutrition": 0.25517241379310346,
        "philosophy": 0.22857142857142856,
        "professional_accounting": 0.28,
        "professional_law": 0.22748815165876776,
        "professional_medicine": 0.2473404255319149,
        "professional_psychology": 0.23275862068965517,
        "public_relations": 0.26436781609195403,
        "security_study": 0.26666666666666666,
        "sociology": 0.2831858407079646,
        "sports_science": 0.24848484848484848,
        "traditional_chinese_medicine": 0.23243243243243245,
        "virology": 0.25443786982248523,
        "world_history": 0.2422360248447205,
        "world_religions": 0.275
    }
}