{
    "accuracy": 0.47593297282862673,
    "category_acc": {
        "History": 0.4497991967871486,
        "Geography": 0.44693877551020406,
        "Lampungic": 0.3469387755102041,
        "Social science": 0.7011686143572621,
        "Balinese": 0.3099787685774947,
        "Makassarese": 0.3118279569892473,
        "Banjarese": 0.3541666666666667,
        "Chemistry": 0.2934306569343066,
        "Biology": 0.4437869822485207,
        "Science": 0.5933952528379773,
        "Christian religion": 0.6019900497512438,
        "Art": 0.5773710482529119,
        "Islam religion": 0.5789473684210527,
        "Hindu religion": 0.5066666666666667,
        "Madurese": 0.28135593220338984,
        "Sport": 0.5067567567567568,
        "Indonesian language": 0.5292652552926526,
        "Physics": 0.3939393939393939,
        "Minangkabau culture": 0.3969849246231156,
        "Dayak language": 0.3119266055045872,
        "Sociology": 0.4798387096774194,
        "Economy": 0.45081967213114754,
        "Sundanese": 0.40017286084701814,
        "Javanese": 0.36794354838709675,
        "Civic education": 0.580829756795422
    }
}