{
    "accuracy": 0.4597102610321116,
    "category_acc": {
        "History": 0.4718875502008032,
        "Geography": 0.40816326530612246,
        "Lampungic": 0.3197278911564626,
        "Social science": 0.6277128547579299,
        "Balinese": 0.2951167728237792,
        "Makassarese": 0.3279569892473118,
        "Banjarese": 0.4097222222222222,
        "Chemistry": 0.29635036496350364,
        "Biology": 0.44970414201183434,
        "Science": 0.5562435500515995,
        "Christian religion": 0.5572139303482587,
        "Art": 0.5341098169717138,
        "Islam religion": 0.5761024182076814,
        "Hindu religion": 0.5333333333333333,
        "Madurese": 0.28135593220338984,
        "Sport": 0.4864864864864865,
        "Indonesian language": 0.5202366127023661,
        "Physics": 0.37777777777777777,
        "Minangkabau culture": 0.3869346733668342,
        "Dayak language": 0.3211009174311927,
        "Sociology": 0.46975806451612906,
        "Economy": 0.42827868852459017,
        "Sundanese": 0.36992221261884184,
        "Javanese": 0.35685483870967744,
        "Civic education": 0.5436337625178826
    }
}