{
    "accuracy": 0.442756000690727,
    "category_acc": {
        "agronomy": 0.4319526627218935,
        "anatomy": 0.2972972972972973,
        "ancient_chinese": 0.2926829268292683,
        "arts": 0.5,
        "astronomy": 0.3939393939393939,
        "business_ethics": 0.5119617224880383,
        "chinese_civil_service_exam": 0.3625,
        "chinese_driving_rule": 0.5725190839694656,
        "chinese_food_culture": 0.33088235294117646,
        "chinese_foreign_policy": 0.4766355140186916,
        "chinese_history": 0.43653250773993807,
        "chinese_literature": 0.3137254901960784,
        "chinese_teacher_qualification": 0.553072625698324,
        "clinical_knowledge": 0.33755274261603374,
        "college_actuarial_science": 0.2358490566037736,
        "college_education": 0.5420560747663551,
        "college_engineering_hydrology": 0.5094339622641509,
        "college_law": 0.25925925925925924,
        "college_mathematics": 0.2571428571428571,
        "college_medical_statistics": 0.4056603773584906,
        "college_medicine": 0.34798534798534797,
        "computer_science": 0.5784313725490197,
        "computer_security": 0.5730994152046783,
        "conceptual_physics": 0.4421768707482993,
        "construction_project_management": 0.4028776978417266,
        "economics": 0.5660377358490566,
        "education": 0.5030674846625767,
        "electrical_engineering": 0.4476744186046512,
        "elementary_chinese": 0.2857142857142857,
        "elementary_commonsense": 0.45454545454545453,
        "elementary_information_and_technology": 0.6974789915966386,
        "elementary_mathematics": 0.391304347826087,
        "ethnology": 0.4,
        "food_science": 0.4755244755244755,
        "genetics": 0.39204545454545453,
        "global_facts": 0.5369127516778524,
        "high_school_biology": 0.3431952662721893,
        "high_school_chemistry": 0.25,
        "high_school_geography": 0.3728813559322034,
        "high_school_mathematics": 0.2926829268292683,
        "high_school_physics": 0.38181818181818183,
        "high_school_politics": 0.34965034965034963,
        "human_sexuality": 0.5873015873015873,
        "international_law": 0.3621621621621622,
        "journalism": 0.5232558139534884,
        "jurisprudence": 0.46958637469586373,
        "legal_and_moral_basis": 0.705607476635514,
        "logical": 0.42276422764227645,
        "machine_learning": 0.4426229508196721,
        "management": 0.5857142857142857,
        "marketing": 0.5833333333333334,
        "marxist_theory": 0.5185185185185185,
        "modern_chinese": 0.3448275862068966,
        "nutrition": 0.4896551724137931,
        "philosophy": 0.41904761904761906,
        "professional_accounting": 0.4742857142857143,
        "professional_law": 0.36018957345971564,
        "professional_medicine": 0.324468085106383,
        "professional_psychology": 0.46551724137931033,
        "public_relations": 0.47701149425287354,
        "security_study": 0.5333333333333333,
        "sociology": 0.5309734513274337,
        "sports_science": 0.48484848484848486,
        "traditional_chinese_medicine": 0.372972972972973,
        "virology": 0.48520710059171596,
        "world_history": 0.45962732919254656,
        "world_religions": 0.54375
    }
}