{
    "accuracy": 0.4462914747312905,
    "category_acc": {
        "History": 0.38755020080321284,
        "Geography": 0.4142857142857143,
        "Lampungic": 0.3197278911564626,
        "Social science": 0.664440734557596,
        "Balinese": 0.2760084925690021,
        "Makassarese": 0.3655913978494624,
        "Banjarese": 0.3125,
        "Chemistry": 0.291970802919708,
        "Biology": 0.3905325443786982,
        "Science": 0.5624355005159959,
        "Christian religion": 0.5422885572139303,
        "Art": 0.5524126455906821,
        "Islam religion": 0.519203413940256,
        "Hindu religion": 0.3466666666666667,
        "Madurese": 0.3389830508474576,
        "Sport": 0.5,
        "Indonesian language": 0.5199252801992528,
        "Physics": 0.3838383838383838,
        "Minangkabau culture": 0.32663316582914576,
        "Dayak language": 0.3119266055045872,
        "Sociology": 0.4838709677419355,
        "Economy": 0.4426229508196721,
        "Sundanese": 0.35177182368193605,
        "Javanese": 0.3215725806451613,
        "Civic education": 0.5050071530758226
    }
}