{
    "accuracy": 0.45029708258228185,
    "category_acc": {
        "History": 0.39156626506024095,
        "Geography": 0.42448979591836733,
        "Lampungic": 0.30612244897959184,
        "Social science": 0.662771285475793,
        "Balinese": 0.2484076433121019,
        "Makassarese": 0.3225806451612903,
        "Banjarese": 0.2847222222222222,
        "Chemistry": 0.30802919708029197,
        "Biology": 0.40946745562130177,
        "Science": 0.5603715170278638,
        "Christian religion": 0.5373134328358209,
        "Art": 0.5440931780366056,
        "Islam religion": 0.5220483641536273,
        "Hindu religion": 0.3933333333333333,
        "Madurese": 0.2983050847457627,
        "Sport": 0.5202702702702703,
        "Indonesian language": 0.5292652552926526,
        "Physics": 0.4121212121212121,
        "Minangkabau culture": 0.34673366834170855,
        "Dayak language": 0.3302752293577982,
        "Sociology": 0.4879032258064516,
        "Economy": 0.430327868852459,
        "Sundanese": 0.3560933448573898,
        "Javanese": 0.3235887096774194,
        "Civic education": 0.5178826895565093
    }
}