{
    "overall_acc": 0.6249999999999999,
    "language_acc": {
        "Indonesian": 0.5397727272727273,
        "English": 0.75,
        "Filipino": 0.48863636363636365,
        "Spanish": 0.6477272727272727,
        "Chinese": 0.75,
        "Malay": 0.5852272727272727,
        "Vietnamese": 0.6136363636363636
    },
    "consistency_score_2": 0.689935064935065,
    "consistency_score_3": 0.5577922077922078,
    "consistency_score_4": 0.47727272727272724,
    "consistency_score_5": 0.42099567099567103,
    "consistency_score_6": 0.37905844155844154,
    "consistency_score_7": 0.3465909090909091,
    "detailed_consistency_score": {
        "2_combine": {
            "Indonesian,English": 0.6931818181818182,
            "Indonesian,Filipino": 0.6477272727272727,
            "Indonesian,Spanish": 0.7443181818181818,
            "Indonesian,Chinese": 0.6818181818181818,
            "Indonesian,Malay": 0.7840909090909091,
            "Indonesian,Vietnamese": 0.7329545454545454,
            "English,Filipino": 0.6022727272727273,
            "English,Spanish": 0.7897727272727273,
            "English,Chinese": 0.7386363636363636,
            "English,Malay": 0.7102272727272727,
            "English,Vietnamese": 0.7840909090909091,
            "Filipino,Spanish": 0.6477272727272727,
            "Filipino,Chinese": 0.5454545454545454,
            "Filipino,Malay": 0.625,
            "Filipino,Vietnamese": 0.6136363636363636,
            "Spanish,Chinese": 0.6704545454545454,
            "Spanish,Malay": 0.7215909090909091,
            "Spanish,Vietnamese": 0.7727272727272727,
            "Chinese,Malay": 0.6420454545454546,
            "Chinese,Vietnamese": 0.6534090909090909,
            "Malay,Vietnamese": 0.6875
        },
        "3_combine": {
            "Indonesian,English,Filipino": 0.5056818181818182,
            "Indonesian,English,Spanish": 0.625,
            "Indonesian,English,Chinese": 0.5738636363636364,
            "Indonesian,English,Malay": 0.6079545454545454,
            "Indonesian,English,Vietnamese": 0.6193181818181818,
            "Indonesian,Filipino,Spanish": 0.5568181818181818,
            "Indonesian,Filipino,Chinese": 0.4715909090909091,
            "Indonesian,Filipino,Malay": 0.5454545454545454,
            "Indonesian,Filipino,Vietnamese": 0.5227272727272727,
            "Indonesian,Spanish,Chinese": 0.5795454545454546,
            "Indonesian,Spanish,Malay": 0.6420454545454546,
            "Indonesian,Spanish,Vietnamese": 0.6363636363636364,
            "Indonesian,Chinese,Malay": 0.5738636363636364,
            "Indonesian,Chinese,Vietnamese": 0.5511363636363636,
            "Indonesian,Malay,Vietnamese": 0.6136363636363636,
            "English,Filipino,Spanish": 0.5454545454545454,
            "English,Filipino,Chinese": 0.4772727272727273,
            "English,Filipino,Malay": 0.4943181818181818,
            "English,Filipino,Vietnamese": 0.5284090909090909,
            "English,Spanish,Chinese": 0.6136363636363636,
            "English,Spanish,Malay": 0.625,
            "English,Spanish,Vietnamese": 0.6818181818181818,
            "English,Chinese,Malay": 0.5625,
            "English,Chinese,Vietnamese": 0.6022727272727273,
            "English,Malay,Vietnamese": 0.6079545454545454,
            "Filipino,Spanish,Chinese": 0.4659090909090909,
            "Filipino,Spanish,Malay": 0.5284090909090909,
            "Filipino,Spanish,Vietnamese": 0.5454545454545454,
            "Filipino,Chinese,Malay": 0.44886363636363635,
            "Filipino,Chinese,Vietnamese": 0.4318181818181818,
            "Filipino,Malay,Vietnamese": 0.5,
            "Spanish,Chinese,Malay": 0.5397727272727273,
            "Spanish,Chinese,Vietnamese": 0.5738636363636364,
            "Spanish,Malay,Vietnamese": 0.6079545454545454,
            "Chinese,Malay,Vietnamese": 0.5170454545454546
        },
        "4_combine": {
            "Indonesian,English,Filipino,Spanish": 0.4715909090909091,
            "Indonesian,English,Filipino,Chinese": 0.42613636363636365,
            "Indonesian,English,Filipino,Malay": 0.44886363636363635,
            "Indonesian,English,Filipino,Vietnamese": 0.4715909090909091,
            "Indonesian,English,Spanish,Chinese": 0.5284090909090909,
            "Indonesian,English,Spanish,Malay": 0.5625,
            "Indonesian,English,Spanish,Vietnamese": 0.5681818181818182,
            "Indonesian,English,Chinese,Malay": 0.5170454545454546,
            "Indonesian,English,Chinese,Vietnamese": 0.5113636363636364,
            "Indonesian,English,Malay,Vietnamese": 0.5454545454545454,
            "Indonesian,Filipino,Spanish,Chinese": 0.4318181818181818,
            "Indonesian,Filipino,Spanish,Malay": 0.4943181818181818,
            "Indonesian,Filipino,Spanish,Vietnamese": 0.4943181818181818,
            "Indonesian,Filipino,Chinese,Malay": 0.4147727272727273,
            "Indonesian,Filipino,Chinese,Vietnamese": 0.4090909090909091,
            "Indonesian,Filipino,Malay,Vietnamese": 0.4602272727272727,
            "Indonesian,Spanish,Chinese,Malay": 0.5056818181818182,
            "Indonesian,Spanish,Chinese,Vietnamese": 0.5056818181818182,
            "Indonesian,Spanish,Malay,Vietnamese": 0.5625,
            "Indonesian,Chinese,Malay,Vietnamese": 0.48295454545454547,
            "English,Filipino,Spanish,Chinese": 0.4375,
            "English,Filipino,Spanish,Malay": 0.4659090909090909,
            "English,Filipino,Spanish,Vietnamese": 0.4943181818181818,
            "English,Filipino,Chinese,Malay": 0.4090909090909091,
            "English,Filipino,Chinese,Vietnamese": 0.42045454545454547,
            "English,Filipino,Malay,Vietnamese": 0.45454545454545453,
            "English,Spanish,Chinese,Malay": 0.5056818181818182,
            "English,Spanish,Chinese,Vietnamese": 0.5397727272727273,
            "English,Spanish,Malay,Vietnamese": 0.5511363636363636,
            "English,Chinese,Malay,Vietnamese": 0.48863636363636365,
            "Filipino,Spanish,Chinese,Malay": 0.4034090909090909,
            "Filipino,Spanish,Chinese,Vietnamese": 0.4090909090909091,
            "Filipino,Spanish,Malay,Vietnamese": 0.4659090909090909,
            "Filipino,Chinese,Malay,Vietnamese": 0.375,
            "Spanish,Chinese,Malay,Vietnamese": 0.4715909090909091
        },
        "5_combine": {
            "Indonesian,English,Filipino,Spanish,Chinese": 0.4034090909090909,
            "Indonesian,English,Filipino,Spanish,Malay": 0.4318181818181818,
            "Indonesian,English,Filipino,Spanish,Vietnamese": 0.44886363636363635,
            "Indonesian,English,Filipino,Chinese,Malay": 0.38636363636363635,
            "Indonesian,English,Filipino,Chinese,Vietnamese": 0.3977272727272727,
            "Indonesian,English,Filipino,Malay,Vietnamese": 0.42045454545454547,
            "Indonesian,English,Spanish,Chinese,Malay": 0.4772727272727273,
            "Indonesian,English,Spanish,Chinese,Vietnamese": 0.4772727272727273,
            "Indonesian,English,Spanish,Malay,Vietnamese": 0.5113636363636364,
            "Indonesian,English,Chinese,Malay,Vietnamese": 0.4602272727272727,
            "Indonesian,Filipino,Spanish,Chinese,Malay": 0.38636363636363635,
            "Indonesian,Filipino,Spanish,Chinese,Vietnamese": 0.39204545454545453,
            "Indonesian,Filipino,Spanish,Malay,Vietnamese": 0.4431818181818182,
            "Indonesian,Filipino,Chinese,Malay,Vietnamese": 0.36363636363636365,
            "Indonesian,Spanish,Chinese,Malay,Vietnamese": 0.44886363636363635,
            "English,Filipino,Spanish,Chinese,Malay": 0.38636363636363635,
            "English,Filipino,Spanish,Chinese,Vietnamese": 0.3977272727272727,
            "English,Filipino,Spanish,Malay,Vietnamese": 0.4318181818181818,
            "English,Filipino,Chinese,Malay,Vietnamese": 0.3693181818181818,
            "English,Spanish,Chinese,Malay,Vietnamese": 0.44886363636363635,
            "Filipino,Spanish,Chinese,Malay,Vietnamese": 0.35795454545454547
        },