{
    "overall_acc": 0.6217532467532468,
    "language_acc": {
        "Indonesian": 0.5738636363636364,
        "English": 0.7102272727272727,
        "Filipino": 0.5056818181818182,
        "Spanish": 0.6534090909090909,
        "Chinese": 0.7159090909090909,
        "Malay": 0.5795454545454546,
        "Vietnamese": 0.6136363636363636
    },
    "consistency_score_2": 0.6764069264069263,
    "consistency_score_3": 0.5441558441558441,
    "consistency_score_4": 0.46672077922077915,
    "consistency_score_5": 0.41369047619047616,
    "consistency_score_6": 0.3733766233766234,
    "consistency_score_7": 0.3409090909090909,
    "detailed_consistency_score": {
        "2_combine": {
            "Indonesian,English": 0.6477272727272727,
            "Indonesian,Filipino": 0.6590909090909091,
            "Indonesian,Spanish": 0.75,
            "Indonesian,Chinese": 0.6818181818181818,
            "Indonesian,Malay": 0.7670454545454546,
            "Indonesian,Vietnamese": 0.7159090909090909,
            "English,Filipino": 0.5625,
            "English,Spanish": 0.7784090909090909,
            "English,Chinese": 0.7159090909090909,
            "English,Malay": 0.6818181818181818,
            "English,Vietnamese": 0.7215909090909091,
            "Filipino,Spanish": 0.6363636363636364,
            "Filipino,Chinese": 0.5511363636363636,
            "Filipino,Malay": 0.6193181818181818,
            "Filipino,Vietnamese": 0.6079545454545454,
            "Spanish,Chinese": 0.6761363636363636,
            "Spanish,Malay": 0.6988636363636364,
            "Spanish,Vietnamese": 0.7897727272727273,
            "Chinese,Malay": 0.6022727272727273,
            "Chinese,Vietnamese": 0.6306818181818182,
            "Malay,Vietnamese": 0.7102272727272727
        },
        "3_combine": {
            "Indonesian,English,Filipino": 0.4715909090909091,
            "Indonesian,English,Spanish": 0.6079545454545454,
            "Indonesian,English,Chinese": 0.5568181818181818,
            "Indonesian,English,Malay": 0.5795454545454546,
            "Indonesian,English,Vietnamese": 0.5738636363636364,
            "Indonesian,Filipino,Spanish": 0.5625,
            "Indonesian,Filipino,Chinese": 0.48863636363636365,
            "Indonesian,Filipino,Malay": 0.5397727272727273,
            "Indonesian,Filipino,Vietnamese": 0.5227272727272727,
            "Indonesian,Spanish,Chinese": 0.5852272727272727,
            "Indonesian,Spanish,Malay": 0.6363636363636364,
            "Indonesian,Spanish,Vietnamese": 0.6477272727272727,
            "Indonesian,Chinese,Malay": 0.5568181818181818,
            "Indonesian,Chinese,Vietnamese": 0.5397727272727273,
            "Indonesian,Malay,Vietnamese": 0.6136363636363636,
            "English,Filipino,Spanish": 0.5056818181818182,
            "English,Filipino,Chinese": 0.45454545454545453,
            "English,Filipino,Malay": 0.4659090909090909,
            "English,Filipino,Vietnamese": 0.4772727272727273,
            "English,Spanish,Chinese": 0.6079545454545454,
            "English,Spanish,Malay": 0.6022727272727273,
            "English,Spanish,Vietnamese": 0.6590909090909091,
            "English,Chinese,Malay": 0.5227272727272727,
            "English,Chinese,Vietnamese": 0.5625,
            "English,Malay,Vietnamese": 0.5795454545454546,
            "Filipino,Spanish,Chinese": 0.4715909090909091,
            "Filipino,Spanish,Malay": 0.5113636363636364,
            "Filipino,Spanish,Vietnamese": 0.5511363636363636,
            "Filipino,Chinese,Malay": 0.4431818181818182,
            "Filipino,Chinese,Vietnamese": 0.42613636363636365,
            "Filipino,Malay,Vietnamese": 0.5056818181818182,
            "Spanish,Chinese,Malay": 0.5284090909090909,
            "Spanish,Chinese,Vietnamese": 0.5738636363636364,
            "Spanish,Malay,Vietnamese": 0.6136363636363636,
            "Chinese,Malay,Vietnamese": 0.5
        },
        "4_combine": {
            "Indonesian,English,Filipino,Spanish": 0.45454545454545453,
            "Indonesian,English,Filipino,Chinese": 0.4147727272727273,
            "Indonesian,English,Filipino,Malay": 0.4318181818181818,
            "Indonesian,English,Filipino,Vietnamese": 0.4318181818181818,
            "Indonesian,English,Spanish,Chinese": 0.5227272727272727,
            "Indonesian,English,Spanish,Malay": 0.5454545454545454,
            "Indonesian,English,Spanish,Vietnamese": 0.5511363636363636,
            "Indonesian,English,Chinese,Malay": 0.4943181818181818,
            "Indonesian,English,Chinese,Vietnamese": 0.48863636363636365,
            "Indonesian,English,Malay,Vietnamese": 0.5170454545454546,
            "Indonesian,Filipino,Spanish,Chinese": 0.45454545454545453,
            "Indonesian,Filipino,Spanish,Malay": 0.48295454545454547,
            "Indonesian,Filipino,Spanish,Vietnamese": 0.5,
            "Indonesian,Filipino,Chinese,Malay": 0.42613636363636365,
            "Indonesian,Filipino,Chinese,Vietnamese": 0.4147727272727273,
            "Indonesian,Filipino,Malay,Vietnamese": 0.45454545454545453,
            "Indonesian,Spanish,Chinese,Malay": 0.5113636363636364,
            "Indonesian,Spanish,Chinese,Vietnamese": 0.5056818181818182,
            "Indonesian,Spanish,Malay,Vietnamese": 0.5681818181818182,
            "Indonesian,Chinese,Malay,Vietnamese": 0.4772727272727273,
            "English,Filipino,Spanish,Chinese": 0.42045454545454547,
            "English,Filipino,Spanish,Malay": 0.4375,
            "English,Filipino,Spanish,Vietnamese": 0.4602272727272727,
            "English,Filipino,Chinese,Malay": 0.3806818181818182,
            "English,Filipino,Chinese,Vietnamese": 0.39204545454545453,
            "English,Filipino,Malay,Vietnamese": 0.4318181818181818,
            "English,Spanish,Chinese,Malay": 0.48295454545454547,
            "English,Spanish,Chinese,Vietnamese": 0.5284090909090909,
            "English,Spanish,Malay,Vietnamese": 0.5397727272727273,
            "English,Chinese,Malay,Vietnamese": 0.4602272727272727,
            "Filipino,Spanish,Chinese,Malay": 0.4090909090909091,
            "Filipino,Spanish,Chinese,Vietnamese": 0.42045454545454547,
            "Filipino,Spanish,Malay,Vietnamese": 0.4715909090909091,
            "Filipino,Chinese,Malay,Vietnamese": 0.3806818181818182,
            "Spanish,Chinese,Malay,Vietnamese": 0.4715909090909091
        },
        "5_combine": {
            "Indonesian,English,Filipino,Spanish,Chinese": 0.4034090909090909,
            "Indonesian,English,Filipino,Spanish,Malay": 0.4147727272727273,
            "Indonesian,English,Filipino,Spanish,Vietnamese": 0.42613636363636365,
            "Indonesian,English,Filipino,Chinese,Malay": 0.375,
            "Indonesian,English,Filipino,Chinese,Vietnamese": 0.3806818181818182,
            "Indonesian,English,Filipino,Malay,Vietnamese": 0.3977272727272727,
            "Indonesian,English,Spanish,Chinese,Malay": 0.4659090909090909,
            "Indonesian,English,Spanish,Chinese,Vietnamese": 0.4659090909090909,
            "Indonesian,English,Spanish,Malay,Vietnamese": 0.5,
            "Indonesian,English,Chinese,Malay,Vietnamese": 0.4375,
            "Indonesian,Filipino,Spanish,Chinese,Malay": 0.4034090909090909,
            "Indonesian,Filipino,Spanish,Chinese,Vietnamese": 0.4090909090909091,
            "Indonesian,Filipino,Spanish,Malay,Vietnamese": 0.4431818181818182,
            "Indonesian,Filipino,Chinese,Malay,Vietnamese": 0.375,
            "Indonesian,Spanish,Chinese,Malay,Vietnamese": 0.45454545454545453,
            "English,Filipino,Spanish,Chinese,Malay": 0.3693181818181818,
            "English,Filipino,Spanish,Chinese,Vietnamese": 0.38636363636363635,
            "English,Filipino,Spanish,Malay,Vietnamese": 0.4147727272727273,
            "English,Filipino,Chinese,Malay,Vietnamese": 0.3522727272727273,
            "English,Spanish,Chinese,Malay,Vietnamese": 0.4375,
            "Filipino,Spanish,Chinese,Malay,Vietnamese": 0.375
        },