{
    "overall_acc": 0.3774350649350649,
    "language_acc": {
        "Indonesian": 0.4090909090909091,
        "English": 0.6022727272727273,
        "Filipino": 0.30113636363636365,
        "Spanish": 0.45454545454545453,
        "Chinese": 0.23295454545454544,
        "Malay": 0.3352272727272727,
        "Vietnamese": 0.3068181818181818
    },
    "consistency_score_2": 0.40882034632034636,
    "consistency_score_3": 0.2073051948051948,
    "consistency_score_4": 0.11542207792207793,
    "consistency_score_5": 0.06845238095238095,
    "consistency_score_6": 0.04301948051948052,
    "consistency_score_7": 0.028409090909090908,
    "detailed_consistency_score": {
        "2_combine": {
            "Indonesian,English": 0.4659090909090909,
            "Indonesian,Filipino": 0.4715909090909091,
            "Indonesian,Spanish": 0.5397727272727273,
            "Indonesian,Chinese": 0.3352272727272727,
            "Indonesian,Malay": 0.5397727272727273,
            "Indonesian,Vietnamese": 0.35795454545454547,
            "English,Filipino": 0.3465909090909091,
            "English,Spanish": 0.6420454545454546,
            "English,Chinese": 0.2159090909090909,
            "English,Malay": 0.42613636363636365,
            "English,Vietnamese": 0.2897727272727273,
            "Filipino,Spanish": 0.4147727272727273,
            "Filipino,Chinese": 0.29545454545454547,
            "Filipino,Malay": 0.5284090909090909,
            "Filipino,Vietnamese": 0.36363636363636365,
            "Spanish,Chinese": 0.25,
            "Spanish,Malay": 0.4715909090909091,
            "Spanish,Vietnamese": 0.3409090909090909,
            "Chinese,Malay": 0.375,
            "Chinese,Vietnamese": 0.5113636363636364,
            "Malay,Vietnamese": 0.4034090909090909
        },
        "3_combine": {
            "Indonesian,English,Filipino": 0.23863636363636365,
            "Indonesian,English,Spanish": 0.3693181818181818,
            "Indonesian,English,Chinese": 0.13068181818181818,
            "Indonesian,English,Malay": 0.29545454545454547,
            "Indonesian,English,Vietnamese": 0.16477272727272727,
            "Indonesian,Filipino,Spanish": 0.2840909090909091,
            "Indonesian,Filipino,Chinese": 0.17045454545454544,
            "Indonesian,Filipino,Malay": 0.3522727272727273,
            "Indonesian,Filipino,Vietnamese": 0.2159090909090909,
            "Indonesian,Spanish,Chinese": 0.1590909090909091,
            "Indonesian,Spanish,Malay": 0.3409090909090909,
            "Indonesian,Spanish,Vietnamese": 0.19886363636363635,
            "Indonesian,Chinese,Malay": 0.2215909090909091,
            "Indonesian,Chinese,Vietnamese": 0.20454545454545456,
            "Indonesian,Malay,Vietnamese": 0.22727272727272727,
            "English,Filipino,Spanish": 0.25,
            "English,Filipino,Chinese": 0.08522727272727272,
            "English,Filipino,Malay": 0.24431818181818182,
            "English,Filipino,Vietnamese": 0.11931818181818182,
            "English,Spanish,Chinese": 0.14772727272727273,
            "English,Spanish,Malay": 0.32954545454545453,
            "English,Spanish,Vietnamese": 0.22727272727272727,
            "English,Chinese,Malay": 0.11363636363636363,
            "English,Chinese,Vietnamese": 0.10795454545454546,
            "English,Malay,Vietnamese": 0.14772727272727273,
            "Filipino,Spanish,Chinese": 0.11931818181818182,
            "Filipino,Spanish,Malay": 0.2784090909090909,
            "Filipino,Spanish,Vietnamese": 0.1590909090909091,
            "Filipino,Chinese,Malay": 0.19318181818181818,
            "Filipino,Chinese,Vietnamese": 0.1875,
            "Filipino,Malay,Vietnamese": 0.22727272727272727,
            "Spanish,Chinese,Malay": 0.1534090909090909,
            "Spanish,Chinese,Vietnamese": 0.1534090909090909,
            "Spanish,Malay,Vietnamese": 0.19318181818181818,
            "Chinese,Malay,Vietnamese": 0.24431818181818182
        },
        "4_combine": {
            "Indonesian,English,Filipino,Spanish": 0.19318181818181818,
            "Indonesian,English,Filipino,Chinese": 0.07386363636363637,
            "Indonesian,English,Filipino,Malay": 0.18181818181818182,
            "Indonesian,English,Filipino,Vietnamese": 0.09090909090909091,
            "Indonesian,English,Spanish,Chinese": 0.10227272727272728,
            "Indonesian,English,Spanish,Malay": 0.2556818181818182,
            "Indonesian,English,Spanish,Vietnamese": 0.14204545454545456,
            "Indonesian,English,Chinese,Malay": 0.09090909090909091,
            "Indonesian,English,Chinese,Vietnamese": 0.06818181818181818,
            "Indonesian,English,Malay,Vietnamese": 0.10227272727272728,
            "Indonesian,Filipino,Spanish,Chinese": 0.09090909090909091,
            "Indonesian,Filipino,Spanish,Malay": 0.2159090909090909,
            "Indonesian,Filipino,Spanish,Vietnamese": 0.11931818181818182,
            "Indonesian,Filipino,Chinese,Malay": 0.14772727272727273,
            "Indonesian,Filipino,Chinese,Vietnamese": 0.11931818181818182,
            "Indonesian,Filipino,Malay,Vietnamese": 0.17045454545454544,
            "Indonesian,Spanish,Chinese,Malay": 0.11363636363636363,
            "Indonesian,Spanish,Chinese,Vietnamese": 0.09090909090909091,
            "Indonesian,Spanish,Malay,Vietnamese": 0.13636363636363635,
            "Indonesian,Chinese,Malay,Vietnamese": 0.14204545454545456,
            "English,Filipino,Spanish,Chinese": 0.06818181818181818,
            "English,Filipino,Spanish,Malay": 0.17613636363636365,
            "English,Filipino,Spanish,Vietnamese": 0.09659090909090909,
            "English,Filipino,Chinese,Malay": 0.0625,
            "English,Filipino,Chinese,Vietnamese": 0.03409090909090909,
            "English,Filipino,Malay,Vietnamese": 0.07386363636363637,
            "English,Spanish,Chinese,Malay": 0.09659090909090909,
            "English,Spanish,Chinese,Vietnamese": 0.07954545454545454,
            "English,Spanish,Malay,Vietnamese": 0.13068181818181818,
            "English,Chinese,Malay,Vietnamese": 0.056818181818181816,
            "Filipino,Spanish,Chinese,Malay": 0.09090909090909091,
            "Filipino,Spanish,Chinese,Vietnamese": 0.07386363636363637,
            "Filipino,Spanish,Malay,Vietnamese": 0.10795454545454546,
            "Filipino,Chinese,Malay,Vietnamese": 0.14204545454545456,
            "Spanish,Chinese,Malay,Vietnamese": 0.10227272727272728
        },
        "5_combine": {
            "Indonesian,English,Filipino,Spanish,Chinese": 0.0625,
            "Indonesian,English,Filipino,Spanish,Malay": 0.1534090909090909,
            "Indonesian,English,Filipino,Spanish,Vietnamese": 0.07954545454545454,
            "Indonesian,English,Filipino,Chinese,Malay": 0.056818181818181816,
            "Indonesian,English,Filipino,Chinese,Vietnamese": 0.03409090909090909,
            "Indonesian,English,Filipino,Malay,Vietnamese": 0.06818181818181818,
            "Indonesian,English,Spanish,Chinese,Malay": 0.07954545454545454,
            "Indonesian,English,Spanish,Chinese,Vietnamese": 0.056818181818181816,
            "Indonesian,English,Spanish,Malay,Vietnamese": 0.09659090909090909,
            "Indonesian,English,Chinese,Malay,Vietnamese": 0.045454545454545456,
            "Indonesian,Filipino,Spanish,Chinese,Malay": 0.07954545454545454,
            "Indonesian,Filipino,Spanish,Chinese,Vietnamese": 0.056818181818181816,
            "Indonesian,Filipino,Spanish,Malay,Vietnamese": 0.09659090909090909,
            "Indonesian,Filipino,Chinese,Malay,Vietnamese": 0.10795454545454546,
            "Indonesian,Spanish,Chinese,Malay,Vietnamese": 0.06818181818181818,
            "English,Filipino,Spanish,Chinese,Malay": 0.05113636363636364,
            "English,Filipino,Spanish,Chinese,Vietnamese": 0.03409090909090909,
            "English,Filipino,Spanish,Malay,Vietnamese": 0.0625,
            "English,Filipino,Chinese,Malay,Vietnamese": 0.028409090909090908,