{
    "overall_acc": 0.3628246753246754,
    "language_acc": {
        "Indonesian": 0.4034090909090909,
        "English": 0.6022727272727273,
        "Filipino": 0.26704545454545453,
        "Spanish": 0.42045454545454547,
        "Chinese": 0.2215909090909091,
        "Malay": 0.3409090909090909,
        "Vietnamese": 0.2840909090909091
    },
    "consistency_score_2": 0.38906926406926406,
    "consistency_score_3": 0.1912337662337662,
    "consistency_score_4": 0.10357142857142858,
    "consistency_score_5": 0.059253246753246745,
    "consistency_score_6": 0.03571428571428571,
    "consistency_score_7": 0.022727272727272728,
    "detailed_consistency_score": {
        "2_combine": {
            "Indonesian,English": 0.4772727272727273,
            "Indonesian,Filipino": 0.4715909090909091,
            "Indonesian,Spanish": 0.5681818181818182,
            "Indonesian,Chinese": 0.24431818181818182,
            "Indonesian,Malay": 0.5511363636363636,
            "Indonesian,Vietnamese": 0.32954545454545453,
            "English,Filipino": 0.3352272727272727,
            "English,Spanish": 0.6477272727272727,
            "English,Chinese": 0.2727272727272727,
            "English,Malay": 0.4147727272727273,
            "English,Vietnamese": 0.2840909090909091,
            "Filipino,Spanish": 0.4090909090909091,
            "Filipino,Chinese": 0.26704545454545453,
            "Filipino,Malay": 0.4772727272727273,
            "Filipino,Vietnamese": 0.3806818181818182,
            "Spanish,Chinese": 0.2727272727272727,
            "Spanish,Malay": 0.5113636363636364,
            "Spanish,Vietnamese": 0.3181818181818182,
            "Chinese,Malay": 0.2784090909090909,
            "Chinese,Vietnamese": 0.24431818181818182,
            "Malay,Vietnamese": 0.4147727272727273
        },
        "3_combine": {
            "Indonesian,English,Filipino": 0.23295454545454544,
            "Indonesian,English,Spanish": 0.3806818181818182,
            "Indonesian,English,Chinese": 0.1534090909090909,
            "Indonesian,English,Malay": 0.30113636363636365,
            "Indonesian,English,Vietnamese": 0.1534090909090909,
            "Indonesian,Filipino,Spanish": 0.29545454545454547,
            "Indonesian,Filipino,Chinese": 0.125,
            "Indonesian,Filipino,Malay": 0.32954545454545453,
            "Indonesian,Filipino,Vietnamese": 0.2159090909090909,
            "Indonesian,Spanish,Chinese": 0.17613636363636365,
            "Indonesian,Spanish,Malay": 0.375,
            "Indonesian,Spanish,Vietnamese": 0.20454545454545456,
            "Indonesian,Chinese,Malay": 0.1590909090909091,
            "Indonesian,Chinese,Vietnamese": 0.09090909090909091,
            "Indonesian,Malay,Vietnamese": 0.23295454545454544,
            "English,Filipino,Spanish": 0.2556818181818182,
            "English,Filipino,Chinese": 0.10227272727272728,
            "English,Filipino,Malay": 0.20454545454545456,
            "English,Filipino,Vietnamese": 0.11931818181818182,
            "English,Spanish,Chinese": 0.1875,
            "English,Spanish,Malay": 0.3409090909090909,
            "English,Spanish,Vietnamese": 0.20454545454545456,
            "English,Chinese,Malay": 0.10795454545454546,
            "English,Chinese,Vietnamese": 0.08522727272727272,
            "English,Malay,Vietnamese": 0.14204545454545456,
            "Filipino,Spanish,Chinese": 0.11931818181818182,
            "Filipino,Spanish,Malay": 0.26136363636363635,
            "Filipino,Spanish,Vietnamese": 0.1534090909090909,
            "Filipino,Chinese,Malay": 0.13068181818181818,
            "Filipino,Chinese,Vietnamese": 0.09090909090909091,
            "Filipino,Malay,Vietnamese": 0.2159090909090909,
            "Spanish,Chinese,Malay": 0.14772727272727273,
            "Spanish,Chinese,Vietnamese": 0.08522727272727272,
            "Spanish,Malay,Vietnamese": 0.20454545454545456,
            "Chinese,Malay,Vietnamese": 0.10795454545454546
        },
        "4_combine": {
            "Indonesian,English,Filipino,Spanish": 0.19318181818181818,
            "Indonesian,English,Filipino,Chinese": 0.07954545454545454,
            "Indonesian,English,Filipino,Malay": 0.1534090909090909,
            "Indonesian,English,Filipino,Vietnamese": 0.09090909090909091,
            "Indonesian,English,Spanish,Chinese": 0.14204545454545456,
            "Indonesian,English,Spanish,Malay": 0.26704545454545453,
            "Indonesian,English,Spanish,Vietnamese": 0.13068181818181818,
            "Indonesian,English,Chinese,Malay": 0.09090909090909091,
            "Indonesian,English,Chinese,Vietnamese": 0.056818181818181816,
            "Indonesian,English,Malay,Vietnamese": 0.10227272727272728,
            "Indonesian,Filipino,Spanish,Chinese": 0.09090909090909091,
            "Indonesian,Filipino,Spanish,Malay": 0.21022727272727273,
            "Indonesian,Filipino,Spanish,Vietnamese": 0.13068181818181818,
            "Indonesian,Filipino,Chinese,Malay": 0.09659090909090909,
            "Indonesian,Filipino,Chinese,Vietnamese": 0.056818181818181816,
            "Indonesian,Filipino,Malay,Vietnamese": 0.16477272727272727,
            "Indonesian,Spanish,Chinese,Malay": 0.10795454545454546,
            "Indonesian,Spanish,Chinese,Vietnamese": 0.06818181818181818,
            "Indonesian,Spanish,Malay,Vietnamese": 0.1534090909090909,
            "Indonesian,Chinese,Malay,Vietnamese": 0.06818181818181818,
            "English,Filipino,Spanish,Chinese": 0.08522727272727272,
            "English,Filipino,Spanish,Malay": 0.16477272727272727,
            "English,Filipino,Spanish,Vietnamese": 0.09659090909090909,
            "English,Filipino,Chinese,Malay": 0.056818181818181816,
            "English,Filipino,Chinese,Vietnamese": 0.03977272727272727,
            "English,Filipino,Malay,Vietnamese": 0.06818181818181818,
            "English,Spanish,Chinese,Malay": 0.09659090909090909,
            "English,Spanish,Chinese,Vietnamese": 0.06818181818181818,
            "English,Spanish,Malay,Vietnamese": 0.125,
            "English,Chinese,Malay,Vietnamese": 0.045454545454545456,
            "Filipino,Spanish,Chinese,Malay": 0.07386363636363637,
            "Filipino,Spanish,Chinese,Vietnamese": 0.045454545454545456,
            "Filipino,Spanish,Malay,Vietnamese": 0.09659090909090909,
            "Filipino,Chinese,Malay,Vietnamese": 0.05113636363636364,
            "Spanish,Chinese,Malay,Vietnamese": 0.056818181818181816
        },
        "5_combine": {
            "Indonesian,English,Filipino,Spanish,Chinese": 0.07386363636363637,
            "Indonesian,English,Filipino,Spanish,Malay": 0.13636363636363635,
            "Indonesian,English,Filipino,Spanish,Vietnamese": 0.07954545454545454,
            "Indonesian,English,Filipino,Chinese,Malay": 0.05113636363636364,
            "Indonesian,English,Filipino,Chinese,Vietnamese": 0.03409090909090909,
            "Indonesian,English,Filipino,Malay,Vietnamese": 0.0625,
            "Indonesian,English,Spanish,Chinese,Malay": 0.08522727272727272,
            "Indonesian,English,Spanish,Chinese,Vietnamese": 0.056818181818181816,
            "Indonesian,English,Spanish,Malay,Vietnamese": 0.09659090909090909,
            "Indonesian,English,Chinese,Malay,Vietnamese": 0.03977272727272727,
            "Indonesian,Filipino,Spanish,Chinese,Malay": 0.0625,
            "Indonesian,Filipino,Spanish,Chinese,Vietnamese": 0.03977272727272727,
            "Indonesian,Filipino,Spanish,Malay,Vietnamese": 0.09659090909090909,
            "Indonesian,Filipino,Chinese,Malay,Vietnamese": 0.045454545454545456,
            "Indonesian,Spanish,Chinese,Malay,Vietnamese": 0.045454545454545456,
            "English,Filipino,Spanish,Chinese,Malay": 0.045454545454545456,
            "English,Filipino,Spanish,Chinese,Vietnamese": 0.03977272727272727,
            "English,Filipino,Spanish,Malay,Vietnamese": 0.056818181818181816,
            "English,Filipino,Chinese,Malay,Vietnamese": 0.022727272727272728,