{
    "accuracy": 0.7461565963532356,
    "category_acc": {
        "high_school_european_history": 0.774390243902439,
        "business_ethics": 0.8282828282828283,
        "clinical_knowledge": 0.7462121212121212,
        "medical_genetics": 0.8787878787878788,
        "high_school_us_history": 0.8522167487684729,
        "high_school_physics": 0.6,
        "high_school_world_history": 0.8898305084745762,
        "virology": 0.5515151515151515,
        "high_school_microeconomics": 0.8354430379746836,
        "econometrics": 0.5486725663716814,
        "college_computer_science": 0.6161616161616161,
        "high_school_biology": 0.8122977346278317,
        "abstract_algebra": 0.5151515151515151,
        "professional_accounting": 0.6120996441281139,
        "philosophy": 0.8,
        "professional_medicine": 0.8191881918819188,
        "nutrition": 0.7901639344262295,
        "global_facts": 0.6767676767676768,
        "machine_learning": 0.5765765765765766,
        "security_studies": 0.7540983606557377,
        "public_relations": 0.7155963302752294,
        "professional_psychology": 0.8150572831423896,
        "prehistory": 0.8668730650154799,
        "anatomy": 0.7388059701492538,
        "human_sexuality": 0.8461538461538461,
        "college_medicine": 0.7151162790697675,
        "high_school_government_and_politics": 0.921875,
        "college_chemistry": 0.48484848484848486,
        "logical_fallacies": 0.8395061728395061,
        "high_school_geography": 0.8426395939086294,
        "elementary_mathematics": 0.830238726790451,
        "human_aging": 0.8018018018018018,
        "college_mathematics": 0.41414141414141414,
        "high_school_psychology": 0.8676470588235294,
        "formal_logic": 0.616,
        "high_school_statistics": 0.5767441860465117,
        "international_law": 0.875,
        "high_school_mathematics": 0.44981412639405205,
        "high_school_computer_science": 0.8585858585858586,
        "conceptual_physics": 0.7692307692307693,
        "miscellaneous": 0.9002557544757033,
        "high_school_chemistry": 0.6683168316831684,
        "marketing": 0.9098712446351931,
        "professional_law": 0.594259621656882,
        "management": 0.8235294117647058,
        "college_physics": 0.5445544554455446,
        "jurisprudence": 0.794392523364486,
        "world_religions": 0.8764705882352941,
        "sociology": 0.83,
        "us_foreign_policy": 0.898989898989899,
        "high_school_macroeconomics": 0.7377892030848329,
        "computer_security": 0.7272727272727273,
        "moral_scenarios": 0.6331096196868009,
        "moral_disputes": 0.7913043478260869,
        "electrical_engineering": 0.7361111111111112,
        "astronomy": 0.8874172185430463,
        "college_biology": 0.8251748251748252
    }
}