{
    "accuracy": 0.6911691097604576,
    "category_acc": {
        "high_school_european_history": 0.774390243902439,
        "business_ethics": 0.7373737373737373,
        "clinical_knowledge": 0.6590909090909091,
        "medical_genetics": 0.7676767676767676,
        "high_school_us_history": 0.8620689655172413,
        "high_school_physics": 0.49333333333333335,
        "high_school_world_history": 0.8813559322033898,
        "virology": 0.509090909090909,
        "high_school_microeconomics": 0.7721518987341772,
        "econometrics": 0.5132743362831859,
        "college_computer_science": 0.5555555555555556,
        "high_school_biology": 0.7119741100323624,
        "abstract_algebra": 0.35353535353535354,
        "professional_accounting": 0.505338078291815,
        "philosophy": 0.7612903225806451,
        "professional_medicine": 0.8302583025830258,
        "nutrition": 0.7278688524590164,
        "global_facts": 0.6363636363636364,
        "machine_learning": 0.4954954954954955,
        "security_studies": 0.6762295081967213,
        "public_relations": 0.6146788990825688,
        "professional_psychology": 0.7086743044189853,
        "prehistory": 0.7770897832817337,
        "anatomy": 0.6343283582089553,
        "human_sexuality": 0.7615384615384615,
        "college_medicine": 0.6395348837209303,
        "high_school_government_and_politics": 0.8854166666666666,
        "college_chemistry": 0.4444444444444444,
        "logical_fallacies": 0.7839506172839507,
        "high_school_geography": 0.7563451776649747,
        "elementary_mathematics": 0.8063660477453581,
        "human_aging": 0.7072072072072072,
        "college_mathematics": 0.3333333333333333,
        "high_school_psychology": 0.7573529411764706,
        "formal_logic": 0.576,
        "high_school_statistics": 0.5441860465116279,
        "international_law": 0.8166666666666667,
        "high_school_mathematics": 0.34572490706319703,
        "high_school_computer_science": 0.7676767676767676,
        "conceptual_physics": 0.7222222222222222,
        "miscellaneous": 0.8772378516624041,
        "high_school_chemistry": 0.594059405940594,
        "marketing": 0.8111587982832618,
        "professional_law": 0.5727332028701891,
        "management": 0.7647058823529411,
        "college_physics": 0.42574257425742573,
        "jurisprudence": 0.8317757009345794,
        "world_religions": 0.8352941176470589,
        "sociology": 0.815,
        "us_foreign_policy": 0.8686868686868687,
        "high_school_macroeconomics": 0.6940874035989717,
        "computer_security": 0.696969696969697,
        "moral_scenarios": 0.6185682326621924,
        "moral_disputes": 0.7594202898550725,
        "electrical_engineering": 0.6666666666666666,
        "astronomy": 0.7814569536423841,
        "college_biology": 0.7552447552447552
    }
}