{
    "accuracy": 0.3732558915815475,
    "category_acc": {
        "History": 0.3614457831325301,
        "Geography": 0.3489795918367347,
        "Lampungic": 0.2789115646258503,
        "Social science": 0.4757929883138564,
        "Balinese": 0.2781316348195329,
        "Makassarese": 0.3064516129032258,
        "Banjarese": 0.3819444444444444,
        "Chemistry": 0.24379562043795622,
        "Biology": 0.3337278106508876,
        "Science": 0.3942208462332301,
        "Christian religion": 0.34328358208955223,
        "Art": 0.4176372712146423,
        "Islam religion": 0.39829302987197723,
        "Hindu religion": 0.3933333333333333,
        "Madurese": 0.2745762711864407,
        "Sport": 0.46621621621621623,
        "Indonesian language": 0.42714819427148193,
        "Physics": 0.36363636363636365,
        "Minangkabau culture": 0.3065326633165829,
        "Dayak language": 0.27522935779816515,
        "Sociology": 0.38911290322580644,
        "Economy": 0.33811475409836067,
        "Sundanese": 0.35522904062229904,
        "Javanese": 0.3326612903225806,
        "Civic education": 0.413447782546495
    }
}