{
    "rouge1": 0.15013721929677626,
    "rouge2": 0.043554485551585684,
    "rougeL": 0.11271506493749443,
    "avg_rouge": 0.1021355899286188
}