{
    "rouge1": 0.33636015533984887,
    "rouge2": 0.11925700460871659,
    "rougeL": 0.2566002433796598,
    "avg_rouge": 0.23740580110940843
}