{
    "rouge1": 0.12705281041724492,
    "rouge2": 0.034748531923445534,
    "rougeL": 0.09916061070001848,
    "avg_rouge": 0.08698731768023632
}