{
    "rouge1": 0.19426426170381578,
    "rouge2": 0.05026998096295629,
    "rougeL": 0.1427788616737507,
    "avg_rouge": 0.1291043681135076
}