{
    "rouge1": 0.13768897790409756,
    "rouge2": 0.037895101154647844,
    "rougeL": 0.10580890122208217,
    "avg_rouge": 0.0937976600936092
}