{
    "accuracy": 0.2530651010188223,
    "category_acc": {
        "agronomy": 0.23668639053254437,
        "anatomy": 0.2635135135135135,
        "ancient_chinese": 0.25609756097560976,
        "arts": 0.25625,
        "astronomy": 0.24242424242424243,
        "business_ethics": 0.24401913875598086,
        "chinese_civil_service_exam": 0.24375,
        "chinese_driving_rule": 0.25190839694656486,
        "chinese_food_culture": 0.2647058823529412,
        "chinese_foreign_policy": 0.24299065420560748,
        "chinese_history": 0.25077399380804954,
        "chinese_literature": 0.25,
        "chinese_teacher_qualification": 0.25139664804469275,
        "clinical_knowledge": 0.24472573839662448,
        "college_actuarial_science": 0.2641509433962264,
        "college_education": 0.29906542056074764,
        "college_engineering_hydrology": 0.2830188679245283,
        "college_law": 0.21296296296296297,
        "college_mathematics": 0.22857142857142856,
        "college_medical_statistics": 0.2641509433962264,
        "college_medicine": 0.2454212454212454,
        "computer_science": 0.2647058823529412,
        "computer_security": 0.24561403508771928,
        "conceptual_physics": 0.25170068027210885,
        "construction_project_management": 0.2517985611510791,
        "economics": 0.2389937106918239,
        "education": 0.25153374233128833,
        "electrical_engineering": 0.23837209302325582,
        "elementary_chinese": 0.2777777777777778,
        "elementary_commonsense": 0.25757575757575757,
        "elementary_information_and_technology": 0.29831932773109243,
        "elementary_mathematics": 0.27391304347826084,
        "ethnology": 0.24444444444444444,
        "food_science": 0.2517482517482518,
        "genetics": 0.23863636363636365,
        "global_facts": 0.26174496644295303,
        "high_school_biology": 0.23668639053254437,
        "high_school_chemistry": 0.25,
        "high_school_geography": 0.2627118644067797,
        "high_school_mathematics": 0.27439024390243905,
        "high_school_physics": 0.2636363636363636,
        "high_school_politics": 0.2727272727272727,
        "human_sexuality": 0.25396825396825395,
        "international_law": 0.2594594594594595,
        "journalism": 0.25,
        "jurisprudence": 0.25060827250608275,
        "legal_and_moral_basis": 0.2523364485981308,
        "logical": 0.2601626016260163,
        "machine_learning": 0.21311475409836064,
        "management": 0.24761904761904763,
        "marketing": 0.25,
        "marxist_theory": 0.24338624338624337,
        "modern_chinese": 0.25862068965517243,
        "nutrition": 0.2413793103448276,
        "philosophy": 0.23809523809523808,
        "professional_accounting": 0.25142857142857145,
        "professional_law": 0.26066350710900477,
        "professional_medicine": 0.24202127659574468,
        "professional_psychology": 0.24568965517241378,
        "public_relations": 0.2471264367816092,
        "security_study": 0.25925925925925924,
        "sociology": 0.252212389380531,
        "sports_science": 0.26666666666666666,
        "traditional_chinese_medicine": 0.24864864864864866,
        "virology": 0.2485207100591716,
        "world_history": 0.2422360248447205,
        "world_religions": 0.26875
    }
}