{
    "accuracy": 0.45952677459526775,
    "category_acc": {
        "computer_network": 0.4166666666666667,
        "operating_system": 0.5416666666666666,
        "computer_architecture": 0.4230769230769231,
        "college_programming": 0.47619047619047616,
        "college_physics": 0.5416666666666666,
        "college_chemistry": 0.27586206896551724,
        "advanced_mathematics": 0.375,
        "probability_and_statistics": 0.30434782608695654,
        "discrete_mathematics": 0.23809523809523808,
        "electrical_engineer": 0.35714285714285715,
        "metrology_engineer": 0.3793103448275862,
        "high_school_mathematics": 0.13043478260869565,
        "high_school_physics": 0.25,
        "high_school_chemistry": 0.4166666666666667,
        "high_school_biology": 0.4166666666666667,
        "middle_school_mathematics": 0.2916666666666667,
        "middle_school_biology": 0.7692307692307693,
        "middle_school_physics": 0.5,
        "middle_school_chemistry": 0.76,
        "veterinary_medicine": 0.42857142857142855,
        "college_economics": 0.38333333333333336,
        "business_administration": 0.39473684210526316,
        "marxism": 0.5416666666666666,
        "mao_zedong_thought": 0.5517241379310345,
        "education_science": 0.6176470588235294,
        "teacher_qualification": 0.6326530612244898,
        "high_school_politics": 0.6666666666666666,
        "high_school_geography": 0.375,
        "middle_school_politics": 0.6538461538461539,
        "middle_school_geography": 0.5882352941176471,
        "modern_chinese_history": 0.35714285714285715,
        "ideological_and_moral_cultivation": 0.5833333333333334,
        "logic": 0.6296296296296297,
        "law": 0.3448275862068966,
        "chinese_language_and_literature": 0.42857142857142855,
        "art_studies": 0.5263157894736842,
        "professional_tour_guide": 0.5,
        "legal_professional": 0.5,
        "high_school_chinese": 0.3333333333333333,
        "high_school_history": 0.64,
        "middle_school_history": 0.6666666666666666,
        "civil_servant": 0.34615384615384615,
        "sports_science": 0.5,
        "plant_protection": 0.6666666666666666,
        "basic_medicine": 0.2916666666666667,
        "clinical_medicine": 0.5185185185185185,
        "urban_and_rural_planner": 0.5098039215686274,
        "accountant": 0.42592592592592593,
        "fire_engineer": 0.3611111111111111,
        "environmental_impact_assessment_engineer": 0.4444444444444444,
        "tax_accountant": 0.3333333333333333,
        "physician": 0.46296296296296297
    }
}