{
    "accuracy": 0.47198007471980075,
    "category_acc": {
        "computer_network": 0.4166666666666667,
        "operating_system": 0.5,
        "computer_architecture": 0.5384615384615384,
        "college_programming": 0.5238095238095238,
        "college_physics": 0.375,
        "college_chemistry": 0.2413793103448276,
        "advanced_mathematics": 0.4583333333333333,
        "probability_and_statistics": 0.30434782608695654,
        "discrete_mathematics": 0.19047619047619047,
        "electrical_engineer": 0.4523809523809524,
        "metrology_engineer": 0.41379310344827586,
        "high_school_mathematics": 0.13043478260869565,
        "high_school_physics": 0.2916666666666667,
        "high_school_chemistry": 0.4583333333333333,
        "high_school_biology": 0.4166666666666667,
        "middle_school_mathematics": 0.3333333333333333,
        "middle_school_biology": 0.7692307692307693,
        "middle_school_physics": 0.5,
        "middle_school_chemistry": 0.68,
        "veterinary_medicine": 0.42857142857142855,
        "college_economics": 0.35,
        "business_administration": 0.4473684210526316,
        "marxism": 0.5,
        "mao_zedong_thought": 0.5862068965517241,
        "education_science": 0.6176470588235294,
        "teacher_qualification": 0.673469387755102,
        "high_school_politics": 0.5833333333333334,
        "high_school_geography": 0.4166666666666667,
        "middle_school_politics": 0.7692307692307693,
        "middle_school_geography": 0.4117647058823529,
        "modern_chinese_history": 0.39285714285714285,
        "ideological_and_moral_cultivation": 0.6666666666666666,
        "logic": 0.6296296296296297,
        "law": 0.3793103448275862,
        "chinese_language_and_literature": 0.35714285714285715,
        "art_studies": 0.5263157894736842,
        "professional_tour_guide": 0.4411764705882353,
        "legal_professional": 0.5,
        "high_school_chinese": 0.375,
        "high_school_history": 0.64,
        "middle_school_history": 0.6296296296296297,
        "civil_servant": 0.40384615384615385,
        "sports_science": 0.4166666666666667,
        "plant_protection": 0.6296296296296297,
        "basic_medicine": 0.3333333333333333,
        "clinical_medicine": 0.5185185185185185,
        "urban_and_rural_planner": 0.5098039215686274,
        "accountant": 0.5,
        "fire_engineer": 0.4166666666666667,
        "environmental_impact_assessment_engineer": 0.4722222222222222,
        "tax_accountant": 0.4074074074074074,
        "physician": 0.48148148148148145
    }
}