{
    "accuracy": 0.44956413449564137,
    "category_acc": {
        "computer_network": 0.4583333333333333,
        "operating_system": 0.4583333333333333,
        "computer_architecture": 0.4230769230769231,
        "college_programming": 0.4523809523809524,
        "college_physics": 0.4166666666666667,
        "college_chemistry": 0.3793103448275862,
        "advanced_mathematics": 0.3333333333333333,
        "probability_and_statistics": 0.30434782608695654,
        "discrete_mathematics": 0.2857142857142857,
        "electrical_engineer": 0.30952380952380953,
        "metrology_engineer": 0.3793103448275862,
        "high_school_mathematics": 0.13043478260869565,
        "high_school_physics": 0.20833333333333334,
        "high_school_chemistry": 0.4583333333333333,
        "high_school_biology": 0.4583333333333333,
        "middle_school_mathematics": 0.25,
        "middle_school_biology": 0.6923076923076923,
        "middle_school_physics": 0.4583333333333333,
        "middle_school_chemistry": 0.6,
        "veterinary_medicine": 0.2857142857142857,
        "college_economics": 0.35,
        "business_administration": 0.42105263157894735,
        "marxism": 0.5416666666666666,
        "mao_zedong_thought": 0.5862068965517241,
        "education_science": 0.5,
        "teacher_qualification": 0.6122448979591837,
        "high_school_politics": 0.7083333333333334,
        "high_school_geography": 0.3333333333333333,
        "middle_school_politics": 0.7692307692307693,
        "middle_school_geography": 0.47058823529411764,
        "modern_chinese_history": 0.32142857142857145,
        "ideological_and_moral_cultivation": 0.5833333333333334,
        "logic": 0.5555555555555556,
        "law": 0.3448275862068966,
        "chinese_language_and_literature": 0.32142857142857145,
        "art_studies": 0.34210526315789475,
        "professional_tour_guide": 0.47058823529411764,
        "legal_professional": 0.5,
        "high_school_chinese": 0.3333333333333333,
        "high_school_history": 0.64,
        "middle_school_history": 0.5555555555555556,
        "civil_servant": 0.4230769230769231,
        "sports_science": 0.5416666666666666,
        "plant_protection": 0.7037037037037037,
        "basic_medicine": 0.2916666666666667,
        "clinical_medicine": 0.48148148148148145,
        "urban_and_rural_planner": 0.6078431372549019,
        "accountant": 0.5,
        "fire_engineer": 0.4166666666666667,
        "environmental_impact_assessment_engineer": 0.3888888888888889,
        "tax_accountant": 0.3888888888888889,
        "physician": 0.5185185185185185
    }
}