{
    "accuracy": 0.4526774595267746,
    "category_acc": {
        "computer_network": 0.4583333333333333,
        "operating_system": 0.625,
        "computer_architecture": 0.2692307692307692,
        "college_programming": 0.5,
        "college_physics": 0.4583333333333333,
        "college_chemistry": 0.3103448275862069,
        "advanced_mathematics": 0.2916666666666667,
        "probability_and_statistics": 0.2608695652173913,
        "discrete_mathematics": 0.2857142857142857,
        "electrical_engineer": 0.35714285714285715,
        "metrology_engineer": 0.4827586206896552,
        "high_school_mathematics": 0.13043478260869565,
        "high_school_physics": 0.25,
        "high_school_chemistry": 0.5,
        "high_school_biology": 0.4166666666666667,
        "middle_school_mathematics": 0.16666666666666666,
        "middle_school_biology": 0.6923076923076923,
        "middle_school_physics": 0.625,
        "middle_school_chemistry": 0.6,
        "veterinary_medicine": 0.42857142857142855,
        "college_economics": 0.36666666666666664,
        "business_administration": 0.39473684210526316,
        "marxism": 0.5,
        "mao_zedong_thought": 0.5862068965517241,
        "education_science": 0.5294117647058824,
        "teacher_qualification": 0.6530612244897959,
        "high_school_politics": 0.625,
        "high_school_geography": 0.3333333333333333,
        "middle_school_politics": 0.6538461538461539,
        "middle_school_geography": 0.4117647058823529,
        "modern_chinese_history": 0.35714285714285715,
        "ideological_and_moral_cultivation": 0.5416666666666666,
        "logic": 0.5555555555555556,
        "law": 0.27586206896551724,
        "chinese_language_and_literature": 0.42857142857142855,
        "art_studies": 0.39473684210526316,
        "professional_tour_guide": 0.5,
        "legal_professional": 0.5,
        "high_school_chinese": 0.2916666666666667,
        "high_school_history": 0.64,
        "middle_school_history": 0.5925925925925926,
        "civil_servant": 0.38461538461538464,
        "sports_science": 0.375,
        "plant_protection": 0.6296296296296297,
        "basic_medicine": 0.375,
        "clinical_medicine": 0.5185185185185185,
        "urban_and_rural_planner": 0.6274509803921569,
        "accountant": 0.5,
        "fire_engineer": 0.5,
        "environmental_impact_assessment_engineer": 0.3333333333333333,
        "tax_accountant": 0.3333333333333333,
        "physician": 0.5185185185185185
    }
}