{
    "accuracy": 0.33623910336239105,
    "category_acc": {
        "computer_network": 0.4166666666666667,
        "operating_system": 0.4583333333333333,
        "computer_architecture": 0.3076923076923077,
        "college_programming": 0.2619047619047619,
        "college_physics": 0.375,
        "college_chemistry": 0.2413793103448276,
        "advanced_mathematics": 0.2916666666666667,
        "probability_and_statistics": 0.30434782608695654,
        "discrete_mathematics": 0.14285714285714285,
        "electrical_engineer": 0.38095238095238093,
        "metrology_engineer": 0.20689655172413793,
        "high_school_mathematics": 0.17391304347826086,
        "high_school_physics": 0.2916666666666667,
        "high_school_chemistry": 0.125,
        "high_school_biology": 0.125,
        "middle_school_mathematics": 0.375,
        "middle_school_biology": 0.5,
        "middle_school_physics": 0.16666666666666666,
        "middle_school_chemistry": 0.44,
        "veterinary_medicine": 0.2857142857142857,
        "college_economics": 0.3,
        "business_administration": 0.47368421052631576,
        "marxism": 0.4166666666666667,
        "mao_zedong_thought": 0.5517241379310345,
        "education_science": 0.4117647058823529,
        "teacher_qualification": 0.4897959183673469,
        "high_school_politics": 0.375,
        "high_school_geography": 0.4166666666666667,
        "middle_school_politics": 0.5384615384615384,
        "middle_school_geography": 0.4117647058823529,
        "modern_chinese_history": 0.25,
        "ideological_and_moral_cultivation": 0.25,
        "logic": 0.3333333333333333,
        "law": 0.3103448275862069,
        "chinese_language_and_literature": 0.17857142857142858,
        "art_studies": 0.5,
        "professional_tour_guide": 0.35294117647058826,
        "legal_professional": 0.2857142857142857,
        "high_school_chinese": 0.20833333333333334,
        "high_school_history": 0.36,
        "middle_school_history": 0.5555555555555556,
        "civil_servant": 0.36538461538461536,
        "sports_science": 0.2916666666666667,
        "plant_protection": 0.37037037037037035,
        "basic_medicine": 0.25,
        "clinical_medicine": 0.25925925925925924,
        "urban_and_rural_planner": 0.29411764705882354,
        "accountant": 0.35185185185185186,
        "fire_engineer": 0.3055555555555556,
        "environmental_impact_assessment_engineer": 0.2777777777777778,
        "tax_accountant": 0.25925925925925924,
        "physician": 0.3888888888888889
    }
}