{
    "accuracy": 0.4688667496886675,
    "category_acc": {
        "computer_network": 0.4583333333333333,
        "operating_system": 0.625,
        "computer_architecture": 0.6153846153846154,
        "college_programming": 0.5,
        "college_physics": 0.4166666666666667,
        "college_chemistry": 0.3103448275862069,
        "advanced_mathematics": 0.4166666666666667,
        "probability_and_statistics": 0.2608695652173913,
        "discrete_mathematics": 0.19047619047619047,
        "electrical_engineer": 0.38095238095238093,
        "metrology_engineer": 0.41379310344827586,
        "high_school_mathematics": 0.13043478260869565,
        "high_school_physics": 0.2916666666666667,
        "high_school_chemistry": 0.4583333333333333,
        "high_school_biology": 0.3333333333333333,
        "middle_school_mathematics": 0.25,
        "middle_school_biology": 0.7692307692307693,
        "middle_school_physics": 0.5833333333333334,
        "middle_school_chemistry": 0.76,
        "veterinary_medicine": 0.42857142857142855,
        "college_economics": 0.4,
        "business_administration": 0.3684210526315789,
        "marxism": 0.5833333333333334,
        "mao_zedong_thought": 0.5862068965517241,
        "education_science": 0.5882352941176471,
        "teacher_qualification": 0.6530612244897959,
        "high_school_politics": 0.5,
        "high_school_geography": 0.4166666666666667,
        "middle_school_politics": 0.6923076923076923,
        "middle_school_geography": 0.47058823529411764,
        "modern_chinese_history": 0.35714285714285715,
        "ideological_and_moral_cultivation": 0.625,
        "logic": 0.6296296296296297,
        "law": 0.3103448275862069,
        "chinese_language_and_literature": 0.42857142857142855,
        "art_studies": 0.5263157894736842,
        "professional_tour_guide": 0.47058823529411764,
        "legal_professional": 0.4642857142857143,
        "high_school_chinese": 0.2916666666666667,
        "high_school_history": 0.6,
        "middle_school_history": 0.5925925925925926,
        "civil_servant": 0.38461538461538464,
        "sports_science": 0.4583333333333333,
        "plant_protection": 0.6666666666666666,
        "basic_medicine": 0.3333333333333333,
        "clinical_medicine": 0.48148148148148145,
        "urban_and_rural_planner": 0.49019607843137253,
        "accountant": 0.48148148148148145,
        "fire_engineer": 0.4444444444444444,
        "environmental_impact_assessment_engineer": 0.4722222222222222,
        "tax_accountant": 0.4074074074074074,
        "physician": 0.5185185185185185
    }
}