{
    "accuracy": 0.41158156911581567,
    "category_acc": {
        "computer_network": 0.4583333333333333,
        "operating_system": 0.4583333333333333,
        "computer_architecture": 0.34615384615384615,
        "college_programming": 0.5,
        "college_physics": 0.25,
        "college_chemistry": 0.20689655172413793,
        "advanced_mathematics": 0.4583333333333333,
        "probability_and_statistics": 0.34782608695652173,
        "discrete_mathematics": 0.14285714285714285,
        "electrical_engineer": 0.42857142857142855,
        "metrology_engineer": 0.2413793103448276,
        "high_school_mathematics": 0.2608695652173913,
        "high_school_physics": 0.375,
        "high_school_chemistry": 0.375,
        "high_school_biology": 0.2916666666666667,
        "middle_school_mathematics": 0.25,
        "middle_school_biology": 0.6923076923076923,
        "middle_school_physics": 0.375,
        "middle_school_chemistry": 0.48,
        "veterinary_medicine": 0.42857142857142855,
        "college_economics": 0.4,
        "business_administration": 0.47368421052631576,
        "marxism": 0.625,
        "mao_zedong_thought": 0.4827586206896552,
        "education_science": 0.4411764705882353,
        "teacher_qualification": 0.6530612244897959,
        "high_school_politics": 0.4583333333333333,
        "high_school_geography": 0.3333333333333333,
        "middle_school_politics": 0.6153846153846154,
        "middle_school_geography": 0.5294117647058824,
        "modern_chinese_history": 0.2857142857142857,
        "ideological_and_moral_cultivation": 0.375,
        "logic": 0.4444444444444444,
        "law": 0.3103448275862069,
        "chinese_language_and_literature": 0.4642857142857143,
        "art_studies": 0.39473684210526316,
        "professional_tour_guide": 0.5294117647058824,
        "legal_professional": 0.42857142857142855,
        "high_school_chinese": 0.20833333333333334,
        "high_school_history": 0.44,
        "middle_school_history": 0.5185185185185185,
        "civil_servant": 0.2692307692307692,
        "sports_science": 0.4583333333333333,
        "plant_protection": 0.5555555555555556,
        "basic_medicine": 0.375,
        "clinical_medicine": 0.3333333333333333,
        "urban_and_rural_planner": 0.37254901960784315,
        "accountant": 0.37037037037037035,
        "fire_engineer": 0.3888888888888889,
        "environmental_impact_assessment_engineer": 0.4166666666666667,
        "tax_accountant": 0.35185185185185186,
        "physician": 0.5370370370370371
    }
}